,FeatureID,SampleID,Count,Kingdom,Phylum,Class,Order,Family,Genus,Species,Method,core
0,7a67662a35c24ad02e1a9c553f695752,OL-16S-1a,328.0,Bacteria,Cyanobacteria,Cyanobacteriia,Chloroplast,Chloroplast,Chloroplast,Unassigned,16S,1a
1,76cc4e4423fe1d58c82a861e79323bd7,OL-16S-1a,317.0,Bacteria,Cyanobacteria,Cyanobacteriia,Chloroplast,Chloroplast,Chloroplast,Unassigned,16S,1a
2,2e06738ba1ef7e3f75f0ed55e95a2bb8,OL-16S-1a,261.0,Bacteria,Cyanobacteria,Cyanobacteriia,Chloroplast,Chloroplast,Chloroplast,Unassigned,16S,1a
3,e2fc9fa8e63d8276f399c93709e08fd5,OL-16S-1a,231.0,Bacteria,Cyanobacteria,Cyanobacteriia,Chloroplast,Chloroplast,Chloroplast,Unassigned,16S,1a
4,c3caa6e2a48f3f2ab0b049512dc8ccda,OL-16S-1a,245.0,Bacteria,Cyanobacteria,Cyanobacteriia,Chloroplast,Chloroplast,Chloroplast,Unassigned,16S,1a
5,f1ba05821c5f68be8c7b9ecdac04497b,OL-16S-1a,247.0,Bacteria,Cyanobacteria,Cyanobacteriia,Chloroplast,Chloroplast,Chloroplast,Unassigned,16S,1a
6,391bf0e54f28aa990e4fb379aeb1e27b,OL-16S-1a,261.0,Bacteria,Cyanobacteria,Cyanobacteriia,Chloroplast,Chloroplast,Chloroplast,Unassigned,16S,1a
7,a94a729130e76c26abd07844436fdeb5,OL-16S-1a,239.0,Bacteria,Cyanobacteria,Cyanobacteriia,Chloroplast,Chloroplast,Chloroplast,Unassigned,16S,1a
8,8145f5e16c5514889a111411946fdce1,OL-16S-1a,179.0,Bacteria,Cyanobacteria,Cyanobacteriia,Chloroplast,Chloroplast,Chloroplast,Unassigned,16S,1a
9,a179e3415f06dd7c5c01716613869de8,OL-16S-1a,205.0,Bacteria,Cyanobacteria,Cyanobacteriia,Chloroplast,Chloroplast,Chloroplast,Unassigned,16S,1a
10,615c84c753ad586852541e8d7c4a56a2,OL-16S-1a,45.0,Bacteria,Cyanobacteria,Cyanobacteriia,Synechococcales,Cyanobiaceae,Cyanobium_PCC-6307,Unassigned,16S,1a
11,3b13e1e0f09ba55518fa6cbbec4cf6b3,OL-16S-1a,82.0,Bacteria,Cyanobacteria,Cyanobacteriia,Chloroplast,Chloroplast,Chloroplast,Unassigned,16S,1a
12,2384db2d6d49bf5aa86c9a23542b4f39,OL-16S-1a,75.0,Bacteria,Cyanobacteria,Cyanobacteriia,Chloroplast,Chloroplast,Chloroplast,Unassigned,16S,1a
13,d56ee16c189c53ec4bfc9a643157b3cb,OL-16S-1a,55.0,Bacteria,Cyanobacteria,Cyanobacteriia,Chloroplast,Chloroplast,Chloroplast,Unassigned,16S,1a
14,f342c8d7070cb66e871be0c9d05ff96e,OL-16S-1a,44.0,Bacteria,Proteobacteria,Alphaproteobacteria,Rhodospirillales,AEGEAN-169_marine_group,AEGEAN-169_marine_group,Unassigned,16S,1a
15,9f8960cf1237e95ad9c9b290584b2581,OL-16S-1a,41.0,Bacteria,Proteobacteria,Alphaproteobacteria,Rhodospirillales,AEGEAN-169_marine_group,AEGEAN-169_marine_group,Unassigned,16S,1a
16,fda4ef534982960826bf945dd959b00c,OL-16S-1a,24.0,Bacteria,Cyanobacteria,Cyanobacteriia,Synechococcales,Cyanobiaceae,Cyanobium_PCC-6307,Unassigned,16S,1a
17,51ce3633dad7039b0b159776ecd5a199,OL-16S-1a,21.0,Bacteria,Proteobacteria,Gammaproteobacteria,Burkholderiales,Comamonadaceae,Unassigned,Unassigned,16S,1a
18,5a6fe78d457c44a09e968c5f59435e1a,OL-16S-1a,36.0,Bacteria,Cyanobacteria,Cyanobacteriia,Chloroplast,Chloroplast,Chloroplast,Unassigned,16S,1a
19,b97b1d633870f8d1f0324ce9da82f0c9,OL-16S-1a,23.0,Bacteria,Proteobacteria,Alphaproteobacteria,Acetobacterales,Acetobacteraceae,Rhodopila,Unassigned,16S,1a
20,be1bd2d4eaa9c108b340ecf96a2939ff,OL-16S-1a,32.0,Bacteria,Proteobacteria,Gammaproteobacteria,Burkholderiales,Comamonadaceae,Unassigned,Unassigned,16S,1a
21,1de210f1a87a7a5a340fd385324ccf37,OL-16S-1a,39.0,Bacteria,Proteobacteria,Gammaproteobacteria,Burkholderiales,Comamonadaceae,Unassigned,Unassigned,16S,1a
22,1e66eb11077b8b80e21f48b5bff68704,OL-16S-1a,45.0,Bacteria,Cyanobacteria,Cyanobacteriia,Chloroplast,Chloroplast,Chloroplast,Unassigned,16S,1a
23,5510490cd0b58fccc100e072cb048895,OL-16S-1a,119.0,Bacteria,Actinobacteriota,Actinobacteria,Micrococcales,Microbacteriaceae,Unassigned,Unassigned,16S,1a
24,c2bcdf835bcd3f44b8dd055920a14a6e,OL-16S-1a,33.0,Bacteria,Planctomycetota,Planctomycetes,Planctomycetales,Rubinisphaeraceae,Planctomicrobium,Unassigned,16S,1a
25,acc5e4c9c2d47752676a21e7b1538a76,OL-16S-1a,104.0,Bacteria,Actinobacteriota,Acidimicrobiia,Microtrichales,Ilumatobacteraceae,Unassigned,Unassigned,16S,1a
26,5bfb130e23d129800a7e2d5114291f0b,OL-16S-1a,27.0,Bacteria,Proteobacteria,Gammaproteobacteria,Burkholderiales,Burkholderiaceae,Unassigned,Unassigned,16S,1a
27,216fe8337c03cae9ed97652a9258ad62,OL-16S-1a,16.0,Bacteria,Cyanobacteria,Cyanobacteriia,Chloroplast,Chloroplast,Chloroplast,Unassigned,16S,1a
28,532ef122fea64d4c167bb7643689e205,OL-16S-1a,29.0,Bacteria,Proteobacteria,Gammaproteobacteria,Burkholderiales,MWH-UniP1_aquatic_group,MWH-UniP1_aquatic_group,Unassigned,16S,1a
29,5a45b1a451c8a03548b1f4779469d98e,OL-16S-1a,37.0,Bacteria,Proteobacteria,Gammaproteobacteria,Burkholderiales,Comamonadaceae,Unassigned,Unassigned,16S,1a
30,280546b7a3ea14b1c53f066f98e8a780,OL-16S-1a,46.0,Bacteria,Proteobacteria,Gammaproteobacteria,Burkholderiales,MWH-UniP1_aquatic_group,MWH-UniP1_aquatic_group,Unassigned,16S,1a
31,e67b6e10b832eb692e2b9448394edcb3,OL-16S-1a,30.0,Bacteria,Cyanobacteria,Cyanobacteriia,Chloroplast,Chloroplast,Chloroplast,Unassigned,16S,1a
32,0f2ed35d38e0078f9a57040783a1f27d,OL-16S-1a,25.0,Bacteria,Cyanobacteria,Cyanobacteriia,Chloroplast,Chloroplast,Chloroplast,Unassigned,16S,1a
33,9b027540621376c8e0b682720b523902,OL-16S-1a,9.0,Bacteria,Cyanobacteria,Cyanobacteriia,Synechococcales,Cyanobiaceae,Cyanobium_PCC-6307,Unassigned,16S,1a
34,e79f4bd136281e64ca97be795598e9dd,OL-16S-1a,43.0,Bacteria,Bdellovibrionota,Oligoflexia,Oligoflexales,Oligoflexaceae,Pseudobacteriovorax,Unassigned,16S,1a
35,26d1fdcb438006fa2f903da310c1fbc3,OL-16S-1a,71.0,Bacteria,Proteobacteria,Alphaproteobacteria,Acetobacterales,Acetobacteraceae,Unassigned,Unassigned,16S,1a
36,10054312dbbcf26bd4020615096a7fe0,OL-16S-1a,18.0,Bacteria,Cyanobacteria,Cyanobacteriia,Chloroplast,Chloroplast,Chloroplast,Unassigned,16S,1a
37,a765b3c2110496dff8576d1e0048b447,OL-16S-1a,55.0,Bacteria,Actinobacteriota,Acidimicrobiia,Microtrichales,Ilumatobacteraceae,Unassigned,Unassigned,16S,1a
38,df7b298da4045625ddd83e7d37379549,OL-16S-1a,37.0,Bacteria,Actinobacteriota,Acidimicrobiia,Microtrichales,Ilumatobacteraceae,Unassigned,Unassigned,16S,1a
39,f2165b309a00a791a430aed160732576,OL-16S-1a,10.0,Bacteria,Cyanobacteria,Cyanobacteriia,Chloroplast,Chloroplast,Chloroplast,Unassigned,16S,1a
40,41a16213fe9d7430ff86dddb8cf64656,OL-16S-1a,64.0,Bacteria,Verrucomicrobiota,Verrucomicrobiae,Pedosphaerales,Pedosphaeraceae,Unassigned,Unassigned,16S,1a
41,4ae64d59f555d0f0d2926534262d5432,OL-16S-1a,84.0,Bacteria,Proteobacteria,Alphaproteobacteria,Rhodobacterales,Rhodobacteraceae,Unassigned,Unassigned,16S,1a
42,76c2f3c83d3cf3d986fed85d5bbeec2f,OL-16S-1a,27.0,Bacteria,Cyanobacteria,Cyanobacteriia,Chloroplast,Chloroplast,Chloroplast,Unassigned,16S,1a
43,f34c049cafabf6747654eb44cf153d82,OL-16S-1a,30.0,Bacteria,Cyanobacteria,Cyanobacteriia,Chloroplast,Chloroplast,Chloroplast,Unassigned,16S,1a
44,64007ed1f563bd50b266faf295f99139,OL-16S-1a,19.0,Bacteria,Proteobacteria,Alphaproteobacteria,Rhodobacterales,Rhodobacteraceae,Unassigned,Unassigned,16S,1a
45,080361f2074d9c1560e005a0257b7784,OL-16S-1a,36.0,Bacteria,Proteobacteria,Gammaproteobacteria,Burkholderiales,Burkholderiaceae,Unassigned,Unassigned,16S,1a
46,f2da6e39397a2f45b3ccf4aa8026535c,OL-16S-1a,22.0,Bacteria,Cyanobacteria,Cyanobacteriia,Chloroplast,Chloroplast,Chloroplast,Unassigned,16S,1a
47,f3d29127aabde3b3973047192a1e9988,OL-16S-1a,19.0,Bacteria,Proteobacteria,Alphaproteobacteria,Rhizobiales,Beijerinckiaceae,Unassigned,Unassigned,16S,1a
48,37e8ead35ba2e7fd71ce6f59a5657a11,OL-16S-1a,16.0,Bacteria,Planctomycetota,Planctomycetes,Planctomycetales,Rubinisphaeraceae,uncultured,Unassigned,16S,1a
49,2dbd82e9f15cceb8df479fde9243c868,OL-16S-1a,24.0,Bacteria,Proteobacteria,Alphaproteobacteria,SAR11_clade,Clade_III,Clade_III,Unassigned,16S,1a
50,b9ef3e1976c0dddfd7cc916fdc4ecf8a,OL-16S-1a,70.0,Bacteria,Proteobacteria,Gammaproteobacteria,Pseudomonadales,Pseudohongiellaceae,Pseudohongiella,Unassigned,16S,1a
51,afd9d44c84fe96150ecd36f4077ad3cb,OL-16S-1a,56.0,Bacteria,Proteobacteria,Gammaproteobacteria,Burkholderiales,Comamonadaceae,Unassigned,Unassigned,16S,1a
52,a0aa0417f7eff21c194651c53cafdb58,OL-16S-1a,67.0,Bacteria,Bacteroidota,Bacteroidia,Sphingobacteriales,NS11-12_marine_group,NS11-12_marine_group,Unassigned,16S,1a
53,3bb7602a5822221ffdbd55266d87a94a,OL-16S-1a,135.0,Bacteria,Acidobacteriota,Vicinamibacteria,Vicinamibacterales,uncultured,uncultured,Unassigned,16S,1a
54,7d5fbf1f6e39dcb1c5ceef7e9247430e,OL-16S-1a,52.0,Bacteria,Cyanobacteria,Cyanobacteriia,Synechococcales,Cyanobiaceae,Cyanobium_PCC-6307,Unassigned,16S,1a
55,40ba3c1aa09d3a8cce37ac18193eb531,OL-16S-1a,59.0,Bacteria,Proteobacteria,Alphaproteobacteria,Rhizobiales,Beijerinckiaceae,Unassigned,Unassigned,16S,1a
56,4b4b7c840d08128c0d56f51b17c2962a,OL-16S-1a,44.0,Bacteria,Planctomycetota,Planctomycetes,Planctomycetales,Rubinisphaeraceae,uncultured,Unassigned,16S,1a
57,2802e700944f95922c1c6c4b07dd25bf,OL-16S-1a,70.0,Bacteria,Proteobacteria,Gammaproteobacteria,Gammaproteobacteria_Incertae_Sedis,Unknown_Family,Acidibacter,Unassigned,16S,1a
58,c4d2b0f6786d980f0ea9a596e682da47,OL-16S-1a,83.0,Bacteria,Bacteroidota,Bacteroidia,Chitinophagales,Chitinophagaceae,Unassigned,Unassigned,16S,1a
59,32a53340e8d184b824370ba5d2d46285,OL-16S-1a,67.0,Bacteria,Planctomycetota,Phycisphaerae,Phycisphaerales,Phycisphaeraceae,CL500-3,Unassigned,16S,1a
60,a0f7bc28ceec8a57dc3c5bd0a92b2130,OL-16S-1a,31.0,Bacteria,Planctomycetota,Planctomycetes,Planctomycetales,Rubinisphaeraceae,uncultured,Unassigned,16S,1a
61,02050ad4ffbcd2163b809040d5bbe638,OL-16S-1a,16.0,Bacteria,Proteobacteria,Alphaproteobacteria,Rickettsiales,Mitochondria,Mitochondria,Unassigned,16S,1a
62,4984e6d4b5c9ff5b1a41d3f8d4a47dfa,OL-16S-1a,47.0,Bacteria,Cyanobacteria,Cyanobacteriia,Chloroplast,Chloroplast,Chloroplast,Unassigned,16S,1a
63,1af00457c4c79a07544d354737f23a7b,OL-16S-1a,45.0,Bacteria,Cyanobacteria,Cyanobacteriia,Chloroplast,Chloroplast,Chloroplast,Unassigned,16S,1a
64,4bc0d3f1bd5f0ca75ca8b9b257d66f50,OL-16S-1a,13.0,Bacteria,Proteobacteria,Alphaproteobacteria,Rickettsiales,Mitochondria,Mitochondria,Unassigned,16S,1a
65,af558fe3c71eb5df11193e6e4b89ab15,OL-16S-1a,53.0,Bacteria,Proteobacteria,Alphaproteobacteria,Rhodobacterales,Rhodobacteraceae,Unassigned,Unassigned,16S,1a
66,d373541e8d1182ab16f04624fc5c5236,OL-16S-1a,78.0,Bacteria,SAR324_clade(Marine_group_B),SAR324_clade(Marine_group_B),SAR324_clade(Marine_group_B),SAR324_clade(Marine_group_B),SAR324_clade(Marine_group_B),Unassigned,16S,1a
67,591f69b0f54faa9c4d66f5eacb221a1b,OL-16S-1a,115.0,Bacteria,Actinobacteriota,Actinobacteria,Frankiales,Sporichthyaceae,Unassigned,Unassigned,16S,1a
68,96849841f728dc7f6fc396c50052d6e5,OL-16S-1a,40.0,Bacteria,Cyanobacteria,Cyanobacteriia,Chloroplast,Chloroplast,Chloroplast,Unassigned,16S,1a
69,98dc15ae7181e206379fed0f456b3b0a,OL-16S-1a,53.0,Bacteria,Proteobacteria,Gammaproteobacteria,Unassigned,Unassigned,Unassigned,Unassigned,16S,1a
70,d85be576fdd3c9f871746a6d2b5e8555,OL-16S-1a,106.0,Bacteria,Proteobacteria,Gammaproteobacteria,Burkholderiales,TRA3-20,TRA3-20,Unassigned,16S,1a
71,e85412d93608da143f62e527657fee4a,OL-16S-1a,24.0,Bacteria,Cyanobacteria,Cyanobacteriia,Chloroplast,Chloroplast,Chloroplast,Unassigned,16S,1a
72,cae3f977dc4fc6628ceb1d18c4b4fe79,OL-16S-1a,24.0,Bacteria,Cyanobacteria,Cyanobacteriia,Chloroplast,Chloroplast,Chloroplast,Unassigned,16S,1a
73,47f868c9221d785a618a9f74e0b7da97,OL-16S-1a,102.0,Bacteria,Proteobacteria,Gammaproteobacteria,Burkholderiales,Burkholderiaceae,Polynucleobacter,Unassigned,16S,1a
74,731607eed6915b901c31c31c8be72eae,OL-16S-1a,50.0,Bacteria,Actinobacteriota,Acidimicrobiia,Actinomarinales,Actinomarinaceae,Candidatus_Actinomarina,Unassigned,16S,1a
75,fcf14328820c707b3739e27372c68b1c,OL-16S-1a,52.0,Bacteria,Proteobacteria,Gammaproteobacteria,Acidiferrobacterales,Acidiferrobacteraceae,Sulfurifustis,Unassigned,16S,1a
76,23ef0bb78e54572bd3d0c2d039241728,OL-16S-1a,60.0,Bacteria,Bdellovibrionota,Oligoflexia,Oligoflexales,Oligoflexaceae,uncultured,Unassigned,16S,1a
77,7bba0204fa8009f0dbe6ea395f2d6520,OL-16S-1a,64.0,Bacteria,Actinobacteriota,Acidimicrobiia,Microtrichales,Ilumatobacteraceae,Unassigned,Unassigned,16S,1a
78,50d61f8a5b1089bc63ceae9efd3dd371,OL-16S-1a,36.0,Bacteria,Bacteroidota,Bacteroidia,Cytophagales,Spirosomaceae,Pseudarcicella,Unassigned,16S,1a
79,7cef6bee54c1ecf03af4a5c6426946f5,OL-16S-1a,93.0,Bacteria,Proteobacteria,Gammaproteobacteria,Burkholderiales,Methylophilaceae,OM43_clade,Unassigned,16S,1a
80,4bdc81c62f4b2810f15ed7270bbb6dc5,OL-16S-1a,6.0,Bacteria,Cyanobacteria,Cyanobacteriia,Chloroplast,Chloroplast,Chloroplast,Unassigned,16S,1a
81,4c72d04e96fd7257f35a1f3e829d12e5,OL-16S-1a,15.0,Bacteria,Cyanobacteria,Cyanobacteriia,Chloroplast,Chloroplast,Chloroplast,Unassigned,16S,1a
82,1d7410d28926311a6f8d1d51a6a2af22,OL-16S-1a,15.0,Bacteria,Cyanobacteria,Cyanobacteriia,Chloroplast,Chloroplast,Chloroplast,Unassigned,16S,1a
83,1a778d0209ae5b70e54b37cadb3cbc59,OL-16S-1a,90.0,Bacteria,Proteobacteria,Gammaproteobacteria,CCD24,CCD24,CCD24,Unassigned,16S,1a
84,4c7801ae09e27e6e6f721d00d3251479,OL-16S-1a,90.0,Bacteria,Proteobacteria,Alphaproteobacteria,Rhizobiales,Xanthobacteraceae,Unassigned,Unassigned,16S,1a
85,60d9e7fbb9b57e0d61bca27a0cba6afa,OL-16S-1a,88.0,Bacteria,Bacteroidota,Bacteroidia,Chitinophagales,Chitinophagaceae,Sediminibacterium,Unassigned,16S,1a
86,aba2ba9a6ccce56101071f6cff9b9ef0,OL-16S-1a,87.0,Bacteria,Actinobacteriota,Actinobacteria,PeM15,PeM15,PeM15,Unassigned,16S,1a
87,f66c48faac8dfcb21f546d9e4277dd60,OL-16S-1a,86.0,Bacteria,Cyanobacteria,Cyanobacteriia,Chloroplast,Chloroplast,Chloroplast,Unassigned,16S,1a
88,2d9fd128a3d24f7111a89a240c4cddb6,OL-16S-1a,85.0,Bacteria,Proteobacteria,Gammaproteobacteria,Burkholderiales,MWH-UniP1_aquatic_group,MWH-UniP1_aquatic_group,Unassigned,16S,1a
89,a8a1612d05185b10684cc5b95477e9f0,OL-16S-1a,83.0,Bacteria,Verrucomicrobiota,Verrucomicrobiae,Pedosphaerales,Pedosphaeraceae,uncultured,Unassigned,16S,1a
90,0afd94a1b05a652ac8a77eff3900c174,OL-16S-1a,82.0,Bacteria,Proteobacteria,Alphaproteobacteria,Sphingomonadales,Sphingomonadaceae,Unassigned,Unassigned,16S,1a
91,fca30e752959a969c612775bb7d48a6c,OL-16S-1a,26.0,Bacteria,Proteobacteria,Alphaproteobacteria,SAR11_clade,Clade_III,Clade_III,Unassigned,16S,1a
92,7da66fc177a6f547a83b804d8eb2b5b4,OL-16S-1a,80.0,Bacteria,Proteobacteria,Gammaproteobacteria,Burkholderiales,MWH-UniP1_aquatic_group,MWH-UniP1_aquatic_group,Unassigned,16S,1a
93,8b432935c7568aab90eedf81072a50b7,OL-16S-1a,79.0,Bacteria,Acidobacteriota,Vicinamibacteria,Vicinamibacterales,Vicinamibacteraceae,Vicinamibacteraceae,Unassigned,16S,1a
94,de36fd37d4a67a84ab10cf4dbc3c64ba,OL-16S-1a,45.0,Bacteria,Unassigned,Unassigned,Unassigned,Unassigned,Unassigned,Unassigned,16S,1a
95,42d51aad2285762919b149371359ca95,OL-16S-1a,77.0,Bacteria,Acidobacteriota,Vicinamibacteria,Vicinamibacterales,uncultured,uncultured,Unassigned,16S,1a
96,a6d76a6d8c78376b520780f08945ed70,OL-16S-1a,77.0,Bacteria,Proteobacteria,Alphaproteobacteria,Rhizobiales,Beijerinckiaceae,Unassigned,Unassigned,16S,1a
97,ffb70b771874d8abcb6003cd5a9d007c,OL-16S-1a,77.0,Bacteria,Actinobacteriota,Actinobacteria,PeM15,PeM15,PeM15,Unassigned,16S,1a
98,a7f566b39ad4fa209f5dc61bd59b0cbc,OL-16S-1a,76.0,Bacteria,Proteobacteria,Alphaproteobacteria,Sphingomonadales,Sphingomonadaceae,Novosphingobium,Unassigned,16S,1a
99,1a97c180964985558b845cd6fd97ca6d,OL-16S-1a,29.0,Bacteria,Cyanobacteria,Cyanobacteriia,Chloroplast,Chloroplast,Chloroplast,Unassigned,16S,1a
100,8f3444c1ec0dd50a3ab15238671caf88,OL-16S-1a,74.0,Bacteria,Proteobacteria,Alphaproteobacteria,SAR11_clade,Clade_III,Clade_III,Unassigned,16S,1a
101,296116558099e68137a4ff09d95d92da,OL-16S-1a,72.0,Bacteria,Proteobacteria,Alphaproteobacteria,Rhodospirillales,Magnetospiraceae,uncultured,Unassigned,16S,1a
102,47edf45454a77ae6d3bb10963b9b371c,OL-16S-1a,71.0,Bacteria,Proteobacteria,Gammaproteobacteria,Unassigned,Unassigned,Unassigned,Unassigned,16S,1a
103,5d0e40c00436c79abb62e87c17ae87b8,OL-16S-1a,68.0,Bacteria,Proteobacteria,Gammaproteobacteria,Burkholderiales,Comamonadaceae,Unassigned,Unassigned,16S,1a
104,ed840e555f9c7d8c5dd4884e1202ce2a,OL-16S-1a,67.0,Bacteria,Actinobacteriota,Thermoleophilia,Gaiellales,uncultured,uncultured,Unassigned,16S,1a
105,f33ea538f3b840e170f0364c9b66c6bd,OL-16S-1a,67.0,Bacteria,Chloroflexi,KD4-96,KD4-96,KD4-96,KD4-96,Unassigned,16S,1a
106,4eb565b967a71cb0f4d9dcfb609ec33b,OL-16S-1a,36.0,Bacteria,Bdellovibrionota,Oligoflexia,0319-6G20,0319-6G20,0319-6G20,Unassigned,16S,1a
107,e37301f6039aa55bbf4681ec7f2672b8,OL-16S-1a,66.0,Bacteria,Actinobacteriota,Acidimicrobiia,Microtrichales,Ilumatobacteraceae,CL500-29_marine_group,Unassigned,16S,1a
108,fc3f33dc97a703e320a39dc4e19bcbe6,OL-16S-1a,66.0,Bacteria,Proteobacteria,Gammaproteobacteria,Unassigned,Unassigned,Unassigned,Unassigned,16S,1a
109,b5467eabf4637dfcebca9cd58993bc87,OL-16S-1a,66.0,Bacteria,Nitrospirota,Nitrospiria,Nitrospirales,Nitrospiraceae,Nitrospira,Unassigned,16S,1a
110,d590983e304b8dedfa35f4fe0d19a196,OL-16S-1a,65.0,Bacteria,Actinobacteriota,Actinobacteria,Frankiales,Sporichthyaceae,Longivirga,Unassigned,16S,1a
111,87e6fdcd0039de6465007118d9edd00d,OL-16S-1a,64.0,Bacteria,Actinobacteriota,Actinobacteria,Micrococcales,Microbacteriaceae,Candidatus_Aquiluna,Unassigned,16S,1a
112,847e2dd311083537239ae256661a4f17,OL-16S-1a,64.0,Bacteria,Planctomycetota,Phycisphaerae,Phycisphaerales,Phycisphaeraceae,CL500-3,Unassigned,16S,1a
113,b5556a47a0322e739f98a07c9bdc92b4,OL-16S-1a,14.0,Bacteria,Cyanobacteria,Cyanobacteriia,Chloroplast,Chloroplast,Chloroplast,Unassigned,16S,1a
114,d4c61e2c603e45d328b116a1e7eb77d6,OL-16S-1a,63.0,Bacteria,Verrucomicrobiota,Verrucomicrobiae,Opitutales,Opitutaceae,Cephaloticoccus,Unassigned,16S,1a
115,20fe88fb893960d6e016b1c8a24df73f,OL-16S-1a,63.0,Bacteria,Unassigned,Unassigned,Unassigned,Unassigned,Unassigned,Unassigned,16S,1a
116,f08d5f29e18542dbdb0021a35d19025c,OL-16S-1a,33.0,Bacteria,Cyanobacteria,Cyanobacteriia,Chloroplast,Chloroplast,Chloroplast,Unassigned,16S,1a
117,065ffe83a35bb102951c9a2bc6e1fc4e,OL-16S-1a,62.0,Bacteria,Bacteroidota,Bacteroidia,Unassigned,Unassigned,Unassigned,Unassigned,16S,1a
118,e7fef3f9467064c811b81a96b948ff55,OL-16S-1a,61.0,Bacteria,Proteobacteria,Alphaproteobacteria,Rhizobiales,Beijerinckiaceae,FukuN57,Unassigned,16S,1a
119,90056b0338f2d85c0ca8f3aac2e01b71,OL-16S-1a,60.0,Bacteria,Proteobacteria,Alphaproteobacteria,Reyranellales,Reyranellaceae,Reyranella,Unassigned,16S,1a
120,6b8f2043452cfc0094820f83f97cd6a5,OL-16S-1a,60.0,Bacteria,Proteobacteria,Gammaproteobacteria,Unassigned,Unassigned,Unassigned,Unassigned,16S,1a
121,e89ceaed02d0a1c0661cdc4506f1a5de,OL-16S-1a,60.0,Bacteria,Proteobacteria,Alphaproteobacteria,Rhizobiales,Hyphomicrobiaceae,Unassigned,Unassigned,16S,1a
122,8bcac90ee92584b9d43e32336983137c,OL-16S-1a,59.0,Bacteria,Proteobacteria,Gammaproteobacteria,Burkholderiales,Hydrogenophilaceae,Thiobacillus,Unassigned,16S,1a
123,03a1cd1d42e59f1bd4e41f7787bcc113,OL-16S-1a,58.0,Bacteria,Bacteroidota,Bacteroidia,Flavobacteriales,Flavobacteriaceae,Unassigned,Unassigned,16S,1a
124,688c98c7b900a2b8c1647b0d66df38c7,OL-16S-1a,56.0,Bacteria,Acidobacteriota,Vicinamibacteria,Vicinamibacterales,uncultured,uncultured,Unassigned,16S,1a
125,3f15105ad6a1f7518f61aaa2f2548f5d,OL-16S-1a,54.0,Bacteria,Proteobacteria,Alphaproteobacteria,Sphingomonadales,Sphingomonadaceae,Unassigned,Unassigned,16S,1a
126,cfd16e6c0ffde29165e3ecd96e25c70f,OL-16S-1a,54.0,Bacteria,Cyanobacteria,Cyanobacteriia,Chloroplast,Chloroplast,Chloroplast,Unassigned,16S,1a
127,454686e20a335b72e1fe052fa23a31cf,OL-16S-1a,53.0,Bacteria,Gemmatimonadota,Gemmatimonadetes,Gemmatimonadales,Gemmatimonadaceae,Unassigned,Unassigned,16S,1a
128,bb8e37a26660063970770febce3cdbcb,OL-16S-1a,52.0,Bacteria,Bacteroidota,Bacteroidia,Unassigned,Unassigned,Unassigned,Unassigned,16S,1a
129,9441dc695d1ef8436fe35fc73f9e169a,OL-16S-1a,51.0,Bacteria,Proteobacteria,Alphaproteobacteria,Rhodobacterales,Rhodobacteraceae,Unassigned,Unassigned,16S,1a
130,a614329a29566a3c6d3b57cebb07f6f2,OL-16S-1a,51.0,Bacteria,Unassigned,Unassigned,Unassigned,Unassigned,Unassigned,Unassigned,16S,1a
131,109fdcf46b8d88a728cf707c86c46847,OL-16S-1a,51.0,Bacteria,Proteobacteria,Alphaproteobacteria,Unassigned,Unassigned,Unassigned,Unassigned,16S,1a
132,3d99fa2f479e596bab90088fcda4c020,OL-16S-1a,51.0,Bacteria,Bacteroidota,Bacteroidia,Sphingobacteriales,LiUU-11-161,LiUU-11-161,Unassigned,16S,1a
133,7cd19a8213d63efaf422b626872adc18,OL-16S-1a,50.0,Bacteria,Cyanobacteria,Cyanobacteriia,Chloroplast,Chloroplast,Chloroplast,Unassigned,16S,1a
134,34f5d88e261ac9ea5e796294d9f0ec9c,OL-16S-1a,50.0,Bacteria,Proteobacteria,Gammaproteobacteria,Burkholderiales,Unassigned,Unassigned,Unassigned,16S,1a
135,26f02baf64ff410100df87bc21b8649a,OL-16S-1a,50.0,Bacteria,Planctomycetota,Planctomycetes,Pirellulales,Pirellulaceae,uncultured,Unassigned,16S,1a
136,37b1a45dcc45e7acedbfbdfd9646debb,OL-16S-1a,49.0,Bacteria,Bacteroidota,Bacteroidia,Flavobacteriales,Crocinitomicaceae,Fluviicola,Unassigned,16S,1a
137,b590349cc2156d707a2f401f97f9ce84,OL-16S-1a,49.0,Bacteria,Planctomycetota,Planctomycetes,Planctomycetales,Rubinisphaeraceae,SH-PL14,Unassigned,16S,1a
138,5f881f9bd19dc084d32b012a63ef15e8,OL-16S-1a,49.0,Bacteria,Proteobacteria,Alphaproteobacteria,Rhodobacterales,Rhodobacteraceae,Unassigned,Unassigned,16S,1a
139,94151dff6cf329a2ae1a1937d17ba764,OL-16S-1a,49.0,Bacteria,Verrucomicrobiota,Verrucomicrobiae,Pedosphaerales,Pedosphaeraceae,uncultured,Unassigned,16S,1a
140,7582975042d82ac58da41ef7d774eefc,OL-16S-1a,49.0,Bacteria,Bacteroidota,Bacteroidia,Flavobacteriales,Crocinitomicaceae,Fluviicola,Unassigned,16S,1a
141,eff1e4da071e5524da9655b03f35de88,OL-16S-1a,49.0,Bacteria,Cyanobacteria,Cyanobacteriia,Chloroplast,Chloroplast,Chloroplast,Unassigned,16S,1a
142,2d7f217f50407d9e9ff9e42317aba7b7,OL-16S-1a,49.0,Bacteria,Cyanobacteria,Cyanobacteriia,Synechococcales,Cyanobiaceae,Cyanobium_PCC-6307,Unassigned,16S,1a
143,c7e6285f01470088d02528123061677a,OL-16S-1a,48.0,Bacteria,Proteobacteria,Alphaproteobacteria,Rhodobacterales,Rhodobacteraceae,Unassigned,Unassigned,16S,1a
144,913689df7b18fc0a9b353d278e867ead,OL-16S-1a,47.0,Bacteria,Bacteroidota,Bacteroidia,Flavobacteriales,Crocinitomicaceae,Fluviicola,Unassigned,16S,1a
145,fb5e384d07fcd975a1e742a9c2f90eae,OL-16S-1a,47.0,Bacteria,Unassigned,Unassigned,Unassigned,Unassigned,Unassigned,Unassigned,16S,1a
146,10f4cc5a8f4c8ec61b82d27c5777df89,OL-16S-1a,20.0,Bacteria,Armatimonadota,Armatimonadia,Armatimonadales,Armatimonadaceae,Armatimonas,Unassigned,16S,1a
147,424e986c3e98854b1ee4a41792a25508,OL-16S-1a,46.0,Bacteria,Unassigned,Unassigned,Unassigned,Unassigned,Unassigned,Unassigned,16S,1a
148,b1865e3436a34014d0ca956feab7f70b,OL-16S-1a,45.0,Bacteria,Proteobacteria,Alphaproteobacteria,Puniceispirillales,uncultured,uncultured,Unassigned,16S,1a
149,95ee5099322e76a119b5f7ec61537084,OL-16S-1a,45.0,Bacteria,Bacteroidota,Bacteroidia,Sphingobacteriales,NS11-12_marine_group,NS11-12_marine_group,Unassigned,16S,1a
150,5d95c8abdb55fdd2a22f0125691d2cc5,OL-16S-1a,45.0,Bacteria,Proteobacteria,Gammaproteobacteria,Pseudomonadales,Unassigned,Unassigned,Unassigned,16S,1a
151,861266cae7e6deb0fc00f2ddc9dcf728,OL-16S-1a,45.0,Bacteria,Proteobacteria,Gammaproteobacteria,Burkholderiales,Sutterellaceae,uncultured,Unassigned,16S,1a
152,c58915eef67be49c9233dfc9f3728db3,OL-16S-1a,44.0,Bacteria,Proteobacteria,Alphaproteobacteria,Rickettsiales,Mitochondria,Mitochondria,Unassigned,16S,1a
153,ff03b32731ad68826a8b2a5d5e7256a0,OL-16S-1a,44.0,Bacteria,Bacteroidota,Bacteroidia,Chitinophagales,Chitinophagaceae,Unassigned,Unassigned,16S,1a
154,233e25d59b315426387702057b29d923,OL-16S-1a,44.0,Bacteria,Cyanobacteria,Cyanobacteriia,Chloroplast,Chloroplast,Chloroplast,Unassigned,16S,1a
155,30f403a9b112cc46d2090a5b6a5d2481,OL-16S-1a,43.0,Bacteria,Desulfobacterota,Desulfuromonadia,PB19,PB19,PB19,Unassigned,16S,1a
156,60d06214adf6852d1e1d60cb51ab530a,OL-16S-1a,43.0,Bacteria,Proteobacteria,Alphaproteobacteria,Unassigned,Unassigned,Unassigned,Unassigned,16S,1a
157,eb8c278f9f2a2186ba39145770598151,OL-16S-1a,42.0,Bacteria,Acidobacteriota,Acidobacteriae,Bryobacterales,Bryobacteraceae,Bryobacter,Unassigned,16S,1a
158,e97ea9f1bba3fe3c089c92f4128894d7,OL-16S-1a,42.0,Bacteria,Proteobacteria,Gammaproteobacteria,Burkholderiales,Methylophilaceae,Candidatus_Methylopumilus,Unassigned,16S,1a
159,658efc5a4e2e2227975bbff498972c78,OL-16S-1a,42.0,Bacteria,Actinobacteriota,Actinobacteria,Frankiales,Sporichthyaceae,hgcI_clade,Unassigned,16S,1a
160,783ab88f4db28b858695a5265e987538,OL-16S-1a,41.0,Bacteria,Proteobacteria,Gammaproteobacteria,Pseudomonadales,SAR86_clade,SAR86_clade,Unassigned,16S,1a
161,b93ed225b2c6b055379e0e310c1bbcb9,OL-16S-1a,41.0,Bacteria,Actinobacteriota,Acidimicrobiia,Microtrichales,Ilumatobacteraceae,Ilumatobacter,Unassigned,16S,1a
162,5caa7004e295b22623c0d653317cf6e1,OL-16S-1a,40.0,Bacteria,Proteobacteria,Alphaproteobacteria,Rickettsiales,Rickettsiaceae,uncultured,Unassigned,16S,1a
163,6facb5ba5f9794b5af5d99a72647c226,OL-16S-1a,40.0,Bacteria,Planctomycetota,Planctomycetes,Planctomycetales,Schlesneriaceae,Planctopirus,Unassigned,16S,1a
164,202b45f6d1d95efe2f020717232f40a2,OL-16S-1a,40.0,Bacteria,Proteobacteria,Gammaproteobacteria,Unassigned,Unassigned,Unassigned,Unassigned,16S,1a
165,7f7d412e63c6ed8edd6bb5ef74395ec8,OL-16S-1a,40.0,Bacteria,Bacteroidota,Rhodothermia,Rhodothermales,Rhodothermaceae,uncultured,Unassigned,16S,1a
166,1ef6a55c8f6fbb93d5ee84bc5999a8f9,OL-16S-1a,39.0,Bacteria,Proteobacteria,Gammaproteobacteria,Burkholderiales,Comamonadaceae,Unassigned,Unassigned,16S,1a
167,8dee723cc72bf638145b677f0611418e,OL-16S-1a,39.0,Bacteria,Bacteroidota,Bacteroidia,Sphingobacteriales,NS11-12_marine_group,NS11-12_marine_group,Unassigned,16S,1a
168,5a47fa78b49dd6c7b7e8d2ea41760fba,OL-16S-1a,39.0,Bacteria,Armatimonadota,Fimbriimonadia,Fimbriimonadales,Fimbriimonadaceae,Fimbriimonadaceae,Unassigned,16S,1a
169,866b66157abe5002f4c9b560c678f91e,OL-16S-1a,38.0,Bacteria,Bacteroidota,Bacteroidia,Flavobacteriales,Cryomorphaceae,uncultured,Unassigned,16S,1a
170,d243fae2b9d207bd4c22082d6b91b13e,OL-16S-1a,38.0,Bacteria,Proteobacteria,Gammaproteobacteria,Pseudomonadales,KI89A_clade,KI89A_clade,Unassigned,16S,1a
171,998b083586e36fdc5e44f0b55ab2682d,OL-16S-1a,38.0,Bacteria,Proteobacteria,Alphaproteobacteria,Rickettsiales,Rickettsiaceae,Candidatus_Megaira,Unassigned,16S,1a
172,426dfe8b07bd9292cca743bbd71e42d3,OL-16S-1a,38.0,Bacteria,Proteobacteria,Alphaproteobacteria,Rhodospirillales,Magnetospiraceae,uncultured,Unassigned,16S,1a
173,675d74c3af3da2719b752ca84672921c,OL-16S-1a,37.0,Bacteria,Proteobacteria,Alphaproteobacteria,Sphingomonadales,Sphingomonadaceae,Unassigned,Unassigned,16S,1a
174,53c8f12709a0166fd5d72bea87bea1a7,OL-16S-1a,37.0,Bacteria,Proteobacteria,Gammaproteobacteria,Gammaproteobacteria_Incertae_Sedis,Unknown_Family,uncultured,Unassigned,16S,1a
175,fde2c9f7b2ce72dd6cfea0502d23c432,OL-16S-1a,37.0,Bacteria,Verrucomicrobiota,Verrucomicrobiae,Verrucomicrobiales,Rubritaleaceae,Luteolibacter,Unassigned,16S,1a
176,1c1efc8526a918918236f0dfb480b3ca,OL-16S-1a,35.0,Bacteria,Unassigned,Unassigned,Unassigned,Unassigned,Unassigned,Unassigned,16S,1a
177,e356328b9d47b4b877af6659f38be5f4,OL-16S-1a,35.0,Bacteria,Bacteroidota,Bacteroidia,Flavobacteriales,Flavobacteriaceae,NS5_marine_group,Unassigned,16S,1a
178,48894c915163f86e7539181a731c925d,OL-16S-1a,35.0,Bacteria,Verrucomicrobiota,Verrucomicrobiae,Chthoniobacterales,Terrimicrobiaceae,Terrimicrobium,Unassigned,16S,1a
179,0935377a39d8e27beef7304efae3e07e,OL-16S-1a,35.0,Bacteria,Cyanobacteria,Cyanobacteriia,Chloroplast,Chloroplast,Chloroplast,Unassigned,16S,1a
180,55f35145de3eb592516840b5c6178e58,OL-16S-1a,35.0,Bacteria,Unassigned,Unassigned,Unassigned,Unassigned,Unassigned,Unassigned,16S,1a
181,15da022850dda1fd5f57481ee5cf70d0,OL-16S-1a,34.0,Bacteria,Proteobacteria,Alphaproteobacteria,SAR11_clade,Clade_I,Unassigned,Unassigned,16S,1a
182,e761e5753c2b486c75b66e29ddf0414a,OL-16S-1a,33.0,Bacteria,Cyanobacteria,Cyanobacteriia,Chloroplast,Chloroplast,Chloroplast,Unassigned,16S,1a
183,84ae811b4f4539c7ef5087aed4a0493d,OL-16S-1a,32.0,Bacteria,Proteobacteria,Gammaproteobacteria,Unassigned,Unassigned,Unassigned,Unassigned,16S,1a
184,4e30ab187a2c4cf5c42676d485c682ec,OL-16S-1a,32.0,Bacteria,Cyanobacteria,Cyanobacteriia,Chloroplast,Chloroplast,Chloroplast,Unassigned,16S,1a
185,60db01eafb5a23ba0f31e920e30d0286,OL-16S-1a,32.0,Bacteria,Bacteroidota,Bacteroidia,Chitinophagales,Chitinophagaceae,Unassigned,Unassigned,16S,1a
186,316df845e1b016eb5bee07941218bd2b,OL-16S-1a,31.0,Bacteria,Gemmatimonadota,BD2-11_terrestrial_group,BD2-11_terrestrial_group,BD2-11_terrestrial_group,BD2-11_terrestrial_group,Unassigned,16S,1a
187,13613ace6ee94a34d1eb9a872aa8d26a,OL-16S-1a,30.0,Bacteria,Cyanobacteria,Vampirivibrionia,Caenarcaniphilales,Caenarcaniphilales,Caenarcaniphilales,Unassigned,16S,1a
188,aa48e73f97b15b0641b4c507a36de168,OL-16S-1a,30.0,Bacteria,Cyanobacteria,Cyanobacteriia,Chloroplast,Chloroplast,Chloroplast,Unassigned,16S,1a
189,dea6faa7a3a527306e16455bee8063a0,OL-16S-1a,30.0,Bacteria,Proteobacteria,Alphaproteobacteria,Micropepsales,Micropepsaceae,uncultured,Unassigned,16S,1a
190,1dff75a8f5dca26426f2cad4463a8cd0,OL-16S-1a,29.0,Bacteria,Cyanobacteria,Cyanobacteriia,Chloroplast,Chloroplast,Chloroplast,Unassigned,16S,1a
191,443365771db556234ae971ad46b3ba2f,OL-16S-1a,29.0,Bacteria,Planctomycetota,Planctomycetes,Planctomycetales,Schlesneriaceae,Schlesneria,Unassigned,16S,1a
192,2eca2218827496529d42881d0ce1c39a,OL-16S-1a,29.0,Bacteria,Bacteroidota,Bacteroidia,Flavobacteriales,Crocinitomicaceae,Fluviicola,Unassigned,16S,1a
193,52db79e424fa45e487487753f5d6a91b,OL-16S-1a,29.0,Bacteria,Cyanobacteria,Cyanobacteriia,Chloroplast,Chloroplast,Chloroplast,Unassigned,16S,1a
194,04b9da153aab76258b75a7dc510ec3e8,OL-16S-1a,29.0,Bacteria,Bdellovibrionota,Bdellovibrionia,Bdellovibrionales,Bdellovibrionaceae,OM27_clade,Unassigned,16S,1a
195,eff311af135c46b87420e3d8e64f65cd,OL-16S-1a,29.0,Bacteria,Proteobacteria,Alphaproteobacteria,Rhizobiales,Hyphomicrobiaceae,Pedomicrobium,Unassigned,16S,1a
196,6f40d18a489baf5623b15ba9fe9f2655,OL-16S-1a,29.0,Bacteria,Actinobacteriota,Actinobacteria,Frankiales,Sporichthyaceae,hgcI_clade,Unassigned,16S,1a
197,b6865beb8d213f9510556829f0c4b99d,OL-16S-1a,29.0,Bacteria,Unassigned,Unassigned,Unassigned,Unassigned,Unassigned,Unassigned,16S,1a
198,0e8e2f733f64526d4cbb0da4daa4e665,OL-16S-1a,28.0,Bacteria,Bdellovibrionota,Bdellovibrionia,Bdellovibrionales,Bdellovibrionaceae,Bdellovibrio,Unassigned,16S,1a
199,d41678a5451f2ab4d1179d7f58f38595,OL-16S-1a,28.0,Bacteria,Planctomycetota,Planctomycetes,Planctomycetales,Rubinisphaeraceae,Planctomicrobium,Unassigned,16S,1a
200,a6f70092ad6f55fd8e3f2ffe45eefc0b,OL-16S-1a,27.0,Bacteria,Bacteroidota,Bacteroidia,Flavobacteriales,Flavobacteriaceae,Unassigned,Unassigned,16S,1a
201,2eebc3770e4fcc9a4dff5d58f7ed706d,OL-16S-1a,26.0,Bacteria,Actinobacteriota,MB-A2-108,MB-A2-108,MB-A2-108,MB-A2-108,Unassigned,16S,1a
202,40b179ae139e74727efe8758e201b990,OL-16S-1a,25.0,Bacteria,Unassigned,Unassigned,Unassigned,Unassigned,Unassigned,Unassigned,16S,1a
203,eeac07e0eab6f4587f799a65d32dc0dc,OL-16S-1a,24.0,Bacteria,Actinobacteriota,Acidimicrobiia,Microtrichales,Ilumatobacteraceae,Unassigned,Unassigned,16S,1a
204,9e47825a2db938d6a64edc9c72682b45,OL-16S-1a,24.0,Bacteria,Marinimicrobia_(SAR406_clade),Marinimicrobia_(SAR406_clade),Marinimicrobia_(SAR406_clade),Marinimicrobia_(SAR406_clade),Marinimicrobia_(SAR406_clade),Unassigned,16S,1a
205,c63e1f52a45f2c8de91a3f8f49338f7d,OL-16S-1a,8.0,Bacteria,Proteobacteria,Alphaproteobacteria,Rickettsiales,Mitochondria,Mitochondria,Unassigned,16S,1a
206,401294f236aeac77e1924b6bf773ae94,OL-16S-1a,21.0,Bacteria,Myxococcota,Polyangia,Polyangiales,Sandaracinaceae,uncultured,Unassigned,16S,1a
207,799d48fb268af925ca1cd06c7b1b7a6d,OL-16S-1a,7.0,Bacteria,Proteobacteria,Alphaproteobacteria,Rickettsiales,Fokiniaceae,uncultured,Unassigned,16S,1a
208,6acd39625a8c642ffdc965d810c9ee31,OL-16S-1a,20.0,Bacteria,Bacteroidota,Bacteroidia,Cytophagales,Spirosomaceae,Emticicia,Unassigned,16S,1a
209,a3b40fd1c8bf1924a13c37a3247536fc,OL-16S-1a,20.0,Bacteria,Bacteroidota,Bacteroidia,Flavobacteriales,Unassigned,Unassigned,Unassigned,16S,1a
210,64de3bbb5c73337ae335df5ce80f0e88,OL-16S-1a,19.0,Bacteria,Cyanobacteria,Cyanobacteriia,Chloroplast,Chloroplast,Chloroplast,Unassigned,16S,1a
211,d1c34cb8472ead02b6c79aeebef27dab,OL-16S-1a,19.0,Eukaryota,Ciliophora,Intramacronucleata,Litostomatea,Mesodiniidae,Myrionecta,Unassigned,16S,1a
212,3c4ac75c6994a819ec8cac0d4b4ffd78,OL-16S-1a,17.0,Bacteria,Proteobacteria,Alphaproteobacteria,Rickettsiales,Mitochondria,Mitochondria,Unassigned,16S,1a
213,78490ff9bc2cd57d3e384b29fb3a7c6d,OL-16S-1a,17.0,Bacteria,Myxococcota,Polyangia,Polyangiales,Sandaracinaceae,uncultured,Unassigned,16S,1a
214,0de670e5e229c89e0efbb32dd01ba956,OL-16S-1a,17.0,Bacteria,Proteobacteria,Alphaproteobacteria,Rhizobiales,Devosiaceae,Unassigned,Unassigned,16S,1a
215,11c000fd4639e0a6b1e14cf2fde706e0,OL-16S-1a,17.0,Bacteria,Planctomycetota,Planctomycetes,Unassigned,Unassigned,Unassigned,Unassigned,16S,1a
216,f837495b3c4c002ae2f16bbf51f09d4c,OL-16S-1a,16.0,Bacteria,Fusobacteriota,Fusobacteriia,Fusobacteriales,Fusobacteriaceae,Cetobacterium,Unassigned,16S,1a
217,b91447bcc3a5931ebf225f26fa51b1a1,OL-16S-1a,16.0,Bacteria,Unassigned,Unassigned,Unassigned,Unassigned,Unassigned,Unassigned,16S,1a
218,e8b7dcee3c4dedc3cb8c9879b47b8556,OL-16S-1a,16.0,Bacteria,Actinobacteriota,Actinobacteria,Nitriliruptorales,Nitriliruptoraceae,Unassigned,Unassigned,16S,1a
219,3abdf112f691c0d491e5a495191d2bd1,OL-16S-1a,15.0,Bacteria,Bacteroidota,Bacteroidia,Unassigned,Unassigned,Unassigned,Unassigned,16S,1a
220,f8df4dda57e0227ccb0c9266a29c67ab,OL-16S-1a,15.0,Bacteria,Cyanobacteria,Cyanobacteriia,Chloroplast,Chloroplast,Chloroplast,Unassigned,16S,1a
221,942f40659f4191914bd16401501149af,OL-16S-1a,15.0,Bacteria,Cyanobacteria,Cyanobacteriia,Chloroplast,Chloroplast,Chloroplast,Unassigned,16S,1a
222,a5c2a2bbf3348fee29d56c80a641aba7,OL-16S-1a,15.0,Bacteria,Planctomycetota,Pla3_lineage,Pla3_lineage,Pla3_lineage,Pla3_lineage,Unassigned,16S,1a
223,6a4a1279234dd3005cef964dba999e5c,OL-16S-1a,14.0,Bacteria,Proteobacteria,Alphaproteobacteria,Rickettsiales,Mitochondria,Mitochondria,Unassigned,16S,1a
224,824bbdfb5ae150309482c22fbf1a9656,OL-16S-1a,14.0,Bacteria,Nitrospirota,Thermodesulfovibrionia,uncultured,uncultured,uncultured,Unassigned,16S,1a
225,044b775033fafd14c6562bf0486cb00c,OL-16S-1a,14.0,Bacteria,Proteobacteria,Gammaproteobacteria,Burkholderiales,Chitinibacteraceae,Chitinibacter,Unassigned,16S,1a
226,3484447011931d233b1edf5ad14713e4,OL-16S-1a,14.0,Bacteria,Bacteroidota,Bacteroidia,Sphingobacteriales,env.OPS_17,env.OPS_17,Unassigned,16S,1a
227,4869f2d16a930fa7b73cb159f133c362,OL-16S-1a,14.0,Bacteria,Planctomycetota,Planctomycetes,Planctomycetales,uncultured,uncultured,Unassigned,16S,1a
228,78768e4dc0b758a146677f699762ec6e,OL-16S-1a,13.0,Bacteria,Proteobacteria,Zetaproteobacteria,Mariprofundales,Mariprofundaceae,Mariprofundus,Unassigned,16S,1a
229,d29539a59c9e65b02db5f6afc7d6376e,OL-16S-1a,13.0,Bacteria,Bdellovibrionota,Bdellovibrionia,Bdellovibrionales,Bdellovibrionaceae,OM27_clade,Unassigned,16S,1a
230,ad91325694617fd553618935540f804a,OL-16S-1a,13.0,Bacteria,Proteobacteria,Gammaproteobacteria,Burkholderiales,T34,T34,Unassigned,16S,1a
231,712c9f5d44e1b580996f16e4c2560b5d,OL-16S-1a,12.0,Bacteria,Proteobacteria,Alphaproteobacteria,Paracaedibacterales,Paracaedibacteraceae,uncultured,Unassigned,16S,1a
232,c7be53ae334a12da2433f9ca036ea910,OL-16S-1a,11.0,Bacteria,Bacteroidota,Bacteroidia,Unassigned,Unassigned,Unassigned,Unassigned,16S,1a
233,c9c429790093ebe502a33a9e8c6b8e56,OL-16S-1a,11.0,Bacteria,Chloroflexi,SL56_marine_group,SL56_marine_group,SL56_marine_group,SL56_marine_group,Unassigned,16S,1a
234,31210ac831590d602adcd3aa565edc96,OL-16S-1a,10.0,Bacteria,Cyanobacteria,Cyanobacteriia,Chloroplast,Chloroplast,Chloroplast,Unassigned,16S,1a
235,1d7f85a77cbe319ad54f70a85d53df8d,OL-16S-1a,10.0,Bacteria,Bacteroidota,Bacteroidia,Bacteroidales,Bacteroidetes_BD2-2,Bacteroidetes_BD2-2,Unassigned,16S,1a
236,224ec54df86b059d1187afdf09e3c3ea,OL-16S-1a,9.0,Bacteria,Proteobacteria,Gammaproteobacteria,Unassigned,Unassigned,Unassigned,Unassigned,16S,1a
237,3d4ebecab9c72d911e72bf2e603c26e3,OL-16S-1a,9.0,Bacteria,Bacteroidota,Bacteroidia,Flavobacteriales,Flavobacteriaceae,Unassigned,Unassigned,16S,1a
238,8f42e7bcd20069922a150383e8446c41,OL-16S-1a,9.0,Bacteria,Sva0485,Sva0485,Sva0485,Sva0485,Sva0485,Unassigned,16S,1a
239,22b1f02b8968306f802f722122c619fa,OL-16S-1a,8.0,Bacteria,Proteobacteria,Gammaproteobacteria,Diplorickettsiales,Diplorickettsiaceae,Rickettsiella,Unassigned,16S,1a
240,0d1413e48e2ab950b971a6511fb5374a,OL-16S-1a,7.0,Bacteria,Verrucomicrobiota,Verrucomicrobiae,Verrucomicrobiales,Rubritaleaceae,Roseibacillus,Unassigned,16S,1a
241,66bd1b4ca9e5c8b65376973be7ee9cf9,OL-16S-1a,7.0,Bacteria,Proteobacteria,Alphaproteobacteria,Rickettsiales,Mitochondria,Mitochondria,Unassigned,16S,1a
242,9fbbcb61d8cfc5793cdb69704d4c9012,OL-16S-1a,7.0,Bacteria,Cyanobacteria,Cyanobacteriia,Chloroplast,Chloroplast,Chloroplast,Unassigned,16S,1a
243,00dc37d7e2e8a23917ca405fede86348,OL-16S-1a,7.0,Bacteria,Actinobacteriota,Acidimicrobiia,Actinomarinales,uncultured,uncultured,Unassigned,16S,1a
244,3d5b75a9750fb5c5771545a491b1479a,OL-16S-1a,6.0,Bacteria,Unassigned,Unassigned,Unassigned,Unassigned,Unassigned,Unassigned,16S,1a
245,7aed4f4ba3dfb4fb8c46a1133ff6a9fd,OL-16S-1a,6.0,Bacteria,Proteobacteria,Gammaproteobacteria,Unassigned,Unassigned,Unassigned,Unassigned,16S,1a
246,e066694879d6cf7bdc1644cdd202247a,OL-16S-1a,5.0,Bacteria,Unassigned,Unassigned,Unassigned,Unassigned,Unassigned,Unassigned,16S,1a
247,e23b7479de53832c11a2fa919aa202df,OL-16S-1a,5.0,Bacteria,Chloroflexi,Anaerolineae,SBR1031,A4b,A4b,Unassigned,16S,1a
248,6759db4eb60d9389891fb8dabad6350d,OL-16S-1a,5.0,Bacteria,Bacteroidota,Bacteroidia,Flavobacteriales,Crocinitomicaceae,Crocinitomix,Unassigned,16S,1a
249,9756c3f98bcaba54f6f702a9ac3d4640,OL-16S-1a,5.0,Bacteria,Proteobacteria,Alphaproteobacteria,Rickettsiales,Fokiniaceae,MD3-55,Unassigned,16S,1a
250,f93648afda2eb9eb21051a2c1941aa63,OL-16S-1a,4.0,Bacteria,Proteobacteria,Alphaproteobacteria,Rickettsiales,Mitochondria,Mitochondria,Unassigned,16S,1a
251,3d308f827f7d1a1c55ed659014610bde,OL-16S-1a,4.0,Eukaryota,Unassigned,Unassigned,Unassigned,Unassigned,Unassigned,Unassigned,16S,1a
252,299191ff1ed7cae68f4ab0f2a4c78406,OL-16S-1a,4.0,Bacteria,Planctomycetota,Phycisphaerae,Phycisphaerales,Phycisphaeraceae,CL500-3,Unassigned,16S,1a
253,67291e981e7b8fbc394bb53de916aed2,OL-16S-1a,4.0,Bacteria,Verrucomicrobiota,Unassigned,Unassigned,Unassigned,Unassigned,Unassigned,16S,1a
254,f3c31d4ca9da3d700172c1ba3ee25a6b,OL-16S-1a,4.0,Bacteria,Bacteroidota,Bacteroidia,Cytophagales,Cyclobacteriaceae,uncultured,Unassigned,16S,1a
255,a4a32f4090dccbb2cb56719158cc672d,OL-16S-1a,3.0,Bacteria,Proteobacteria,Alphaproteobacteria,Rickettsiales,Mitochondria,Mitochondria,Unassigned,16S,1a
256,7a67662a35c24ad02e1a9c553f695752,OL-16S-1b,301.0,Bacteria,Cyanobacteria,Cyanobacteriia,Chloroplast,Chloroplast,Chloroplast,Unassigned,16S,1b
257,76cc4e4423fe1d58c82a861e79323bd7,OL-16S-1b,276.0,Bacteria,Cyanobacteria,Cyanobacteriia,Chloroplast,Chloroplast,Chloroplast,Unassigned,16S,1b
258,2e06738ba1ef7e3f75f0ed55e95a2bb8,OL-16S-1b,261.0,Bacteria,Cyanobacteria,Cyanobacteriia,Chloroplast,Chloroplast,Chloroplast,Unassigned,16S,1b
259,e2fc9fa8e63d8276f399c93709e08fd5,OL-16S-1b,283.0,Bacteria,Cyanobacteria,Cyanobacteriia,Chloroplast,Chloroplast,Chloroplast,Unassigned,16S,1b
260,c3caa6e2a48f3f2ab0b049512dc8ccda,OL-16S-1b,274.0,Bacteria,Cyanobacteria,Cyanobacteriia,Chloroplast,Chloroplast,Chloroplast,Unassigned,16S,1b
261,f1ba05821c5f68be8c7b9ecdac04497b,OL-16S-1b,233.0,Bacteria,Cyanobacteria,Cyanobacteriia,Chloroplast,Chloroplast,Chloroplast,Unassigned,16S,1b
262,391bf0e54f28aa990e4fb379aeb1e27b,OL-16S-1b,241.0,Bacteria,Cyanobacteria,Cyanobacteriia,Chloroplast,Chloroplast,Chloroplast,Unassigned,16S,1b
263,a94a729130e76c26abd07844436fdeb5,OL-16S-1b,236.0,Bacteria,Cyanobacteria,Cyanobacteriia,Chloroplast,Chloroplast,Chloroplast,Unassigned,16S,1b
264,8145f5e16c5514889a111411946fdce1,OL-16S-1b,251.0,Bacteria,Cyanobacteria,Cyanobacteriia,Chloroplast,Chloroplast,Chloroplast,Unassigned,16S,1b
265,a179e3415f06dd7c5c01716613869de8,OL-16S-1b,214.0,Bacteria,Cyanobacteria,Cyanobacteriia,Chloroplast,Chloroplast,Chloroplast,Unassigned,16S,1b
266,615c84c753ad586852541e8d7c4a56a2,OL-16S-1b,45.0,Bacteria,Cyanobacteria,Cyanobacteriia,Synechococcales,Cyanobiaceae,Cyanobium_PCC-6307,Unassigned,16S,1b
267,3b13e1e0f09ba55518fa6cbbec4cf6b3,OL-16S-1b,58.0,Bacteria,Cyanobacteria,Cyanobacteriia,Chloroplast,Chloroplast,Chloroplast,Unassigned,16S,1b
268,2384db2d6d49bf5aa86c9a23542b4f39,OL-16S-1b,51.0,Bacteria,Cyanobacteria,Cyanobacteriia,Chloroplast,Chloroplast,Chloroplast,Unassigned,16S,1b
269,d56ee16c189c53ec4bfc9a643157b3cb,OL-16S-1b,65.0,Bacteria,Cyanobacteria,Cyanobacteriia,Chloroplast,Chloroplast,Chloroplast,Unassigned,16S,1b
270,f342c8d7070cb66e871be0c9d05ff96e,OL-16S-1b,51.0,Bacteria,Proteobacteria,Alphaproteobacteria,Rhodospirillales,AEGEAN-169_marine_group,AEGEAN-169_marine_group,Unassigned,16S,1b
271,9f8960cf1237e95ad9c9b290584b2581,OL-16S-1b,33.0,Bacteria,Proteobacteria,Alphaproteobacteria,Rhodospirillales,AEGEAN-169_marine_group,AEGEAN-169_marine_group,Unassigned,16S,1b
272,fda4ef534982960826bf945dd959b00c,OL-16S-1b,74.0,Bacteria,Cyanobacteria,Cyanobacteriia,Synechococcales,Cyanobiaceae,Cyanobium_PCC-6307,Unassigned,16S,1b
273,51ce3633dad7039b0b159776ecd5a199,OL-16S-1b,71.0,Bacteria,Proteobacteria,Gammaproteobacteria,Burkholderiales,Comamonadaceae,Unassigned,Unassigned,16S,1b
274,58a58486e709fa496dd18a6ef65143f8,OL-16S-1b,96.0,Bacteria,Actinobacteriota,Actinobacteria,Frankiales,Sporichthyaceae,Unassigned,Unassigned,16S,1b
275,5a6fe78d457c44a09e968c5f59435e1a,OL-16S-1b,39.0,Bacteria,Cyanobacteria,Cyanobacteriia,Chloroplast,Chloroplast,Chloroplast,Unassigned,16S,1b
276,b97b1d633870f8d1f0324ce9da82f0c9,OL-16S-1b,39.0,Bacteria,Proteobacteria,Alphaproteobacteria,Acetobacterales,Acetobacteraceae,Rhodopila,Unassigned,16S,1b
277,70330ef0e17851b4088c4cab905cc296,OL-16S-1b,53.0,Bacteria,Planctomycetota,Planctomycetes,Pirellulales,Pirellulaceae,uncultured,Unassigned,16S,1b
278,be1bd2d4eaa9c108b340ecf96a2939ff,OL-16S-1b,32.0,Bacteria,Proteobacteria,Gammaproteobacteria,Burkholderiales,Comamonadaceae,Unassigned,Unassigned,16S,1b
279,0e1bfd0ee528e5463177ce2fe619c5b9,OL-16S-1b,62.0,Bacteria,Proteobacteria,Gammaproteobacteria,Pseudomonadales,Unassigned,Unassigned,Unassigned,16S,1b
280,1de210f1a87a7a5a340fd385324ccf37,OL-16S-1b,37.0,Bacteria,Proteobacteria,Gammaproteobacteria,Burkholderiales,Comamonadaceae,Unassigned,Unassigned,16S,1b
281,1e66eb11077b8b80e21f48b5bff68704,OL-16S-1b,63.0,Bacteria,Cyanobacteria,Cyanobacteriia,Chloroplast,Chloroplast,Chloroplast,Unassigned,16S,1b
282,c2bcdf835bcd3f44b8dd055920a14a6e,OL-16S-1b,83.0,Bacteria,Planctomycetota,Planctomycetes,Planctomycetales,Rubinisphaeraceae,Planctomicrobium,Unassigned,16S,1b
283,5bfb130e23d129800a7e2d5114291f0b,OL-16S-1b,31.0,Bacteria,Proteobacteria,Gammaproteobacteria,Burkholderiales,Burkholderiaceae,Unassigned,Unassigned,16S,1b
284,216fe8337c03cae9ed97652a9258ad62,OL-16S-1b,61.0,Bacteria,Cyanobacteria,Cyanobacteriia,Chloroplast,Chloroplast,Chloroplast,Unassigned,16S,1b
285,532ef122fea64d4c167bb7643689e205,OL-16S-1b,33.0,Bacteria,Proteobacteria,Gammaproteobacteria,Burkholderiales,MWH-UniP1_aquatic_group,MWH-UniP1_aquatic_group,Unassigned,16S,1b
286,5a45b1a451c8a03548b1f4779469d98e,OL-16S-1b,32.0,Bacteria,Proteobacteria,Gammaproteobacteria,Burkholderiales,Comamonadaceae,Unassigned,Unassigned,16S,1b
287,280546b7a3ea14b1c53f066f98e8a780,OL-16S-1b,42.0,Bacteria,Proteobacteria,Gammaproteobacteria,Burkholderiales,MWH-UniP1_aquatic_group,MWH-UniP1_aquatic_group,Unassigned,16S,1b
288,e67b6e10b832eb692e2b9448394edcb3,OL-16S-1b,20.0,Bacteria,Cyanobacteria,Cyanobacteriia,Chloroplast,Chloroplast,Chloroplast,Unassigned,16S,1b
289,0ba6d5ecc95a82e0150e1dc653f69bb2,OL-16S-1b,90.0,Bacteria,SAR324_clade(Marine_group_B),SAR324_clade(Marine_group_B),SAR324_clade(Marine_group_B),SAR324_clade(Marine_group_B),SAR324_clade(Marine_group_B),Unassigned,16S,1b
290,0f2ed35d38e0078f9a57040783a1f27d,OL-16S-1b,22.0,Bacteria,Cyanobacteria,Cyanobacteriia,Chloroplast,Chloroplast,Chloroplast,Unassigned,16S,1b
291,e79f4bd136281e64ca97be795598e9dd,OL-16S-1b,43.0,Bacteria,Bdellovibrionota,Oligoflexia,Oligoflexales,Oligoflexaceae,Pseudobacteriovorax,Unassigned,16S,1b
292,602256abe201bd47abeafa91db0e2499,OL-16S-1b,92.0,Bacteria,Proteobacteria,Alphaproteobacteria,Rhizobiales,Rhizobiales_Incertae_Sedis,uncultured,Unassigned,16S,1b
293,10054312dbbcf26bd4020615096a7fe0,OL-16S-1b,26.0,Bacteria,Cyanobacteria,Cyanobacteriia,Chloroplast,Chloroplast,Chloroplast,Unassigned,16S,1b
294,df7b298da4045625ddd83e7d37379549,OL-16S-1b,32.0,Bacteria,Actinobacteriota,Acidimicrobiia,Microtrichales,Ilumatobacteraceae,Unassigned,Unassigned,16S,1b
295,1cb54a6098d81196146d3c52641265b0,OL-16S-1b,14.0,Bacteria,Bacteroidota,Bacteroidia,Flavobacteriales,Crocinitomicaceae,Fluviicola,Unassigned,16S,1b
296,f2165b309a00a791a430aed160732576,OL-16S-1b,22.0,Bacteria,Cyanobacteria,Cyanobacteriia,Chloroplast,Chloroplast,Chloroplast,Unassigned,16S,1b
297,474cbb4a4164aa210757188706628396,OL-16S-1b,99.0,Bacteria,Proteobacteria,Alphaproteobacteria,Acetobacterales,Acetobacteraceae,Unassigned,Unassigned,16S,1b
298,4ae64d59f555d0f0d2926534262d5432,OL-16S-1b,73.0,Bacteria,Proteobacteria,Alphaproteobacteria,Rhodobacterales,Rhodobacteraceae,Unassigned,Unassigned,16S,1b
299,76c2f3c83d3cf3d986fed85d5bbeec2f,OL-16S-1b,31.0,Bacteria,Cyanobacteria,Cyanobacteriia,Chloroplast,Chloroplast,Chloroplast,Unassigned,16S,1b
300,f34c049cafabf6747654eb44cf153d82,OL-16S-1b,31.0,Bacteria,Cyanobacteria,Cyanobacteriia,Chloroplast,Chloroplast,Chloroplast,Unassigned,16S,1b
301,080361f2074d9c1560e005a0257b7784,OL-16S-1b,38.0,Bacteria,Proteobacteria,Gammaproteobacteria,Burkholderiales,Burkholderiaceae,Unassigned,Unassigned,16S,1b
302,f2da6e39397a2f45b3ccf4aa8026535c,OL-16S-1b,24.0,Bacteria,Cyanobacteria,Cyanobacteriia,Chloroplast,Chloroplast,Chloroplast,Unassigned,16S,1b
303,f3d29127aabde3b3973047192a1e9988,OL-16S-1b,60.0,Bacteria,Proteobacteria,Alphaproteobacteria,Rhizobiales,Beijerinckiaceae,Unassigned,Unassigned,16S,1b
304,37e8ead35ba2e7fd71ce6f59a5657a11,OL-16S-1b,16.0,Bacteria,Planctomycetota,Planctomycetes,Planctomycetales,Rubinisphaeraceae,uncultured,Unassigned,16S,1b
305,2dbd82e9f15cceb8df479fde9243c868,OL-16S-1b,16.0,Bacteria,Proteobacteria,Alphaproteobacteria,SAR11_clade,Clade_III,Clade_III,Unassigned,16S,1b
306,afd9d44c84fe96150ecd36f4077ad3cb,OL-16S-1b,44.0,Bacteria,Proteobacteria,Gammaproteobacteria,Burkholderiales,Comamonadaceae,Unassigned,Unassigned,16S,1b
307,57a2ca3991f73b3c18634e5f7d67406a,OL-16S-1b,72.0,Bacteria,Planctomycetota,Phycisphaerae,Phycisphaerales,Phycisphaeraceae,CL500-3,Unassigned,16S,1b
308,4b4b7c840d08128c0d56f51b17c2962a,OL-16S-1b,77.0,Bacteria,Planctomycetota,Planctomycetes,Planctomycetales,Rubinisphaeraceae,uncultured,Unassigned,16S,1b
309,02050ad4ffbcd2163b809040d5bbe638,OL-16S-1b,34.0,Bacteria,Proteobacteria,Alphaproteobacteria,Rickettsiales,Mitochondria,Mitochondria,Unassigned,16S,1b
310,4984e6d4b5c9ff5b1a41d3f8d4a47dfa,OL-16S-1b,32.0,Bacteria,Cyanobacteria,Cyanobacteriia,Chloroplast,Chloroplast,Chloroplast,Unassigned,16S,1b
311,1af00457c4c79a07544d354737f23a7b,OL-16S-1b,25.0,Bacteria,Cyanobacteria,Cyanobacteriia,Chloroplast,Chloroplast,Chloroplast,Unassigned,16S,1b
312,29dc7f1bba8c6c183ccb89880ae5a06b,OL-16S-1b,72.0,Bacteria,Proteobacteria,Gammaproteobacteria,Burkholderiales,Unassigned,Unassigned,Unassigned,16S,1b
313,be042c060fa963026093d96fb0b7ff0d,OL-16S-1b,56.0,Bacteria,Verrucomicrobiota,Verrucomicrobiae,Pedosphaerales,Pedosphaeraceae,Unassigned,Unassigned,16S,1b
314,4bc0d3f1bd5f0ca75ca8b9b257d66f50,OL-16S-1b,28.0,Bacteria,Proteobacteria,Alphaproteobacteria,Rickettsiales,Mitochondria,Mitochondria,Unassigned,16S,1b
315,7fe71ae35c2042653833dde618a62e01,OL-16S-1b,34.0,Bacteria,Proteobacteria,Gammaproteobacteria,Burkholderiales,Methylophilaceae,OM43_clade,Unassigned,16S,1b
316,92c09a6f1898b65d7af8b317b19d8557,OL-16S-1b,116.0,Bacteria,Proteobacteria,Alphaproteobacteria,Rhizobiales,Xanthobacteraceae,Unassigned,Unassigned,16S,1b
317,98dc15ae7181e206379fed0f456b3b0a,OL-16S-1b,58.0,Bacteria,Proteobacteria,Gammaproteobacteria,Unassigned,Unassigned,Unassigned,Unassigned,16S,1b
318,12376daa686892f33112b40614b9559a,OL-16S-1b,48.0,Bacteria,Bacteroidota,Bacteroidia,Unassigned,Unassigned,Unassigned,Unassigned,16S,1b
319,e85412d93608da143f62e527657fee4a,OL-16S-1b,6.0,Bacteria,Cyanobacteria,Cyanobacteriia,Chloroplast,Chloroplast,Chloroplast,Unassigned,16S,1b
320,7d5309c365bf1c4c895b0fb74a7a3e44,OL-16S-1b,32.0,Bacteria,Planctomycetota,Planctomycetes,Planctomycetales,Rubinisphaeraceae,SH-PL14,Unassigned,16S,1b
321,cae3f977dc4fc6628ceb1d18c4b4fe79,OL-16S-1b,46.0,Bacteria,Cyanobacteria,Cyanobacteriia,Chloroplast,Chloroplast,Chloroplast,Unassigned,16S,1b
322,cc32b1911eaec7dd888daa7c6e9a89be,OL-16S-1b,23.0,Bacteria,Planctomycetota,Phycisphaerae,Phycisphaerales,Phycisphaeraceae,CL500-3,Unassigned,16S,1b
323,50d61f8a5b1089bc63ceae9efd3dd371,OL-16S-1b,62.0,Bacteria,Bacteroidota,Bacteroidia,Cytophagales,Spirosomaceae,Pseudarcicella,Unassigned,16S,1b
324,080442e38555cae2bfdf6f4474324116,OL-16S-1b,94.0,Bacteria,Actinobacteriota,Thermoleophilia,Gaiellales,uncultured,uncultured,Unassigned,16S,1b
325,4bdc81c62f4b2810f15ed7270bbb6dc5,OL-16S-1b,10.0,Bacteria,Cyanobacteria,Cyanobacteriia,Chloroplast,Chloroplast,Chloroplast,Unassigned,16S,1b
326,eb2138001112c587538c1e041c132d8a,OL-16S-1b,35.0,Bacteria,Actinobacteriota,Thermoleophilia,Gaiellales,Gaiellaceae,Gaiella,Unassigned,16S,1b
327,4c72d04e96fd7257f35a1f3e829d12e5,OL-16S-1b,39.0,Bacteria,Cyanobacteria,Cyanobacteriia,Chloroplast,Chloroplast,Chloroplast,Unassigned,16S,1b
328,93c2b4545be90892ed963596825f86d0,OL-16S-1b,52.0,Bacteria,Actinobacteriota,Actinobacteria,Frankiales,Sporichthyaceae,hgcI_clade,Unassigned,16S,1b
329,1d7410d28926311a6f8d1d51a6a2af22,OL-16S-1b,9.0,Bacteria,Cyanobacteria,Cyanobacteriia,Chloroplast,Chloroplast,Chloroplast,Unassigned,16S,1b
330,cb1c3edf1b1f402b6932056b66e2d6fe,OL-16S-1b,91.0,Bacteria,Proteobacteria,Gammaproteobacteria,Burkholderiales,Methylophilaceae,Candidatus_Methylopumilus,Unassigned,16S,1b
331,f0f3de34e85e14706e63a5d910b5ff10,OL-16S-1b,81.0,Bacteria,Actinobacteriota,Actinobacteria,PeM15,PeM15,PeM15,Unassigned,16S,1b
332,de36fd37d4a67a84ab10cf4dbc3c64ba,OL-16S-1b,34.0,Bacteria,Unassigned,Unassigned,Unassigned,Unassigned,Unassigned,Unassigned,16S,1b
333,0a756154b5455eb83cc52b7b21d89f78,OL-16S-1b,79.0,Bacteria,Bacteroidota,Bacteroidia,Chitinophagales,Chitinophagaceae,Sediminibacterium,Unassigned,16S,1b
334,8f0b7554b217b3cfc3ec0bae5d6aec9f,OL-16S-1b,40.0,Bacteria,Bacteroidota,Ignavibacteria,Ignavibacteriales,Ignavibacteriaceae,Ignavibacterium,Unassigned,16S,1b
335,4625da5e249983f198d0088a63c0b1b0,OL-16S-1b,33.0,Bacteria,Cyanobacteria,Cyanobacteriia,Chloroplast,Chloroplast,Chloroplast,Unassigned,16S,1b
336,bd4d7bb07191f528ca859097ccd20e0c,OL-16S-1b,77.0,Bacteria,Proteobacteria,Gammaproteobacteria,Burkholderiales,TRA3-20,TRA3-20,Unassigned,16S,1b
337,0451e16356055ef07d9e8a1c99c04a8c,OL-16S-1b,77.0,Bacteria,Actinobacteriota,Actinobacteria,PeM15,PeM15,PeM15,Unassigned,16S,1b
338,36687e344e14c7daf0a0ee41d376f6cc,OL-16S-1b,46.0,Bacteria,Actinobacteriota,Acidimicrobiia,Actinomarinales,Actinomarinaceae,Candidatus_Actinomarina,Unassigned,16S,1b
339,dfe6afd73463ece87fa2d899e0263396,OL-16S-1b,73.0,Bacteria,Proteobacteria,Gammaproteobacteria,Burkholderiales,Gallionellaceae,Unassigned,Unassigned,16S,1b
340,a32dc8d9b90c0603f9f4b84941d705c9,OL-16S-1b,72.0,Bacteria,Actinobacteriota,Actinobacteria,PeM15,PeM15,PeM15,Unassigned,16S,1b
341,a770728579a0e654c76f02d8616b1f35,OL-16S-1b,71.0,Bacteria,Proteobacteria,Gammaproteobacteria,Steroidobacterales,Steroidobacteraceae,uncultured,Unassigned,16S,1b
342,db944d477ba9b90aa90225541fd21dda,OL-16S-1b,69.0,Bacteria,Acidobacteriota,Vicinamibacteria,Vicinamibacterales,Vicinamibacteraceae,Vicinamibacteraceae,Unassigned,16S,1b
343,bcc8a832ca1ae070aeca778690a6919c,OL-16S-1b,68.0,Bacteria,Proteobacteria,Alphaproteobacteria,Sphingomonadales,Sphingomonadaceae,Unassigned,Unassigned,16S,1b
344,0b450a14e9a38a041edeebbf0c1dd368,OL-16S-1b,68.0,Bacteria,Proteobacteria,Gammaproteobacteria,Burkholderiales,MWH-UniP1_aquatic_group,MWH-UniP1_aquatic_group,Unassigned,16S,1b
345,9a4a312c8e71f5368c7e398c10d71767,OL-16S-1b,67.0,Bacteria,Proteobacteria,Gammaproteobacteria,CCD24,CCD24,CCD24,Unassigned,16S,1b
346,424fd584bcc4c7d90d5b426fb843b26d,OL-16S-1b,65.0,Bacteria,Cyanobacteria,Cyanobacteriia,Chloroplast,Chloroplast,Chloroplast,Unassigned,16S,1b
347,54a667c05929a3476de21645776adf88,OL-16S-1b,65.0,Bacteria,Proteobacteria,Gammaproteobacteria,Unassigned,Unassigned,Unassigned,Unassigned,16S,1b
348,2c1c57d865a88101bdb2414ca4600d37,OL-16S-1b,65.0,Bacteria,Cyanobacteria,Cyanobacteriia,Chloroplast,Chloroplast,Chloroplast,Unassigned,16S,1b
349,4d2bcbb72dc9c1822a6b01f8165b29f9,OL-16S-1b,65.0,Bacteria,Actinobacteriota,Actinobacteria,Micrococcales,Microbacteriaceae,Candidatus_Aquiluna,Unassigned,16S,1b
350,4ad3b58cb0d4f6e54cb26ee88c456dce,OL-16S-1b,65.0,Bacteria,Actinobacteriota,Actinobacteria,Micrococcales,Microbacteriaceae,Unassigned,Unassigned,16S,1b
351,04feb9ae97b0fefb87104ec1410ca0dd,OL-16S-1b,26.0,Bacteria,Cyanobacteria,Cyanobacteriia,Chloroplast,Chloroplast,Chloroplast,Unassigned,16S,1b
352,4833f1fd6521811ccdc59dbf1aa56e70,OL-16S-1b,21.0,Bacteria,Bacteroidota,Bacteroidia,Sphingobacteriales,NS11-12_marine_group,NS11-12_marine_group,Unassigned,16S,1b
353,b5556a47a0322e739f98a07c9bdc92b4,OL-16S-1b,9.0,Bacteria,Cyanobacteria,Cyanobacteriia,Chloroplast,Chloroplast,Chloroplast,Unassigned,16S,1b
354,f822df89d7b81772fbb699a21d6365ea,OL-16S-1b,63.0,Bacteria,Unassigned,Unassigned,Unassigned,Unassigned,Unassigned,Unassigned,16S,1b
355,c3b7ff971a3757803a4d15b09fbf3c02,OL-16S-1b,63.0,Bacteria,Proteobacteria,Alphaproteobacteria,Reyranellales,Reyranellaceae,Reyranella,Unassigned,16S,1b
356,99c0e374fa4ade07da51d72d4f28e465,OL-16S-1b,62.0,Bacteria,Bacteroidota,Bacteroidia,Flavobacteriales,Crocinitomicaceae,Fluviicola,Unassigned,16S,1b
357,2bb1a2c152a8a05621a61f1324b64fa4,OL-16S-1b,62.0,Bacteria,Bacteroidota,Bacteroidia,Sphingobacteriales,LiUU-11-161,LiUU-11-161,Unassigned,16S,1b
358,fc4983655021f0b7a041566727a8d742,OL-16S-1b,59.0,Bacteria,Bacteroidota,Bacteroidia,Flavobacteriales,Crocinitomicaceae,Fluviicola,Unassigned,16S,1b
359,fa50158056c23db462e09688d4b438ca,OL-16S-1b,58.0,Bacteria,Proteobacteria,Gammaproteobacteria,Unassigned,Unassigned,Unassigned,Unassigned,16S,1b
360,ea1df597560297260e8e4f9c4c3dbb0e,OL-16S-1b,57.0,Bacteria,Planctomycetota,Planctomycetes,Pirellulales,Pirellulaceae,uncultured,Unassigned,16S,1b
361,7167228d7c53f7b9e031a155c0c59bc3,OL-16S-1b,57.0,Bacteria,Proteobacteria,Alphaproteobacteria,Rickettsiales,Rickettsiaceae,Candidatus_Megaira,Unassigned,16S,1b
362,78cde1ddd161b62888e9cf9b293a7182,OL-16S-1b,57.0,Bacteria,Proteobacteria,Alphaproteobacteria,Rhizobiales,Hyphomicrobiaceae,Unassigned,Unassigned,16S,1b
363,c5ff92be6eb48e1ae861716592ece307,OL-16S-1b,56.0,Bacteria,Verrucomicrobiota,Verrucomicrobiae,Pedosphaerales,Pedosphaeraceae,Unassigned,Unassigned,16S,1b
364,9084bb5cd9628653eb28ad4c9178be2e,OL-16S-1b,56.0,Bacteria,Proteobacteria,Gammaproteobacteria,Pseudomonadales,Pseudohongiellaceae,Pseudohongiella,Unassigned,16S,1b
365,dcad62d689d699d3c4f765f6a818bd7f,OL-16S-1b,56.0,Bacteria,Bacteroidota,Bacteroidia,Flavobacteriales,Flavobacteriaceae,Unassigned,Unassigned,16S,1b
366,0be9330d18384b14aa3d37d5215de63c,OL-16S-1b,55.0,Bacteria,Cyanobacteria,Cyanobacteriia,Chloroplast,Chloroplast,Chloroplast,Unassigned,16S,1b
367,170dea3c2439107f9237cabfe8f8a0da,OL-16S-1b,54.0,Bacteria,Proteobacteria,Alphaproteobacteria,Sphingomonadales,Sphingomonadaceae,Unassigned,Unassigned,16S,1b
368,9a8a1b4524b1000e1fae95f043154f1b,OL-16S-1b,54.0,Bacteria,Actinobacteriota,Acidimicrobiia,Microtrichales,Ilumatobacteraceae,CL500-29_marine_group,Unassigned,16S,1b
369,cfe75a1a63345e813f584bb966400086,OL-16S-1b,54.0,Bacteria,Proteobacteria,Alphaproteobacteria,Rhodobacterales,Rhodobacteraceae,Unassigned,Unassigned,16S,1b
370,5816f65e3b34f07599411228827be7d1,OL-16S-1b,53.0,Bacteria,Proteobacteria,Gammaproteobacteria,Unassigned,Unassigned,Unassigned,Unassigned,16S,1b
371,5ab3e178c09a30de6122a8e848b6e328,OL-16S-1b,52.0,Bacteria,Proteobacteria,Gammaproteobacteria,Pseudomonadales,KI89A_clade,KI89A_clade,Unassigned,16S,1b
372,138a7e6c8e6106ef4dbbf3aacfba5050,OL-16S-1b,51.0,Bacteria,Planctomycetota,Planctomycetes,Planctomycetales,Schlesneriaceae,Planctopirus,Unassigned,16S,1b
373,c3c56380792e4bd1fa8f56badc2b7f3a,OL-16S-1b,49.0,Bacteria,Proteobacteria,Gammaproteobacteria,Burkholderiales,Burkholderiaceae,Polynucleobacter,Unassigned,16S,1b
374,edc2263c37733af7748fc7ebe49ff614,OL-16S-1b,49.0,Bacteria,Proteobacteria,Gammaproteobacteria,Burkholderiales,Comamonadaceae,Unassigned,Unassigned,16S,1b
375,6c4e5cce44834b188f50503373c86d1d,OL-16S-1b,49.0,Bacteria,Proteobacteria,Alphaproteobacteria,Rhodobacterales,Rhodobacteraceae,Unassigned,Unassigned,16S,1b
376,2b506b95319bca9ba11f76539d0fdd50,OL-16S-1b,48.0,Bacteria,Proteobacteria,Gammaproteobacteria,Acidiferrobacterales,Acidiferrobacteraceae,Sulfurifustis,Unassigned,16S,1b
377,18d38e3eb7004bd734f2c797fdc3233f,OL-16S-1b,47.0,Bacteria,Proteobacteria,Alphaproteobacteria,SAR11_clade,Clade_III,Clade_III,Unassigned,16S,1b
378,4196d5dddf5ad5f2b4b953cf663e1db4,OL-16S-1b,47.0,Bacteria,Proteobacteria,Alphaproteobacteria,Rhizobiales,Beijerinckiaceae,FukuN57,Unassigned,16S,1b
379,a2b18424ca60d7f9f48c78ce152b72b8,OL-16S-1b,47.0,Bacteria,Planctomycetota,Planctomycetes,Planctomycetales,Rubinisphaeraceae,Planctomicrobium,Unassigned,16S,1b
380,95c1dc6329366a069e4b2369d2d395e9,OL-16S-1b,47.0,Bacteria,Cyanobacteria,Cyanobacteriia,Synechococcales,Cyanobiaceae,Cyanobium_PCC-6307,Unassigned,16S,1b
381,51f6cf4e082882cb1bf0964edf3631cf,OL-16S-1b,46.0,Bacteria,Bacteroidota,Rhodothermia,Rhodothermales,Rhodothermaceae,uncultured,Unassigned,16S,1b
382,6aed97348445510e431de637e0b11334,OL-16S-1b,45.0,Bacteria,Bacteroidota,Bacteroidia,Flavobacteriales,Crocinitomicaceae,Fluviicola,Unassigned,16S,1b
383,baffb9f3a8211f35c459539556e0bed5,OL-16S-1b,45.0,Bacteria,Proteobacteria,Alphaproteobacteria,Rhodospirillales,Magnetospiraceae,uncultured,Unassigned,16S,1b
384,684888407b6e5dca7a092e855238c0ea,OL-16S-1b,45.0,Bacteria,Bacteroidota,Kryptonia,Kryptoniales,BSV26,BSV26,Unassigned,16S,1b
385,9bdbdbacd4e700c41355b2abf5718899,OL-16S-1b,44.0,Bacteria,Cyanobacteria,Cyanobacteriia,Chloroplast,Chloroplast,Chloroplast,Unassigned,16S,1b
386,54ca714dd1d39daa5d0b529c6d8d5a33,OL-16S-1b,44.0,Bacteria,Proteobacteria,Gammaproteobacteria,Gammaproteobacteria_Incertae_Sedis,Unknown_Family,Acidibacter,Unassigned,16S,1b
387,83c273f7b2438f8eb8f4c7f8e2a8e6a3,OL-16S-1b,44.0,Bacteria,Actinobacteriota,Actinobacteria,Frankiales,Sporichthyaceae,hgcI_clade,Unassigned,16S,1b
388,762a07c8e78418538e4b634f06a17ab2,OL-16S-1b,44.0,Bacteria,Unassigned,Unassigned,Unassigned,Unassigned,Unassigned,Unassigned,16S,1b
389,f12456caeda156d2837f55c2ec158506,OL-16S-1b,43.0,Bacteria,Planctomycetota,Phycisphaerae,Phycisphaerales,Phycisphaeraceae,CL500-3,Unassigned,16S,1b
390,daa085e22d79435a9434414b57fa04ab,OL-16S-1b,43.0,Bacteria,Chloroflexi,KD4-96,KD4-96,KD4-96,KD4-96,Unassigned,16S,1b
391,9191080310feb70c5411e1fa810a4bda,OL-16S-1b,42.0,Bacteria,Acidobacteriota,Vicinamibacteria,Vicinamibacterales,uncultured,uncultured,Unassigned,16S,1b
392,518ab33e63937e7d986f30dfa6425367,OL-16S-1b,42.0,Bacteria,Proteobacteria,Alphaproteobacteria,Rickettsiales,Mitochondria,Mitochondria,Unassigned,16S,1b
393,42edafda7d3e3eaa9ed5f0b0eda65ddf,OL-16S-1b,41.0,Bacteria,Unassigned,Unassigned,Unassigned,Unassigned,Unassigned,Unassigned,16S,1b
394,c938008359040961e6001807a97b38cc,OL-16S-1b,41.0,Bacteria,Actinobacteriota,Acidimicrobiia,IMCC26256,IMCC26256,IMCC26256,Unassigned,16S,1b
395,842e2343ee31a41c2fa025761fa9b944,OL-16S-1b,41.0,Bacteria,Planctomycetota,Planctomycetes,Pirellulales,Pirellulaceae,uncultured,Unassigned,16S,1b
396,14d98585269c192cfdd803d2956feb03,OL-16S-1b,40.0,Bacteria,Proteobacteria,Gammaproteobacteria,Burkholderiales,MWH-UniP1_aquatic_group,MWH-UniP1_aquatic_group,Unassigned,16S,1b
397,191641731a9abdfb2ad6422104e1d39d,OL-16S-1b,40.0,Bacteria,Unassigned,Unassigned,Unassigned,Unassigned,Unassigned,Unassigned,16S,1b
398,81900ec43254cbbf2f306629d41c4475,OL-16S-1b,40.0,Bacteria,Bacteroidota,Bacteroidia,Chitinophagales,Chitinophagaceae,Unassigned,Unassigned,16S,1b
399,5f55d0df6962e428a3077365ed8a746b,OL-16S-1b,40.0,Bacteria,Unassigned,Unassigned,Unassigned,Unassigned,Unassigned,Unassigned,16S,1b
400,82de64dd4c83a3f11620ecfb6c57fb1e,OL-16S-1b,39.0,Bacteria,Proteobacteria,Alphaproteobacteria,Unassigned,Unassigned,Unassigned,Unassigned,16S,1b
401,f1cda04e4e9f3ae4a9940dd4b98ebf98,OL-16S-1b,39.0,Bacteria,Cyanobacteria,Cyanobacteriia,Chloroplast,Chloroplast,Chloroplast,Unassigned,16S,1b
402,b9e29783b466334efcd55ce81793ee4c,OL-16S-1b,38.0,Bacteria,Bacteroidota,Bacteroidia,Flavobacteriales,Flavobacteriaceae,NS5_marine_group,Unassigned,16S,1b
403,382a8979856be8877a3bdeefa12dcb60,OL-16S-1b,38.0,Bacteria,Unassigned,Unassigned,Unassigned,Unassigned,Unassigned,Unassigned,16S,1b
404,39cf35c4472ca2cca3d0614dbfdd7bb2,OL-16S-1b,38.0,Bacteria,Proteobacteria,Gammaproteobacteria,Methylococcales,Methylococcaceae,uncultured,Unassigned,16S,1b
405,9125c2d122f57be396121e61ebe014ed,OL-16S-1b,38.0,Bacteria,Proteobacteria,Alphaproteobacteria,Puniceispirillales,uncultured,uncultured,Unassigned,16S,1b
406,df70bdfefc45a50aaa2db8dfdce7bf17,OL-16S-1b,38.0,Bacteria,Bacteroidota,Bacteroidia,Sphingobacteriales,NS11-12_marine_group,NS11-12_marine_group,Unassigned,16S,1b
407,906ad8b96f6d406a1b0574a9a33840d9,OL-16S-1b,38.0,Bacteria,Verrucomicrobiota,Verrucomicrobiae,Pedosphaerales,Pedosphaeraceae,SCGC_AAA164-E04,Unassigned,16S,1b
408,41d2b3b33fb5c5872a3d054acb4f1f92,OL-16S-1b,37.0,Bacteria,Unassigned,Unassigned,Unassigned,Unassigned,Unassigned,Unassigned,16S,1b
409,bd0f008be74bbf86f5c801d43fcc7dad,OL-16S-1b,23.0,Bacteria,Marinimicrobia_(SAR406_clade),Marinimicrobia_(SAR406_clade),Marinimicrobia_(SAR406_clade),Marinimicrobia_(SAR406_clade),Marinimicrobia_(SAR406_clade),Unassigned,16S,1b
410,cfd453de293f5feb281a26733dd72ff9,OL-16S-1b,36.0,Bacteria,Actinobacteriota,Actinobacteria,Frankiales,Sporichthyaceae,hgcI_clade,Unassigned,16S,1b
411,c06278f889864f86c42ec766499e5db9,OL-16S-1b,36.0,Bacteria,Proteobacteria,Alphaproteobacteria,Puniceispirillales,uncultured,uncultured,Unassigned,16S,1b
412,65aa2a986c510f7575078c0f1b6c8c7a,OL-16S-1b,36.0,Bacteria,Planctomycetota,Planctomycetes,Pirellulales,Pirellulaceae,Unassigned,Unassigned,16S,1b
413,b9deb1e999aafec40a48c7e5bfcfa437,OL-16S-1b,36.0,Bacteria,Verrucomicrobiota,Verrucomicrobiae,Pedosphaerales,Pedosphaeraceae,uncultured,Unassigned,16S,1b
414,c634f50230f7c17fdf8dd061386e05af,OL-16S-1b,36.0,Bacteria,Gemmatimonadota,Gemmatimonadetes,Gemmatimonadales,Gemmatimonadaceae,Unassigned,Unassigned,16S,1b
415,067d231d70c90365313b7f06c22c2c37,OL-16S-1b,36.0,Bacteria,Verrucomicrobiota,Verrucomicrobiae,Chthoniobacterales,Terrimicrobiaceae,Terrimicrobium,Unassigned,16S,1b
416,535bbadfcd312fe3828896abd98cb5e7,OL-16S-1b,35.0,Bacteria,Cyanobacteria,Cyanobacteriia,Chloroplast,Chloroplast,Chloroplast,Unassigned,16S,1b
417,3bdc4da898e5017abaf7411f7494b432,OL-16S-1b,35.0,Bacteria,Cyanobacteria,Cyanobacteriia,Chloroplast,Chloroplast,Chloroplast,Unassigned,16S,1b
418,f7d98580ea1d991d43f676ea38709f57,OL-16S-1b,34.0,Bacteria,Bacteroidota,Bacteroidia,Bacteroidales,Bacteroidetes_vadinHA17,Bacteroidetes_vadinHA17,Unassigned,16S,1b
419,4e67f97a3fa3f0f67683fed87b249cc0,OL-16S-1b,33.0,Bacteria,Planctomycetota,Planctomycetes,Planctomycetales,Rubinisphaeraceae,uncultured,Unassigned,16S,1b
420,9aa8d70a76793195a9705480fbb4e522,OL-16S-1b,32.0,Bacteria,Bacteroidota,Bacteroidia,Flavobacteriales,Unassigned,Unassigned,Unassigned,16S,1b
421,2eb4f647b700c85a63e110020c1a8957,OL-16S-1b,32.0,Bacteria,Bacteroidota,Bacteroidia,Flavobacteriales,Crocinitomicaceae,Fluviicola,Unassigned,16S,1b
422,79f1f711f2f07ab0a84c24b39688c660,OL-16S-1b,32.0,Bacteria,Proteobacteria,Alphaproteobacteria,Rhodobacterales,Rhodobacteraceae,Unassigned,Unassigned,16S,1b
423,543c3cdeb48a234c6a7da4a238d151f6,OL-16S-1b,32.0,Bacteria,Planctomycetota,Planctomycetes,Planctomycetales,Rubinisphaeraceae,SH-PL14,Unassigned,16S,1b
424,4ce99dc60797f0f2f230e94914aa72b4,OL-16S-1b,31.0,Bacteria,Proteobacteria,Alphaproteobacteria,Rickettsiales,Rickettsiaceae,uncultured,Unassigned,16S,1b
425,d2656bdd079061494665b6fd6c648cec,OL-16S-1b,31.0,Bacteria,Proteobacteria,Alphaproteobacteria,Rhizobiales,Beijerinckiaceae,Unassigned,Unassigned,16S,1b
426,f6d8a9d447d586dabd2ea8439c25cce2,OL-16S-1b,31.0,Bacteria,Proteobacteria,Gammaproteobacteria,Methylococcales,Methylomonadaceae,Methylomicrobium,Unassigned,16S,1b
427,dab5f4a214f690d178d0bed005c7cbb2,OL-16S-1b,30.0,Bacteria,Proteobacteria,Alphaproteobacteria,Micropepsales,Micropepsaceae,uncultured,Unassigned,16S,1b
428,a0348fe594fb9bcfcc6dd71699c5f2af,OL-16S-1b,29.0,Bacteria,Unassigned,Unassigned,Unassigned,Unassigned,Unassigned,Unassigned,16S,1b
429,f02d5966a8005ee2ce6d8b2932761cee,OL-16S-1b,29.0,Bacteria,Bdellovibrionota,Bdellovibrionia,Bdellovibrionales,Bdellovibrionaceae,OM27_clade,Unassigned,16S,1b
430,09adfb5f894a32bb7d196461f204ca8d,OL-16S-1b,28.0,Bacteria,Bacteroidota,Bacteroidia,Unassigned,Unassigned,Unassigned,Unassigned,16S,1b
431,ee6df67bcaaf5ec3654bbf5afc31645c,OL-16S-1b,27.0,Bacteria,Myxococcota,Polyangia,Polyangiales,Sandaracinaceae,uncultured,Unassigned,16S,1b
432,c1c20c1ca0970d343609808a9fbe9414,OL-16S-1b,27.0,Bacteria,Proteobacteria,Alphaproteobacteria,Rickettsiales,Mitochondria,Mitochondria,Unassigned,16S,1b
433,98c5526859236098347165423f54bcad,OL-16S-1b,26.0,Bacteria,Armatimonadota,Armatimonadia,Armatimonadales,Armatimonadaceae,Armatimonas,Unassigned,16S,1b
434,1a14194d6409e39ba1008b9ce575e8a6,OL-16S-1b,25.0,Bacteria,Armatimonadota,Fimbriimonadia,Fimbriimonadales,Fimbriimonadaceae,Fimbriimonadaceae,Unassigned,16S,1b
435,e1ca9a96248fe608cb5f41f74bc6ee28,OL-16S-1b,25.0,Bacteria,Proteobacteria,Alphaproteobacteria,Rhodospirillales,Magnetospiraceae,uncultured,Unassigned,16S,1b
436,de75bd6f006c4faa4015219a175a0d3e,OL-16S-1b,25.0,Bacteria,Bdellovibrionota,Oligoflexia,Oligoflexales,Oligoflexaceae,uncultured,Unassigned,16S,1b
437,60c9735cce4e9b36274a2b3447e2421c,OL-16S-1b,24.0,Bacteria,Proteobacteria,Gammaproteobacteria,Pseudomonadales,SAR86_clade,SAR86_clade,Unassigned,16S,1b
438,8e6172a1a44a95eb00cae8f155731d46,OL-16S-1b,24.0,Bacteria,Planctomycetota,Planctomycetes,Planctomycetales,Schlesneriaceae,Schlesneria,Unassigned,16S,1b
439,24f6254199c5e109194fa4fdddb0e1cf,OL-16S-1b,23.0,Bacteria,Proteobacteria,Alphaproteobacteria,Rickettsiales,Mitochondria,Mitochondria,Unassigned,16S,1b
440,c002494aae7a1020fcf11ab1f780e385,OL-16S-1b,22.0,Bacteria,Bacteroidota,Bacteroidia,Sphingobacteriales,AKYH767,AKYH767,Unassigned,16S,1b
441,bd3a8ef7baea507db9509e3b27872262,OL-16S-1b,22.0,Bacteria,Bacteroidota,Bacteroidia,Sphingobacteriales,env.OPS_17,env.OPS_17,Unassigned,16S,1b
442,c0a9fdf0ea6ce5d092d03e0b30adbe23,OL-16S-1b,22.0,Bacteria,Bdellovibrionota,Oligoflexia,0319-6G20,0319-6G20,0319-6G20,Unassigned,16S,1b
443,7ba60177fceb9043f5c88110277fcc11,OL-16S-1b,22.0,Bacteria,Verrucomicrobiota,Verrucomicrobiae,Verrucomicrobiales,Rubritaleaceae,Unassigned,Unassigned,16S,1b
444,fc6711fe638debf00c22648df8ce9310,OL-16S-1b,21.0,Bacteria,Bacteroidota,Bacteroidia,Flavobacteriales,Crocinitomicaceae,Fluviicola,Unassigned,16S,1b
445,78de817113af86e272418bffa5f015dc,OL-16S-1b,19.0,Bacteria,Actinobacteriota,Unassigned,Unassigned,Unassigned,Unassigned,Unassigned,16S,1b
446,e48d9d5278b2d5b7bc48be6d77666c89,OL-16S-1b,19.0,Bacteria,Bacteroidota,Bacteroidia,Flavobacteriales,Flavobacteriaceae,Unassigned,Unassigned,16S,1b
447,4d8cf3ecd70c37cc76532166bbb1deff,OL-16S-1b,18.0,Bacteria,Proteobacteria,Alphaproteobacteria,Unassigned,Unassigned,Unassigned,Unassigned,16S,1b
448,20a7a476bab9cacf98e77568149bdd83,OL-16S-1b,18.0,Archaea,Crenarchaeota,Nitrososphaeria,Nitrosopumilales,Nitrosopumilaceae,Unassigned,Unassigned,16S,1b
449,99a812baf5bb23037ba762fb275bfecd,OL-16S-1b,17.0,Bacteria,Bacteroidota,Bacteroidia,Cytophagales,Spirosomaceae,Emticicia,Unassigned,16S,1b
450,95edbb932712c902d12f1868e85ce8d8,OL-16S-1b,17.0,Bacteria,Actinobacteriota,MB-A2-108,MB-A2-108,MB-A2-108,MB-A2-108,Unassigned,16S,1b
451,0d46b80f69aa5ab9188c8e661487f855,OL-16S-1b,17.0,Bacteria,Bdellovibrionota,Bdellovibrionia,Bdellovibrionales,Bdellovibrionaceae,OM27_clade,Unassigned,16S,1b
452,189ae2eadf019792f5821f89772becfa,OL-16S-1b,16.0,Bacteria,Proteobacteria,Alphaproteobacteria,Rickettsiales,Mitochondria,Mitochondria,Unassigned,16S,1b
453,7e42e1b8635d109bd2db704d9ed3ee08,OL-16S-1b,15.0,Bacteria,Unassigned,Unassigned,Unassigned,Unassigned,Unassigned,Unassigned,16S,1b
454,07124c1b05e67e96de18c7c263c6415f,OL-16S-1b,15.0,Bacteria,Proteobacteria,Gammaproteobacteria,Enterobacterales,Alteromonadaceae,Rheinheimera,Unassigned,16S,1b
455,2a8d256b81029c69e7bb4ac1d24a4869,OL-16S-1b,15.0,Bacteria,Desulfobacterota,Desulfuromonadia,PB19,PB19,PB19,Unassigned,16S,1b
456,e5e7dc7a604b1a1fa19c6a8dca428e3c,OL-16S-1b,14.0,Bacteria,Planctomycetota,Pla3_lineage,Pla3_lineage,Pla3_lineage,Pla3_lineage,Unassigned,16S,1b
457,c8ff637aac0d6c676c381bcb443a8c4f,OL-16S-1b,14.0,Bacteria,Planctomycetota,Planctomycetes,Unassigned,Unassigned,Unassigned,Unassigned,16S,1b
458,71e4d042a7b838d7d87e760e2cbd6ec3,OL-16S-1b,13.0,Bacteria,Proteobacteria,Alphaproteobacteria,Rickettsiales,Mitochondria,Mitochondria,Unassigned,16S,1b
459,cbbc5d22d6bb1d6f1642098f922eb6cb,OL-16S-1b,13.0,Bacteria,Fusobacteriota,Fusobacteriia,Fusobacteriales,Fusobacteriaceae,Cetobacterium,Unassigned,16S,1b
460,41d81aad38ddb5636bbe1204335b67a5,OL-16S-1b,13.0,Bacteria,Nitrospirota,Thermodesulfovibrionia,uncultured,uncultured,uncultured,Unassigned,16S,1b
461,f8b89acb118fb00b91bf4cb8e5a01d0a,OL-16S-1b,11.0,Bacteria,Proteobacteria,Alphaproteobacteria,SAR11_clade,Clade_III,Clade_III,Unassigned,16S,1b
462,ae27af49e5dc40e27d802d87cccca73a,OL-16S-1b,11.0,Bacteria,Bdellovibrionota,Bdellovibrionia,Bdellovibrionales,Bdellovibrionaceae,Bdellovibrio,Unassigned,16S,1b
463,e06cd42051598fbcae42d6798baf0dcc,OL-16S-1b,11.0,Eukaryota,Ciliophora,Intramacronucleata,Litostomatea,Mesodiniidae,Myrionecta,Unassigned,16S,1b
464,3076e5aa5610c005bacd6c845876d0c6,OL-16S-1b,10.0,Bacteria,Acidobacteriota,Subgroup_5,Subgroup_5,Subgroup_5,Subgroup_5,Unassigned,16S,1b
465,ee33f4c0ab1b76d3431822917eceb2b9,OL-16S-1b,9.0,Bacteria,Bacteroidota,Bacteroidia,Chitinophagales,Saprospiraceae,Aureispira,Unassigned,16S,1b
466,b273384849b9c2af34b6d9728660f610,OL-16S-1b,9.0,Bacteria,Proteobacteria,Gammaproteobacteria,Burkholderiales,T34,T34,Unassigned,16S,1b
467,db165db0b33742bc1c432199481dafb8,OL-16S-1b,9.0,Bacteria,Bacteroidota,Bacteroidia,Flavobacteriales,Flavobacteriaceae,NS3a_marine_group,Unassigned,16S,1b
468,dcabf555ee4a4e1eda37c3ece7a223d6,OL-16S-1b,9.0,Bacteria,Proteobacteria,Gammaproteobacteria,Coxiellales,Coxiellaceae,Coxiella,Unassigned,16S,1b
469,e41d5413ac5878a82010f6f87d5ccd6e,OL-16S-1b,8.0,Bacteria,Chloroflexi,SL56_marine_group,SL56_marine_group,SL56_marine_group,SL56_marine_group,Unassigned,16S,1b
470,50be88760bd6011a063c25cf4a2265d7,OL-16S-1b,8.0,Bacteria,Unassigned,Unassigned,Unassigned,Unassigned,Unassigned,Unassigned,16S,1b
471,b99f23d4c14aaddea5974aeffd9684a5,OL-16S-1b,8.0,Bacteria,Verrucomicrobiota,Verrucomicrobiae,Verrucomicrobiales,Verrucomicrobiaceae,uncultured,Unassigned,16S,1b
472,1f9263c7e5ec80854853bd5c5c4bb010,OL-16S-1b,7.0,Bacteria,Bdellovibrionota,Oligoflexia,0319-6G20,0319-6G20,0319-6G20,Unassigned,16S,1b
473,00ddfd3a93d9ea6458fb434ab6cc03cd,OL-16S-1b,6.0,Bacteria,Hydrogenedentes,Hydrogenedentia,Hydrogenedentiales,Hydrogenedensaceae,Hydrogenedensaceae,Unassigned,16S,1b
474,ebfba1c9ce0370ab00e3cc6aa95a386b,OL-16S-1b,5.0,Bacteria,Unassigned,Unassigned,Unassigned,Unassigned,Unassigned,Unassigned,16S,1b
475,cb052900bf66c1176d4edd50616730ad,OL-16S-1b,5.0,Bacteria,Bacteroidota,Kapabacteria,Kapabacteriales,Kapabacteriales,Kapabacteriales,Unassigned,16S,1b
476,324741387b5ecd0e0607c2877f70db2d,OL-16S-1b,5.0,Bacteria,Proteobacteria,Alphaproteobacteria,Rickettsiales,Mitochondria,Mitochondria,Unassigned,16S,1b
477,888f2dd2f7f61907e1357c1c5858f637,OL-16S-1b,5.0,Bacteria,Planctomycetota,Planctomycetes,Pirellulales,Pirellulaceae,uncultured,Unassigned,16S,1b
478,0322bee33be1bf2e37a6624a7d91f325,OL-16S-1b,4.0,Bacteria,Bacteroidota,Bacteroidia,Bacteroidales,Unassigned,Unassigned,Unassigned,16S,1b
479,d6f1fc0418d0ad60b0fa351f28c432bb,OL-16S-1b,3.0,Bacteria,Unassigned,Unassigned,Unassigned,Unassigned,Unassigned,Unassigned,16S,1b
480,7a67662a35c24ad02e1a9c553f695752,OL-16S-2a,359.0,Bacteria,Cyanobacteria,Cyanobacteriia,Chloroplast,Chloroplast,Chloroplast,Unassigned,16S,2a
481,76cc4e4423fe1d58c82a861e79323bd7,OL-16S-2a,369.0,Bacteria,Cyanobacteria,Cyanobacteriia,Chloroplast,Chloroplast,Chloroplast,Unassigned,16S,2a
482,2e06738ba1ef7e3f75f0ed55e95a2bb8,OL-16S-2a,331.0,Bacteria,Cyanobacteria,Cyanobacteriia,Chloroplast,Chloroplast,Chloroplast,Unassigned,16S,2a
483,e2fc9fa8e63d8276f399c93709e08fd5,OL-16S-2a,308.0,Bacteria,Cyanobacteria,Cyanobacteriia,Chloroplast,Chloroplast,Chloroplast,Unassigned,16S,2a
484,c3caa6e2a48f3f2ab0b049512dc8ccda,OL-16S-2a,305.0,Bacteria,Cyanobacteria,Cyanobacteriia,Chloroplast,Chloroplast,Chloroplast,Unassigned,16S,2a
485,f1ba05821c5f68be8c7b9ecdac04497b,OL-16S-2a,285.0,Bacteria,Cyanobacteria,Cyanobacteriia,Chloroplast,Chloroplast,Chloroplast,Unassigned,16S,2a
486,391bf0e54f28aa990e4fb379aeb1e27b,OL-16S-2a,271.0,Bacteria,Cyanobacteria,Cyanobacteriia,Chloroplast,Chloroplast,Chloroplast,Unassigned,16S,2a
487,a94a729130e76c26abd07844436fdeb5,OL-16S-2a,259.0,Bacteria,Cyanobacteria,Cyanobacteriia,Chloroplast,Chloroplast,Chloroplast,Unassigned,16S,2a
488,8145f5e16c5514889a111411946fdce1,OL-16S-2a,238.0,Bacteria,Cyanobacteria,Cyanobacteriia,Chloroplast,Chloroplast,Chloroplast,Unassigned,16S,2a
489,a179e3415f06dd7c5c01716613869de8,OL-16S-2a,258.0,Bacteria,Cyanobacteria,Cyanobacteriia,Chloroplast,Chloroplast,Chloroplast,Unassigned,16S,2a
490,615c84c753ad586852541e8d7c4a56a2,OL-16S-2a,49.0,Bacteria,Cyanobacteria,Cyanobacteriia,Synechococcales,Cyanobiaceae,Cyanobium_PCC-6307,Unassigned,16S,2a
491,3b13e1e0f09ba55518fa6cbbec4cf6b3,OL-16S-2a,68.0,Bacteria,Cyanobacteria,Cyanobacteriia,Chloroplast,Chloroplast,Chloroplast,Unassigned,16S,2a
492,2384db2d6d49bf5aa86c9a23542b4f39,OL-16S-2a,82.0,Bacteria,Cyanobacteria,Cyanobacteriia,Chloroplast,Chloroplast,Chloroplast,Unassigned,16S,2a
493,d56ee16c189c53ec4bfc9a643157b3cb,OL-16S-2a,80.0,Bacteria,Cyanobacteria,Cyanobacteriia,Chloroplast,Chloroplast,Chloroplast,Unassigned,16S,2a
494,f342c8d7070cb66e871be0c9d05ff96e,OL-16S-2a,45.0,Bacteria,Proteobacteria,Alphaproteobacteria,Rhodospirillales,AEGEAN-169_marine_group,AEGEAN-169_marine_group,Unassigned,16S,2a
495,9f8960cf1237e95ad9c9b290584b2581,OL-16S-2a,51.0,Bacteria,Proteobacteria,Alphaproteobacteria,Rhodospirillales,AEGEAN-169_marine_group,AEGEAN-169_marine_group,Unassigned,16S,2a
496,51ce3633dad7039b0b159776ecd5a199,OL-16S-2a,27.0,Bacteria,Proteobacteria,Gammaproteobacteria,Burkholderiales,Comamonadaceae,Unassigned,Unassigned,16S,2a
497,58a58486e709fa496dd18a6ef65143f8,OL-16S-2a,107.0,Bacteria,Actinobacteriota,Actinobacteria,Frankiales,Sporichthyaceae,Unassigned,Unassigned,16S,2a
498,5a6fe78d457c44a09e968c5f59435e1a,OL-16S-2a,33.0,Bacteria,Cyanobacteria,Cyanobacteriia,Chloroplast,Chloroplast,Chloroplast,Unassigned,16S,2a
499,48bf32b97220a4e2d8325b7a4d5d1634,OL-16S-2a,86.0,Bacteria,Cyanobacteria,Cyanobacteriia,Chloroplast,Chloroplast,Chloroplast,Unassigned,16S,2a
500,b97b1d633870f8d1f0324ce9da82f0c9,OL-16S-2a,20.0,Bacteria,Proteobacteria,Alphaproteobacteria,Acetobacterales,Acetobacteraceae,Rhodopila,Unassigned,16S,2a
501,be1bd2d4eaa9c108b340ecf96a2939ff,OL-16S-2a,41.0,Bacteria,Proteobacteria,Gammaproteobacteria,Burkholderiales,Comamonadaceae,Unassigned,Unassigned,16S,2a
502,fa4ee87776b4bf397b6b116e40651ce5,OL-16S-2a,47.0,Bacteria,Cyanobacteria,Cyanobacteriia,Synechococcales,Cyanobiaceae,Cyanobium_PCC-6307,Unassigned,16S,2a
503,651648fbfa525dcb6fb4fa9fe78a1797,OL-16S-2a,103.0,Bacteria,Desulfobacterota,Desulfuromonadia,PB19,PB19,PB19,Unassigned,16S,2a
504,1de210f1a87a7a5a340fd385324ccf37,OL-16S-2a,21.0,Bacteria,Proteobacteria,Gammaproteobacteria,Burkholderiales,Comamonadaceae,Unassigned,Unassigned,16S,2a
505,1e66eb11077b8b80e21f48b5bff68704,OL-16S-2a,27.0,Bacteria,Cyanobacteria,Cyanobacteriia,Chloroplast,Chloroplast,Chloroplast,Unassigned,16S,2a
506,5510490cd0b58fccc100e072cb048895,OL-16S-2a,86.0,Bacteria,Actinobacteriota,Actinobacteria,Micrococcales,Microbacteriaceae,Unassigned,Unassigned,16S,2a
507,5bfb130e23d129800a7e2d5114291f0b,OL-16S-2a,29.0,Bacteria,Proteobacteria,Gammaproteobacteria,Burkholderiales,Burkholderiaceae,Unassigned,Unassigned,16S,2a
508,216fe8337c03cae9ed97652a9258ad62,OL-16S-2a,59.0,Bacteria,Cyanobacteria,Cyanobacteriia,Chloroplast,Chloroplast,Chloroplast,Unassigned,16S,2a
509,532ef122fea64d4c167bb7643689e205,OL-16S-2a,36.0,Bacteria,Proteobacteria,Gammaproteobacteria,Burkholderiales,MWH-UniP1_aquatic_group,MWH-UniP1_aquatic_group,Unassigned,16S,2a
510,5a45b1a451c8a03548b1f4779469d98e,OL-16S-2a,29.0,Bacteria,Proteobacteria,Gammaproteobacteria,Burkholderiales,Comamonadaceae,Unassigned,Unassigned,16S,2a
511,280546b7a3ea14b1c53f066f98e8a780,OL-16S-2a,33.0,Bacteria,Proteobacteria,Gammaproteobacteria,Burkholderiales,MWH-UniP1_aquatic_group,MWH-UniP1_aquatic_group,Unassigned,16S,2a
512,e67b6e10b832eb692e2b9448394edcb3,OL-16S-2a,19.0,Bacteria,Cyanobacteria,Cyanobacteriia,Chloroplast,Chloroplast,Chloroplast,Unassigned,16S,2a
513,0f2ed35d38e0078f9a57040783a1f27d,OL-16S-2a,42.0,Bacteria,Cyanobacteria,Cyanobacteriia,Chloroplast,Chloroplast,Chloroplast,Unassigned,16S,2a
514,e79f4bd136281e64ca97be795598e9dd,OL-16S-2a,38.0,Bacteria,Bdellovibrionota,Oligoflexia,Oligoflexales,Oligoflexaceae,Pseudobacteriovorax,Unassigned,16S,2a
515,bf10dd10fe5a4c88d54701ef1dddec34,OL-16S-2a,86.0,Bacteria,Proteobacteria,Alphaproteobacteria,Rhodobacterales,Rhodobacteraceae,Unassigned,Unassigned,16S,2a
516,26d1fdcb438006fa2f903da310c1fbc3,OL-16S-2a,97.0,Bacteria,Proteobacteria,Alphaproteobacteria,Acetobacterales,Acetobacteraceae,Unassigned,Unassigned,16S,2a
517,a765b3c2110496dff8576d1e0048b447,OL-16S-2a,88.0,Bacteria,Actinobacteriota,Acidimicrobiia,Microtrichales,Ilumatobacteraceae,Unassigned,Unassigned,16S,2a
518,3692378028ebd884bb61efac2a12e668,OL-16S-2a,75.0,Bacteria,Bacteroidota,Bacteroidia,Flavobacteriales,Crocinitomicaceae,Fluviicola,Unassigned,16S,2a
519,1cb54a6098d81196146d3c52641265b0,OL-16S-2a,66.0,Bacteria,Bacteroidota,Bacteroidia,Flavobacteriales,Crocinitomicaceae,Fluviicola,Unassigned,16S,2a
520,f2165b309a00a791a430aed160732576,OL-16S-2a,32.0,Bacteria,Cyanobacteria,Cyanobacteriia,Chloroplast,Chloroplast,Chloroplast,Unassigned,16S,2a
521,66246f5434fa12cb378ac6f65c469643,OL-16S-2a,69.0,Bacteria,Actinobacteriota,Acidimicrobiia,Microtrichales,Ilumatobacteraceae,CL500-29_marine_group,Unassigned,16S,2a
522,41a16213fe9d7430ff86dddb8cf64656,OL-16S-2a,65.0,Bacteria,Verrucomicrobiota,Verrucomicrobiae,Pedosphaerales,Pedosphaeraceae,Unassigned,Unassigned,16S,2a
523,76c2f3c83d3cf3d986fed85d5bbeec2f,OL-16S-2a,32.0,Bacteria,Cyanobacteria,Cyanobacteriia,Chloroplast,Chloroplast,Chloroplast,Unassigned,16S,2a
524,f34c049cafabf6747654eb44cf153d82,OL-16S-2a,26.0,Bacteria,Cyanobacteria,Cyanobacteriia,Chloroplast,Chloroplast,Chloroplast,Unassigned,16S,2a
525,64007ed1f563bd50b266faf295f99139,OL-16S-2a,73.0,Bacteria,Proteobacteria,Alphaproteobacteria,Rhodobacterales,Rhodobacteraceae,Unassigned,Unassigned,16S,2a
526,080361f2074d9c1560e005a0257b7784,OL-16S-2a,23.0,Bacteria,Proteobacteria,Gammaproteobacteria,Burkholderiales,Burkholderiaceae,Unassigned,Unassigned,16S,2a
527,f2da6e39397a2f45b3ccf4aa8026535c,OL-16S-2a,22.0,Bacteria,Cyanobacteria,Cyanobacteriia,Chloroplast,Chloroplast,Chloroplast,Unassigned,16S,2a
528,37e8ead35ba2e7fd71ce6f59a5657a11,OL-16S-2a,50.0,Bacteria,Planctomycetota,Planctomycetes,Planctomycetales,Rubinisphaeraceae,uncultured,Unassigned,16S,2a
529,2dbd82e9f15cceb8df479fde9243c868,OL-16S-2a,25.0,Bacteria,Proteobacteria,Alphaproteobacteria,SAR11_clade,Clade_III,Clade_III,Unassigned,16S,2a
530,b9ef3e1976c0dddfd7cc916fdc4ecf8a,OL-16S-2a,76.0,Bacteria,Proteobacteria,Gammaproteobacteria,Pseudomonadales,Pseudohongiellaceae,Pseudohongiella,Unassigned,16S,2a
531,c7292985774826c59c062107b6aedc7f,OL-16S-2a,8.0,Bacteria,Bacteroidota,Bacteroidia,Flavobacteriales,Flavobacteriaceae,Robiginitalea,Unassigned,16S,2a
532,8776b1c43d10097701ba80c43932e282,OL-16S-2a,138.0,Bacteria,Acidobacteriota,Vicinamibacteria,Vicinamibacterales,uncultured,uncultured,Unassigned,16S,2a
533,a0aa0417f7eff21c194651c53cafdb58,OL-16S-2a,56.0,Bacteria,Bacteroidota,Bacteroidia,Sphingobacteriales,NS11-12_marine_group,NS11-12_marine_group,Unassigned,16S,2a
534,fc9806026c81f3ed751650e41e7f6f85,OL-16S-2a,64.0,Bacteria,Proteobacteria,Alphaproteobacteria,Sphingomonadales,Sphingomonadaceae,Unassigned,Unassigned,16S,2a
535,40ba3c1aa09d3a8cce37ac18193eb531,OL-16S-2a,73.0,Bacteria,Proteobacteria,Alphaproteobacteria,Rhizobiales,Beijerinckiaceae,Unassigned,Unassigned,16S,2a
536,c4d2b0f6786d980f0ea9a596e682da47,OL-16S-2a,48.0,Bacteria,Bacteroidota,Bacteroidia,Chitinophagales,Chitinophagaceae,Unassigned,Unassigned,16S,2a
537,02050ad4ffbcd2163b809040d5bbe638,OL-16S-2a,24.0,Bacteria,Proteobacteria,Alphaproteobacteria,Rickettsiales,Mitochondria,Mitochondria,Unassigned,16S,2a
538,8e295f8ef43051fe5dcfcc1f1e9e174e,OL-16S-2a,55.0,Bacteria,Proteobacteria,Gammaproteobacteria,Burkholderiales,MWH-UniP1_aquatic_group,MWH-UniP1_aquatic_group,Unassigned,16S,2a
539,29dc7f1bba8c6c183ccb89880ae5a06b,OL-16S-2a,52.0,Bacteria,Proteobacteria,Gammaproteobacteria,Burkholderiales,Unassigned,Unassigned,Unassigned,16S,2a
540,4bc0d3f1bd5f0ca75ca8b9b257d66f50,OL-16S-2a,27.0,Bacteria,Proteobacteria,Alphaproteobacteria,Rickettsiales,Mitochondria,Mitochondria,Unassigned,16S,2a
541,7fe71ae35c2042653833dde618a62e01,OL-16S-2a,32.0,Bacteria,Proteobacteria,Gammaproteobacteria,Burkholderiales,Methylophilaceae,OM43_clade,Unassigned,16S,2a
542,288822ce62594db9edc02d8cefdc48b3,OL-16S-2a,45.0,Bacteria,Bacteroidota,Bacteroidia,Chitinophagales,Chitinophagaceae,Terrimonas,Unassigned,16S,2a
543,96849841f728dc7f6fc396c50052d6e5,OL-16S-2a,43.0,Bacteria,Cyanobacteria,Cyanobacteriia,Chloroplast,Chloroplast,Chloroplast,Unassigned,16S,2a
544,2555de6497e55efbe462983bce595953,OL-16S-2a,111.0,Bacteria,Proteobacteria,Gammaproteobacteria,Burkholderiales,TRA3-20,TRA3-20,Unassigned,16S,2a
545,12376daa686892f33112b40614b9559a,OL-16S-2a,61.0,Bacteria,Bacteroidota,Bacteroidia,Unassigned,Unassigned,Unassigned,Unassigned,16S,2a
546,27cf5cb17c29cc85d54c98e5b1f3bd24,OL-16S-2a,66.0,Bacteria,Proteobacteria,Alphaproteobacteria,Rhizobiales,Hyphomicrobiaceae,Unassigned,Unassigned,16S,2a
547,4b796e32098a31b42694e3e2f1773aa2,OL-16S-2a,106.0,Bacteria,Bacteroidota,Bacteroidia,Chitinophagales,Chitinophagaceae,Sediminibacterium,Unassigned,16S,2a
548,4c3747409ac2661b2f265457be9c0931,OL-16S-2a,105.0,Bacteria,Verrucomicrobiota,Verrucomicrobiae,Pedosphaerales,Pedosphaeraceae,uncultured,Unassigned,16S,2a
549,e85412d93608da143f62e527657fee4a,OL-16S-2a,15.0,Bacteria,Cyanobacteria,Cyanobacteriia,Chloroplast,Chloroplast,Chloroplast,Unassigned,16S,2a
550,17f1e8013d28b4803b7a3ae6ca181834,OL-16S-2a,104.0,Bacteria,Planctomycetota,Phycisphaerae,Phycisphaerales,Phycisphaeraceae,CL500-3,Unassigned,16S,2a
551,4a9f7ce7f85e0d608b23ae0351052676,OL-16S-2a,50.0,Bacteria,Actinobacteriota,Actinobacteria,Frankiales,Sporichthyaceae,hgcI_clade,Unassigned,16S,2a
552,3d9cd0ca553e0a3e1efd64e89f04290f,OL-16S-2a,101.0,Bacteria,Chloroflexi,KD4-96,KD4-96,KD4-96,KD4-96,Unassigned,16S,2a
553,672243085f44c6032db2c2ebb18305e2,OL-16S-2a,99.0,Bacteria,Proteobacteria,Gammaproteobacteria,Burkholderiales,Comamonadaceae,Unassigned,Unassigned,16S,2a
554,f99b319e20f02984360446854b272873,OL-16S-2a,99.0,Bacteria,Proteobacteria,Alphaproteobacteria,Rhizobiales,Xanthobacteraceae,Unassigned,Unassigned,16S,2a
555,4bdc81c62f4b2810f15ed7270bbb6dc5,OL-16S-2a,13.0,Bacteria,Cyanobacteria,Cyanobacteriia,Chloroplast,Chloroplast,Chloroplast,Unassigned,16S,2a
556,4c72d04e96fd7257f35a1f3e829d12e5,OL-16S-2a,14.0,Bacteria,Cyanobacteria,Cyanobacteriia,Chloroplast,Chloroplast,Chloroplast,Unassigned,16S,2a
557,93c2b4545be90892ed963596825f86d0,OL-16S-2a,40.0,Bacteria,Actinobacteriota,Actinobacteria,Frankiales,Sporichthyaceae,hgcI_clade,Unassigned,16S,2a
558,98912a513f3a2008aee95eece680c8d7,OL-16S-2a,54.0,Bacteria,Bacteroidota,Bacteroidia,Sphingobacteriales,NS11-12_marine_group,NS11-12_marine_group,Unassigned,16S,2a
559,1d7410d28926311a6f8d1d51a6a2af22,OL-16S-2a,14.0,Bacteria,Cyanobacteria,Cyanobacteriia,Chloroplast,Chloroplast,Chloroplast,Unassigned,16S,2a
560,ae28f1e66839c826f0f20ca48acdadbf,OL-16S-2a,91.0,Bacteria,Proteobacteria,Gammaproteobacteria,CCD24,CCD24,CCD24,Unassigned,16S,2a
561,e7d1fd86b411691540ea65b35f592fe5,OL-16S-2a,39.0,Bacteria,Cyanobacteria,Cyanobacteriia,Chloroplast,Chloroplast,Chloroplast,Unassigned,16S,2a
562,982014c21071240155b66fcc319ad75a,OL-16S-2a,88.0,Bacteria,Proteobacteria,Alphaproteobacteria,Rhizobiales,Beijerinckiaceae,Unassigned,Unassigned,16S,2a
563,fdb9e8c3851f19c248eb322f9d6944a8,OL-16S-2a,88.0,Bacteria,Proteobacteria,Gammaproteobacteria,Pseudomonadales,Unassigned,Unassigned,Unassigned,16S,2a
564,ad4caf99637c2a44c6308fa017e00704,OL-16S-2a,87.0,Bacteria,Actinobacteriota,Actinobacteria,Micrococcales,Microbacteriaceae,Candidatus_Aquiluna,Unassigned,16S,2a
565,30ccf709045cc942ef0e3e5705ab9782,OL-16S-2a,28.0,Bacteria,Cyanobacteria,Cyanobacteriia,Chloroplast,Chloroplast,Chloroplast,Unassigned,16S,2a
566,fca30e752959a969c612775bb7d48a6c,OL-16S-2a,24.0,Bacteria,Proteobacteria,Alphaproteobacteria,SAR11_clade,Clade_III,Clade_III,Unassigned,16S,2a
567,aad9c82a5de104c7e117d10d93ea4ef0,OL-16S-2a,78.0,Bacteria,Planctomycetota,Planctomycetes,Pirellulales,Pirellulaceae,uncultured,Unassigned,16S,2a
568,dfbad5f8cfae201c3b77e89441f4e22d,OL-16S-2a,76.0,Bacteria,Verrucomicrobiota,Verrucomicrobiae,Pedosphaerales,Pedosphaeraceae,SCGC_AAA164-E04,Unassigned,16S,2a
569,143426b3d58f870ce935ded44c4dee35,OL-16S-2a,37.0,Bacteria,Proteobacteria,Gammaproteobacteria,Coxiellales,Coxiellaceae,Coxiella,Unassigned,16S,2a
570,9ae130b04b8df745a634b7d1728753f0,OL-16S-2a,43.0,Bacteria,Proteobacteria,Alphaproteobacteria,Rickettsiales,Rickettsiaceae,Candidatus_Megaira,Unassigned,16S,2a
571,350286ee858165a1b64d0d7103f01003,OL-16S-2a,22.0,Bacteria,Bacteroidota,Bacteroidia,Sphingobacteriales,AKYH767,AKYH767,Unassigned,16S,2a
572,9b8f67906ea75e6516a8e0e3bd4a7879,OL-16S-2a,42.0,Bacteria,Cyanobacteria,Cyanobacteriia,Chloroplast,Chloroplast,Chloroplast,Unassigned,16S,2a
573,c8ba225b5f9a727198c710e9b7ae57eb,OL-16S-2a,71.0,Bacteria,Cyanobacteria,Cyanobacteriia,Chloroplast,Chloroplast,Chloroplast,Unassigned,16S,2a
574,091ff959ca5d6446d4771cc8cd87a15a,OL-16S-2a,70.0,Bacteria,Proteobacteria,Alphaproteobacteria,Rhodobacterales,Rhodobacteraceae,Unassigned,Unassigned,16S,2a
575,3686f067c308a0a4875179668ed12c6a,OL-16S-2a,69.0,Bacteria,Actinobacteriota,Actinobacteria,PeM15,PeM15,PeM15,Unassigned,16S,2a
576,f6084a45b22ca6a8da8d02379f25cb51,OL-16S-2a,67.0,Bacteria,Proteobacteria,Gammaproteobacteria,Unassigned,Unassigned,Unassigned,Unassigned,16S,2a
577,7ba5ad501a9a924e2a0a35bf44857ac9,OL-16S-2a,67.0,Bacteria,Acidobacteriota,Vicinamibacteria,Vicinamibacterales,uncultured,uncultured,Unassigned,16S,2a
578,52a561e8a62a3fd53d5efcad3b6634f8,OL-16S-2a,67.0,Bacteria,Actinobacteriota,Actinobacteria,PeM15,PeM15,PeM15,Unassigned,16S,2a
579,5d7b816aaf6565bed6fd6df61f6596b4,OL-16S-2a,65.0,Bacteria,Proteobacteria,Alphaproteobacteria,Sphingomonadales,Sphingomonadaceae,Unassigned,Unassigned,16S,2a
580,7da22d142a75e12d19cc9585a2ff843c,OL-16S-2a,62.0,Bacteria,Verrucomicrobiota,Verrucomicrobiae,Pedosphaerales,Pedosphaeraceae,uncultured,Unassigned,16S,2a
581,115c6541a062e6a0d4b77644924b93eb,OL-16S-2a,62.0,Bacteria,Unassigned,Unassigned,Unassigned,Unassigned,Unassigned,Unassigned,16S,2a
582,0acd86f1e2e0b9b7c606e1ad3463873e,OL-16S-2a,62.0,Bacteria,Cyanobacteria,Cyanobacteriia,Chloroplast,Chloroplast,Chloroplast,Unassigned,16S,2a
583,50252e0cc8f1229b87376fcb519b7d9b,OL-16S-2a,61.0,Bacteria,Proteobacteria,Gammaproteobacteria,Burkholderiales,Burkholderiaceae,Polynucleobacter,Unassigned,16S,2a
584,df52fa92cf306f4013b812bb500f36f3,OL-16S-2a,60.0,Bacteria,Cyanobacteria,Cyanobacteriia,Chloroplast,Chloroplast,Chloroplast,Unassigned,16S,2a
585,771208154228d958c6a4060c35376a07,OL-16S-2a,59.0,Bacteria,Unassigned,Unassigned,Unassigned,Unassigned,Unassigned,Unassigned,16S,2a
586,657c0fd2f3882e99760dde2bb417d8b9,OL-16S-2a,59.0,Bacteria,Bacteroidota,Bacteroidia,Sphingobacteriales,LiUU-11-161,LiUU-11-161,Unassigned,16S,2a
587,1ee1c6c25bb00826e5de9cf7a5653676,OL-16S-2a,58.0,Bacteria,Proteobacteria,Gammaproteobacteria,Burkholderiales,MWH-UniP1_aquatic_group,MWH-UniP1_aquatic_group,Unassigned,16S,2a
588,27dd4953f7d631eb450f7096337983da,OL-16S-2a,58.0,Bacteria,Planctomycetota,Planctomycetes,Planctomycetales,Rubinisphaeraceae,SH-PL14,Unassigned,16S,2a
589,22d47b08a2dbca52cc994660256e9336,OL-16S-2a,57.0,Bacteria,Bacteroidota,Bacteroidia,Chitinophagales,Chitinophagaceae,Unassigned,Unassigned,16S,2a
590,f4e13c22d7ba7416eb953f5b8e822876,OL-16S-2a,57.0,Bacteria,Proteobacteria,Alphaproteobacteria,Rhizobiales,Beijerinckiaceae,FukuN57,Unassigned,16S,2a
591,f8e4d731516eafc7c631941d03c729eb,OL-16S-2a,57.0,Bacteria,Proteobacteria,Alphaproteobacteria,SAR11_clade,Clade_I,Unassigned,Unassigned,16S,2a
592,5412cbb34a554e1f5447787f97ee8a85,OL-16S-2a,56.0,Bacteria,Bacteroidota,Bacteroidia,Cytophagales,Spirosomaceae,Pseudarcicella,Unassigned,16S,2a
593,004b9574f6bcfda41cd195bf8f3436f8,OL-16S-2a,55.0,Bacteria,Planctomycetota,Phycisphaerae,Phycisphaerales,Phycisphaeraceae,CL500-3,Unassigned,16S,2a
594,34183690d187b3bcaaae9393f5ee5477,OL-16S-2a,55.0,Bacteria,Proteobacteria,Gammaproteobacteria,Gammaproteobacteria_Incertae_Sedis,Unknown_Family,Acidibacter,Unassigned,16S,2a
595,2e0d382add17f600d3c6d55fef6d7da8,OL-16S-2a,55.0,Bacteria,Proteobacteria,Gammaproteobacteria,Unassigned,Unassigned,Unassigned,Unassigned,16S,2a
596,7f2a0ceccd7e727ec0700bd66a352927,OL-16S-2a,55.0,Bacteria,Proteobacteria,Alphaproteobacteria,Puniceispirillales,uncultured,uncultured,Unassigned,16S,2a
597,940280f68ddf46ff33217e32758483ce,OL-16S-2a,53.0,Bacteria,Bacteroidota,Bacteroidia,Flavobacteriales,Flavobacteriaceae,Robiginitalea,Unassigned,16S,2a
598,72890d3dc5416e48462312598ecffede,OL-16S-2a,53.0,Bacteria,Proteobacteria,Gammaproteobacteria,Unassigned,Unassigned,Unassigned,Unassigned,16S,2a
599,790fb9942a493b2253d25ada55d70df6,OL-16S-2a,53.0,Bacteria,Proteobacteria,Gammaproteobacteria,Burkholderiales,Methylophilaceae,OM43_clade,Unassigned,16S,2a
600,b5212260d2a23b3f4f6447782a7c56b5,OL-16S-2a,14.0,Bacteria,Proteobacteria,Gammaproteobacteria,Unassigned,Unassigned,Unassigned,Unassigned,16S,2a
601,df49e5e31ac48a79405dadbb33352444,OL-16S-2a,52.0,Bacteria,Bacteroidota,Bacteroidia,Flavobacteriales,Flavobacteriaceae,Unassigned,Unassigned,16S,2a
602,d7632b50f231cdcdbaf6961cdbe54225,OL-16S-2a,52.0,Bacteria,Cyanobacteria,Cyanobacteriia,Chloroplast,Chloroplast,Chloroplast,Unassigned,16S,2a
603,5eae1fce860b04b0e81d6737a7267323,OL-16S-2a,51.0,Bacteria,Proteobacteria,Gammaproteobacteria,Acidiferrobacterales,Acidiferrobacteraceae,Sulfurifustis,Unassigned,16S,2a
604,99a9831f5eebe1b576089e9c5f2ce0c0,OL-16S-2a,51.0,Bacteria,Planctomycetota,Planctomycetes,Planctomycetales,Rubinisphaeraceae,uncultured,Unassigned,16S,2a
605,f5a3592177c584b1aa645d2d63482954,OL-16S-2a,51.0,Bacteria,Proteobacteria,Alphaproteobacteria,Reyranellales,Reyranellaceae,Reyranella,Unassigned,16S,2a
606,3d77d6e421e1016fe7110759f26a8c6b,OL-16S-2a,51.0,Bacteria,Proteobacteria,Alphaproteobacteria,Unassigned,Unassigned,Unassigned,Unassigned,16S,2a
607,c14aefcd7e83dfed2a24c9b018710b27,OL-16S-2a,50.0,Bacteria,Planctomycetota,Planctomycetes,Planctomycetales,Schlesneriaceae,Planctopirus,Unassigned,16S,2a
608,b79fedf88922dbabe8e8f9e313230c1b,OL-16S-2a,49.0,Bacteria,Planctomycetota,Planctomycetes,Planctomycetales,Rubinisphaeraceae,uncultured,Unassigned,16S,2a
609,18b6122f3b6458a1694ca6cf7eaeb5bd,OL-16S-2a,49.0,Bacteria,Bacteroidota,Bacteroidia,Cytophagales,Microscillaceae,Unassigned,Unassigned,16S,2a
610,85b28953addef26a2cea469601c4bfe3,OL-16S-2a,49.0,Bacteria,Proteobacteria,Gammaproteobacteria,Burkholderiales,Comamonadaceae,Unassigned,Unassigned,16S,2a
611,36ee0f96aa2c426aea050a1f156f40df,OL-16S-2a,48.0,Bacteria,Actinobacteriota,Actinobacteria,PeM15,PeM15,PeM15,Unassigned,16S,2a
612,896215db0fca77f53a7ad3e5937f2929,OL-16S-2a,48.0,Bacteria,Cyanobacteria,Cyanobacteriia,Chloroplast,Chloroplast,Chloroplast,Unassigned,16S,2a
613,014370b15fba76deb1a60c9081faa2cd,OL-16S-2a,48.0,Bacteria,Bdellovibrionota,Oligoflexia,Oligoflexales,Oligoflexaceae,uncultured,Unassigned,16S,2a
614,2daaa1a97ea9bc3e9dc928b0a6e1eb25,OL-16S-2a,48.0,Bacteria,Bacteroidota,Rhodothermia,Rhodothermales,Rhodothermaceae,uncultured,Unassigned,16S,2a
615,694147d5e5a80c75634d1e51a6362214,OL-16S-2a,46.0,Bacteria,Actinobacteriota,Acidimicrobiia,Microtrichales,Ilumatobacteraceae,Unassigned,Unassigned,16S,2a
616,c3281284d6d56ad20bb09b1d0af11771,OL-16S-2a,45.0,Bacteria,Bacteroidota,Bacteroidia,Flavobacteriales,Crocinitomicaceae,Fluviicola,Unassigned,16S,2a
617,5a0bc22a732fb4cacc4ce7487082d6e1,OL-16S-2a,45.0,Bacteria,Planctomycetota,Phycisphaerae,Phycisphaerales,Phycisphaeraceae,CL500-3,Unassigned,16S,2a
618,3a849404bfde45bb5dc766e45b7ac9c3,OL-16S-2a,43.0,Bacteria,Cyanobacteria,Cyanobacteriia,Chloroplast,Chloroplast,Chloroplast,Unassigned,16S,2a
619,bdeb71287676b1bcd6e0c85d7b60f0f4,OL-16S-2a,43.0,Bacteria,Planctomycetota,Planctomycetes,Pirellulales,Pirellulaceae,uncultured,Unassigned,16S,2a
620,42d096f915cc0be6eb443cb360104058,OL-16S-2a,42.0,Bacteria,Proteobacteria,Gammaproteobacteria,Unassigned,Unassigned,Unassigned,Unassigned,16S,2a
621,223cb4f741c6cb1232803a84c7312286,OL-16S-2a,42.0,Bacteria,Bacteroidota,Bacteroidia,Unassigned,Unassigned,Unassigned,Unassigned,16S,2a
622,8179403f8071dd757b9ecb67b8a02c7c,OL-16S-2a,42.0,Bacteria,Actinobacteriota,Acidimicrobiia,Microtrichales,Ilumatobacteraceae,Unassigned,Unassigned,16S,2a
623,cf1f995b470262ebe37e2d6d04ea840a,OL-16S-2a,41.0,Bacteria,Unassigned,Unassigned,Unassigned,Unassigned,Unassigned,Unassigned,16S,2a
624,a29e0abbd32f77bca9e366b993770762,OL-16S-2a,41.0,Bacteria,Proteobacteria,Alphaproteobacteria,SAR11_clade,Clade_III,Clade_III,Unassigned,16S,2a
625,a2b929db07b8412f0fa8f7ee3677c89f,OL-16S-2a,41.0,Bacteria,Armatimonadota,Fimbriimonadia,Fimbriimonadales,Fimbriimonadaceae,Fimbriimonadaceae,Unassigned,16S,2a
626,16bbaa5d7513f6a84d91a6a5753f203e,OL-16S-2a,41.0,Bacteria,Cyanobacteria,Cyanobacteriia,Chloroplast,Chloroplast,Chloroplast,Unassigned,16S,2a
627,7b5467596ec99f9f19029867a9d88c5c,OL-16S-2a,40.0,Bacteria,Nitrospirota,Nitrospiria,Nitrospirales,Nitrospiraceae,Nitrospira,Unassigned,16S,2a
628,ca26352607a98dcc5a4e3f2fe0c64284,OL-16S-2a,40.0,Bacteria,Proteobacteria,Alphaproteobacteria,Rickettsiales,Mitochondria,Mitochondria,Unassigned,16S,2a
629,6e69a3dbef9362c21f3ddfb3964d090c,OL-16S-2a,39.0,Bacteria,Proteobacteria,Alphaproteobacteria,Rickettsiales,Rickettsiaceae,uncultured,Unassigned,16S,2a
630,9cc0582bb8043b92207b40871cd717bf,OL-16S-2a,39.0,Bacteria,Proteobacteria,Gammaproteobacteria,Unassigned,Unassigned,Unassigned,Unassigned,16S,2a
631,3423b9a50ef4f6117d2eeac455cc2ab0,OL-16S-2a,38.0,Bacteria,Planctomycetota,Planctomycetes,Pirellulales,Pirellulaceae,uncultured,Unassigned,16S,2a
632,95e4c556a00cccfc44c2ccaf81f8f6ac,OL-16S-2a,38.0,Bacteria,Cyanobacteria,Cyanobacteriia,Chloroplast,Chloroplast,Chloroplast,Unassigned,16S,2a
633,241f20c8167178f810faccb57d727951,OL-16S-2a,38.0,Bacteria,Acidobacteriota,Acidobacteriae,Bryobacterales,Bryobacteraceae,Bryobacter,Unassigned,16S,2a
634,107bb9732080523536657602153c131d,OL-16S-2a,37.0,Bacteria,Proteobacteria,Alphaproteobacteria,Rickettsiales,Mitochondria,Mitochondria,Unassigned,16S,2a
635,088867f3616ab2634a8752b0d1d3f119,OL-16S-2a,37.0,Bacteria,Proteobacteria,Gammaproteobacteria,Steroidobacterales,Steroidobacteraceae,uncultured,Unassigned,16S,2a
636,b6aa2b283355215bc49464d665f2d2b0,OL-16S-2a,37.0,Bacteria,Bacteroidota,Bacteroidia,Flavobacteriales,Crocinitomicaceae,Fluviicola,Unassigned,16S,2a
637,ed67d5c65df806363d03ebe6325e16f4,OL-16S-2a,35.0,Bacteria,Proteobacteria,Gammaproteobacteria,Enterobacterales,Unassigned,Unassigned,Unassigned,16S,2a
638,1d93ba0452e6db0e1fa923607e9ae0be,OL-16S-2a,35.0,Bacteria,Bacteroidota,Bacteroidia,Flavobacteriales,Flavobacteriaceae,NS5_marine_group,Unassigned,16S,2a
639,16fbf1b1a96aed02e59a0bff28dfd094,OL-16S-2a,34.0,Bacteria,Proteobacteria,Gammaproteobacteria,Pseudomonadales,SAR86_clade,SAR86_clade,Unassigned,16S,2a
640,01e22b9da0322fd210bf650b9d070a3e,OL-16S-2a,34.0,Bacteria,Planctomycetota,Planctomycetes,Planctomycetales,Rubinisphaeraceae,Planctomicrobium,Unassigned,16S,2a
641,dee82a0af3256d516a414050441f6124,OL-16S-2a,34.0,Bacteria,Cyanobacteria,Cyanobacteriia,Synechococcales,Cyanobiaceae,Cyanobium_PCC-6307,Unassigned,16S,2a
642,f905f21920d888991958c3837c42fc2a,OL-16S-2a,34.0,Bacteria,Actinobacteriota,Thermoleophilia,Gaiellales,Gaiellaceae,Gaiella,Unassigned,16S,2a
643,2c8126d13f9e736857f5fcf763ecb2cc,OL-16S-2a,33.0,Bacteria,Bacteroidota,Bacteroidia,Sphingobacteriales,NS11-12_marine_group,NS11-12_marine_group,Unassigned,16S,2a
644,9a6ae52144eff47beb0064d3bb0fd3f6,OL-16S-2a,33.0,Bacteria,Proteobacteria,Gammaproteobacteria,Methylococcales,Methylococcaceae,uncultured,Unassigned,16S,2a
645,11b121227c48b148d65e2445231a38d7,OL-16S-2a,33.0,Bacteria,Actinobacteriota,Actinobacteria,Frankiales,Sporichthyaceae,hgcI_clade,Unassigned,16S,2a
646,a7e734d67d0146ef885d7bf496ed8701,OL-16S-2a,32.0,Bacteria,Bacteroidota,Bacteroidia,Flavobacteriales,Flavobacteriaceae,NS3a_marine_group,Unassigned,16S,2a
647,059fa1c1565e8c4d4432186be7ee46da,OL-16S-2a,12.0,Bacteria,Cyanobacteria,Cyanobacteriia,Chloroplast,Chloroplast,Chloroplast,Unassigned,16S,2a
648,b13352284ef0a738fd43218ead4e730a,OL-16S-2a,31.0,Bacteria,Proteobacteria,Alphaproteobacteria,Rhodospirillales,Magnetospiraceae,uncultured,Unassigned,16S,2a
649,4eb05106494f02c8a5dccbaa96a90de6,OL-16S-2a,31.0,Bacteria,Acidobacteriota,Vicinamibacteria,Vicinamibacterales,Vicinamibacteraceae,Vicinamibacteraceae,Unassigned,16S,2a
650,b61b4ee413764fc0af05f9ee06f78407,OL-16S-2a,31.0,Bacteria,Bdellovibrionota,Bdellovibrionia,Bdellovibrionales,Bdellovibrionaceae,Bdellovibrio,Unassigned,16S,2a
651,2ce3ed73f1961922f56acdb8ea09b88e,OL-16S-2a,30.0,Bacteria,Bacteroidota,Bacteroidia,Flavobacteriales,Flavobacteriaceae,Unassigned,Unassigned,16S,2a
652,fd016088abf0c8a07974aeaa40b9635e,OL-16S-2a,30.0,Bacteria,Cyanobacteria,Cyanobacteriia,Chloroplast,Chloroplast,Chloroplast,Unassigned,16S,2a
653,466d78816610717fe6d4562d08004a2c,OL-16S-2a,30.0,Bacteria,Proteobacteria,Alphaproteobacteria,Rhizobiales,KF-JG30-B3,KF-JG30-B3,Unassigned,16S,2a
654,04003672fcbd0cbc96f4620c9eacefd1,OL-16S-2a,29.0,Bacteria,Actinobacteriota,Acidimicrobiia,Microtrichales,Ilumatobacteraceae,Unassigned,Unassigned,16S,2a
655,38f33f92c45d2bee9b50028951629867,OL-16S-2a,29.0,Bacteria,Actinobacteriota,Thermoleophilia,Gaiellales,Unassigned,Unassigned,Unassigned,16S,2a
656,80e12e6a9c1b21b486a0b1412d3bc2c5,OL-16S-2a,29.0,Bacteria,Cyanobacteria,Cyanobacteriia,Chloroplast,Chloroplast,Chloroplast,Unassigned,16S,2a
657,85977160ddf5c60eb88c36886b6d155f,OL-16S-2a,29.0,Bacteria,Cyanobacteria,Vampirivibrionia,Caenarcaniphilales,Caenarcaniphilales,Caenarcaniphilales,Unassigned,16S,2a
658,ce97a0a542a4491dac97a9d76583895b,OL-16S-2a,29.0,Bacteria,Cyanobacteria,Cyanobacteriia,Chloroplast,Chloroplast,Chloroplast,Unassigned,16S,2a
659,e74f682ac5289e544b3e60054e36fd6a,OL-16S-2a,28.0,Bacteria,Proteobacteria,Alphaproteobacteria,Rickettsiales,Mitochondria,Mitochondria,Unassigned,16S,2a
660,510577800175f441e43836c78cb41b5e,OL-16S-2a,28.0,Bacteria,Unassigned,Unassigned,Unassigned,Unassigned,Unassigned,Unassigned,16S,2a
661,bf458610abc6ccd882545e9bd906290a,OL-16S-2a,28.0,Bacteria,Cyanobacteria,Cyanobacteriia,Chloroplast,Chloroplast,Chloroplast,Unassigned,16S,2a
662,5cac395d714a1b998a97402eb5cadf94,OL-16S-2a,27.0,Bacteria,Cyanobacteria,Cyanobacteriia,Chloroplast,Chloroplast,Chloroplast,Unassigned,16S,2a
663,5ac5e2ceeba192fb5f29d52b1e3a1e5b,OL-16S-2a,26.0,Bacteria,Proteobacteria,Alphaproteobacteria,Rickettsiales,Mitochondria,Mitochondria,Unassigned,16S,2a
664,d670cdcd6d64d2da3ceebdc166f19513,OL-16S-2a,24.0,Bacteria,Verrucomicrobiota,Verrucomicrobiae,Pedosphaerales,Pedosphaeraceae,SH3-11,Unassigned,16S,2a
665,4a9c10c750de0cacb378a8b8255fe12b,OL-16S-2a,24.0,Bacteria,Planctomycetota,Planctomycetes,Planctomycetales,Rubinisphaeraceae,Planctomicrobium,Unassigned,16S,2a
666,f697d407fcad48ce0e98786b4236e67a,OL-16S-2a,24.0,Bacteria,Planctomycetota,Pla3_lineage,Pla3_lineage,Pla3_lineage,Pla3_lineage,Unassigned,16S,2a
667,5a64dde5a483d6130d4b294d6fd12122,OL-16S-2a,23.0,Bacteria,Marinimicrobia_(SAR406_clade),Marinimicrobia_(SAR406_clade),Marinimicrobia_(SAR406_clade),Marinimicrobia_(SAR406_clade),Marinimicrobia_(SAR406_clade),Unassigned,16S,2a
668,cb0d309b3758401c4beda61c7a654f4d,OL-16S-2a,23.0,Bacteria,Bdellovibrionota,Oligoflexia,0319-6G20,0319-6G20,0319-6G20,Unassigned,16S,2a
669,5d3f8da3720721b6b326917a1efbfd9d,OL-16S-2a,23.0,Bacteria,Bacteroidota,Bacteroidia,Chitinophagales,Chitinophagaceae,Unassigned,Unassigned,16S,2a
670,594a97596d53fd27238ce3ec75d3691e,OL-16S-2a,23.0,Bacteria,Bdellovibrionota,Bdellovibrionia,Bdellovibrionales,Bdellovibrionaceae,OM27_clade,Unassigned,16S,2a
671,b127b55e2bb6ac01c84153ba734d4a37,OL-16S-2a,23.0,Bacteria,Verrucomicrobiota,Verrucomicrobiae,Chthoniobacterales,Terrimicrobiaceae,Terrimicrobium,Unassigned,16S,2a
672,8fa8fcc13e52694534e45cd54ade4191,OL-16S-2a,23.0,Archaea,Crenarchaeota,Nitrososphaeria,Nitrosopumilales,Nitrosopumilaceae,Unassigned,Unassigned,16S,2a
673,0e1319cde81b5a76b62ee29f3211b108,OL-16S-2a,22.0,Bacteria,Bacteroidota,Bacteroidia,Sphingobacteriales,NS11-12_marine_group,NS11-12_marine_group,Unassigned,16S,2a
674,a26185ba70d376231989b43de629c3df,OL-16S-2a,22.0,Bacteria,Bdellovibrionota,Bdellovibrionia,Bdellovibrionales,Bdellovibrionaceae,OM27_clade,Unassigned,16S,2a
675,235d2b4fcde980ef5d84d35e24c9dffa,OL-16S-2a,22.0,Bacteria,Unassigned,Unassigned,Unassigned,Unassigned,Unassigned,Unassigned,16S,2a
676,799d48fb268af925ca1cd06c7b1b7a6d,OL-16S-2a,14.0,Bacteria,Proteobacteria,Alphaproteobacteria,Rickettsiales,Fokiniaceae,uncultured,Unassigned,16S,2a
677,46a89b93b35b5d255a045e886a8e8e20,OL-16S-2a,21.0,Bacteria,Proteobacteria,Gammaproteobacteria,UBA10353_marine_group,UBA10353_marine_group,UBA10353_marine_group,Unassigned,16S,2a
678,2730352ac8a6234a73f7344d5409203c,OL-16S-2a,21.0,Bacteria,Fusobacteriota,Fusobacteriia,Fusobacteriales,Fusobacteriaceae,Cetobacterium,Unassigned,16S,2a
679,67333a611c02a8eac9638df2548efc53,OL-16S-2a,20.0,Bacteria,Bacteroidota,Bacteroidia,Chitinophagales,Saprospiraceae,uncultured,Unassigned,16S,2a
680,2e63e2db4d159da220d905b5954356d0,OL-16S-2a,20.0,Bacteria,Proteobacteria,Alphaproteobacteria,Rickettsiales,Mitochondria,Mitochondria,Unassigned,16S,2a
681,29e5eab993bf6eaf5b67ea0fe63d5371,OL-16S-2a,19.0,Bacteria,Unassigned,Unassigned,Unassigned,Unassigned,Unassigned,Unassigned,16S,2a
682,0cedaba7329c0089f5176d18299b95f4,OL-16S-2a,18.0,Bacteria,Myxococcota,Polyangia,Polyangiales,Sandaracinaceae,uncultured,Unassigned,16S,2a
683,a23d5534c8f7596067cf7d7e57c89007,OL-16S-2a,18.0,Bacteria,Bacteroidota,Bacteroidia,Sphingobacteriales,AKYH767,AKYH767,Unassigned,16S,2a
684,3933c9aac10239c1bf701f770e3b2290,OL-16S-2a,17.0,Bacteria,Bdellovibrionota,Oligoflexia,0319-6G20,0319-6G20,0319-6G20,Unassigned,16S,2a
685,b04f7fb7b8e4e230d933e9bad9a83630,OL-16S-2a,17.0,Bacteria,Campylobacterota,Campylobacteria,Campylobacterales,Sulfurimonadaceae,Sulfuricurvum,Unassigned,16S,2a
686,c789fb88d01b26489fc646babaac9b97,OL-16S-2a,17.0,Bacteria,Hydrogenedentes,Hydrogenedentia,Hydrogenedentiales,Hydrogenedensaceae,Hydrogenedensaceae,Unassigned,16S,2a
687,15faff93556ca792dc54f279fa5f8848,OL-16S-2a,17.0,Bacteria,Planctomycetota,Planctomycetes,Pirellulales,Pirellulaceae,Unassigned,Unassigned,16S,2a
688,cb4ef05383b9811311ccb2620d159bec,OL-16S-2a,17.0,Bacteria,Chloroflexi,Dehalococcoidia,S085,S085,S085,Unassigned,16S,2a
689,0da7574cb87b33c6277f227f1f029243,OL-16S-2a,16.0,Bacteria,Proteobacteria,Gammaproteobacteria,Unassigned,Unassigned,Unassigned,Unassigned,16S,2a
690,ad29d86d0c199f0c972e1eab2b2bcda8,OL-16S-2a,16.0,Bacteria,Proteobacteria,Alphaproteobacteria,Rickettsiales,Mitochondria,Mitochondria,Unassigned,16S,2a
691,fc722acc5bb2bf716131d2bd7bf71917,OL-16S-2a,15.0,Bacteria,Bdellovibrionota,Bdellovibrionia,Bdellovibrionales,Bdellovibrionaceae,OM27_clade,Unassigned,16S,2a
692,02b75b0b13cee5a016ffa075faccb62b,OL-16S-2a,15.0,Bacteria,Bacteroidota,Bacteroidia,Sphingobacteriales,env.OPS_17,env.OPS_17,Unassigned,16S,2a
693,3c5bb4cd3c35f199bb9afd109858a452,OL-16S-2a,15.0,Bacteria,Proteobacteria,Gammaproteobacteria,Pseudomonadales,Cellvibrionaceae,Cellvibrio,Unassigned,16S,2a
694,435c7dd10a045d2fd2126296b9bd028e,OL-16S-2a,14.0,Bacteria,Nitrospirota,Thermodesulfovibrionia,uncultured,uncultured,uncultured,Unassigned,16S,2a
695,2b990b670df55ade79868a3731c3c31e,OL-16S-2a,14.0,Bacteria,Unassigned,Unassigned,Unassigned,Unassigned,Unassigned,Unassigned,16S,2a
696,1d291ffb49e66182fa8ad639b1a4581b,OL-16S-2a,14.0,Bacteria,Unassigned,Unassigned,Unassigned,Unassigned,Unassigned,Unassigned,16S,2a
697,36fb5b7975ee15d6988d631f3bd94f07,OL-16S-2a,13.0,Bacteria,Bacteroidota,Bacteroidia,Unassigned,Unassigned,Unassigned,Unassigned,16S,2a
698,9f2539c6cbae984370a6a76bb8b7bd20,OL-16S-2a,13.0,Bacteria,Planctomycetota,Planctomycetes,Pirellulales,Pirellulaceae,Pirellula,Unassigned,16S,2a
699,dd5c76c3662057a5fef746d96e098852,OL-16S-2a,12.0,Bacteria,Planctomycetota,Unassigned,Unassigned,Unassigned,Unassigned,Unassigned,16S,2a
700,0ba73a4e56fa3d3cffa38b2c0c825e8f,OL-16S-2a,12.0,Bacteria,Planctomycetota,Planctomycetes,Planctomycetales,uncultured,uncultured,Unassigned,16S,2a
701,49b2227c80023ce097348505fc6d62af,OL-16S-2a,12.0,Bacteria,Proteobacteria,Alphaproteobacteria,Caulobacterales,Caulobacteraceae,Unassigned,Unassigned,16S,2a
702,0539e2f199163d9c5dd7eef744e0f90d,OL-16S-2a,12.0,Bacteria,Cyanobacteria,Cyanobacteriia,Chloroplast,Chloroplast,Chloroplast,Unassigned,16S,2a
703,de93487d80c5a1ca7a09e989656c3c7c,OL-16S-2a,12.0,Bacteria,Firmicutes,Bacilli,Mycoplasmatales,Mycoplasmataceae,Candidatus_Bacilloplasma,Unassigned,16S,2a
704,3bdf2c0a740538e5ab830ab311dd8dd9,OL-16S-2a,11.0,Bacteria,Unassigned,Unassigned,Unassigned,Unassigned,Unassigned,Unassigned,16S,2a
705,41041d90acae149291cc518bfc90a80a,OL-16S-2a,11.0,Bacteria,Proteobacteria,Gammaproteobacteria,Burkholderiales,T34,T34,Unassigned,16S,2a
706,de5a587a7c50a4069e5e584c52ed9824,OL-16S-2a,11.0,Bacteria,Proteobacteria,Gammaproteobacteria,Burkholderiales,Comamonadaceae,Unassigned,Unassigned,16S,2a
707,07fc9392be3df661e71a5107976b3a25,OL-16S-2a,11.0,Bacteria,Bacteroidota,Bacteroidia,Chitinophagales,Unassigned,Unassigned,Unassigned,16S,2a
708,4ed3a1a048215e1e3361a0cadaa8fb62,OL-16S-2a,11.0,Bacteria,Proteobacteria,Alphaproteobacteria,Rickettsiales,Mitochondria,Mitochondria,Unassigned,16S,2a
709,f055dc04a557fc187a5375de790d75fe,OL-16S-2a,11.0,Bacteria,Dependentiae,Babeliae,Babeliales,Unassigned,Unassigned,Unassigned,16S,2a
710,c8d45307b65700909829e427e791318f,OL-16S-2a,11.0,Bacteria,Elusimicrobiota,Lineage_IIa,Lineage_IIa,Lineage_IIa,Lineage_IIa,Unassigned,16S,2a
711,b69472c252f31fb1be83e67b817149d6,OL-16S-2a,11.0,Bacteria,Bacteroidota,Bacteroidia,Flavobacteriales,Crocinitomicaceae,Fluviicola,Unassigned,16S,2a
712,225671974076a97323db172167cf4c69,OL-16S-2a,11.0,Bacteria,Cyanobacteria,Cyanobacteriia,Chloroplast,Chloroplast,Chloroplast,Unassigned,16S,2a
713,d0cb4ff9cfca1c44cf092ee9ae4d5c83,OL-16S-2a,10.0,Bacteria,Bacteroidota,Ignavibacteria,Ignavibacteriales,Unassigned,Unassigned,Unassigned,16S,2a
714,8e00b5fb7c1fbb7acd7b9df0d8cf2967,OL-16S-2a,10.0,Bacteria,Unassigned,Unassigned,Unassigned,Unassigned,Unassigned,Unassigned,16S,2a
715,ad6b32ff9e0d774387b31936d4512a11,OL-16S-2a,9.0,Bacteria,Planctomycetota,Planctomycetes,Pirellulales,Pirellulaceae,uncultured,Unassigned,16S,2a
716,40ba758b54042eabdc8712a8f8a2932b,OL-16S-2a,9.0,Bacteria,Chloroflexi,Anaerolineae,Anaerolineales,Anaerolineaceae,Unassigned,Unassigned,16S,2a
717,4bc64f1dd66f810481d2c8e8f63c8afc,OL-16S-2a,9.0,Bacteria,Desulfobacterota,Desulfobaccia,Desulfobaccales,Desulfobaccaceae,Desulfobacca,Unassigned,16S,2a
718,23a3059b1c59e96be357504b2eaa3246,OL-16S-2a,9.0,Bacteria,Verrucomicrobiota,Unassigned,Unassigned,Unassigned,Unassigned,Unassigned,16S,2a
719,bca60a53b844bf8794f7243d74fe271b,OL-16S-2a,9.0,Bacteria,Proteobacteria,Gammaproteobacteria,PLTA13,PLTA13,PLTA13,Unassigned,16S,2a
720,37d1720650b9b9bc1d3856ff1957f618,OL-16S-2a,9.0,Bacteria,Bacteroidota,Bacteroidia,Bacteroidales,Prolixibacteraceae,uncultured,Unassigned,16S,2a
721,30d3377f814a4576fd39385f393b9834,OL-16S-2a,8.0,Bacteria,SAR324_clade(Marine_group_B),SAR324_clade(Marine_group_B),SAR324_clade(Marine_group_B),SAR324_clade(Marine_group_B),SAR324_clade(Marine_group_B),Unassigned,16S,2a
722,fe973d12a733d216ff05cc008773bc52,OL-16S-2a,8.0,Bacteria,Planctomycetota,Planctomycetes,Unassigned,Unassigned,Unassigned,Unassigned,16S,2a
723,2f3f798e6c5f37dcc1a90ba51af36f98,OL-16S-2a,7.0,Bacteria,Patescibacteria,Saccharimonadia,Saccharimonadales,WWH38,WWH38,Unassigned,16S,2a
724,97f3484b417541015e0c9603008051c1,OL-16S-2a,7.0,Bacteria,Unassigned,Unassigned,Unassigned,Unassigned,Unassigned,Unassigned,16S,2a
725,2fe21466d0f5ecdfc7325bb0e0d43362,OL-16S-2a,7.0,Eukaryota,Unassigned,Unassigned,Unassigned,Unassigned,Unassigned,Unassigned,16S,2a
726,3ef33c35a9cb6ed2dfa42e64c3f09923,OL-16S-2a,6.0,Bacteria,Proteobacteria,Alphaproteobacteria,Rickettsiales,Mitochondria,Mitochondria,Unassigned,16S,2a
727,b23d664504dbe3232c2da9aa3e10cf67,OL-16S-2a,6.0,Bacteria,Proteobacteria,Gammaproteobacteria,Diplorickettsiales,Diplorickettsiaceae,uncultured,Unassigned,16S,2a
728,c44c87e304544f990138b009a56fe9ef,OL-16S-2a,6.0,Bacteria,Chloroflexi,OLB14,OLB14,OLB14,OLB14,Unassigned,16S,2a
729,da4aa37bf4c3e35c8ef74de60d175b15,OL-16S-2a,6.0,Bacteria,Planctomycetota,Planctomycetes,Pirellulales,Pirellulaceae,uncultured,Unassigned,16S,2a
730,0196e350135658098a9610c1b781bcec,OL-16S-2a,6.0,Bacteria,Proteobacteria,Alphaproteobacteria,Rickettsiales,Mitochondria,Mitochondria,Unassigned,16S,2a
731,33b0f438a82da001e8c0e16cd40252ec,OL-16S-2a,6.0,Bacteria,Proteobacteria,Alphaproteobacteria,Rickettsiales,Fokiniaceae,MD3-55,Unassigned,16S,2a
732,7d45b0448ffc0cea54c8cc3e78d312d9,OL-16S-2a,5.0,Bacteria,Bacteroidota,Bacteroidia,Bacteroidales,FTLpost3,FTLpost3,Unassigned,16S,2a
733,717ba62ad6d8e0cb3f3aeb2896b46dfc,OL-16S-2a,5.0,Bacteria,Proteobacteria,Alphaproteobacteria,Rickettsiales,Mitochondria,Mitochondria,Unassigned,16S,2a
734,3647b206235f4120558bf3e5301d4a45,OL-16S-2a,5.0,Bacteria,Firmicutes,Bacilli,Alicyclobacillales,Alicyclobacillaceae,Alicyclobacillus,Unassigned,16S,2a
735,9b8a3f0f5b8d3df8f22e4b6077ab19e2,OL-16S-2a,5.0,Bacteria,Proteobacteria,Gammaproteobacteria,Gammaproteobacteria_Incertae_Sedis,Unknown_Family,Candidatus_Berkiella,Unassigned,16S,2a
736,946c694ea56f1d0bb03aafbc8fbb3e14,OL-16S-2a,5.0,Bacteria,Verrucomicrobiota,Omnitrophia,Omnitrophales,Omnitrophaceae,Candidatus_Omnitrophus,Unassigned,16S,2a
737,7df767bd0cd9b376de585baebf0a5aea,OL-16S-2a,5.0,Bacteria,Verrucomicrobiota,Omnitrophia,Omnitrophales,Omnitrophaceae,Candidatus_Omnitrophus,Unassigned,16S,2a
738,8036e93078fbd7d3ecc8df53ea5c17b6,OL-16S-2a,4.0,Bacteria,Planctomycetota,Phycisphaerae,MSBL9,GWC2-45-44,GWC2-45-44,Unassigned,16S,2a
739,be132b75ff8da3f1d099723dfa8f9207,OL-16S-2a,3.0,Bacteria,Planctomycetota,Planctomycetes,Gemmatales,Gemmataceae,uncultured,Unassigned,16S,2a
740,d4cdcce715b9b938d3dae5394f2747af,OL-16S-2a,3.0,Bacteria,Unassigned,Unassigned,Unassigned,Unassigned,Unassigned,Unassigned,16S,2a
741,3a3b9d2a96fbff56342758fd4a88644a,OL-16S-2a,2.0,Bacteria,Cyanobacteria,Vampirivibrionia,Gastranaerophilales,Gastranaerophilales,Gastranaerophilales,Unassigned,16S,2a
742,7a67662a35c24ad02e1a9c553f695752,OL-16S-2b,354.0,Bacteria,Cyanobacteria,Cyanobacteriia,Chloroplast,Chloroplast,Chloroplast,Unassigned,16S,2b
743,76cc4e4423fe1d58c82a861e79323bd7,OL-16S-2b,369.0,Bacteria,Cyanobacteria,Cyanobacteriia,Chloroplast,Chloroplast,Chloroplast,Unassigned,16S,2b
744,2e06738ba1ef7e3f75f0ed55e95a2bb8,OL-16S-2b,341.0,Bacteria,Cyanobacteria,Cyanobacteriia,Chloroplast,Chloroplast,Chloroplast,Unassigned,16S,2b
745,e2fc9fa8e63d8276f399c93709e08fd5,OL-16S-2b,305.0,Bacteria,Cyanobacteria,Cyanobacteriia,Chloroplast,Chloroplast,Chloroplast,Unassigned,16S,2b
746,c3caa6e2a48f3f2ab0b049512dc8ccda,OL-16S-2b,285.0,Bacteria,Cyanobacteria,Cyanobacteriia,Chloroplast,Chloroplast,Chloroplast,Unassigned,16S,2b
747,f1ba05821c5f68be8c7b9ecdac04497b,OL-16S-2b,313.0,Bacteria,Cyanobacteria,Cyanobacteriia,Chloroplast,Chloroplast,Chloroplast,Unassigned,16S,2b
748,391bf0e54f28aa990e4fb379aeb1e27b,OL-16S-2b,254.0,Bacteria,Cyanobacteria,Cyanobacteriia,Chloroplast,Chloroplast,Chloroplast,Unassigned,16S,2b
749,a94a729130e76c26abd07844436fdeb5,OL-16S-2b,299.0,Bacteria,Cyanobacteria,Cyanobacteriia,Chloroplast,Chloroplast,Chloroplast,Unassigned,16S,2b
750,8145f5e16c5514889a111411946fdce1,OL-16S-2b,269.0,Bacteria,Cyanobacteria,Cyanobacteriia,Chloroplast,Chloroplast,Chloroplast,Unassigned,16S,2b
751,a179e3415f06dd7c5c01716613869de8,OL-16S-2b,242.0,Bacteria,Cyanobacteria,Cyanobacteriia,Chloroplast,Chloroplast,Chloroplast,Unassigned,16S,2b
752,615c84c753ad586852541e8d7c4a56a2,OL-16S-2b,64.0,Bacteria,Cyanobacteria,Cyanobacteriia,Synechococcales,Cyanobiaceae,Cyanobium_PCC-6307,Unassigned,16S,2b
753,3b13e1e0f09ba55518fa6cbbec4cf6b3,OL-16S-2b,93.0,Bacteria,Cyanobacteria,Cyanobacteriia,Chloroplast,Chloroplast,Chloroplast,Unassigned,16S,2b
754,2384db2d6d49bf5aa86c9a23542b4f39,OL-16S-2b,101.0,Bacteria,Cyanobacteria,Cyanobacteriia,Chloroplast,Chloroplast,Chloroplast,Unassigned,16S,2b
755,d56ee16c189c53ec4bfc9a643157b3cb,OL-16S-2b,80.0,Bacteria,Cyanobacteria,Cyanobacteriia,Chloroplast,Chloroplast,Chloroplast,Unassigned,16S,2b
756,f342c8d7070cb66e871be0c9d05ff96e,OL-16S-2b,51.0,Bacteria,Proteobacteria,Alphaproteobacteria,Rhodospirillales,AEGEAN-169_marine_group,AEGEAN-169_marine_group,Unassigned,16S,2b
757,9f8960cf1237e95ad9c9b290584b2581,OL-16S-2b,51.0,Bacteria,Proteobacteria,Alphaproteobacteria,Rhodospirillales,AEGEAN-169_marine_group,AEGEAN-169_marine_group,Unassigned,16S,2b
758,fda4ef534982960826bf945dd959b00c,OL-16S-2b,17.0,Bacteria,Cyanobacteria,Cyanobacteriia,Synechococcales,Cyanobiaceae,Cyanobium_PCC-6307,Unassigned,16S,2b
759,51ce3633dad7039b0b159776ecd5a199,OL-16S-2b,24.0,Bacteria,Proteobacteria,Gammaproteobacteria,Burkholderiales,Comamonadaceae,Unassigned,Unassigned,16S,2b
760,5a6fe78d457c44a09e968c5f59435e1a,OL-16S-2b,35.0,Bacteria,Cyanobacteria,Cyanobacteriia,Chloroplast,Chloroplast,Chloroplast,Unassigned,16S,2b
761,b97b1d633870f8d1f0324ce9da82f0c9,OL-16S-2b,23.0,Bacteria,Proteobacteria,Alphaproteobacteria,Acetobacterales,Acetobacteraceae,Rhodopila,Unassigned,16S,2b
762,be1bd2d4eaa9c108b340ecf96a2939ff,OL-16S-2b,43.0,Bacteria,Proteobacteria,Gammaproteobacteria,Burkholderiales,Comamonadaceae,Unassigned,Unassigned,16S,2b
763,0e1bfd0ee528e5463177ce2fe619c5b9,OL-16S-2b,84.0,Bacteria,Proteobacteria,Gammaproteobacteria,Pseudomonadales,Unassigned,Unassigned,Unassigned,16S,2b
764,651648fbfa525dcb6fb4fa9fe78a1797,OL-16S-2b,53.0,Bacteria,Desulfobacterota,Desulfuromonadia,PB19,PB19,PB19,Unassigned,16S,2b
765,1de210f1a87a7a5a340fd385324ccf37,OL-16S-2b,30.0,Bacteria,Proteobacteria,Gammaproteobacteria,Burkholderiales,Comamonadaceae,Unassigned,Unassigned,16S,2b
766,1e66eb11077b8b80e21f48b5bff68704,OL-16S-2b,24.0,Bacteria,Cyanobacteria,Cyanobacteriia,Chloroplast,Chloroplast,Chloroplast,Unassigned,16S,2b
767,acc5e4c9c2d47752676a21e7b1538a76,OL-16S-2b,93.0,Bacteria,Actinobacteriota,Acidimicrobiia,Microtrichales,Ilumatobacteraceae,Unassigned,Unassigned,16S,2b
768,5bfb130e23d129800a7e2d5114291f0b,OL-16S-2b,18.0,Bacteria,Proteobacteria,Gammaproteobacteria,Burkholderiales,Burkholderiaceae,Unassigned,Unassigned,16S,2b
769,216fe8337c03cae9ed97652a9258ad62,OL-16S-2b,31.0,Bacteria,Cyanobacteria,Cyanobacteriia,Chloroplast,Chloroplast,Chloroplast,Unassigned,16S,2b
770,532ef122fea64d4c167bb7643689e205,OL-16S-2b,44.0,Bacteria,Proteobacteria,Gammaproteobacteria,Burkholderiales,MWH-UniP1_aquatic_group,MWH-UniP1_aquatic_group,Unassigned,16S,2b
771,5a45b1a451c8a03548b1f4779469d98e,OL-16S-2b,44.0,Bacteria,Proteobacteria,Gammaproteobacteria,Burkholderiales,Comamonadaceae,Unassigned,Unassigned,16S,2b
772,280546b7a3ea14b1c53f066f98e8a780,OL-16S-2b,46.0,Bacteria,Proteobacteria,Gammaproteobacteria,Burkholderiales,MWH-UniP1_aquatic_group,MWH-UniP1_aquatic_group,Unassigned,16S,2b
773,0ba6d5ecc95a82e0150e1dc653f69bb2,OL-16S-2b,22.0,Bacteria,SAR324_clade(Marine_group_B),SAR324_clade(Marine_group_B),SAR324_clade(Marine_group_B),SAR324_clade(Marine_group_B),SAR324_clade(Marine_group_B),Unassigned,16S,2b
774,0f2ed35d38e0078f9a57040783a1f27d,OL-16S-2b,26.0,Bacteria,Cyanobacteria,Cyanobacteriia,Chloroplast,Chloroplast,Chloroplast,Unassigned,16S,2b
775,9b027540621376c8e0b682720b523902,OL-16S-2b,13.0,Bacteria,Cyanobacteria,Cyanobacteriia,Synechococcales,Cyanobiaceae,Cyanobium_PCC-6307,Unassigned,16S,2b
776,602256abe201bd47abeafa91db0e2499,OL-16S-2b,78.0,Bacteria,Proteobacteria,Alphaproteobacteria,Rhizobiales,Rhizobiales_Incertae_Sedis,uncultured,Unassigned,16S,2b
777,10054312dbbcf26bd4020615096a7fe0,OL-16S-2b,36.0,Bacteria,Cyanobacteria,Cyanobacteriia,Chloroplast,Chloroplast,Chloroplast,Unassigned,16S,2b
778,a765b3c2110496dff8576d1e0048b447,OL-16S-2b,13.0,Bacteria,Actinobacteriota,Acidimicrobiia,Microtrichales,Ilumatobacteraceae,Unassigned,Unassigned,16S,2b
779,9a810276c579cc74f636e197580298a0,OL-16S-2b,68.0,Bacteria,Actinobacteriota,Actinobacteria,Frankiales,Sporichthyaceae,Unassigned,Unassigned,16S,2b
780,df7b298da4045625ddd83e7d37379549,OL-16S-2b,38.0,Bacteria,Actinobacteriota,Acidimicrobiia,Microtrichales,Ilumatobacteraceae,Unassigned,Unassigned,16S,2b
781,f2165b309a00a791a430aed160732576,OL-16S-2b,32.0,Bacteria,Cyanobacteria,Cyanobacteriia,Chloroplast,Chloroplast,Chloroplast,Unassigned,16S,2b
782,474cbb4a4164aa210757188706628396,OL-16S-2b,63.0,Bacteria,Proteobacteria,Alphaproteobacteria,Acetobacterales,Acetobacteraceae,Unassigned,Unassigned,16S,2b
783,88ad2dd277f593c8d3724c0999def7d5,OL-16S-2b,46.0,Bacteria,Proteobacteria,Gammaproteobacteria,Pseudomonadales,Pseudohongiellaceae,Pseudohongiella,Unassigned,16S,2b
784,41a16213fe9d7430ff86dddb8cf64656,OL-16S-2b,32.0,Bacteria,Verrucomicrobiota,Verrucomicrobiae,Pedosphaerales,Pedosphaeraceae,Unassigned,Unassigned,16S,2b
785,76c2f3c83d3cf3d986fed85d5bbeec2f,OL-16S-2b,28.0,Bacteria,Cyanobacteria,Cyanobacteriia,Chloroplast,Chloroplast,Chloroplast,Unassigned,16S,2b
786,f34c049cafabf6747654eb44cf153d82,OL-16S-2b,33.0,Bacteria,Cyanobacteria,Cyanobacteriia,Chloroplast,Chloroplast,Chloroplast,Unassigned,16S,2b
787,64007ed1f563bd50b266faf295f99139,OL-16S-2b,61.0,Bacteria,Proteobacteria,Alphaproteobacteria,Rhodobacterales,Rhodobacteraceae,Unassigned,Unassigned,16S,2b
788,ee53abd565a5fe40aa87ed1d54cde184,OL-16S-2b,52.0,Bacteria,Cyanobacteria,Cyanobacteriia,Synechococcales,Cyanobiaceae,Cyanobium_PCC-6307,Unassigned,16S,2b
789,080361f2074d9c1560e005a0257b7784,OL-16S-2b,36.0,Bacteria,Proteobacteria,Gammaproteobacteria,Burkholderiales,Burkholderiaceae,Unassigned,Unassigned,16S,2b
790,17d3a59e4e0539b143e76ae91ec99351,OL-16S-2b,76.0,Bacteria,Actinobacteriota,Actinobacteria,Frankiales,Sporichthyaceae,hgcI_clade,Unassigned,16S,2b
791,f2da6e39397a2f45b3ccf4aa8026535c,OL-16S-2b,21.0,Bacteria,Cyanobacteria,Cyanobacteriia,Chloroplast,Chloroplast,Chloroplast,Unassigned,16S,2b
792,37e8ead35ba2e7fd71ce6f59a5657a11,OL-16S-2b,46.0,Bacteria,Planctomycetota,Planctomycetes,Planctomycetales,Rubinisphaeraceae,uncultured,Unassigned,16S,2b
793,2dbd82e9f15cceb8df479fde9243c868,OL-16S-2b,26.0,Bacteria,Proteobacteria,Alphaproteobacteria,SAR11_clade,Clade_III,Clade_III,Unassigned,16S,2b
794,3af00ac39a69094e2e6e00041a356497,OL-16S-2b,81.0,Bacteria,Bacteroidota,Bacteroidia,Sphingobacteriales,NS11-12_marine_group,NS11-12_marine_group,Unassigned,16S,2b
795,c7292985774826c59c062107b6aedc7f,OL-16S-2b,37.0,Bacteria,Bacteroidota,Bacteroidia,Flavobacteriales,Flavobacteriaceae,Robiginitalea,Unassigned,16S,2b
796,8e5e4ab1e5399e3966d278981902576c,OL-16S-2b,44.0,Bacteria,Cyanobacteria,Cyanobacteriia,Chloroplast,Chloroplast,Chloroplast,Unassigned,16S,2b
797,93cbf3493fe4b463bf35af341bff623b,OL-16S-2b,133.0,Bacteria,Acidobacteriota,Vicinamibacteria,Vicinamibacterales,uncultured,uncultured,Unassigned,16S,2b
798,4b4b7c840d08128c0d56f51b17c2962a,OL-16S-2b,11.0,Bacteria,Planctomycetota,Planctomycetes,Planctomycetales,Rubinisphaeraceae,uncultured,Unassigned,16S,2b
799,13ba8bb5878011b45f63a6a4a64562d1,OL-16S-2b,39.0,Bacteria,Verrucomicrobiota,Verrucomicrobiae,Pedosphaerales,Pedosphaeraceae,Unassigned,Unassigned,16S,2b
800,a0f7bc28ceec8a57dc3c5bd0a92b2130,OL-16S-2b,13.0,Bacteria,Planctomycetota,Planctomycetes,Planctomycetales,Rubinisphaeraceae,uncultured,Unassigned,16S,2b
801,02050ad4ffbcd2163b809040d5bbe638,OL-16S-2b,41.0,Bacteria,Proteobacteria,Alphaproteobacteria,Rickettsiales,Mitochondria,Mitochondria,Unassigned,16S,2b
802,8e295f8ef43051fe5dcfcc1f1e9e174e,OL-16S-2b,72.0,Bacteria,Proteobacteria,Gammaproteobacteria,Burkholderiales,MWH-UniP1_aquatic_group,MWH-UniP1_aquatic_group,Unassigned,16S,2b
803,cce6de3c2af90c139b50a45da8c9ec55,OL-16S-2b,58.0,Bacteria,Proteobacteria,Alphaproteobacteria,Rhizobiales,Xanthobacteraceae,Unassigned,Unassigned,16S,2b
804,1af00457c4c79a07544d354737f23a7b,OL-16S-2b,55.0,Bacteria,Cyanobacteria,Cyanobacteriia,Chloroplast,Chloroplast,Chloroplast,Unassigned,16S,2b
805,be042c060fa963026093d96fb0b7ff0d,OL-16S-2b,13.0,Bacteria,Verrucomicrobiota,Verrucomicrobiae,Pedosphaerales,Pedosphaeraceae,Unassigned,Unassigned,16S,2b
806,4bc0d3f1bd5f0ca75ca8b9b257d66f50,OL-16S-2b,31.0,Bacteria,Proteobacteria,Alphaproteobacteria,Rickettsiales,Mitochondria,Mitochondria,Unassigned,16S,2b
807,af558fe3c71eb5df11193e6e4b89ab15,OL-16S-2b,67.0,Bacteria,Proteobacteria,Alphaproteobacteria,Rhodobacterales,Rhodobacteraceae,Unassigned,Unassigned,16S,2b
808,7fe71ae35c2042653833dde618a62e01,OL-16S-2b,11.0,Bacteria,Proteobacteria,Gammaproteobacteria,Burkholderiales,Methylophilaceae,OM43_clade,Unassigned,16S,2b
809,288822ce62594db9edc02d8cefdc48b3,OL-16S-2b,69.0,Bacteria,Bacteroidota,Bacteroidia,Chitinophagales,Chitinophagaceae,Terrimonas,Unassigned,16S,2b
810,27cf5cb17c29cc85d54c98e5b1f3bd24,OL-16S-2b,42.0,Bacteria,Proteobacteria,Alphaproteobacteria,Rhizobiales,Hyphomicrobiaceae,Unassigned,Unassigned,16S,2b
811,d7afc6ada98f3fed334fba5d4ece6fb9,OL-16S-2b,63.0,Bacteria,Planctomycetota,Planctomycetes,Planctomycetales,Rubinisphaeraceae,Planctomicrobium,Unassigned,16S,2b
812,e85412d93608da143f62e527657fee4a,OL-16S-2b,9.0,Bacteria,Cyanobacteria,Cyanobacteriia,Chloroplast,Chloroplast,Chloroplast,Unassigned,16S,2b
813,be242a411be3f6098751e8b2be219f30,OL-16S-2b,48.0,Bacteria,Verrucomicrobiota,Verrucomicrobiae,Pedosphaerales,Pedosphaeraceae,uncultured,Unassigned,16S,2b
814,914815fecd18328702303f77722b5e15,OL-16S-2b,104.0,Bacteria,Acidobacteriota,Vicinamibacteria,Vicinamibacterales,uncultured,uncultured,Unassigned,16S,2b
815,280836e330ea429763b2a93fd4e52284,OL-16S-2b,103.0,Bacteria,Proteobacteria,Gammaproteobacteria,Burkholderiales,TRA3-20,TRA3-20,Unassigned,16S,2b
816,731607eed6915b901c31c31c8be72eae,OL-16S-2b,46.0,Bacteria,Actinobacteriota,Acidimicrobiia,Actinomarinales,Actinomarinaceae,Candidatus_Actinomarina,Unassigned,16S,2b
817,7bba0204fa8009f0dbe6ea395f2d6520,OL-16S-2b,36.0,Bacteria,Actinobacteriota,Acidimicrobiia,Microtrichales,Ilumatobacteraceae,Unassigned,Unassigned,16S,2b
818,cc32b1911eaec7dd888daa7c6e9a89be,OL-16S-2b,77.0,Bacteria,Planctomycetota,Phycisphaerae,Phycisphaerales,Phycisphaeraceae,CL500-3,Unassigned,16S,2b
819,cf89c1a62d9dda77fa716a025ab9c3f5,OL-16S-2b,99.0,Bacteria,Proteobacteria,Gammaproteobacteria,CCD24,CCD24,CCD24,Unassigned,16S,2b
820,e77691a9368ea42c9151a4f27eee6534,OL-16S-2b,42.0,Bacteria,Bacteroidota,Bacteroidia,Sphingobacteriales,LiUU-11-161,LiUU-11-161,Unassigned,16S,2b
821,e305df1c7e75a7be3435165f40bb1c2a,OL-16S-2b,98.0,Bacteria,Proteobacteria,Gammaproteobacteria,Burkholderiales,Methylophilaceae,Candidatus_Methylopumilus,Unassigned,16S,2b
822,68b29db400619da240e010f5727e12c4,OL-16S-2b,97.0,Bacteria,Proteobacteria,Gammaproteobacteria,Pseudomonadales,Spongiibacteraceae,BD1-7_clade,Unassigned,16S,2b
823,866299990579e4c80007d4e5e569a3ba,OL-16S-2b,95.0,Bacteria,Planctomycetota,Phycisphaerae,Phycisphaerales,Phycisphaeraceae,CL500-3,Unassigned,16S,2b
824,3e505dedf89f3c9890c8903c8744e04f,OL-16S-2b,95.0,Bacteria,Actinobacteriota,Thermoleophilia,Gaiellales,uncultured,uncultured,Unassigned,16S,2b
825,4bdc81c62f4b2810f15ed7270bbb6dc5,OL-16S-2b,24.0,Bacteria,Cyanobacteria,Cyanobacteriia,Chloroplast,Chloroplast,Chloroplast,Unassigned,16S,2b
826,4c72d04e96fd7257f35a1f3e829d12e5,OL-16S-2b,24.0,Bacteria,Cyanobacteria,Cyanobacteriia,Chloroplast,Chloroplast,Chloroplast,Unassigned,16S,2b
827,98912a513f3a2008aee95eece680c8d7,OL-16S-2b,38.0,Bacteria,Bacteroidota,Bacteroidia,Sphingobacteriales,NS11-12_marine_group,NS11-12_marine_group,Unassigned,16S,2b
828,d840364f2d91ba0888687dc52997888d,OL-16S-2b,92.0,Bacteria,Planctomycetota,Phycisphaerae,Phycisphaerales,Phycisphaeraceae,CL500-3,Unassigned,16S,2b
829,1d7410d28926311a6f8d1d51a6a2af22,OL-16S-2b,10.0,Bacteria,Cyanobacteria,Cyanobacteriia,Chloroplast,Chloroplast,Chloroplast,Unassigned,16S,2b
830,e7d1fd86b411691540ea65b35f592fe5,OL-16S-2b,51.0,Bacteria,Cyanobacteria,Cyanobacteriia,Chloroplast,Chloroplast,Chloroplast,Unassigned,16S,2b
831,924a8b129bab1cc6caaeda41e6e1e598,OL-16S-2b,90.0,Bacteria,Bacteroidota,Bacteroidia,Flavobacteriales,Crocinitomicaceae,Fluviicola,Unassigned,16S,2b
832,f334ad05275ee88fa81ed68e6ca5dd85,OL-16S-2b,84.0,Bacteria,Cyanobacteria,Cyanobacteriia,Chloroplast,Chloroplast,Chloroplast,Unassigned,16S,2b
833,8ce05c8c495067b1090cc88bfec88e9b,OL-16S-2b,84.0,Bacteria,Actinobacteriota,Actinobacteria,Micrococcales,Microbacteriaceae,Candidatus_Aquiluna,Unassigned,16S,2b
834,38e6f8c7081c039dba990eb695236f01,OL-16S-2b,83.0,Bacteria,Proteobacteria,Gammaproteobacteria,Burkholderiales,Comamonadaceae,Unassigned,Unassigned,16S,2b
835,cb97f7c7d3b3da274d77827cf90470df,OL-16S-2b,81.0,Bacteria,Proteobacteria,Gammaproteobacteria,Gammaproteobacteria_Incertae_Sedis,Unknown_Family,Acidibacter,Unassigned,16S,2b
836,fca30e752959a969c612775bb7d48a6c,OL-16S-2b,10.0,Bacteria,Proteobacteria,Alphaproteobacteria,SAR11_clade,Clade_III,Clade_III,Unassigned,16S,2b
837,8f0b7554b217b3cfc3ec0bae5d6aec9f,OL-16S-2b,39.0,Bacteria,Bacteroidota,Ignavibacteria,Ignavibacteriales,Ignavibacteriaceae,Ignavibacterium,Unassigned,16S,2b
838,308bb8c656d76cbbef42523de6c1bec6,OL-16S-2b,79.0,Bacteria,Proteobacteria,Gammaproteobacteria,Burkholderiales,MWH-UniP1_aquatic_group,MWH-UniP1_aquatic_group,Unassigned,16S,2b
839,b319aaff9a6c35748f8354341cda0e51,OL-16S-2b,76.0,Bacteria,Proteobacteria,Gammaproteobacteria,Unassigned,Unassigned,Unassigned,Unassigned,16S,2b
840,6b73a17136f9fb4764236c2433af790d,OL-16S-2b,76.0,Bacteria,Actinobacteriota,Acidimicrobiia,Microtrichales,Ilumatobacteraceae,CL500-29_marine_group,Unassigned,16S,2b
841,1a97c180964985558b845cd6fd97ca6d,OL-16S-2b,8.0,Bacteria,Cyanobacteria,Cyanobacteriia,Chloroplast,Chloroplast,Chloroplast,Unassigned,16S,2b
842,ccdb745e56465bb155740335247f0584,OL-16S-2b,74.0,Bacteria,Proteobacteria,Alphaproteobacteria,Rhodobacterales,Rhodobacteraceae,Unassigned,Unassigned,16S,2b
843,446e60b2e63649d61502566d44eac880,OL-16S-2b,73.0,Bacteria,Bacteroidota,Bacteroidia,Flavobacteriales,Flavobacteriaceae,Unassigned,Unassigned,16S,2b
844,cd604572dbc9e84571642110c1d1c217,OL-16S-2b,46.0,Bacteria,Cyanobacteria,Cyanobacteriia,Chloroplast,Chloroplast,Chloroplast,Unassigned,16S,2b
845,5ac1e375b1ae0f02abc70b64c3ee8ff8,OL-16S-2b,71.0,Bacteria,Proteobacteria,Gammaproteobacteria,Acidiferrobacterales,Acidiferrobacteraceae,Sulfurifustis,Unassigned,16S,2b
846,179433475324ceb7d90c9ad610072c8b,OL-16S-2b,71.0,Bacteria,Nitrospirota,Nitrospiria,Nitrospirales,Nitrospiraceae,Nitrospira,Unassigned,16S,2b
847,3be660a5cb20ede66c296fd7af6f740a,OL-16S-2b,70.0,Bacteria,Actinobacteriota,Actinobacteria,PeM15,PeM15,PeM15,Unassigned,16S,2b
848,1cdefb34f54eb428b83d8278eed509dc,OL-16S-2b,69.0,Bacteria,Bacteroidota,Bacteroidia,Chitinophagales,Chitinophagaceae,Unassigned,Unassigned,16S,2b
849,4eb565b967a71cb0f4d9dcfb609ec33b,OL-16S-2b,31.0,Bacteria,Bdellovibrionota,Oligoflexia,0319-6G20,0319-6G20,0319-6G20,Unassigned,16S,2b
850,2a46d9b7290266e8d756cb88b77e3229,OL-16S-2b,67.0,Bacteria,Unassigned,Unassigned,Unassigned,Unassigned,Unassigned,Unassigned,16S,2b
851,4ec0f53ee61e673bc20d001fa2f2e077,OL-16S-2b,67.0,Bacteria,Cyanobacteria,Cyanobacteriia,Chloroplast,Chloroplast,Chloroplast,Unassigned,16S,2b
852,aa92a2f08025f26e2d7bf66579743694,OL-16S-2b,66.0,Bacteria,Proteobacteria,Gammaproteobacteria,Unassigned,Unassigned,Unassigned,Unassigned,16S,2b
853,d8944d9b4ee768f8228f3c8395ce3133,OL-16S-2b,66.0,Bacteria,Verrucomicrobiota,Verrucomicrobiae,Pedosphaerales,Pedosphaeraceae,SCGC_AAA164-E04,Unassigned,16S,2b
854,4833f1fd6521811ccdc59dbf1aa56e70,OL-16S-2b,44.0,Bacteria,Bacteroidota,Bacteroidia,Sphingobacteriales,NS11-12_marine_group,NS11-12_marine_group,Unassigned,16S,2b
855,e1da002597a218715ac9be4467d68491,OL-16S-2b,64.0,Bacteria,Proteobacteria,Alphaproteobacteria,Sphingomonadales,Sphingomonadaceae,Novosphingobium,Unassigned,16S,2b
856,13c7e322f47bca6eafac8f6242de75ce,OL-16S-2b,64.0,Bacteria,Proteobacteria,Alphaproteobacteria,Unassigned,Unassigned,Unassigned,Unassigned,16S,2b
857,68423ddd667543f39442089deef59799,OL-16S-2b,64.0,Bacteria,Proteobacteria,Gammaproteobacteria,Burkholderiales,Burkholderiaceae,Polynucleobacter,Unassigned,16S,2b
858,7df546e333e9b2790f028e1208866a78,OL-16S-2b,64.0,Bacteria,Proteobacteria,Alphaproteobacteria,Rhizobiales,Beijerinckiaceae,FukuN57,Unassigned,16S,2b
859,5d5c8030b0d20b563e4842d7195080ae,OL-16S-2b,64.0,Bacteria,Proteobacteria,Alphaproteobacteria,SAR11_clade,Clade_I,Unassigned,Unassigned,16S,2b
860,2344ac6c05469a2435699a2da7e5791c,OL-16S-2b,63.0,Bacteria,Actinobacteriota,Actinobacteria,Micrococcales,Microbacteriaceae,Unassigned,Unassigned,16S,2b
861,17a113c9a3b6a69c8bc3009be9154522,OL-16S-2b,62.0,Bacteria,Proteobacteria,Gammaproteobacteria,Pseudomonadales,Halieaceae,Unassigned,Unassigned,16S,2b
862,5c2b18f8e570a3acc948782b94c1c029,OL-16S-2b,62.0,Bacteria,Proteobacteria,Gammaproteobacteria,R7C24,R7C24,R7C24,Unassigned,16S,2b
863,060f46235fbfc2c7ea30fab414c416c8,OL-16S-2b,62.0,Bacteria,Proteobacteria,Gammaproteobacteria,Burkholderiales,Comamonadaceae,Unassigned,Unassigned,16S,2b
864,361867cf859b5bf79f73c22ab5bbbaaa,OL-16S-2b,62.0,Bacteria,Actinobacteriota,Actinobacteria,Frankiales,Sporichthyaceae,Longivirga,Unassigned,16S,2b
865,d87d3cb80bfdcf6e327313545dafc03e,OL-16S-2b,61.0,Bacteria,Proteobacteria,Alphaproteobacteria,Puniceispirillales,uncultured,uncultured,Unassigned,16S,2b
866,d5a99a7592abc3d424c1c23db23a6fad,OL-16S-2b,61.0,Bacteria,Proteobacteria,Alphaproteobacteria,Sphingomonadales,Sphingomonadaceae,Unassigned,Unassigned,16S,2b
867,9f2d1958b631f581071f4e318c0d8f73,OL-16S-2b,60.0,Bacteria,Cyanobacteria,Cyanobacteriia,Chloroplast,Chloroplast,Chloroplast,Unassigned,16S,2b
868,943f2ae8d5a45583af62d1de831467f7,OL-16S-2b,60.0,Bacteria,Proteobacteria,Gammaproteobacteria,Unassigned,Unassigned,Unassigned,Unassigned,16S,2b
869,2fe15dafc3f86773eff3a8f203f941dd,OL-16S-2b,60.0,Bacteria,Proteobacteria,Gammaproteobacteria,Unassigned,Unassigned,Unassigned,Unassigned,16S,2b
870,e184f8379f87c6372d54f496a3adb3b4,OL-16S-2b,59.0,Bacteria,Proteobacteria,Alphaproteobacteria,Reyranellales,Reyranellaceae,Reyranella,Unassigned,16S,2b
871,ba0160a560cd805b91a7e897dfc8aff1,OL-16S-2b,59.0,Bacteria,Planctomycetota,Planctomycetes,Planctomycetales,Schlesneriaceae,Planctopirus,Unassigned,16S,2b
872,fa5be674ed793562f35e16891f253372,OL-16S-2b,59.0,Bacteria,Chloroflexi,KD4-96,KD4-96,KD4-96,KD4-96,Unassigned,16S,2b
873,dd7f9be0f3c3df07e9f8e44774adc468,OL-16S-2b,59.0,Bacteria,SAR324_clade(Marine_group_B),SAR324_clade(Marine_group_B),SAR324_clade(Marine_group_B),SAR324_clade(Marine_group_B),SAR324_clade(Marine_group_B),Unassigned,16S,2b
874,840a9ad0eebdd5c71a530e8da46fb6f8,OL-16S-2b,58.0,Bacteria,Cyanobacteria,Cyanobacteriia,Chloroplast,Chloroplast,Chloroplast,Unassigned,16S,2b
875,fd42ba826988393aed11f9ac3d912def,OL-16S-2b,56.0,Bacteria,Bacteroidota,Bacteroidia,Flavobacteriales,Flavobacteriaceae,NS5_marine_group,Unassigned,16S,2b
876,45eacde90706aaa2c3377a73df085b07,OL-16S-2b,56.0,Bacteria,Proteobacteria,Gammaproteobacteria,Burkholderiales,Gallionellaceae,Unassigned,Unassigned,16S,2b
877,756467ebc766b1bfc4089a0f31cb8ac3,OL-16S-2b,56.0,Bacteria,Proteobacteria,Gammaproteobacteria,Unassigned,Unassigned,Unassigned,Unassigned,16S,2b
878,49b578f12703a33f5e70b5d73bbb8b63,OL-16S-2b,55.0,Bacteria,Planctomycetota,Planctomycetes,Pirellulales,Pirellulaceae,uncultured,Unassigned,16S,2b
879,233b466d0dbb6125c53ed0ddc484297f,OL-16S-2b,55.0,Bacteria,Bacteroidota,Bacteroidia,Cytophagales,Spirosomaceae,Pseudarcicella,Unassigned,16S,2b
880,a337448fc46f279f3ba8a807d446e529,OL-16S-2b,54.0,Bacteria,Gemmatimonadota,BD2-11_terrestrial_group,BD2-11_terrestrial_group,BD2-11_terrestrial_group,BD2-11_terrestrial_group,Unassigned,16S,2b
881,d27af2b2fd58a4786b668f3a652b7ccf,OL-16S-2b,54.0,Bacteria,Proteobacteria,Alphaproteobacteria,Puniceispirillales,uncultured,uncultured,Unassigned,16S,2b
882,999e5622287de3f425b65228982d4836,OL-16S-2b,54.0,Bacteria,Bdellovibrionota,Oligoflexia,Oligoflexales,Oligoflexaceae,Pseudobacteriovorax,Unassigned,16S,2b
883,3ffa9217b053e06cb9e42fa7fcaefa6a,OL-16S-2b,53.0,Bacteria,Gemmatimonadota,Gemmatimonadetes,Gemmatimonadales,Gemmatimonadaceae,Unassigned,Unassigned,16S,2b
884,7cd16a3de24ea25708549f4e00d1173a,OL-16S-2b,53.0,Bacteria,Unassigned,Unassigned,Unassigned,Unassigned,Unassigned,Unassigned,16S,2b
885,495c4ceadabaa4d6c2bc6ba016c637ea,OL-16S-2b,52.0,Bacteria,Proteobacteria,Alphaproteobacteria,Rhodobacterales,Rhodobacteraceae,Unassigned,Unassigned,16S,2b
886,d35b3d1a43418c8af1cc45f5f8479a35,OL-16S-2b,52.0,Bacteria,Acidobacteriota,Vicinamibacteria,Vicinamibacterales,Vicinamibacteraceae,Vicinamibacteraceae,Unassigned,16S,2b
887,25f1f55a8908ff6a624fb41130a5ede1,OL-16S-2b,51.0,Bacteria,Actinobacteriota,Actinobacteria,Frankiales,Sporichthyaceae,hgcI_clade,Unassigned,16S,2b
888,e726ab234079880af2c35142261f53d5,OL-16S-2b,51.0,Bacteria,Bacteroidota,Bacteroidia,Chitinophagales,Chitinophagaceae,Sediminibacterium,Unassigned,16S,2b
889,2e1ea3c7f18a1c2055fbc0b891d6023b,OL-16S-2b,50.0,Bacteria,Proteobacteria,Gammaproteobacteria,Burkholderiales,Unassigned,Unassigned,Unassigned,16S,2b
890,f893226efa80ed289975fd68d76b0a94,OL-16S-2b,50.0,Bacteria,Proteobacteria,Gammaproteobacteria,Burkholderiales,Unassigned,Unassigned,Unassigned,16S,2b
891,92df778906d9cb1e836098da0636acd5,OL-16S-2b,50.0,Bacteria,Proteobacteria,Alphaproteobacteria,Rhodospirillales,Magnetospiraceae,uncultured,Unassigned,16S,2b
892,ecb0846a15612585d5ac307b7ee2db24,OL-16S-2b,50.0,Bacteria,Bdellovibrionota,Oligoflexia,Oligoflexales,Oligoflexaceae,uncultured,Unassigned,16S,2b
893,a28c407ddd2a32479a2fc8a2eaa97fb4,OL-16S-2b,50.0,Bacteria,Bacteroidota,Bacteroidia,Sphingobacteriales,NS11-12_marine_group,NS11-12_marine_group,Unassigned,16S,2b
894,1c35399b0edf3ae8a770306eb5bbe8e9,OL-16S-2b,49.0,Bacteria,Bdellovibrionota,Bdellovibrionia,Bdellovibrionales,Bdellovibrionaceae,Bdellovibrio,Unassigned,16S,2b
895,ba90570d582acd45c186e334e3bbc7a0,OL-16S-2b,48.0,Bacteria,Marinimicrobia_(SAR406_clade),Marinimicrobia_(SAR406_clade),Marinimicrobia_(SAR406_clade),Marinimicrobia_(SAR406_clade),Marinimicrobia_(SAR406_clade),Unassigned,16S,2b
896,df3447d65e2c7445a0bb644dfec47cd1,OL-16S-2b,46.0,Bacteria,Unassigned,Unassigned,Unassigned,Unassigned,Unassigned,Unassigned,16S,2b
897,fe3243a4fc9bb952751825eb6cfed821,OL-16S-2b,46.0,Bacteria,Verrucomicrobiota,Verrucomicrobiae,Chthoniobacterales,Terrimicrobiaceae,Terrimicrobium,Unassigned,16S,2b
898,d65985806115ce767ce098b59d6870f8,OL-16S-2b,45.0,Bacteria,Cyanobacteria,Cyanobacteriia,Chloroplast,Chloroplast,Chloroplast,Unassigned,16S,2b
899,4f29eb9183e5369a3593ff2c0460fe1a,OL-16S-2b,44.0,Bacteria,Bdellovibrionota,Bdellovibrionia,Bdellovibrionales,Bdellovibrionaceae,OM27_clade,Unassigned,16S,2b
900,5a0e76ec8590233fe06279bcf8cdd39e,OL-16S-2b,44.0,Bacteria,Proteobacteria,Alphaproteobacteria,Rickettsiales,Rickettsiaceae,Candidatus_Megaira,Unassigned,16S,2b
901,d18338da00aaa230b2ee9e4040d28013,OL-16S-2b,43.0,Bacteria,Proteobacteria,Gammaproteobacteria,Burkholderiales,Hydrogenophilaceae,Thiobacillus,Unassigned,16S,2b
902,74c9b2b06a1209fb00d197e5e18c2018,OL-16S-2b,43.0,Bacteria,Proteobacteria,Gammaproteobacteria,Coxiellales,Coxiellaceae,Coxiella,Unassigned,16S,2b
903,b5545525de15e6fb5fde78d2b712d206,OL-16S-2b,43.0,Bacteria,Gemmatimonadota,Gemmatimonadetes,Gemmatimonadales,Gemmatimonadaceae,uncultured,Unassigned,16S,2b
904,c8ddd9da275395c79a233c8953f31faf,OL-16S-2b,42.0,Bacteria,Myxococcota,Polyangia,Polyangiales,Sandaracinaceae,uncultured,Unassigned,16S,2b
905,3bbc08c2f1823cd92ad227bbeb16c608,OL-16S-2b,42.0,Bacteria,Bacteroidota,Bacteroidia,Flavobacteriales,Cryomorphaceae,uncultured,Unassigned,16S,2b
906,3d0f95bf5fde1d3e690e22ecbb70eccb,OL-16S-2b,42.0,Bacteria,Planctomycetota,Planctomycetes,Planctomycetales,Rubinisphaeraceae,SH-PL14,Unassigned,16S,2b
907,7d3deed87682e8f3f59b4dc5a9e51d10,OL-16S-2b,42.0,Bacteria,Bacteroidota,Bacteroidia,Unassigned,Unassigned,Unassigned,Unassigned,16S,2b
908,917163017d86e1c1b575111a854c57d2,OL-16S-2b,41.0,Bacteria,Proteobacteria,Alphaproteobacteria,Rickettsiales,Mitochondria,Mitochondria,Unassigned,16S,2b
909,3efd8e43b98124a40d87b3d4279289fc,OL-16S-2b,41.0,Bacteria,Proteobacteria,Alphaproteobacteria,Unassigned,Unassigned,Unassigned,Unassigned,16S,2b
910,bf5aef49320face1cdeed221a9b61698,OL-16S-2b,41.0,Bacteria,Cyanobacteria,Cyanobacteriia,Chloroplast,Chloroplast,Chloroplast,Unassigned,16S,2b
911,f342ac9d0d2ab4811c9939e21e1c1b3f,OL-16S-2b,41.0,Bacteria,Proteobacteria,Alphaproteobacteria,Rickettsiales,Mitochondria,Mitochondria,Unassigned,16S,2b
912,b4a3127162c6cd85f32af4e529140a3f,OL-16S-2b,40.0,Bacteria,Bacteroidota,Bacteroidia,Chitinophagales,Chitinophagaceae,Unassigned,Unassigned,16S,2b
913,60f798c6f56075fc4476b1f4bdc4f672,OL-16S-2b,39.0,Bacteria,Proteobacteria,Alphaproteobacteria,Rickettsiales,Mitochondria,Mitochondria,Unassigned,16S,2b
914,565eec02b8877a31aaf53ee37e178cc0,OL-16S-2b,39.0,Bacteria,Proteobacteria,Alphaproteobacteria,Sphingomonadales,Sphingomonadaceae,Unassigned,Unassigned,16S,2b
915,cd9873050733741db1eea6e88ab5147f,OL-16S-2b,39.0,Bacteria,Cyanobacteria,Cyanobacteriia,Chloroplast,Chloroplast,Chloroplast,Unassigned,16S,2b
916,92b46781b7dd2d5574f660dafa36ac2a,OL-16S-2b,38.0,Bacteria,Bacteroidota,Bacteroidia,Unassigned,Unassigned,Unassigned,Unassigned,16S,2b
917,ff01a6fc037423035a1a2bf9108f71e5,OL-16S-2b,38.0,Bacteria,Proteobacteria,Alphaproteobacteria,Rickettsiales,Mitochondria,Mitochondria,Unassigned,16S,2b
918,b83c0f5ac8ff625c075d100d949f6682,OL-16S-2b,37.0,Bacteria,Bacteroidota,Bacteroidia,Bacteroidales,Unassigned,Unassigned,Unassigned,16S,2b
919,92c9c8652b760d2a8ea5e17aa8fd14e2,OL-16S-2b,37.0,Bacteria,Cyanobacteria,Cyanobacteriia,Chloroplast,Chloroplast,Chloroplast,Unassigned,16S,2b
920,5cc6eb190b961e3a43602357741baa53,OL-16S-2b,37.0,Bacteria,Proteobacteria,Alphaproteobacteria,Rickettsiales,Mitochondria,Mitochondria,Unassigned,16S,2b
921,066b6dc04792e8e7f6c692325ffb4999,OL-16S-2b,36.0,Bacteria,Armatimonadota,Armatimonadia,Armatimonadales,Armatimonadaceae,Armatimonas,Unassigned,16S,2b
922,ada2c06c265d543ecd6934865e7ccaaa,OL-16S-2b,35.0,Bacteria,Proteobacteria,Alphaproteobacteria,Rhizobiales,A0839,A0839,Unassigned,16S,2b
923,fa54d4cc705db84f4014df5d9a43d832,OL-16S-2b,35.0,Bacteria,Desulfobacterota,Syntrophobacteria,Syntrophobacterales,uncultured,uncultured,Unassigned,16S,2b
924,843620e744cfb1f29a4862593d27f689,OL-16S-2b,35.0,Bacteria,Proteobacteria,Alphaproteobacteria,Rhizobiales,Rhizobiales_Incertae_Sedis,Anderseniella,Unassigned,16S,2b
925,d3329c3d1f2a0109f00a5e4b6c7d4302,OL-16S-2b,35.0,Bacteria,Actinobacteriota,Thermoleophilia,Solirubrobacterales,67-14,67-14,Unassigned,16S,2b
926,0b98e78a5c1c8ace7cd48c313daebb41,OL-16S-2b,35.0,Bacteria,Bacteroidota,Bacteroidia,Flavobacteriales,Crocinitomicaceae,Fluviicola,Unassigned,16S,2b
927,489ebf1abc22ee36540e0dea06e22c2b,OL-16S-2b,34.0,Bacteria,Bacteroidota,Bacteroidia,Flavobacteriales,Flavobacteriaceae,Unassigned,Unassigned,16S,2b
928,6f334e19ec24bdd75ab8d23f30856e6a,OL-16S-2b,34.0,Bacteria,Cyanobacteria,Cyanobacteriia,Chloroplast,Chloroplast,Chloroplast,Unassigned,16S,2b
929,723de0ddd2de856155d61c3b4823b7ac,OL-16S-2b,34.0,Bacteria,Bacteroidota,Bacteroidia,Flavobacteriales,Flavobacteriaceae,Flavobacterium,Unassigned,16S,2b
930,8dd4485e31bd2a43c597da200720c53b,OL-16S-2b,34.0,Bacteria,Planctomycetota,Planctomycetes,Planctomycetales,Rubinisphaeraceae,Planctomicrobium,Unassigned,16S,2b
931,ced1e4c2bb5af15f2076da1598d5f767,OL-16S-2b,34.0,Bacteria,Proteobacteria,Alphaproteobacteria,SAR11_clade,Clade_III,Clade_III,Unassigned,16S,2b
932,3b143fbbfa889a8c0651342758a29480,OL-16S-2b,34.0,Bacteria,Planctomycetota,Planctomycetes,Planctomycetales,Rubinisphaeraceae,uncultured,Unassigned,16S,2b
933,b58c16b379b65a7fa69144e6dd67eb21,OL-16S-2b,33.0,Bacteria,Proteobacteria,Alphaproteobacteria,Rickettsiales,Rickettsiaceae,uncultured,Unassigned,16S,2b
934,12d6a8f173dc7fbfa3da849d708fbdb1,OL-16S-2b,33.0,Bacteria,Bacteroidota,Bacteroidia,Bacteroidales,Prolixibacteraceae,Unassigned,Unassigned,16S,2b
935,b7d5a5179695ead70de767fd385c4eb8,OL-16S-2b,32.0,Bacteria,Planctomycetota,Planctomycetes,Pirellulales,Pirellulaceae,Unassigned,Unassigned,16S,2b
936,0cecc430a13722a380ede4ce71e6f470,OL-16S-2b,32.0,Bacteria,Cyanobacteria,Cyanobacteriia,Chloroplast,Chloroplast,Chloroplast,Unassigned,16S,2b
937,f0749812be5e59bd6e7409209fcb872a,OL-16S-2b,32.0,Bacteria,Cyanobacteria,Cyanobacteriia,Chloroplast,Chloroplast,Chloroplast,Unassigned,16S,2b
938,c246840e9bbb482e7d94aa23be72407e,OL-16S-2b,32.0,Bacteria,Planctomycetota,Planctomycetes,Planctomycetales,Rubinisphaeraceae,uncultured,Unassigned,16S,2b
939,059fa1c1565e8c4d4432186be7ee46da,OL-16S-2b,9.0,Bacteria,Cyanobacteria,Cyanobacteriia,Chloroplast,Chloroplast,Chloroplast,Unassigned,16S,2b
940,4469657b1bd19612438bc5e84e422fa6,OL-16S-2b,31.0,Bacteria,Cyanobacteria,Cyanobacteriia,Chloroplast,Chloroplast,Chloroplast,Unassigned,16S,2b
941,5d15de98cf627b6745d0518a3301be8d,OL-16S-2b,31.0,Bacteria,Proteobacteria,Gammaproteobacteria,Unassigned,Unassigned,Unassigned,Unassigned,16S,2b
942,64302b57de803d7791471026f5b9e50b,OL-16S-2b,31.0,Bacteria,Proteobacteria,Alphaproteobacteria,SAR11_clade,Clade_III,Clade_III,Unassigned,16S,2b
943,f9a8890bc1804d58e2927d910f0eff9d,OL-16S-2b,16.0,Bacteria,Bacteroidota,Bacteroidia,Cytophagales,Spirosomaceae,Emticicia,Unassigned,16S,2b
944,fdb93602ab4fc05d87f0fbb788a7d5d8,OL-16S-2b,30.0,Bacteria,Proteobacteria,Gammaproteobacteria,Pseudomonadales,SAR86_clade,SAR86_clade,Unassigned,16S,2b
945,8b45af2f279f908da9cd3ab751319ff9,OL-16S-2b,29.0,Bacteria,Cyanobacteria,Vampirivibrionia,Caenarcaniphilales,Caenarcaniphilales,Caenarcaniphilales,Unassigned,16S,2b
946,1949ef5b5ed6386009ae725886eb91ce,OL-16S-2b,29.0,Bacteria,Cyanobacteria,Cyanobacteriia,Chloroplast,Chloroplast,Chloroplast,Unassigned,16S,2b
947,12876320597131e6de2484ca4f898314,OL-16S-2b,28.0,Bacteria,Bacteroidota,Bacteroidia,Flavobacteriales,Crocinitomicaceae,Fluviicola,Unassigned,16S,2b
948,05ddf673cf6262bf1d0ec3b78a063f82,OL-16S-2b,28.0,Bacteria,Armatimonadota,Fimbriimonadia,Fimbriimonadales,Fimbriimonadaceae,Fimbriimonadaceae,Unassigned,16S,2b
949,e50cfa2833d19c892e997b4cace01cc8,OL-16S-2b,27.0,Bacteria,Cyanobacteria,Cyanobacteriia,Chloroplast,Chloroplast,Chloroplast,Unassigned,16S,2b
950,92fdef45f029c9ed4d67e4c517aa2bcd,OL-16S-2b,25.0,Bacteria,Latescibacterota,Latescibacterota,Latescibacterota,Latescibacterota,Latescibacterota,Unassigned,16S,2b
951,02220a7ddc25479ebb8afd3a1afc8971,OL-16S-2b,24.0,Bacteria,Methylomirabilota,Methylomirabilia,Rokubacteriales,Rokubacteriales,Rokubacteriales,Unassigned,16S,2b
952,eeb2c96d5353345e09d8f861306251cc,OL-16S-2b,24.0,Bacteria,Proteobacteria,Alphaproteobacteria,Rickettsiales,Mitochondria,Mitochondria,Unassigned,16S,2b
953,ad113af42cfb9a1f0d6fb919534de07b,OL-16S-2b,24.0,Bacteria,Cyanobacteria,Cyanobacteriia,Synechococcales,Cyanobiaceae,Cyanobium_PCC-6307,Unassigned,16S,2b
954,3acd63fd941aca354629089a5f1d8ca0,OL-16S-2b,23.0,Bacteria,Proteobacteria,Alphaproteobacteria,Rickettsiales,Mitochondria,Mitochondria,Unassigned,16S,2b
955,1393f764e6ac286c40725f6eee5562e9,OL-16S-2b,23.0,Bacteria,Unassigned,Unassigned,Unassigned,Unassigned,Unassigned,Unassigned,16S,2b
956,88a102b95bc65f0c72c801253e3a91ec,OL-16S-2b,23.0,Bacteria,Unassigned,Unassigned,Unassigned,Unassigned,Unassigned,Unassigned,16S,2b
957,7125173bed230cca0c3f38ac3f775a36,OL-16S-2b,23.0,Bacteria,Bacteroidota,Bacteroidia,Flavobacteriales,Flavobacteriaceae,Robiginitalea,Unassigned,16S,2b
958,5d8347fd9df35c8a410e5f69ce2a338b,OL-16S-2b,22.0,Bacteria,Cyanobacteria,Sericytochromatia,Sericytochromatia,Sericytochromatia,Sericytochromatia,Unassigned,16S,2b
959,32eeb96dec7f5e3ab011a78b0cf22272,OL-16S-2b,22.0,Bacteria,Cyanobacteria,Cyanobacteriia,Chloroplast,Chloroplast,Chloroplast,Unassigned,16S,2b
960,89bec6651e19e63a2e90bfe741be4a9a,OL-16S-2b,21.0,Bacteria,Cyanobacteria,Cyanobacteriia,Chloroplast,Chloroplast,Chloroplast,Unassigned,16S,2b
961,225196336fc9dccdc51f09233e516ebf,OL-16S-2b,21.0,Bacteria,Bacteroidota,Kryptonia,Kryptoniales,BSV26,BSV26,Unassigned,16S,2b
962,f883405b67ccc14eb9421abfe63cce68,OL-16S-2b,21.0,Bacteria,Unassigned,Unassigned,Unassigned,Unassigned,Unassigned,Unassigned,16S,2b
963,64ff058e2e4fc85b7c25776481c5ed57,OL-16S-2b,20.0,Bacteria,Unassigned,Unassigned,Unassigned,Unassigned,Unassigned,Unassigned,16S,2b
964,d401c53124709f8f931d413b0a0273f3,OL-16S-2b,20.0,Bacteria,Proteobacteria,Alphaproteobacteria,Micropepsales,Micropepsaceae,uncultured,Unassigned,16S,2b
965,191cd24acf03123745146e76712071f8,OL-16S-2b,20.0,Bacteria,Cyanobacteria,Cyanobacteriia,Chloroplast,Chloroplast,Chloroplast,Unassigned,16S,2b
966,033bd07f7364ebcef928d1ec1a45efd6,OL-16S-2b,19.0,Bacteria,Proteobacteria,Gammaproteobacteria,Methylococcales,Methylomonadaceae,uncultured,Unassigned,16S,2b
967,dc940398777bae5042848599c565b0fd,OL-16S-2b,19.0,Bacteria,Proteobacteria,Gammaproteobacteria,Burkholderiales,T34,T34,Unassigned,16S,2b
968,aded480da9dcc14db0b5c73acef09411,OL-16S-2b,19.0,Bacteria,Fusobacteriota,Fusobacteriia,Fusobacteriales,Fusobacteriaceae,Cetobacterium,Unassigned,16S,2b
969,ac0f2bf2d9b545defdb553cc5feaa9e0,OL-16S-2b,19.0,Bacteria,Bdellovibrionota,Bdellovibrionia,Bdellovibrionales,Bdellovibrionaceae,OM27_clade,Unassigned,16S,2b
970,ebae6e35f18a5140bfff413cccdac00a,OL-16S-2b,19.0,Bacteria,Planctomycetota,Pla3_lineage,Pla3_lineage,Pla3_lineage,Pla3_lineage,Unassigned,16S,2b
971,a1f4cd1832f637a57109a21881d53ddc,OL-16S-2b,18.0,Bacteria,Cyanobacteria,Cyanobacteriia,Chloroplast,Chloroplast,Chloroplast,Unassigned,16S,2b
972,cb985946a4d41de543519d9966fb5981,OL-16S-2b,18.0,Bacteria,Latescibacterota,Latescibacterota,Latescibacterota,Latescibacterota,Latescibacterota,Unassigned,16S,2b
973,bee0dc75de836992a8bd99053901af0f,OL-16S-2b,17.0,Bacteria,Bacteroidota,Bacteroidia,Chitinophagales,Saprospiraceae,uncultured,Unassigned,16S,2b
974,f69149f3112f0ac6d1dcc0f281de563c,OL-16S-2b,17.0,Bacteria,Unassigned,Unassigned,Unassigned,Unassigned,Unassigned,Unassigned,16S,2b
975,db70a2105abe0c3d5d5ececa01e2e12a,OL-16S-2b,16.0,Bacteria,Planctomycetota,Planctomycetes,Planctomycetales,Rubinisphaeraceae,SH-PL14,Unassigned,16S,2b
976,e2926780eeadae2d4472fa06332b2d89,OL-16S-2b,16.0,Bacteria,Bacteroidota,Bacteroidia,Bacteroidales,Paludibacteraceae,Paludibacter,Unassigned,16S,2b
977,5e3adcc26cafefce6dd1c7c83a4dd3f3,OL-16S-2b,16.0,Bacteria,Bacteroidota,Bacteroidia,Unassigned,Unassigned,Unassigned,Unassigned,16S,2b
978,b504e4426ebe3586d0a5809f9b162838,OL-16S-2b,15.0,Bacteria,Acidobacteriota,Blastocatellia,Blastocatellales,Blastocatellaceae,Unassigned,Unassigned,16S,2b
979,4d2e7b0ecb2f61fcaf185706361b924c,OL-16S-2b,15.0,Bacteria,Cyanobacteria,Cyanobacteriia,Chloroplast,Chloroplast,Chloroplast,Unassigned,16S,2b
980,c0783746444b14843fc07e042062b41f,OL-16S-2b,15.0,Bacteria,Acidobacteriota,Vicinamibacteria,Subgroup_17,Subgroup_17,Subgroup_17,Unassigned,16S,2b
981,0adf190256c6296ff93c883a4ab6da38,OL-16S-2b,15.0,Bacteria,Proteobacteria,Alphaproteobacteria,Rickettsiales,Mitochondria,Mitochondria,Unassigned,16S,2b
982,2483e440ebbcd5f988015c9910235e71,OL-16S-2b,15.0,Bacteria,Proteobacteria,Alphaproteobacteria,Rickettsiales,Mitochondria,Mitochondria,Unassigned,16S,2b
983,e92629e680829eaf0b505f2e8dbfb0a3,OL-16S-2b,14.0,Bacteria,Sva0485,Sva0485,Sva0485,Sva0485,Sva0485,Unassigned,16S,2b
984,29e0bdf084e6346a87c0b07351a14435,OL-16S-2b,14.0,Bacteria,Planctomycetota,Planctomycetes,Planctomycetales,uncultured,uncultured,Unassigned,16S,2b
985,c35f11fde147be4a8c056e619a27d85a,OL-16S-2b,14.0,Bacteria,Planctomycetota,Planctomycetes,Planctomycetales,Rubinisphaeraceae,SH-PL14,Unassigned,16S,2b
986,a2962a413c800726066d70d1be676b48,OL-16S-2b,14.0,Archaea,Crenarchaeota,Nitrososphaeria,Nitrosopumilales,Nitrosopumilaceae,Nitrosarchaeum,Unassigned,16S,2b
987,f38b4f91cb378feca7423bd6ca33c176,OL-16S-2b,13.0,Bacteria,Proteobacteria,Gammaproteobacteria,Coxiellales,Coxiellaceae,Coxiella,Unassigned,16S,2b
988,3aa116f0aeba92b067e232a2306d1d80,OL-16S-2b,13.0,Bacteria,Bdellovibrionota,Bdellovibrionia,Bdellovibrionales,Bdellovibrionaceae,Bdellovibrio,Unassigned,16S,2b
989,e32f806f1cf934ff332c2af43bae4614,OL-16S-2b,13.0,Bacteria,Dependentiae,Babeliae,Babeliales,Unassigned,Unassigned,Unassigned,16S,2b
990,3c81dc39ffbe1cec024b48a595f650dc,OL-16S-2b,12.0,Bacteria,Firmicutes,Negativicutes,Veillonellales-Selenomonadales,Selenomonadaceae,Propionispira,Unassigned,16S,2b
991,99e3ba8e7e57d7042e9b1a220ebeccaf,OL-16S-2b,12.0,Bacteria,Planctomycetota,Planctomycetes,Unassigned,Unassigned,Unassigned,Unassigned,16S,2b
992,dec1d8550bc33bc02a64dee3df673092,OL-16S-2b,12.0,Bacteria,Proteobacteria,Gammaproteobacteria,Pseudomonadales,KI89A_clade,KI89A_clade,Unassigned,16S,2b
993,9d624bc91b4ba69d75011ac0d8005ea6,OL-16S-2b,12.0,Bacteria,Proteobacteria,Gammaproteobacteria,Enterobacterales,Unassigned,Unassigned,Unassigned,16S,2b
994,05227e387a335776ed9d3d7c9e062b35,OL-16S-2b,11.0,Bacteria,Proteobacteria,Alphaproteobacteria,Paracaedibacterales,Paracaedibacteraceae,uncultured,Unassigned,16S,2b
995,b7ffc3e655a562b246748c63f7b850bc,OL-16S-2b,11.0,Bacteria,Proteobacteria,Alphaproteobacteria,Rickettsiales,Rickettsiaceae,Unassigned,Unassigned,16S,2b
996,7d3d9291c9a81c5cc4644e65f5657065,OL-16S-2b,11.0,Bacteria,Proteobacteria,Alphaproteobacteria,Rickettsiales,Mitochondria,Mitochondria,Unassigned,16S,2b
997,afb3e6f16647b932362fcce9951a689c,OL-16S-2b,11.0,Bacteria,Bacteroidota,Bacteroidia,Sphingobacteriales,Lentimicrobiaceae,Lentimicrobiaceae,Unassigned,16S,2b
998,3061662f911aa1811cc6b3bbd4c8ce27,OL-16S-2b,11.0,Bacteria,Unassigned,Unassigned,Unassigned,Unassigned,Unassigned,Unassigned,16S,2b
999,b3361ffdd63075c48ead4361ffddab60,OL-16S-2b,11.0,Archaea,Euryarchaeota,Methanobacteria,Methanobacteriales,Methanobacteriaceae,Methanobacterium,Unassigned,16S,2b
1000,0439739ba0b5542ffe3c339b58c351c3,OL-16S-2b,11.0,Bacteria,Bacteroidota,Bacteroidia,Chitinophagales,Saprospiraceae,Unassigned,Unassigned,16S,2b
1001,32ad0a30e9bfba9761a30ac6d848a74c,OL-16S-2b,10.0,Bacteria,Unassigned,Unassigned,Unassigned,Unassigned,Unassigned,Unassigned,16S,2b
1002,5ca808775c9eb702e033686e4edc0b49,OL-16S-2b,10.0,Bacteria,Chloroflexi,Anaerolineae,Anaerolineales,Anaerolineaceae,Anaerolinea,Unassigned,16S,2b
1003,ceaec582879655dc2afe6e0b5c8ba864,OL-16S-2b,9.0,Bacteria,Proteobacteria,Gammaproteobacteria,Thiotrichales,Thiotrichaceae,Thiothrix,Unassigned,16S,2b
1004,1920ecd0f120ce9597e0b387f02bd417,OL-16S-2b,9.0,Bacteria,Acidobacteriota,Aminicenantia,Aminicenantales,Aminicenantales,Aminicenantales,Unassigned,16S,2b
1005,5dd3f13a53d6cad3b9fe3cc702f1ad3d,OL-16S-2b,9.0,Bacteria,Proteobacteria,Gammaproteobacteria,Unassigned,Unassigned,Unassigned,Unassigned,16S,2b
1006,4c10c604f28ba8c70fec39a4dc20bab1,OL-16S-2b,8.0,Bacteria,Bacteroidota,Bacteroidia,Sphingobacteriales,AKYH767,AKYH767,Unassigned,16S,2b
1007,9ce5afc10a3928f4744c41bda8bec8d8,OL-16S-2b,8.0,Bacteria,Proteobacteria,Gammaproteobacteria,Unassigned,Unassigned,Unassigned,Unassigned,16S,2b
1008,beceb01d9ef2a27ef9b4e1fb948c36c1,OL-16S-2b,7.0,Bacteria,Planctomycetota,Planctomycetes,Pirellulales,Pirellulaceae,Blastopirellula,Unassigned,16S,2b
1009,7969299eadb6593da5c76440c04b90dd,OL-16S-2b,7.0,Bacteria,Planctomycetota,Planctomycetes,Gemmatales,Gemmataceae,uncultured,Unassigned,16S,2b
1010,d4a140416f8368d42307e2f43db0cfe5,OL-16S-2b,7.0,Bacteria,SAR324_clade(Marine_group_B),SAR324_clade(Marine_group_B),SAR324_clade(Marine_group_B),SAR324_clade(Marine_group_B),SAR324_clade(Marine_group_B),Unassigned,16S,2b
1011,dca6996fc24d4fde2aa193284e58c860,OL-16S-2b,7.0,Bacteria,Acidobacteriota,Acidobacteriae,Bryobacterales,Bryobacteraceae,Bryobacter,Unassigned,16S,2b
1012,bb28eeacf5563b8f872ac03b8cb3b5f2,OL-16S-2b,7.0,Bacteria,Dependentiae,Babeliae,Babeliales,Unassigned,Unassigned,Unassigned,16S,2b
1013,13fab3fa6412044a8df3d9a44aa4f093,OL-16S-2b,7.0,Bacteria,Spirochaetota,Leptospirae,Leptospirales,Leptospiraceae,Turneriella,Unassigned,16S,2b
1014,31e7b0b6bbb9d583136135d7e9c816f4,OL-16S-2b,7.0,Bacteria,Planctomycetota,Planctomycetes,Planctomycetales,uncultured,uncultured,Unassigned,16S,2b
1015,484545e283337808b25e9fd9dd711a90,OL-16S-2b,7.0,Eukaryota,Unassigned,Unassigned,Unassigned,Unassigned,Unassigned,Unassigned,16S,2b
1016,176c778f76cb65ee333ff064c894a85c,OL-16S-2b,7.0,Bacteria,Nitrospirota,Thermodesulfovibrionia,uncultured,uncultured,uncultured,Unassigned,16S,2b
1017,378ed72e1641f28725bffcf0ada33670,OL-16S-2b,7.0,Bacteria,Proteobacteria,Alphaproteobacteria,Rickettsiales,Mitochondria,Mitochondria,Unassigned,16S,2b
1018,444d41538ac19fada2780bfecdf860ad,OL-16S-2b,6.0,Bacteria,Bacteroidota,OC31,OC31,OC31,OC31,Unassigned,16S,2b
1019,923775d50d29e583f653024822fe5392,OL-16S-2b,6.0,Bacteria,Bacteroidota,Bacteroidia,Cytophagales,Cyclobacteriaceae,uncultured,Unassigned,16S,2b
1020,c73f419e5fadd79f82d5326474b2db50,OL-16S-2b,6.0,Bacteria,Bacteroidota,Bacteroidia,Unassigned,Unassigned,Unassigned,Unassigned,16S,2b
1021,c7f1c85d3d3854dce554df840e1b6205,OL-16S-2b,6.0,Bacteria,Proteobacteria,Alphaproteobacteria,Rickettsiales,Mitochondria,Mitochondria,Unassigned,16S,2b
1022,14e7a854b91084ffd8f609f5f5fba755,OL-16S-2b,5.0,Bacteria,Bdellovibrionota,Bdellovibrionia,Bdellovibrionales,Bdellovibrionaceae,Bdellovibrio,Unassigned,16S,2b
1023,a94a8cb93aae3fc708c4f15e122dd256,OL-16S-2b,5.0,Bacteria,Bdellovibrionota,Bdellovibrionia,Bdellovibrionales,Bdellovibrionaceae,OM27_clade,Unassigned,16S,2b
1024,62f847420f8b5abc90c9dfc12c947547,OL-16S-2b,5.0,Archaea,Nanoarchaeota,Nanoarchaeia,Woesearchaeales,Unassigned,Unassigned,Unassigned,16S,2b
1025,c8ea7287d6ea6e24fd0ee7ba131a22ab,OL-16S-2b,5.0,Bacteria,Bdellovibrionota,Bdellovibrionia,Bacteriovoracales,Bacteriovoracaceae,Unassigned,Unassigned,16S,2b
1026,de8ef6ec1d2874a3c3f3e6cd3f7e6363,OL-16S-2b,5.0,Bacteria,Acidobacteriota,Subgroup_22,Subgroup_22,Subgroup_22,Subgroup_22,Unassigned,16S,2b
1027,1a901ea9db7abf16d7517230363bb6e0,OL-16S-2b,5.0,Bacteria,Bdellovibrionota,Bdellovibrionia,Bacteriovoracales,Bacteriovoracaceae,Peredibacter,Unassigned,16S,2b
1028,a30dba7e800dd90095642613936f8e05,OL-16S-2b,5.0,Bacteria,Proteobacteria,Alphaproteobacteria,Rickettsiales,Unassigned,Unassigned,Unassigned,16S,2b
1029,61465cffa46cb8ddb73b81363955946e,OL-16S-2b,5.0,Bacteria,Chloroflexi,Anaerolineae,Ardenticatenales,uncultured,uncultured,Unassigned,16S,2b
1030,51ad478affb7d0652b116ce293d2d285,OL-16S-2b,5.0,Bacteria,Bdellovibrionota,Bdellovibrionia,Bacteriovoracales,Bacteriovoracaceae,Unassigned,Unassigned,16S,2b
1031,46779c075d4a7c50f9d34654c498e619,OL-16S-2b,5.0,Bacteria,Verrucomicrobiota,Verrucomicrobiae,Chthoniobacterales,Chthoniobacteraceae,Chthoniobacter,Unassigned,16S,2b
1032,1c4390da176d4186b89a959f54307e10,OL-16S-2b,3.0,Bacteria,Actinobacteriota,Acidimicrobiia,Unassigned,Unassigned,Unassigned,Unassigned,16S,2b
1033,d9b68c2801789e5033af524e9579bc6c,OL-16S-3a,152.0,Bacteria,Cyanobacteria,Cyanobacteriia,Synechococcales,Cyanobiaceae,Synechococcus_CC9902,Unassigned,16S,3a
1034,aa808b0478d08a06b2b00e0e5c07890b,OL-16S-3a,144.0,Bacteria,Proteobacteria,Alphaproteobacteria,Rhodobacterales,Rhodobacteraceae,Unassigned,Unassigned,16S,3a
1035,6f1acc90123cbf55ff12a937e937378f,OL-16S-3a,158.0,Bacteria,Proteobacteria,Alphaproteobacteria,Rhodobacterales,Rhodobacteraceae,Unassigned,Unassigned,16S,3a
1036,e3a9f12464238cd45ef04be10f3221cc,OL-16S-3a,132.0,Bacteria,Cyanobacteria,Cyanobacteriia,Synechococcales,Cyanobiaceae,Synechococcus_CC9902,Unassigned,16S,3a
1037,5867104194c871f7bcbf25f8a84e01f9,OL-16S-3a,129.0,Bacteria,Cyanobacteria,Cyanobacteriia,Synechococcales,Cyanobiaceae,Synechococcus_CC9902,Unassigned,16S,3a
1038,e8ba99dea3e43d620f7902993a983e5a,OL-16S-3a,117.0,Bacteria,Proteobacteria,Alphaproteobacteria,Rhodobacterales,Rhodobacteraceae,Unassigned,Unassigned,16S,3a
1039,615c84c753ad586852541e8d7c4a56a2,OL-16S-3a,47.0,Bacteria,Cyanobacteria,Cyanobacteriia,Synechococcales,Cyanobiaceae,Cyanobium_PCC-6307,Unassigned,16S,3a
1040,f342c8d7070cb66e871be0c9d05ff96e,OL-16S-3a,22.0,Bacteria,Proteobacteria,Alphaproteobacteria,Rhodospirillales,AEGEAN-169_marine_group,AEGEAN-169_marine_group,Unassigned,16S,3a
1041,e4fc1e7397c8be68c7fa5f9f176aef29,OL-16S-3a,33.0,Bacteria,Proteobacteria,Gammaproteobacteria,Enterobacterales,Alteromonadaceae,Unassigned,Unassigned,16S,3a
1042,9f8960cf1237e95ad9c9b290584b2581,OL-16S-3a,23.0,Bacteria,Proteobacteria,Alphaproteobacteria,Rhodospirillales,AEGEAN-169_marine_group,AEGEAN-169_marine_group,Unassigned,16S,3a
1043,30409ab8de31707cb4bd8310b08e40d4,OL-16S-3a,75.0,Bacteria,Proteobacteria,Alphaproteobacteria,Rhodobacterales,Rhodobacteraceae,Unassigned,Unassigned,16S,3a
1044,eb780f66626023ce02c1875210481084,OL-16S-3a,42.0,Bacteria,Proteobacteria,Gammaproteobacteria,Enterobacterales,Alteromonadaceae,Unassigned,Unassigned,16S,3a
1045,fa4ee87776b4bf397b6b116e40651ce5,OL-16S-3a,25.0,Bacteria,Cyanobacteria,Cyanobacteriia,Synechococcales,Cyanobiaceae,Cyanobium_PCC-6307,Unassigned,16S,3a
1046,2f2100acf93eac685f042809f2e38ae9,OL-16S-3a,16.0,Bacteria,Cyanobacteria,Cyanobacteriia,Chloroplast,Chloroplast,Chloroplast,Unassigned,16S,3a
1047,532a63a809461d05c0379584c386b37c,OL-16S-3a,25.0,Bacteria,Cyanobacteria,Cyanobacteriia,Chloroplast,Chloroplast,Chloroplast,Unassigned,16S,3a
1048,7bbabcdd78bb2bb68d5f71e71dac3126,OL-16S-3a,28.0,Bacteria,Bacteroidota,Bacteroidia,Flavobacteriales,Cryomorphaceae,uncultured,Unassigned,16S,3a
1049,bd786103272d12037e5554bdd0eae589,OL-16S-3a,45.0,Bacteria,Bacteroidota,Bacteroidia,Flavobacteriales,Unassigned,Unassigned,Unassigned,16S,3a
1050,3a8062494ed86ee90d2ada130c52766b,OL-16S-3a,90.0,Bacteria,Proteobacteria,Alphaproteobacteria,Rickettsiales,Mitochondria,Mitochondria,Unassigned,16S,3a
1051,2c85718b65504152b771bdcdecb47332,OL-16S-3a,46.0,Bacteria,Proteobacteria,Gammaproteobacteria,Enterobacterales,Vibrionaceae,Unassigned,Unassigned,16S,3a
1052,ef16ea6017978e4f623a2792170a4bfd,OL-16S-3a,36.0,Bacteria,Cyanobacteria,Cyanobacteriia,Chloroplast,Chloroplast,Chloroplast,Unassigned,16S,3a
1053,0ba6d5ecc95a82e0150e1dc653f69bb2,OL-16S-3a,63.0,Bacteria,SAR324_clade(Marine_group_B),SAR324_clade(Marine_group_B),SAR324_clade(Marine_group_B),SAR324_clade(Marine_group_B),SAR324_clade(Marine_group_B),Unassigned,16S,3a
1054,9b027540621376c8e0b682720b523902,OL-16S-3a,64.0,Bacteria,Cyanobacteria,Cyanobacteriia,Synechococcales,Cyanobiaceae,Cyanobium_PCC-6307,Unassigned,16S,3a
1055,79df7438686fcd4adbd56a8cd92847ea,OL-16S-3a,168.0,Bacteria,Planctomycetota,Planctomycetes,Pirellulales,Pirellulaceae,Rubripirellula,Unassigned,16S,3a
1056,39a32c9589ed4587f6f2e7d40b5f59bd,OL-16S-3a,35.0,Bacteria,Cyanobacteria,Cyanobacteriia,Chloroplast,Chloroplast,Chloroplast,Unassigned,16S,3a
1057,f2165b309a00a791a430aed160732576,OL-16S-3a,17.0,Bacteria,Cyanobacteria,Cyanobacteriia,Chloroplast,Chloroplast,Chloroplast,Unassigned,16S,3a
1058,6959cd643544eb382ec3614c80560a22,OL-16S-3a,45.0,Bacteria,Proteobacteria,Alphaproteobacteria,Rhodobacterales,Rhodobacteraceae,Unassigned,Unassigned,16S,3a
1059,a55e816e9176801a058fc60c9be2ed8d,OL-16S-3a,27.0,Bacteria,Bacteroidota,Bacteroidia,Flavobacteriales,Unassigned,Unassigned,Unassigned,16S,3a
1060,ee53abd565a5fe40aa87ed1d54cde184,OL-16S-3a,18.0,Bacteria,Cyanobacteria,Cyanobacteriia,Synechococcales,Cyanobiaceae,Cyanobium_PCC-6307,Unassigned,16S,3a
1061,f2da6e39397a2f45b3ccf4aa8026535c,OL-16S-3a,19.0,Bacteria,Cyanobacteria,Cyanobacteriia,Chloroplast,Chloroplast,Chloroplast,Unassigned,16S,3a
1062,8dfd3941da45560af84b14538d6b69c0,OL-16S-3a,69.0,Bacteria,Cyanobacteria,Cyanobacteriia,Cyanobacteriales,Cyanobacteriaceae,Symphothece_PCC-7002,Unassigned,16S,3a
1063,2dbd82e9f15cceb8df479fde9243c868,OL-16S-3a,14.0,Bacteria,Proteobacteria,Alphaproteobacteria,SAR11_clade,Clade_III,Clade_III,Unassigned,16S,3a
1064,f070337cb0d512394d60480f2b66b761,OL-16S-3a,85.0,Bacteria,Bacteroidota,Bacteroidia,Flavobacteriales,Crocinitomicaceae,Fluviicola,Unassigned,16S,3a
1065,e65b6b9fa492374e113d5a1e6eb004ea,OL-16S-3a,36.0,Bacteria,Cyanobacteria,Cyanobacteriia,Chloroplast,Chloroplast,Chloroplast,Unassigned,16S,3a
1066,6ff4babd2b24a9485336c84c5d03846d,OL-16S-3a,32.0,Bacteria,Cyanobacteria,Cyanobacteriia,Chloroplast,Chloroplast,Chloroplast,Unassigned,16S,3a
1067,fc58167af9689341a1bc652491622caf,OL-16S-3a,12.0,Bacteria,Proteobacteria,Alphaproteobacteria,Rhodobacterales,Rhodobacteraceae,Unassigned,Unassigned,16S,3a
1068,7d5fbf1f6e39dcb1c5ceef7e9247430e,OL-16S-3a,11.0,Bacteria,Cyanobacteria,Cyanobacteriia,Synechococcales,Cyanobiaceae,Cyanobium_PCC-6307,Unassigned,16S,3a
1069,3bc129284718de0ca4a3fc44026b9432,OL-16S-3a,132.0,Bacteria,Proteobacteria,Gammaproteobacteria,Pseudomonadales,Halieaceae,Unassigned,Unassigned,16S,3a
1070,02af5ab13c91ef2bd2bfdf5ee43091cc,OL-16S-3a,68.0,Bacteria,Bacteroidota,Bacteroidia,Flavobacteriales,Cryomorphaceae,uncultured,Unassigned,16S,3a
1071,fbd67f533b85f7453e3608c8ff10ff6d,OL-16S-3a,75.0,Bacteria,Proteobacteria,Gammaproteobacteria,Enterobacterales,Vibrionaceae,Unassigned,Unassigned,16S,3a
1072,b14a00f5e69a6767c97e751e8c2adacc,OL-16S-3a,6.0,Bacteria,Bacteroidota,Bacteroidia,Flavobacteriales,Flavobacteriaceae,Tenacibaculum,Unassigned,16S,3a
1073,3d99bf4e19dc5e7db72611193902074c,OL-16S-3a,22.0,Bacteria,Cyanobacteria,Cyanobacteriia,Chloroplast,Chloroplast,Chloroplast,Unassigned,16S,3a
1074,a04b8f54ca3d935e024047fcdb81cb34,OL-16S-3a,58.0,Bacteria,Proteobacteria,Alphaproteobacteria,Rhizobiales,Stappiaceae,Stappiaceae,Unassigned,16S,3a
1075,344bfb1f23f026d44d9bbf0db674c4b6,OL-16S-3a,117.0,Bacteria,Bacteroidota,Bacteroidia,Flavobacteriales,Flavobacteriaceae,Robiginitalea,Unassigned,16S,3a
1076,4befb424a392fb162e2701727ce4202e,OL-16S-3a,117.0,Bacteria,Proteobacteria,Gammaproteobacteria,Unassigned,Unassigned,Unassigned,Unassigned,16S,3a
1077,d9c0185fe7a2c4e58e0c12892e5dd788,OL-16S-3a,22.0,Bacteria,Bacteroidota,Bacteroidia,Flavobacteriales,Cryomorphaceae,uncultured,Unassigned,16S,3a
1078,3d501e7b7862b23fdf54fe5764413bb2,OL-16S-3a,75.0,Bacteria,Cyanobacteria,Cyanobacteriia,Chloroplast,Chloroplast,Chloroplast,Unassigned,16S,3a
1079,37d704261c06a5ac07db0e2102cd8634,OL-16S-3a,24.0,Bacteria,Bacteroidota,Bacteroidia,Flavobacteriales,Flavobacteriaceae,Unassigned,Unassigned,16S,3a
1080,90681ba58a195f80e61a3e972172070d,OL-16S-3a,64.0,Archaea,Nanoarchaeota,Nanoarchaeia,Woesearchaeales,Woesearchaeales,Woesearchaeales,Unassigned,16S,3a
1081,e0a59411c7d06f770400a7b68e3d9c98,OL-16S-3a,11.0,Bacteria,Bacteroidota,Bacteroidia,Flavobacteriales,Flavobacteriaceae,NS4_marine_group,Unassigned,16S,3a
1082,5c157ae452b538e8eba896b826c7573d,OL-16S-3a,66.0,Bacteria,Planctomycetota,OM190,OM190,OM190,OM190,Unassigned,16S,3a
1083,dea77a14de7bcfbd1601ddab088626ce,OL-16S-3a,51.0,Bacteria,Bacteroidota,Bacteroidia,Chitinophagales,Saprospiraceae,Aureispira,Unassigned,16S,3a
1084,e85412d93608da143f62e527657fee4a,OL-16S-3a,11.0,Bacteria,Cyanobacteria,Cyanobacteriia,Chloroplast,Chloroplast,Chloroplast,Unassigned,16S,3a
1085,6dd6ef9df7fd44f0f410549f77974ec5,OL-16S-3a,9.0,Bacteria,Bacteroidota,Bacteroidia,Flavobacteriales,Flavobacteriaceae,Unassigned,Unassigned,16S,3a
1086,cd40b246bb0d508cd2a82cede8eb3bcc,OL-16S-3a,15.0,Bacteria,Cyanobacteria,Cyanobacteriia,Chloroplast,Chloroplast,Chloroplast,Unassigned,16S,3a
1087,fb97eb1dde73a56cafc20a72252cfe4e,OL-16S-3a,58.0,Bacteria,Proteobacteria,Gammaproteobacteria,Pseudomonadales,SAR86_clade,SAR86_clade,Unassigned,16S,3a
1088,74c372d71585932dfe5782cbd12f5f53,OL-16S-3a,50.0,Bacteria,Cyanobacteria,Cyanobacteriia,Chloroplast,Chloroplast,Chloroplast,Unassigned,16S,3a
1089,d31c2538d7797e232d5a409419597344,OL-16S-3a,95.0,Bacteria,Proteobacteria,Alphaproteobacteria,Rhodobacterales,Rhodobacteraceae,Unassigned,Unassigned,16S,3a
1090,9b86422917b7e359598489225b0f5e05,OL-16S-3a,95.0,Bacteria,Bacteroidota,Bacteroidia,Flavobacteriales,Flavobacteriaceae,Muriicola,Unassigned,16S,3a
1091,df53ffbec5794c0c24f03b2313343072,OL-16S-3a,60.0,Bacteria,Proteobacteria,Gammaproteobacteria,Gammaproteobacteria_Incertae_Sedis,Unknown_Family,Marinicella,Unassigned,16S,3a
1092,4a8721027b296f0251066fd4c1920cf2,OL-16S-3a,51.0,Bacteria,Proteobacteria,Gammaproteobacteria,Pseudomonadales,OM182_clade,OM182_clade,Unassigned,16S,3a
1093,1d7410d28926311a6f8d1d51a6a2af22,OL-16S-3a,9.0,Bacteria,Cyanobacteria,Cyanobacteriia,Chloroplast,Chloroplast,Chloroplast,Unassigned,16S,3a
1094,42ceb665dd5c4679fba23b54fda37be2,OL-16S-3a,91.0,Bacteria,Proteobacteria,Gammaproteobacteria,Pseudomonadales,Litoricolaceae,Litoricola,Unassigned,16S,3a
1095,fee9e1e2aa99961e8cf00ab96eafd9be,OL-16S-3a,91.0,Bacteria,Proteobacteria,Gammaproteobacteria,Enterobacterales,Pseudoalteromonadaceae,Pseudoalteromonas,Unassigned,16S,3a
1096,ead425f0cd7639e6e38eaf071d54cbc0,OL-16S-3a,90.0,Bacteria,Bacteroidota,Bacteroidia,Chitinophagales,Saprospiraceae,Unassigned,Unassigned,16S,3a
1097,1113ba1e50afe6dff49967b01cda3974,OL-16S-3a,52.0,Bacteria,Proteobacteria,Gammaproteobacteria,Pseudomonadales,SAR86_clade,SAR86_clade,Unassigned,16S,3a
1098,588bb052624759ca8be0c079c726fadf,OL-16S-3a,86.0,Bacteria,Proteobacteria,Gammaproteobacteria,Gammaproteobacteria_Incertae_Sedis,Unknown_Family,uncultured,Unassigned,16S,3a
1099,3f69d683c8fadee25cd1f438cf4bb9b3,OL-16S-3a,84.0,Bacteria,Proteobacteria,Gammaproteobacteria,Unassigned,Unassigned,Unassigned,Unassigned,16S,3a
1100,848f79429800db328a759a2a28069321,OL-16S-3a,80.0,Bacteria,Proteobacteria,Gammaproteobacteria,Enterobacterales,Vibrionaceae,Thaumasiovibrio,Unassigned,16S,3a
1101,23b711890d22d9b1f878a06ce2da1d52,OL-16S-3a,46.0,Bacteria,Actinobacteriota,Acidimicrobiia,Actinomarinales,uncultured,uncultured,Unassigned,16S,3a
1102,81b77c703a7d4086712ee0a39ebc92a7,OL-16S-3a,75.0,Bacteria,Proteobacteria,Gammaproteobacteria,Pseudomonadales,KI89A_clade,KI89A_clade,Unassigned,16S,3a
1103,3adac4efbcf4f8f0fccb7f69236e447f,OL-16S-3a,26.0,Bacteria,Bacteroidota,Bacteroidia,Flavobacteriales,Flavobacteriaceae,NS4_marine_group,Unassigned,16S,3a
1104,4c52b3c99ef61ec2bf1dfc5d8c9164b9,OL-16S-3a,74.0,Bacteria,Verrucomicrobiota,Verrucomicrobiae,Verrucomicrobiales,DEV007,DEV007,Unassigned,16S,3a
1105,cd56fed3f4e7c0d3dfdca11dbd56680d,OL-16S-3a,74.0,Bacteria,Desulfobacterota,Desulfobacteria,Desulfobacterales,Desulfosarcinaceae,Sva0081_sediment_group,Unassigned,16S,3a
1106,37ecea6d788afe2ab3bef0b23b0ec15a,OL-16S-3a,71.0,Bacteria,Desulfobacterota,Desulfobacteria,Desulfobacterales,Desulfosarcinaceae,Desulfosarcina,Unassigned,16S,3a
1107,4fb3bb2939508cc7d3022a89285f6450,OL-16S-3a,71.0,Bacteria,Bacteroidota,Bacteroidia,Flavobacteriales,Flavobacteriaceae,Robiginitalea,Unassigned,16S,3a
1108,6670e9537317b4dd8f3d343f4960dc2b,OL-16S-3a,71.0,Bacteria,Bacteroidota,Bacteroidia,Flavobacteriales,Flavobacteriaceae,Muriicola,Unassigned,16S,3a
1109,ca42212a70c9adfaef88a2786e4e01f0,OL-16S-3a,70.0,Bacteria,Verrucomicrobiota,Verrucomicrobiae,Opitutales,Puniceicoccaceae,Verruc-01,Unassigned,16S,3a
1110,470ab85962231352eec6ff8e9f27cfe3,OL-16S-3a,70.0,Bacteria,Proteobacteria,Gammaproteobacteria,Unassigned,Unassigned,Unassigned,Unassigned,16S,3a
1111,46e259bd8bd56152c8e84d9edb10abd2,OL-16S-3a,70.0,Bacteria,Proteobacteria,Gammaproteobacteria,Pseudomonadales,Halieaceae,Luminiphilus,Unassigned,16S,3a
1112,1d744cbce57e1870f13a7336e4a5d915,OL-16S-3a,69.0,Bacteria,Actinobacteriota,Acidimicrobiia,Microtrichales,Microtrichaceae,Sva0996_marine_group,Unassigned,16S,3a
1113,aa0bb727fd57e98e60785300af7905d1,OL-16S-3a,69.0,Bacteria,Proteobacteria,Gammaproteobacteria,Enterobacterales,Colwelliaceae,Unassigned,Unassigned,16S,3a
1114,611f3445cad7b19cf855019e108cbfff,OL-16S-3a,69.0,Bacteria,Proteobacteria,Alphaproteobacteria,Rhodobacterales,Rhodobacteraceae,Unassigned,Unassigned,16S,3a
1115,7b91c087b571c1d91b58a44d7bef4e71,OL-16S-3a,68.0,Bacteria,Proteobacteria,Alphaproteobacteria,Sphingomonadales,Sphingomonadaceae,Unassigned,Unassigned,16S,3a
1116,9d9ce47887ab30cd35f4ca234fac9f9a,OL-16S-3a,68.0,Bacteria,Proteobacteria,Gammaproteobacteria,Pseudomonadales,Halomonadaceae,Cobetia,Unassigned,16S,3a
1117,4e698d5a948455ba4a37d189b8e2d890,OL-16S-3a,68.0,Bacteria,Cyanobacteria,Cyanobacteriia,Chloroplast,Chloroplast,Chloroplast,Unassigned,16S,3a
1118,bc47d6d42a14b934a8f9608169a9d955,OL-16S-3a,68.0,Bacteria,Proteobacteria,Gammaproteobacteria,Pseudomonadales,Oleiphilaceae,Oleiphilus,Unassigned,16S,3a
1119,4d3ce1bc47e11282a66527989c8319bd,OL-16S-3a,68.0,Bacteria,Proteobacteria,Gammaproteobacteria,Burkholderiales,MWH-UniP1_aquatic_group,MWH-UniP1_aquatic_group,Unassigned,16S,3a
1120,66fd1b6be7a6d43df611a36812a41ef7,OL-16S-3a,68.0,Bacteria,Proteobacteria,Alphaproteobacteria,Rhodobacterales,Rhodobacteraceae,Unassigned,Unassigned,16S,3a
1121,30a4e5b6f5ced1829c0b28c55d689a7c,OL-16S-3a,68.0,Bacteria,Bacteroidota,Bacteroidia,Sphingobacteriales,NS11-12_marine_group,NS11-12_marine_group,Unassigned,16S,3a
1122,acfcba80a512880b3d571b3824628a87,OL-16S-3a,66.0,Bacteria,Bacteroidota,Bacteroidia,Flavobacteriales,Flavobacteriaceae,NS2b_marine_group,Unassigned,16S,3a
1123,61e9ffb991c840a045ba0d4e3bdc9004,OL-16S-3a,66.0,Bacteria,Chloroflexi,Anaerolineae,Ardenticatenales,uncultured,uncultured,Unassigned,16S,3a
1124,1837861c37ecc185d1c8e0cbb5ffb1aa,OL-16S-3a,66.0,Bacteria,Proteobacteria,Alphaproteobacteria,Rhodobacterales,Rhodobacteraceae,Unassigned,Unassigned,16S,3a
1125,14f996cb93b4756baffe5c4ce0ac7d7a,OL-16S-3a,66.0,Bacteria,Proteobacteria,Gammaproteobacteria,Pseudomonadales,Halieaceae,OM60(NOR5)_clade,Unassigned,16S,3a
1126,04feb9ae97b0fefb87104ec1410ca0dd,OL-16S-3a,39.0,Bacteria,Cyanobacteria,Cyanobacteriia,Chloroplast,Chloroplast,Chloroplast,Unassigned,16S,3a
1127,3c357881f0e3fefe5ec3f70b78ccee6b,OL-16S-3a,28.0,Bacteria,Cyanobacteria,Cyanobacteriia,Chloroplast,Chloroplast,Chloroplast,Unassigned,16S,3a
1128,cb88aba2ff819e3550fb5327ade15609,OL-16S-3a,64.0,Bacteria,Bacteroidota,Bacteroidia,Flavobacteriales,Flavobacteriaceae,Unassigned,Unassigned,16S,3a
1129,6ddec7961724a54f608592f32e322346,OL-16S-3a,63.0,Bacteria,Bacteroidota,Rhodothermia,Balneolales,Balneolaceae,Balneola,Unassigned,16S,3a
1130,f52c880877eb1df6e13e10f94245ab22,OL-16S-3a,63.0,Bacteria,Desulfobacterota,Desulfobacteria,Desulfobacterales,Desulfosarcinaceae,Unassigned,Unassigned,16S,3a
1131,7aba6ce2d5b01e5df0d89239ecd6a62a,OL-16S-3a,63.0,Bacteria,Planctomycetota,Planctomycetes,Pirellulales,Pirellulaceae,Blastopirellula,Unassigned,16S,3a
1132,b52a50006e7beaf4da15179548995054,OL-16S-3a,63.0,Bacteria,Proteobacteria,Alphaproteobacteria,Caulobacterales,Hyphomonadaceae,Hyphomonas,Unassigned,16S,3a
1133,c1d2bf5d880babab78f56202f6d73abe,OL-16S-3a,63.0,Bacteria,Cyanobacteria,Cyanobacteriia,Synechococcales,Cyanobiaceae,Unassigned,Unassigned,16S,3a
1134,9206ad0f973d4c9e1768400548315919,OL-16S-3a,63.0,Bacteria,Proteobacteria,Gammaproteobacteria,Enterobacterales,Alteromonadaceae,Unassigned,Unassigned,16S,3a
1135,968f32d8ff6fbb24f15afa33a60c8914,OL-16S-3a,63.0,Bacteria,Verrucomicrobiota,Verrucomicrobiae,Opitutales,Puniceicoccaceae,Lentimonas,Unassigned,16S,3a
1136,a7f5b7dcfadfae8b89fa451cb8078b0d,OL-16S-3a,18.0,Bacteria,Bacteroidota,Bacteroidia,Flavobacteriales,Flavobacteriaceae,Unassigned,Unassigned,16S,3a
1137,5c6af816f2a4ee917c195b2c1c7c1f7d,OL-16S-3a,62.0,Bacteria,Actinobacteriota,Acidimicrobiia,Microtrichales,Ilumatobacteraceae,Unassigned,Unassigned,16S,3a
1138,198f63cd48e5f35fa2f1b202eead5499,OL-16S-3a,62.0,Bacteria,Proteobacteria,Gammaproteobacteria,Thiotrichales,Thiotrichaceae,uncultured,Unassigned,16S,3a
1139,85239445504541d7fbe666c950769df5,OL-16S-3a,61.0,Bacteria,Proteobacteria,Alphaproteobacteria,Puniceispirillales,uncultured,uncultured,Unassigned,16S,3a
1140,fb7293200f3490e476d1d23d6f2c57a2,OL-16S-3a,61.0,Bacteria,Bacteroidota,Bacteroidia,Flavobacteriales,Flavobacteriaceae,Euzebyella,Unassigned,16S,3a
1141,c305857978f9aef97975a8ffe8055e63,OL-16S-3a,8.0,Bacteria,Bacteroidota,Bacteroidia,Flavobacteriales,Cryomorphaceae,uncultured,Unassigned,16S,3a
1142,ef8884ad8bd0b68224340f65a07844dc,OL-16S-3a,60.0,Bacteria,Proteobacteria,Gammaproteobacteria,Granulosicoccales,Granulosicoccaceae,Granulosicoccus,Unassigned,16S,3a
1143,18792d0449a89d2a461193b688ba884c,OL-16S-3a,60.0,Bacteria,Bacteroidota,Bacteroidia,Flavobacteriales,Flavobacteriaceae,Unassigned,Unassigned,16S,3a
1144,b7dc8c07e2b9b7a6e6fb4c257b570a3f,OL-16S-3a,59.0,Bacteria,Cyanobacteria,Cyanobacteriia,Chloroplast,Chloroplast,Chloroplast,Unassigned,16S,3a
1145,e9130768db7a69511022fbc89e965c48,OL-16S-3a,59.0,Bacteria,Gemmatimonadota,BD2-11_terrestrial_group,BD2-11_terrestrial_group,BD2-11_terrestrial_group,BD2-11_terrestrial_group,Unassigned,16S,3a
1146,dd523948a1c85bc856ff948853153bc4,OL-16S-3a,59.0,Bacteria,Bacteroidota,Bacteroidia,Unassigned,Unassigned,Unassigned,Unassigned,16S,3a
1147,28c6ae762ec710dfa6141b1216d34dd4,OL-16S-3a,59.0,Bacteria,Cyanobacteria,Cyanobacteriia,Chloroplast,Chloroplast,Chloroplast,Unassigned,16S,3a
1148,ac0a209622b58499bacbc9a79cb8b0d2,OL-16S-3a,59.0,Bacteria,Proteobacteria,Gammaproteobacteria,Pseudomonadales,SAR86_clade,SAR86_clade,Unassigned,16S,3a
1149,319cc14743341e3d26c02941d8a53823,OL-16S-3a,58.0,Bacteria,Bacteroidota,Bacteroidia,Flavobacteriales,Flavobacteriaceae,NS4_marine_group,Unassigned,16S,3a
1150,001d08fe6d5575f318d37f9ad8b630a6,OL-16S-3a,57.0,Bacteria,Fusobacteriota,Fusobacteriia,Fusobacteriales,Fusobacteriaceae,Propionigenium,Unassigned,16S,3a
1151,3c721ce999c2b3bcb3f90468ae6c3d50,OL-16S-3a,57.0,Bacteria,Proteobacteria,Alphaproteobacteria,SAR11_clade,Clade_III,Clade_III,Unassigned,16S,3a
1152,8fdd660354abead79acc56d81cabce77,OL-16S-3a,56.0,Bacteria,Proteobacteria,Alphaproteobacteria,Rhizobiales,Methyloligellaceae,Methyloceanibacter,Unassigned,16S,3a
1153,102e8937fb7b2dd6a38d231bbfabf281,OL-16S-3a,56.0,Bacteria,Proteobacteria,Alphaproteobacteria,Puniceispirillales,SAR116_clade,SAR116_clade,Unassigned,16S,3a
1154,b50f90df8f54fdecd09f5f11f8329e3c,OL-16S-3a,56.0,Bacteria,Proteobacteria,Gammaproteobacteria,Enterobacterales,Alteromonadaceae,Unassigned,Unassigned,16S,3a
1155,3160969a08647418fb81009dd75a3b2f,OL-16S-3a,56.0,Bacteria,Verrucomicrobiota,Verrucomicrobiae,Verrucomicrobiales,DEV007,DEV007,Unassigned,16S,3a
1156,168d092e9a0cbb4522d207f5a0a250ef,OL-16S-3a,55.0,Bacteria,Proteobacteria,Alphaproteobacteria,Rhodobacterales,Rhodobacteraceae,Unassigned,Unassigned,16S,3a
1157,36ed7781ab3b91a11f3bf21bf40872f2,OL-16S-3a,55.0,Bacteria,Proteobacteria,Gammaproteobacteria,Pseudomonadales,Marinomonadaceae,Marinomonas,Unassigned,16S,3a
1158,d282eaf7202c1278ba54aeccad1cce4b,OL-16S-3a,55.0,Bacteria,Proteobacteria,Alphaproteobacteria,Rhodobacterales,Rhodobacteraceae,Unassigned,Unassigned,16S,3a
1159,0d26dc0f233385f046900a400410edb5,OL-16S-3a,54.0,Bacteria,Desulfobacterota,Syntrophobacteria,Syntrophobacterales,uncultured,uncultured,Unassigned,16S,3a
1160,829e0ab457dddf4964e31337d724bac3,OL-16S-3a,54.0,Bacteria,Proteobacteria,Gammaproteobacteria,Pseudomonadales,Halieaceae,Unassigned,Unassigned,16S,3a
1161,8feb5eb038c29b491008510befb8a9d0,OL-16S-3a,54.0,Bacteria,Planctomycetota,Planctomycetes,Pirellulales,Pirellulaceae,Blastopirellula,Unassigned,16S,3a
1162,262adfd4a8850c6a829c7d264060f21c,OL-16S-3a,53.0,Bacteria,Campylobacterota,Campylobacteria,Campylobacterales,Sulfurovaceae,Sulfurovum,Unassigned,16S,3a
1163,1d5bb96ce40e3729e8537cf54cbed16a,OL-16S-3a,53.0,Bacteria,Proteobacteria,Gammaproteobacteria,Unassigned,Unassigned,Unassigned,Unassigned,16S,3a
1164,36ecddf3629870f29f2d7f31eb8ffc63,OL-16S-3a,52.0,Bacteria,Acidobacteriota,Thermoanaerobaculia,Thermoanaerobaculales,Thermoanaerobaculaceae,Subgroup_10,Unassigned,16S,3a
1165,46c89240015b71eeed05da1206a91cd9,OL-16S-3a,52.0,Bacteria,Proteobacteria,Alphaproteobacteria,SAR11_clade,Clade_I,Unassigned,Unassigned,16S,3a
1166,cb4a5c5c8ebe1ca4d27de7ba71f4ac3e,OL-16S-3a,52.0,Bacteria,Proteobacteria,Gammaproteobacteria,B2M28,B2M28,B2M28,Unassigned,16S,3a
1167,513ce328d0316b10dace763c3c1fb536,OL-16S-3a,51.0,Bacteria,Proteobacteria,Alphaproteobacteria,Rhizobiales,Rhizobiales_Incertae_Sedis,Anderseniella,Unassigned,16S,3a
1168,fd987f04644c53f88896c72da786f305,OL-16S-3a,51.0,Bacteria,Myxococcota,Polyangia,Polyangiales,Sandaracinaceae,uncultured,Unassigned,16S,3a
1169,a6fd29fc6fcb6c675556acfdd9cc6e14,OL-16S-3a,23.0,Bacteria,Bacteroidota,Bacteroidia,Flavobacteriales,Cryomorphaceae,uncultured,Unassigned,16S,3a
1170,eef5591b157d2e4b1c8c4f56b1f341bd,OL-16S-3a,50.0,Bacteria,Proteobacteria,Gammaproteobacteria,Gammaproteobacteria_Incertae_Sedis,Unknown_Family,uncultured,Unassigned,16S,3a
1171,f1293f649c63369f92780ad2a979456c,OL-16S-3a,50.0,Bacteria,Planctomycetota,Planctomycetes,Planctomycetales,Rubinisphaeraceae,uncultured,Unassigned,16S,3a
1172,c6581c619aeb404bd7604bcb728cdeb1,OL-16S-3a,50.0,Bacteria,Proteobacteria,Gammaproteobacteria,UBA10353_marine_group,UBA10353_marine_group,UBA10353_marine_group,Unassigned,16S,3a
1173,4b81f438b19f778c554fb316dc1d3e72,OL-16S-3a,50.0,Bacteria,Proteobacteria,Gammaproteobacteria,Burkholderiales,Methylophilaceae,OM43_clade,Unassigned,16S,3a
1174,256e25169385a7d879305b5200aa8956,OL-16S-3a,49.0,Bacteria,Bacteroidota,Bacteroidia,Flavobacteriales,Flavobacteriaceae,Unassigned,Unassigned,16S,3a
1175,5a845568edc3ae2b39dfd37c47a20cf0,OL-16S-3a,49.0,Bacteria,Proteobacteria,Gammaproteobacteria,Enterobacterales,Unassigned,Unassigned,Unassigned,16S,3a
1176,6e772550082dece4a55d96b8605d6449,OL-16S-3a,49.0,Bacteria,Chloroflexi,KD4-96,KD4-96,KD4-96,KD4-96,Unassigned,16S,3a
1177,9f7d34143912afdfdd34c6077beb34a2,OL-16S-3a,49.0,Bacteria,Bacteroidota,Bacteroidia,Flavobacteriales,Flavobacteriaceae,Winogradskyella,Unassigned,16S,3a
1178,31c8d3318177c66ba9b990e3081c0b64,OL-16S-3a,49.0,Bacteria,Cyanobacteria,Cyanobacteriia,Chloroplast,Chloroplast,Chloroplast,Unassigned,16S,3a
1179,60a18fefb1b3d600a9742125bf16faf5,OL-16S-3a,48.0,Bacteria,Proteobacteria,Gammaproteobacteria,Pseudomonadales,Marinomonadaceae,Marinomonas,Unassigned,16S,3a
1180,89c28b1891fbc958f9dfd61e9e54d213,OL-16S-3a,48.0,Bacteria,Bacteroidota,Bacteroidia,Chitinophagales,Saprospiraceae,uncultured,Unassigned,16S,3a
1181,3d13a5deff4c20abe34d0769ddbfa5bb,OL-16S-3a,47.0,Bacteria,Proteobacteria,Gammaproteobacteria,Pseudomonadales,Pseudohongiellaceae,Pseudohongiella,Unassigned,16S,3a
1182,b13ad9f9b36ca567be96a9a48a10f2dc,OL-16S-3a,47.0,Bacteria,Bacteroidota,Bacteroidia,Flavobacteriales,Crocinitomicaceae,Crocinitomix,Unassigned,16S,3a
1183,270e825161625ba2097b9c7f087008cf,OL-16S-3a,46.0,Bacteria,Cyanobacteria,Cyanobacteriia,Chloroplast,Chloroplast,Chloroplast,Unassigned,16S,3a
1184,bbcdfe8d99d630b3701526101f22ed71,OL-16S-3a,46.0,Bacteria,Desulfobacterota,Desulfobulbia,Desulfobulbales,Desulfobulbaceae,uncultured,Unassigned,16S,3a
1185,fc3b6cd4631f87bdd8ce26859527301f,OL-16S-3a,46.0,Bacteria,Bacteroidota,Bacteroidia,Chitinophagales,Saprospiraceae,Unassigned,Unassigned,16S,3a
1186,0a1d14ade6fe2cf6c6754c625658b153,OL-16S-3a,46.0,Bacteria,Bacteroidota,Bacteroidia,Flavobacteriales,Flavobacteriaceae,Unassigned,Unassigned,16S,3a
1187,30c72f0a28325e155d0cde3684fda2b1,OL-16S-3a,46.0,Bacteria,Bacteroidota,Bacteroidia,Cytophagales,Spirosomaceae,Taeseokella,Unassigned,16S,3a
1188,ab35899a6996d4d57ff1c9f0496630e7,OL-16S-3a,45.0,Bacteria,Cyanobacteria,Cyanobacteriia,Chloroplast,Chloroplast,Chloroplast,Unassigned,16S,3a
1189,0252c9d87da5a3da956b647b023b64eb,OL-16S-3a,45.0,Bacteria,Cyanobacteria,Cyanobacteriia,Chloroplast,Chloroplast,Chloroplast,Unassigned,16S,3a
1190,4b71335fc5f8b51d55b31e108f777147,OL-16S-3a,45.0,Bacteria,Proteobacteria,Gammaproteobacteria,Thiotrichales,Thiotrichaceae,uncultured,Unassigned,16S,3a
1191,c4fa04951ad1efd00e39e01c10c23ae7,OL-16S-3a,45.0,Bacteria,Proteobacteria,Gammaproteobacteria,Gammaproteobacteria_Incertae_Sedis,Unknown_Family,uncultured,Unassigned,16S,3a
1192,587ce0c339634e208c532dbbe24d5839,OL-16S-3a,45.0,Bacteria,Proteobacteria,Alphaproteobacteria,Rhodobacterales,Rhodobacteraceae,Unassigned,Unassigned,16S,3a
1193,c7b151425502ad21d9597157e1c21f1d,OL-16S-3a,45.0,Bacteria,Cyanobacteria,Cyanobacteriia,Chloroplast,Chloroplast,Chloroplast,Unassigned,16S,3a
1194,c5ea85035eeec0ae1fe008dd5219e087,OL-16S-3a,45.0,Bacteria,Myxococcota,Polyangia,Nannocystales,Nannocystaceae,uncultured,Unassigned,16S,3a
1195,134d501fe123bd3722ca90b9591034bb,OL-16S-3a,44.0,Bacteria,Bacteroidota,Bacteroidia,Flavobacteriales,Flavobacteriaceae,NS5_marine_group,Unassigned,16S,3a
1196,c68900e5fae3ee7ee67e78fd088d0de0,OL-16S-3a,44.0,Bacteria,Bacteroidota,Bacteroidia,Flavobacteriales,Flavobacteriaceae,Wenyingzhuangia,Unassigned,16S,3a
1197,f506874eafcf51dab20aaeb04d4ce555,OL-16S-3a,44.0,Bacteria,Cyanobacteria,Cyanobacteriia,Chloroplast,Chloroplast,Chloroplast,Unassigned,16S,3a
1198,dab861cde7f9381f35bbd406a10d3483,OL-16S-3a,44.0,Bacteria,Cyanobacteria,Cyanobacteriia,Synechococcales,Cyanobiaceae,Synechococcus_CC9902,Unassigned,16S,3a
1199,8cf1970eec7b703e99cac71c31b58af0,OL-16S-3a,27.0,Bacteria,Verrucomicrobiota,Verrucomicrobiae,Opitutales,Puniceicoccaceae,Pelagicoccus,Unassigned,16S,3a
1200,2b019ab4d0859c8f2c0bf11cb60f7909,OL-16S-3a,43.0,Bacteria,Verrucomicrobiota,Verrucomicrobiae,Verrucomicrobiales,Unassigned,Unassigned,Unassigned,16S,3a
1201,7c92e1a4b5eec8eba2a08a83275b0b0a,OL-16S-3a,43.0,Bacteria,Verrucomicrobiota,Verrucomicrobiae,Verrucomicrobiales,Rubritaleaceae,Persicirhabdus,Unassigned,16S,3a
1202,d52cfff73c7f5ec56dedc25e1adfc344,OL-16S-3a,43.0,Bacteria,Bacteroidota,Bacteroidia,Chitinophagales,Saprospiraceae,Lewinella,Unassigned,16S,3a
1203,ca364739702791d2c7eb377926866a58,OL-16S-3a,43.0,Bacteria,Bacteroidota,Bacteroidia,Cytophagales,Cyclobacteriaceae,uncultured,Unassigned,16S,3a
1204,b5d7074dc057220ff5a760d5e85425eb,OL-16S-3a,43.0,Bacteria,Bacteroidota,Rhodothermia,Rhodothermales,Rhodothermaceae,uncultured,Unassigned,16S,3a
1205,001455d16d8c1cf4be79f4e1b432cbf3,OL-16S-3a,42.0,Bacteria,Actinobacteriota,Acidimicrobiia,Microtrichales,Ilumatobacteraceae,Unassigned,Unassigned,16S,3a
1206,d4d22b734c5a9e7a40502728e38cd9c8,OL-16S-3a,42.0,Bacteria,Proteobacteria,Gammaproteobacteria,Pseudomonadales,Alcanivoracaceae1,Alcanivorax,Unassigned,16S,3a
1207,aaae132af47f68f1e42e2df7c2c32572,OL-16S-3a,42.0,Bacteria,Proteobacteria,Gammaproteobacteria,Pseudomonadales,Saccharospirillaceae,Reinekea,Unassigned,16S,3a
1208,41c625a756d9ac20d31fa042fe132bf0,OL-16S-3a,42.0,Bacteria,Proteobacteria,Alphaproteobacteria,Sphingomonadales,Sphingomonadaceae,Unassigned,Unassigned,16S,3a
1209,edb8a91874bce8d35d24052f1621b6ce,OL-16S-3a,41.0,Bacteria,Bacteroidota,Bacteroidia,Flavobacteriales,Flavobacteriaceae,NS5_marine_group,Unassigned,16S,3a
1210,f8c32fa4b83ce8283f7b26135ff272cd,OL-16S-3a,41.0,Bacteria,Bacteroidota,Bacteroidia,Flavobacteriales,Flavobacteriaceae,Unassigned,Unassigned,16S,3a
1211,feece60037fd0468a8e96d74bde47cbc,OL-16S-3a,41.0,Bacteria,Bacteroidota,Bacteroidia,Chitinophagales,Saprospiraceae,Unassigned,Unassigned,16S,3a
1212,9c1825b416d0646c553bd57f478e7a08,OL-16S-3a,41.0,Bacteria,Proteobacteria,Alphaproteobacteria,Rhizobiales,Stappiaceae,Unassigned,Unassigned,16S,3a
1213,503eca33fcfe3fc40a273dcec5219d41,OL-16S-3a,41.0,Bacteria,Proteobacteria,Gammaproteobacteria,Pseudomonadales,Pseudohongiellaceae,Pseudohongiella,Unassigned,16S,3a
1214,240842ba4818250544b26ecbcabaabf1,OL-16S-3a,40.0,Bacteria,Cyanobacteria,Cyanobacteriia,Synechococcales,Cyanobiaceae,Cyanobium_PCC-6307,Unassigned,16S,3a
1215,c9d257fe9c9521b3f4106ae33f1d614b,OL-16S-3a,40.0,Bacteria,Planctomycetota,Planctomycetes,Pirellulales,Pirellulaceae,Rhodopirellula,Unassigned,16S,3a
1216,e09717723f0bfb849516887b6ce13dcc,OL-16S-3a,39.0,Bacteria,Cyanobacteria,Cyanobacteriia,Synechococcales,Cyanobiaceae,Cyanobium_PCC-6307,Unassigned,16S,3a
1217,7af8a9b66621544435163a567f4b4b75,OL-16S-3a,39.0,Bacteria,Campylobacterota,Campylobacteria,Campylobacterales,Sulfurimonadaceae,Sulfurimonas,Unassigned,16S,3a
1218,bc1c9eff620849e88d8c72fbc6ebd891,OL-16S-3a,39.0,Bacteria,Bacteroidota,Bacteroidia,Cytophagales,Cyclobacteriaceae,uncultured,Unassigned,16S,3a
1219,1b70c6660cfde12739d90919c832f079,OL-16S-3a,39.0,Bacteria,Planctomycetota,OM190,OM190,OM190,OM190,Unassigned,16S,3a
1220,178f350c97477a7e22751d7e637ff71a,OL-16S-3a,38.0,Bacteria,Cyanobacteria,Cyanobacteriia,Chloroplast,Chloroplast,Chloroplast,Unassigned,16S,3a
1221,793484e82a2b910aae094edc33456b44,OL-16S-3a,38.0,Bacteria,Planctomycetota,Pla3_lineage,Pla3_lineage,Pla3_lineage,Pla3_lineage,Unassigned,16S,3a
1222,eeca79ca1ac9d996de2acb28996c190e,OL-16S-3a,37.0,Bacteria,Bacteroidota,Bacteroidia,Flavobacteriales,Flavobacteriaceae,Leeuwenhoekiella,Unassigned,16S,3a
1223,c760e45dc27860be97914fb70836559c,OL-16S-3a,37.0,Bacteria,Chloroflexi,Anaerolineae,Anaerolineales,Anaerolineaceae,uncultured,Unassigned,16S,3a
1224,30c902b4c6a0527e474b8bca76225b26,OL-16S-3a,37.0,Bacteria,Cyanobacteria,Cyanobacteriia,Chloroplast,Chloroplast,Chloroplast,Unassigned,16S,3a
1225,4739e45a62343df9b68cf438fc1d941c,OL-16S-3a,37.0,Bacteria,Planctomycetota,Planctomycetes,Planctomycetales,Gimesiaceae,uncultured,Unassigned,16S,3a
1226,26d8fdb1a23bb03540f655e513823e2c,OL-16S-3a,37.0,Bacteria,Bacteroidota,Bacteroidia,Flavobacteriales,Flavobacteriaceae,NS4_marine_group,Unassigned,16S,3a
1227,652cdaf552d3693fe89ba455e1db488c,OL-16S-3a,37.0,Bacteria,Cyanobacteria,Cyanobacteriia,Chloroplast,Chloroplast,Chloroplast,Unassigned,16S,3a
1228,1e672764983b43f16b6634b972882cd4,OL-16S-3a,37.0,Bacteria,Planctomycetota,OM190,OM190,OM190,OM190,Unassigned,16S,3a
1229,3878030d605b95d10ea5a3a2766f7ad1,OL-16S-3a,37.0,Bacteria,Cyanobacteria,Cyanobacteriia,Chloroplast,Chloroplast,Chloroplast,Unassigned,16S,3a
1230,9f50c6f5a2e6756eef76b013d0dff65a,OL-16S-3a,36.0,Bacteria,Campylobacterota,Campylobacteria,Campylobacterales,Sulfurimonadaceae,Sulfurimonas,Unassigned,16S,3a
1231,6de5c926b8d9a3cef202989434f2c55f,OL-16S-3a,36.0,Bacteria,Actinobacteriota,Actinobacteria,PeM15,PeM15,PeM15,Unassigned,16S,3a
1232,27ed1017b52a2ea32e528dbd506f54f5,OL-16S-3a,36.0,Bacteria,Bacteroidota,Bacteroidia,Flavobacteriales,Unassigned,Unassigned,Unassigned,16S,3a
1233,4ae16abe72c43adcb030a03490b34efb,OL-16S-3a,36.0,Bacteria,Proteobacteria,Alphaproteobacteria,Rickettsiales,S25-593,S25-593,Unassigned,16S,3a
1234,d73ffd3e19c18e25e53d75ebcaf3957c,OL-16S-3a,36.0,Bacteria,Desulfobacterota,Desulfuromonadia,Desulfuromonadales,Geopsychrobacteraceae,Malonomonas,Unassigned,16S,3a
1235,7a5cc5165ef4e7646d3d6b49f11182d3,OL-16S-3a,36.0,Bacteria,Bdellovibrionota,Oligoflexia,Oligoflexales,Oligoflexaceae,uncultured,Unassigned,16S,3a
1236,a882a6a2b5ab8e0943895247221b44e4,OL-16S-3a,35.0,Bacteria,Campylobacterota,Campylobacteria,Campylobacterales,Sulfurovaceae,Sulfurovum,Unassigned,16S,3a
1237,02fc89a299e13fc07a93ff198420c84d,OL-16S-3a,35.0,Bacteria,Bacteroidota,Bacteroidia,Flavobacteriales,Crocinitomicaceae,Unassigned,Unassigned,16S,3a
1238,d1b8050333a02f6c666f253620d9b7c2,OL-16S-3a,35.0,Bacteria,Proteobacteria,Gammaproteobacteria,Gammaproteobacteria_Incertae_Sedis,Unknown_Family,uncultured,Unassigned,16S,3a
1239,083e9c2a2ea460459e58e21cfb2eb072,OL-16S-3a,34.0,Bacteria,Proteobacteria,Alphaproteobacteria,Holosporales,Holosporaceae,Holosporaceae,Unassigned,16S,3a
1240,7410eac527516fea1b52b5d1f4e6552d,OL-16S-3a,34.0,Bacteria,Verrucomicrobiota,Verrucomicrobiae,Pedosphaerales,Pedosphaeraceae,SCGC_AAA164-E04,Unassigned,16S,3a
1241,07c5cc34170ec769d0eb7827b2f778da,OL-16S-3a,34.0,Bacteria,Planctomycetota,Pla3_lineage,Pla3_lineage,Pla3_lineage,Pla3_lineage,Unassigned,16S,3a
1242,b0929ee624f7111487b94246c0fca716,OL-16S-3a,34.0,Bacteria,Bacteroidota,Bacteroidia,Flavobacteriales,Flavobacteriaceae,NS5_marine_group,Unassigned,16S,3a
1243,3edb577b5500c8e787dc7565b7c79ce6,OL-16S-3a,34.0,Bacteria,Proteobacteria,Gammaproteobacteria,Unassigned,Unassigned,Unassigned,Unassigned,16S,3a
1244,e545b73968947236725d7bfea0ebfdaa,OL-16S-3a,34.0,Bacteria,Planctomycetota,Planctomycetes,Planctomycetales,Rubinisphaeraceae,uncultured,Unassigned,16S,3a
1245,d4f593769a7687dae75c6932c2fa5268,OL-16S-3a,33.0,Bacteria,Proteobacteria,Alphaproteobacteria,Rickettsiales,Mitochondria,Mitochondria,Unassigned,16S,3a
1246,976423d54c12dc65a41e6aafb0f0bf2a,OL-16S-3a,33.0,Bacteria,Bacteroidota,Bacteroidia,Unassigned,Unassigned,Unassigned,Unassigned,16S,3a
1247,5bfa1788dcf4570c2e58882cfad1aa9a,OL-16S-3a,33.0,Bacteria,Proteobacteria,Alphaproteobacteria,Rhodospirillales,Thalassospiraceae,Thalassospira,Unassigned,16S,3a
1248,8645d72f1c2d29dc5e47739d41227611,OL-16S-3a,33.0,Bacteria,Actinobacteriota,Acidimicrobiia,Microtrichales,Microtrichaceae,Sva0996_marine_group,Unassigned,16S,3a
1249,a0c5169c37021d52b1d023a33b55eab9,OL-16S-3a,33.0,Bacteria,Cyanobacteria,Sericytochromatia,Sericytochromatia,Sericytochromatia,Sericytochromatia,Unassigned,16S,3a
1250,d5d7d15ed60ec9ffc60bc120dcb94e11,OL-16S-3a,33.0,Bacteria,Planctomycetota,Planctomycetes,Pirellulales,Pirellulaceae,uncultured,Unassigned,16S,3a
1251,f82761d4110eb14d5ca61f07fbec3049,OL-16S-3a,32.0,Bacteria,Proteobacteria,Gammaproteobacteria,Thiomicrospirales,Thiomicrospiraceae,Thiomicrorhabdus,Unassigned,16S,3a
1252,1a48b6be92944ed10bfcb46e70e4248f,OL-16S-3a,32.0,Bacteria,Proteobacteria,Gammaproteobacteria,Enterobacterales,Kangiellaceae,Pleionea,Unassigned,16S,3a
1253,cbd94a4a84e3eb7f3b43bfc58cc64cd8,OL-16S-3a,31.0,Bacteria,Planctomycetota,OM190,OM190,OM190,OM190,Unassigned,16S,3a
1254,f2900a26e589b53401a9546c3c002b1a,OL-16S-3a,31.0,Bacteria,Proteobacteria,Gammaproteobacteria,Burkholderiales,Nitrosomonadaceae,Unassigned,Unassigned,16S,3a
1255,196d99f31eb4d15b9416bf7313483f79,OL-16S-3a,31.0,Bacteria,Cyanobacteria,Cyanobacteriia,Chloroplast,Chloroplast,Chloroplast,Unassigned,16S,3a
1256,3a321e41cccc70530f349b7480d55094,OL-16S-3a,31.0,Bacteria,Proteobacteria,Alphaproteobacteria,Parvibaculales,PS1_clade,PS1_clade,Unassigned,16S,3a
1257,059c62da5544858247b24baf4d25a848,OL-16S-3a,30.0,Bacteria,Latescibacterota,Latescibacterota,Latescibacterota,Latescibacterota,Latescibacterota,Unassigned,16S,3a
1258,2c50dd491add5080862ba136330b15df,OL-16S-3a,30.0,Bacteria,Cyanobacteria,Cyanobacteriia,Chloroplast,Chloroplast,Chloroplast,Unassigned,16S,3a
1259,41a28d7c1df336cec2036e8821405f92,OL-16S-3a,30.0,Bacteria,Bacteroidota,Bacteroidia,Chitinophagales,Saprospiraceae,Unassigned,Unassigned,16S,3a
1260,6caff38669d707371d65837eefc250f8,OL-16S-3a,30.0,Bacteria,Cyanobacteria,Cyanobacteriia,Synechococcales,Cyanobiaceae,Cyanobium_PCC-6307,Unassigned,16S,3a
1261,e42ad19f12d442e6937e0bb1e4636433,OL-16S-3a,30.0,Bacteria,Unassigned,Unassigned,Unassigned,Unassigned,Unassigned,Unassigned,16S,3a
1262,e721262ed7e3ee1e37a2b2be73eae15f,OL-16S-3a,30.0,Bacteria,Proteobacteria,Alphaproteobacteria,Unassigned,Unassigned,Unassigned,Unassigned,16S,3a
1263,d65791c7beeea0906ff3773cc947deb3,OL-16S-3a,30.0,Bacteria,Planctomycetota,Planctomycetes,Pirellulales,Pirellulaceae,Bythopirellula,Unassigned,16S,3a
1264,c1b4f832dfc5a67775b1da54260e5e0a,OL-16S-3a,30.0,Bacteria,Bacteroidota,Bacteroidia,Flavobacteriales,Flavobacteriaceae,Unassigned,Unassigned,16S,3a
1265,0b3d99f12163f07816bd33630ec9d9e0,OL-16S-3a,30.0,Bacteria,Bacteroidota,Bacteroidia,Sphingobacteriales,Lentimicrobiaceae,Lentimicrobiaceae,Unassigned,16S,3a
1266,8a19ccd1941e294844e59fc66472ae76,OL-16S-3a,29.0,Bacteria,SAR324_clade(Marine_group_B),SAR324_clade(Marine_group_B),SAR324_clade(Marine_group_B),SAR324_clade(Marine_group_B),SAR324_clade(Marine_group_B),Unassigned,16S,3a
1267,f31c1421b4abf5c039765f9cbf5b13ed,OL-16S-3a,29.0,Bacteria,Proteobacteria,Gammaproteobacteria,Pseudomonadales,Marinobacteraceae,Marinobacter,Unassigned,16S,3a
1268,5b7bb82468cad37312757cd0892b65fe,OL-16S-3a,29.0,Bacteria,Bacteroidota,Bacteroidia,Cytophagales,Cyclobacteriaceae,Marinoscillum,Unassigned,16S,3a
1269,c95afc7300f60d3ac44fec0a78b84333,OL-16S-3a,29.0,Bacteria,Planctomycetota,Phycisphaerae,Phycisphaerales,Phycisphaeraceae,Phycisphaera,Unassigned,16S,3a
1270,1718d5f88d90732d3d7e9d9c2f1bb763,OL-16S-3a,29.0,Bacteria,Cyanobacteria,Cyanobacteriia,Chloroplast,Chloroplast,Chloroplast,Unassigned,16S,3a
1271,0271873a2442984abec2ce8c7fbcfe86,OL-16S-3a,29.0,Archaea,Thermoplasmatota,Thermoplasmata,Marine_Group_II,Marine_Group_II,Marine_Group_II,Unassigned,16S,3a
1272,3ed3a246a21621fccd1191d5ad8234ef,OL-16S-3a,28.0,Bacteria,Chloroflexi,Anaerolineae,SBR1031,A4b,A4b,Unassigned,16S,3a
1273,59d1429859094c68efd19d4e94f8f540,OL-16S-3a,28.0,Bacteria,Bacteroidota,Bacteroidia,Unassigned,Unassigned,Unassigned,Unassigned,16S,3a
1274,4d6599a9e9657fb9766a936ac7ecb634,OL-16S-3a,28.0,Bacteria,Bacteroidota,Bacteroidia,Unassigned,Unassigned,Unassigned,Unassigned,16S,3a
1275,01650cc5bc93bb7a6e3d3ff80b02e88c,OL-16S-3a,28.0,Bacteria,Calditrichota,Calditrichia,Calditrichales,Calditrichaceae,Calditrichaceae,Unassigned,16S,3a
1276,6c8a3b918ff2ce2ea54c2969f180aa13,OL-16S-3a,27.0,Bacteria,Bacteroidota,Bacteroidia,Cytophagales,Cyclobacteriaceae,uncultured,Unassigned,16S,3a
1277,c3236d7a1ffcf8165218fc62b8796a62,OL-16S-3a,27.0,Bacteria,Chloroflexi,Anaerolineae,SBR1031,A4b,A4b,Unassigned,16S,3a
1278,873fd6b34a0136787484b0edfcc5415c,OL-16S-3a,26.0,Bacteria,Bacteroidota,Bacteroidia,Flavobacteriales,Flavobacteriaceae,Unassigned,Unassigned,16S,3a
1279,2113594e2ada6936095968ecd3bc4d8b,OL-16S-3a,26.0,Bacteria,Bacteroidota,Bacteroidia,Flavobacteriales,NS9_marine_group,NS9_marine_group,Unassigned,16S,3a
1280,df5fa43a75c94611b3307ec289324019,OL-16S-3a,26.0,Bacteria,Proteobacteria,Gammaproteobacteria,Unassigned,Unassigned,Unassigned,Unassigned,16S,3a
1281,4d3bae855c0e07e49a2bf78e3ff9c569,OL-16S-3a,26.0,Bacteria,Proteobacteria,Alphaproteobacteria,Rickettsiales,Mitochondria,Mitochondria,Unassigned,16S,3a
1282,89de009f083a4ab95323d8c0c4c03d70,OL-16S-3a,25.0,Bacteria,Bacteroidota,Bacteroidia,Chitinophagales,Saprospiraceae,Unassigned,Unassigned,16S,3a
1283,69f61c923222a64b9eb04ec4af985ecd,OL-16S-3a,25.0,Bacteria,Cyanobacteria,Cyanobacteriia,Chloroplast,Chloroplast,Chloroplast,Unassigned,16S,3a
1284,97b015d206ae5e24ca7c7130788e1d2c,OL-16S-3a,25.0,Bacteria,Bacteroidota,Bacteroidia,Flavobacteriales,Flavobacteriaceae,NS5_marine_group,Unassigned,16S,3a
1285,483d9483d09719bad69b6d37166a413b,OL-16S-3a,25.0,Bacteria,Bacteroidota,Bacteroidia,Sphingobacteriales,NS11-12_marine_group,NS11-12_marine_group,Unassigned,16S,3a
1286,d58ce4876a38d624396be1cee6903509,OL-16S-3a,25.0,Bacteria,Unassigned,Unassigned,Unassigned,Unassigned,Unassigned,Unassigned,16S,3a
1287,b29057f3a7e16204d8ed661875b6e4dc,OL-16S-3a,25.0,Bacteria,Bacteroidota,Bacteroidia,Sphingobacteriales,NS11-12_marine_group,NS11-12_marine_group,Unassigned,16S,3a
1288,4b4ff8c3c467a584568fc199b0b63210,OL-16S-3a,25.0,Bacteria,Proteobacteria,Alphaproteobacteria,Rickettsiales,Mitochondria,Mitochondria,Unassigned,16S,3a
1289,9fae4e47a7ccaa8f938c43c493efa50c,OL-16S-3a,25.0,Bacteria,Actinobacteriota,Acidimicrobiia,Microtrichales,Microtrichaceae,IMCC26207,Unassigned,16S,3a
1290,35518e89453784bb9ac55f3682a06293,OL-16S-3a,24.0,Bacteria,Bacteroidota,Bacteroidia,Cytophagales,Cyclobacteriaceae,Ekhidna,Unassigned,16S,3a
1291,5bad77891107c2720b6347999dbf8ac9,OL-16S-3a,23.0,Bacteria,Bacteroidota,Bacteroidia,Chitinophagales,uncultured,uncultured,Unassigned,16S,3a
1292,6801362194f7e7c16028924cf186346b,OL-16S-3a,23.0,Bacteria,Planctomycetota,Planctomycetes,Pirellulales,Pirellulaceae,Unassigned,Unassigned,16S,3a
1293,6df8cf18b7b92de56b36a440482bb5ba,OL-16S-3a,23.0,Bacteria,Campylobacterota,Campylobacteria,Campylobacterales,Arcobacteraceae,Unassigned,Unassigned,16S,3a
1294,50e89a1585c489acd0996e3dd4e9bee6,OL-16S-3a,23.0,Bacteria,Bacteroidota,Bacteroidia,Chitinophagales,Saprospiraceae,Unassigned,Unassigned,16S,3a
1295,7bde24660f3afb847817c440f8176f6f,OL-16S-3a,23.0,Bacteria,Bacteroidota,Bacteroidia,Flavobacteriales,Unassigned,Unassigned,Unassigned,16S,3a
1296,c4cd86af8ae72706e7c6c4d37e116bbb,OL-16S-3a,23.0,Bacteria,Planctomycetota,028H05-P-BN-P5,028H05-P-BN-P5,028H05-P-BN-P5,028H05-P-BN-P5,Unassigned,16S,3a
1297,915e52bf2534d3d2f2ddf5773ab68a94,OL-16S-3a,23.0,Bacteria,Bacteroidota,Bacteroidia,Flavobacteriales,Flavobacteriaceae,Robiginitalea,Unassigned,16S,3a
1298,cb7d2ee38fe83e4c04134b68f2d1b02c,OL-16S-3a,22.0,Bacteria,Bacteroidota,Bacteroidia,Chitinophagales,Saprospiraceae,Unassigned,Unassigned,16S,3a
1299,8fe718cc285e374c01157a25548f4f71,OL-16S-3a,22.0,Bacteria,Bacteroidota,Bacteroidia,Flavobacteriales,Flavobacteriaceae,Nonlabens,Unassigned,16S,3a
1300,53fe15bacf83c415272dbf86fde3031a,OL-16S-3a,21.0,Bacteria,Proteobacteria,Alphaproteobacteria,Rhodobacterales,Rhodobacteraceae,Unassigned,Unassigned,16S,3a
1301,81b243622b864f55567e9a2ab5b3e2f0,OL-16S-3a,21.0,Bacteria,Unassigned,Unassigned,Unassigned,Unassigned,Unassigned,Unassigned,16S,3a
1302,3672d456258630d052d65ad4878e6547,OL-16S-3a,21.0,Bacteria,Bacteroidota,Bacteroidia,Chitinophagales,Saprospiraceae,Unassigned,Unassigned,16S,3a
1303,0af92c65c0c72c32b3d3765080a6743e,OL-16S-3a,21.0,Bacteria,Bacteroidota,Bacteroidia,Flavobacteriales,Flavobacteriaceae,Flavobacterium,Unassigned,16S,3a
1304,797339c600b2d10dd5656b9587c1ef18,OL-16S-3a,21.0,Bacteria,Proteobacteria,Gammaproteobacteria,Pseudomonadales,Cellvibrionaceae,Aestuariicella,Unassigned,16S,3a
1305,d0ab638419fb32a6a0a29a32e58ef14e,OL-16S-3a,20.0,Bacteria,Bacteroidota,Bacteroidia,Flavobacteriales,Crocinitomicaceae,Fluviicola,Unassigned,16S,3a
1306,684b3c613fd5d6f43942ae4353bf4c77,OL-16S-3a,20.0,Bacteria,Verrucomicrobiota,Kiritimatiellae,Kiritimatiellales,Kiritimatiellaceae,R76-B128,Unassigned,16S,3a
1307,e25916c55e2eb416d953706f3aace76a,OL-16S-3a,20.0,Bacteria,Myxococcota,Polyangia,Blfdi19,Blfdi19,Blfdi19,Unassigned,16S,3a
1308,ab329364713a6b8ba18cc7a6cc99f169,OL-16S-3a,20.0,Bacteria,Planctomycetota,Planctomycetes,Pirellulales,Pirellulaceae,Blastopirellula,Unassigned,16S,3a
1309,300ce70399e0c63165ce5612724a5c63,OL-16S-3a,19.0,Bacteria,Verrucomicrobiota,Chlamydiae,Chlamydiales,cvE6,cvE6,Unassigned,16S,3a
1310,b30b28fe4d16fe7f19f6ebcad930d95f,OL-16S-3a,19.0,Bacteria,Patescibacteria,Saccharimonadia,Saccharimonadales,Saccharimonadales,Saccharimonadales,Unassigned,16S,3a
1311,7f155a6827652d1ed9e15a12c3e865e0,OL-16S-3a,18.0,Bacteria,Campylobacterota,Campylobacteria,Campylobacterales,Arcobacteraceae,uncultured,Unassigned,16S,3a
1312,5ed778d5d84d0e094feb3bffc6e30fcf,OL-16S-3a,18.0,Bacteria,WS2,WS2,WS2,WS2,WS2,Unassigned,16S,3a
1313,88e021410817ba0714741afe2addc096,OL-16S-3a,18.0,Bacteria,Verrucomicrobiota,Verrucomicrobiae,Verrucomicrobiales,Unassigned,Unassigned,Unassigned,16S,3a
1314,4e28597a483ded5fd1399d37ce9b548e,OL-16S-3a,17.0,Bacteria,Bacteroidota,Bacteroidia,Unassigned,Unassigned,Unassigned,Unassigned,16S,3a
1315,8e0083d7838124d831ebc64321442758,OL-16S-3a,17.0,Bacteria,Planctomycetota,vadinHA49,vadinHA49,vadinHA49,vadinHA49,Unassigned,16S,3a
1316,e9ad53d779a1eb8d0b2640717ec4dd8f,OL-16S-3a,17.0,Bacteria,Desulfobacterota,Desulfuromonadia,PB19,PB19,PB19,Unassigned,16S,3a
1317,3253510ee56cf2cb49e2d2e536715e7a,OL-16S-3a,17.0,Bacteria,Dependentiae,Babeliae,Babeliales,Unassigned,Unassigned,Unassigned,16S,3a
1318,c3a32a3e7f1ca286e6957291f23503c3,OL-16S-3a,16.0,Bacteria,Proteobacteria,Gammaproteobacteria,EPR3968-O8a-Bc78,EPR3968-O8a-Bc78,EPR3968-O8a-Bc78,Unassigned,16S,3a
1319,7f111ea53d88b56c68ceab9453b8abea,OL-16S-3a,16.0,Bacteria,Bdellovibrionota,Bdellovibrionia,Bacteriovoracales,Bacteriovoracaceae,uncultured,Unassigned,16S,3a
1320,22e5b6f3a53e27c53bea6e749e391eeb,OL-16S-3a,15.0,Bacteria,Proteobacteria,Alphaproteobacteria,Defluviicoccales,Defluviicoccaceae,Defluviicoccus,Unassigned,16S,3a
1321,8f80ec13f564f2defa60a88a3de641bc,OL-16S-3a,15.0,Bacteria,Bacteroidota,Bacteroidia,Flavobacteriales,Unassigned,Unassigned,Unassigned,16S,3a
1322,add2b6a5f080600adf5f46649c5d1d23,OL-16S-3a,15.0,Bacteria,Bacteroidota,Kryptonia,Kryptoniales,MSB-3C8,MSB-3C8,Unassigned,16S,3a
1323,5014fbd9683d8d12b5db13b5af240e6b,OL-16S-3a,15.0,Bacteria,Bdellovibrionota,Bdellovibrionia,Bacteriovoracales,Bacteriovoracaceae,Unassigned,Unassigned,16S,3a
1324,ddb5ec4d9de60e458a5961bd89ae2ffa,OL-16S-3a,15.0,Bacteria,Planctomycetota,Phycisphaerae,Phycisphaerales,Phycisphaeraceae,CL500-3,Unassigned,16S,3a
1325,7bf8d820f1d00ee9d90f61945f591070,OL-16S-3a,15.0,Bacteria,Actinobacteriota,Acidimicrobiia,Microtrichales,Microtrichaceae,uncultured,Unassigned,16S,3a
1326,28bb3ebe0a0e9e2af9e9afc4dd4f1a02,OL-16S-3a,15.0,Bacteria,Bacteroidota,Bacteroidia,Unassigned,Unassigned,Unassigned,Unassigned,16S,3a
1327,c687c8f4bfdcaf5f473a61153dbbddc6,OL-16S-3a,14.0,Bacteria,Chloroflexi,Anaerolineae,Unassigned,Unassigned,Unassigned,Unassigned,16S,3a
1328,7e2d21b3de7cf4c4d968da848c8ef8ca,OL-16S-3a,14.0,Bacteria,Firmicutes,Bacilli,Erysipelotrichales,Erysipelotrichaceae,ZOR0006,Unassigned,16S,3a
1329,91099fafbdd5e4adf12d1dee84640d6b,OL-16S-3a,13.0,Bacteria,Unassigned,Unassigned,Unassigned,Unassigned,Unassigned,Unassigned,16S,3a
1330,5e062966963dcdb93b0123284ea92d81,OL-16S-3a,13.0,Bacteria,Patescibacteria,Gracilibacteria,Candidatus_Peregrinibacteria,Candidatus_Peregrinibacteria,Candidatus_Peregrinibacteria,Unassigned,16S,3a
1331,4ad33c427601f17a44fc687b2ee2be6b,OL-16S-3a,12.0,Bacteria,Proteobacteria,Gammaproteobacteria,Enterobacterales,Shewanellaceae,Ferrimonas,Unassigned,16S,3a
1332,6773fd20d7ff581582fafd8fc6fb7d5b,OL-16S-3a,12.0,Bacteria,Bacteroidota,Bacteroidia,Unassigned,Unassigned,Unassigned,Unassigned,16S,3a
1333,7d5313829d48f8b9b793f36a17bb76ff,OL-16S-3a,12.0,Bacteria,Planctomycetota,Planctomycetes,Planctomycetales,Gimesiaceae,uncultured,Unassigned,16S,3a
1334,532ed4138a93253836a0e8f0318e8b67,OL-16S-3a,11.0,Bacteria,Zixibacteria,Zixibacteria,Zixibacteria,Zixibacteria,Zixibacteria,Unassigned,16S,3a
1335,6dba8f2166a86af3f3f22c2200bf191f,OL-16S-3a,11.0,Bacteria,Proteobacteria,Alphaproteobacteria,Rickettsiales,Mitochondria,Mitochondria,Unassigned,16S,3a
1336,76fbf0f1f05672fbc3d0eb8b085ff849,OL-16S-3a,11.0,Bacteria,Verrucomicrobiota,Verrucomicrobiae,Verrucomicrobiales,DEV007,DEV007,Unassigned,16S,3a
1337,193237a7b4177e005abcbf4bfa52b6ff,OL-16S-3a,10.0,Bacteria,Unassigned,Unassigned,Unassigned,Unassigned,Unassigned,Unassigned,16S,3a
1338,a2dcd44e23e9796928ce86bd2fa56545,OL-16S-3a,10.0,Bacteria,Unassigned,Unassigned,Unassigned,Unassigned,Unassigned,Unassigned,16S,3a
1339,9660812360af25b403f45dfe936f3e2e,OL-16S-3a,10.0,Bacteria,Bacteroidota,Bacteroidia,Chitinophagales,Saprospiraceae,Saprospira,Unassigned,16S,3a
1340,2db1adb8da0c9c83f218b8ece4ed50b0,OL-16S-3a,10.0,Bacteria,Bacteroidota,Bacteroidia,Unassigned,Unassigned,Unassigned,Unassigned,16S,3a
1341,215b629da14fe348fa5a072b108fa67e,OL-16S-3a,10.0,Bacteria,Bacteroidota,Bacteroidia,Unassigned,Unassigned,Unassigned,Unassigned,16S,3a
1342,dc46175da077460501672ee8bc0c8aa2,OL-16S-3a,9.0,Bacteria,Desulfobacterota,Desulfovibrionia,Desulfovibrionales,Desulfovibrionaceae,Halodesulfovibrio,Unassigned,16S,3a
1343,623a3083b696c8e72337cc30f4c76eff,OL-16S-3a,9.0,Bacteria,Proteobacteria,Gammaproteobacteria,Pseudomonadales,OM182_clade,OM182_clade,Unassigned,16S,3a
1344,aa42e9373914b6709e6ae5a83fb2e07c,OL-16S-3a,9.0,Bacteria,Actinobacteriota,Actinobacteria,Euzebyales,Euzebyaceae,uncultured,Unassigned,16S,3a
1345,2dd816e24b27ef86d984d087e730b82b,OL-16S-3a,9.0,Bacteria,Proteobacteria,Alphaproteobacteria,Micavibrionales,Micavibrionaceae,uncultured,Unassigned,16S,3a
1346,1091722de1e9cb0bf5f046617f0b8cc8,OL-16S-3a,9.0,Bacteria,Bdellovibrionota,Bdellovibrionia,Bdellovibrionales,Bdellovibrionaceae,Bdellovibrio,Unassigned,16S,3a
1347,a6ea1c0300ac6d4b8fd0a6f3af466b13,OL-16S-3a,9.0,Bacteria,Proteobacteria,Alphaproteobacteria,Rickettsiales,Mitochondria,Mitochondria,Unassigned,16S,3a
1348,00a66363aae24f419581ad68613f82f7,OL-16S-3a,8.0,Bacteria,Bacteroidota,Bacteroidia,Unassigned,Unassigned,Unassigned,Unassigned,16S,3a
1349,8d93e6ffb2afe00da134b1461996479e,OL-16S-3a,8.0,Bacteria,Bacteroidota,Bacteroidia,Unassigned,Unassigned,Unassigned,Unassigned,16S,3a
1350,0c96ad437aa2134bb9178abed1343ba5,OL-16S-3a,8.0,Bacteria,Bacteroidota,Bacteroidia,Unassigned,Unassigned,Unassigned,Unassigned,16S,3a
1351,f8914912c415235fbea9f7860fca9c82,OL-16S-3a,8.0,Bacteria,Proteobacteria,Gammaproteobacteria,Unassigned,Unassigned,Unassigned,Unassigned,16S,3a
1352,0460c40bf749904cba6a2d7e5d8d3354,OL-16S-3a,8.0,Bacteria,Bacteroidota,Bacteroidia,Cytophagales,Flammeovirgaceae,Flexithrix,Unassigned,16S,3a
1353,1109a4b3fe7c702e0087120e9bb04ed4,OL-16S-3a,7.0,Bacteria,Proteobacteria,Alphaproteobacteria,Rickettsiales,Mitochondria,Mitochondria,Unassigned,16S,3a
1354,fc4588cc2fa0b773d37213a2bd370f53,OL-16S-3a,7.0,Bacteria,Bacteroidota,Bacteroidia,Bacteroidales,Unassigned,Unassigned,Unassigned,16S,3a
1355,87bde60ae9c41f660fe74a7f8c017f77,OL-16S-3a,6.0,Bacteria,Proteobacteria,Alphaproteobacteria,Rickettsiales,Mitochondria,Mitochondria,Unassigned,16S,3a
1356,e0939f762810b626c396052aa1795887,OL-16S-3a,6.0,Bacteria,Planctomycetota,Unassigned,Unassigned,Unassigned,Unassigned,Unassigned,16S,3a
1357,b7055b569d539193eb1ac77b205ca1ff,OL-16S-3a,6.0,Bacteria,Proteobacteria,Alphaproteobacteria,Rhizobiales,Devosiaceae,Devosia,Unassigned,16S,3a
1358,4fd0aa022e0a1b6997acca2e5211f02f,OL-16S-3a,6.0,Bacteria,Bacteroidota,Bacteroidia,Unassigned,Unassigned,Unassigned,Unassigned,16S,3a
1359,046c3e2edb41a73a3728c83d772787a5,OL-16S-3a,6.0,Bacteria,Bacteroidota,Bacteroidia,Unassigned,Unassigned,Unassigned,Unassigned,16S,3a
1360,04e1e9765b9a3f11fd4cbd326089a7ab,OL-16S-3a,5.0,Bacteria,Proteobacteria,Alphaproteobacteria,Rickettsiales,Mitochondria,Mitochondria,Unassigned,16S,3a
1361,e5d6f524f0219cdb7eed4ed4064f1fe8,OL-16S-3a,4.0,Bacteria,Bdellovibrionota,Bdellovibrionia,Bacteriovoracales,Bacteriovoracaceae,Unassigned,Unassigned,16S,3a
1362,7bf92cdc13445f566f67c46824b0bcb9,OL-16S-3a,4.0,Bacteria,Bacteroidota,Bacteroidia,Cytophagales,Amoebophilaceae,uncultured,Unassigned,16S,3a
1363,fccbd17733a8e762b52d44ac55970413,OL-16S-3a,4.0,Bacteria,Proteobacteria,Alphaproteobacteria,Rickettsiales,Mitochondria,Mitochondria,Unassigned,16S,3a
1364,7a5f6b57835e2887ca47fbe212da13cf,OL-16S-3a,3.0,Archaea,Nanoarchaeota,Nanoarchaeia,Woesearchaeales,Woesearchaeales,Woesearchaeales,Unassigned,16S,3a
1365,2580355e3a67d6a514a096f08c6c3e05,OL-16S-3a,3.0,Bacteria,Cloacimonadota,Cloacimonadia,Cloacimonadales,MSBL8,MSBL8,Unassigned,16S,3a
1366,8b26bb7e3b75e09356c5bc6b2cd732de,OL-16S-3a,3.0,Bacteria,Unassigned,Unassigned,Unassigned,Unassigned,Unassigned,Unassigned,16S,3a
1367,d9b68c2801789e5033af524e9579bc6c,OL-16S-3b,90.0,Bacteria,Cyanobacteria,Cyanobacteriia,Synechococcales,Cyanobiaceae,Synechococcus_CC9902,Unassigned,16S,3b
1368,aa808b0478d08a06b2b00e0e5c07890b,OL-16S-3b,57.0,Bacteria,Proteobacteria,Alphaproteobacteria,Rhodobacterales,Rhodobacteraceae,Unassigned,Unassigned,16S,3b
1369,6f1acc90123cbf55ff12a937e937378f,OL-16S-3b,94.0,Bacteria,Proteobacteria,Alphaproteobacteria,Rhodobacterales,Rhodobacteraceae,Unassigned,Unassigned,16S,3b
1370,e3a9f12464238cd45ef04be10f3221cc,OL-16S-3b,76.0,Bacteria,Cyanobacteria,Cyanobacteriia,Synechococcales,Cyanobiaceae,Synechococcus_CC9902,Unassigned,16S,3b
1371,5867104194c871f7bcbf25f8a84e01f9,OL-16S-3b,63.0,Bacteria,Cyanobacteria,Cyanobacteriia,Synechococcales,Cyanobiaceae,Synechococcus_CC9902,Unassigned,16S,3b
1372,e8ba99dea3e43d620f7902993a983e5a,OL-16S-3b,65.0,Bacteria,Proteobacteria,Alphaproteobacteria,Rhodobacterales,Rhodobacteraceae,Unassigned,Unassigned,16S,3b
1373,615c84c753ad586852541e8d7c4a56a2,OL-16S-3b,26.0,Bacteria,Cyanobacteria,Cyanobacteriia,Synechococcales,Cyanobiaceae,Cyanobium_PCC-6307,Unassigned,16S,3b
1374,fda4ef534982960826bf945dd959b00c,OL-16S-3b,54.0,Bacteria,Cyanobacteria,Cyanobacteriia,Synechococcales,Cyanobiaceae,Cyanobium_PCC-6307,Unassigned,16S,3b
1375,30409ab8de31707cb4bd8310b08e40d4,OL-16S-3b,105.0,Bacteria,Proteobacteria,Alphaproteobacteria,Rhodobacterales,Rhodobacteraceae,Unassigned,Unassigned,16S,3b
1376,2f2100acf93eac685f042809f2e38ae9,OL-16S-3b,49.0,Bacteria,Cyanobacteria,Cyanobacteriia,Chloroplast,Chloroplast,Chloroplast,Unassigned,16S,3b
1377,532a63a809461d05c0379584c386b37c,OL-16S-3b,16.0,Bacteria,Cyanobacteria,Cyanobacteriia,Chloroplast,Chloroplast,Chloroplast,Unassigned,16S,3b
1378,7bbabcdd78bb2bb68d5f71e71dac3126,OL-16S-3b,28.0,Bacteria,Bacteroidota,Bacteroidia,Flavobacteriales,Cryomorphaceae,uncultured,Unassigned,16S,3b
1379,bd786103272d12037e5554bdd0eae589,OL-16S-3b,62.0,Bacteria,Bacteroidota,Bacteroidia,Flavobacteriales,Unassigned,Unassigned,Unassigned,16S,3b
1380,7a809c1fa56b31b922d153aca924ec62,OL-16S-3b,57.0,Bacteria,Planctomycetota,Planctomycetes,Pirellulales,Pirellulaceae,Rubripirellula,Unassigned,16S,3b
1381,2c85718b65504152b771bdcdecb47332,OL-16S-3b,71.0,Bacteria,Proteobacteria,Gammaproteobacteria,Enterobacterales,Vibrionaceae,Unassigned,Unassigned,16S,3b
1382,ef16ea6017978e4f623a2792170a4bfd,OL-16S-3b,20.0,Bacteria,Cyanobacteria,Cyanobacteriia,Chloroplast,Chloroplast,Chloroplast,Unassigned,16S,3b
1383,39a32c9589ed4587f6f2e7d40b5f59bd,OL-16S-3b,22.0,Bacteria,Cyanobacteria,Cyanobacteriia,Chloroplast,Chloroplast,Chloroplast,Unassigned,16S,3b
1384,ee53abd565a5fe40aa87ed1d54cde184,OL-16S-3b,83.0,Bacteria,Cyanobacteria,Cyanobacteriia,Synechococcales,Cyanobiaceae,Cyanobium_PCC-6307,Unassigned,16S,3b
1385,be0ed6ad9079763812d983f19c0b537a,OL-16S-3b,69.0,Bacteria,Planctomycetota,Pla3_lineage,Pla3_lineage,Pla3_lineage,Pla3_lineage,Unassigned,16S,3b
1386,8dfd3941da45560af84b14538d6b69c0,OL-16S-3b,27.0,Bacteria,Cyanobacteria,Cyanobacteriia,Cyanobacteriales,Cyanobacteriaceae,Symphothece_PCC-7002,Unassigned,16S,3b
1387,1b91b8ed559e280b4754f05e3288f1ec,OL-16S-3b,55.0,Bacteria,Campylobacterota,Campylobacteria,Campylobacterales,Sulfurovaceae,Sulfurovum,Unassigned,16S,3b
1388,f070337cb0d512394d60480f2b66b761,OL-16S-3b,57.0,Bacteria,Bacteroidota,Bacteroidia,Flavobacteriales,Crocinitomicaceae,Fluviicola,Unassigned,16S,3b
1389,e65b6b9fa492374e113d5a1e6eb004ea,OL-16S-3b,15.0,Bacteria,Cyanobacteria,Cyanobacteriia,Chloroplast,Chloroplast,Chloroplast,Unassigned,16S,3b
1390,6ff4babd2b24a9485336c84c5d03846d,OL-16S-3b,19.0,Bacteria,Cyanobacteria,Cyanobacteriia,Chloroplast,Chloroplast,Chloroplast,Unassigned,16S,3b
1391,f50cd182c69f0c54be1339b8a9503021,OL-16S-3b,124.0,Bacteria,Proteobacteria,Gammaproteobacteria,Enterobacterales,Pseudoalteromonadaceae,Pseudoalteromonas,Unassigned,16S,3b
1392,b14a00f5e69a6767c97e751e8c2adacc,OL-16S-3b,21.0,Bacteria,Bacteroidota,Bacteroidia,Flavobacteriales,Flavobacteriaceae,Tenacibaculum,Unassigned,16S,3b
1393,3d99bf4e19dc5e7db72611193902074c,OL-16S-3b,12.0,Bacteria,Cyanobacteria,Cyanobacteriia,Chloroplast,Chloroplast,Chloroplast,Unassigned,16S,3b
1394,a04b8f54ca3d935e024047fcdb81cb34,OL-16S-3b,62.0,Bacteria,Proteobacteria,Alphaproteobacteria,Rhizobiales,Stappiaceae,Stappiaceae,Unassigned,16S,3b
1395,d9c0185fe7a2c4e58e0c12892e5dd788,OL-16S-3b,42.0,Bacteria,Bacteroidota,Bacteroidia,Flavobacteriales,Cryomorphaceae,uncultured,Unassigned,16S,3b
1396,16a028aa8a27150eef70ea770d1d1c9d,OL-16S-3b,115.0,Bacteria,Cyanobacteria,Cyanobacteriia,Chloroplast,Chloroplast,Chloroplast,Unassigned,16S,3b
1397,fd2a56458a99b0d6175af2566ca33b31,OL-16S-3b,113.0,Bacteria,Proteobacteria,Alphaproteobacteria,SAR11_clade,Clade_I,Unassigned,Unassigned,16S,3b
1398,2690f26d72b2bec2360383a792c0c9de,OL-16S-3b,113.0,Bacteria,Bacteroidota,Bacteroidia,Chitinophagales,Saprospiraceae,Unassigned,Unassigned,16S,3b
1399,37d704261c06a5ac07db0e2102cd8634,OL-16S-3b,9.0,Bacteria,Bacteroidota,Bacteroidia,Flavobacteriales,Flavobacteriaceae,Unassigned,Unassigned,16S,3b
1400,891b7c7f753e468ed46cc13c95d18162,OL-16S-3b,39.0,Bacteria,Bacteroidota,Bacteroidia,Flavobacteriales,Flavobacteriaceae,Unassigned,Unassigned,16S,3b
1401,976477bd65b696f16ad6336b579512cd,OL-16S-3b,106.0,Bacteria,Actinobacteriota,Acidimicrobiia,Actinomarinales,Actinomarinaceae,Candidatus_Actinomarina,Unassigned,16S,3b
1402,ccb612d9da0be39a5b601cffe4f8d45b,OL-16S-3b,103.0,Bacteria,Proteobacteria,Gammaproteobacteria,Unassigned,Unassigned,Unassigned,Unassigned,16S,3b
1403,cd40b246bb0d508cd2a82cede8eb3bcc,OL-16S-3b,17.0,Bacteria,Cyanobacteria,Cyanobacteriia,Chloroplast,Chloroplast,Chloroplast,Unassigned,16S,3b
1404,89a8659c2a2a2057c9b18b35a4a69d89,OL-16S-3b,100.0,Bacteria,Proteobacteria,Gammaproteobacteria,Pseudomonadales,OM182_clade,OM182_clade,Unassigned,16S,3b
1405,b4ec1e5727c38d955c18e9cc6bcd798a,OL-16S-3b,92.0,Bacteria,Proteobacteria,Gammaproteobacteria,Pseudomonadales,Halieaceae,Unassigned,Unassigned,16S,3b
1406,e6adc74f8fca91fc99cf9b7cf87ea0e4,OL-16S-3b,90.0,Bacteria,Proteobacteria,Gammaproteobacteria,Pseudomonadales,Halomonadaceae,Cobetia,Unassigned,16S,3b
1407,11bf16b22eea91d1cb5766d8513c3d4c,OL-16S-3b,88.0,Bacteria,Actinobacteriota,Acidimicrobiia,Microtrichales,Microtrichaceae,Sva0996_marine_group,Unassigned,16S,3b
1408,802603ab2368199770882ab5938e99e3,OL-16S-3b,88.0,Bacteria,Verrucomicrobiota,Verrucomicrobiae,Opitutales,Puniceicoccaceae,Verruc-01,Unassigned,16S,3b
1409,5b964b486fe29bcb1717d16ebaae6009,OL-16S-3b,49.0,Bacteria,Proteobacteria,Gammaproteobacteria,Pseudomonadales,Pseudohongiellaceae,Pseudohongiella,Unassigned,16S,3b
1410,929b5c460cfed2a6a56c0e3a930b8848,OL-16S-3b,86.0,Bacteria,Desulfobacterota,Desulfobacteria,Desulfobacterales,Desulfosarcinaceae,Unassigned,Unassigned,16S,3b
1411,54466145385a6d897b87de04f2446f86,OL-16S-3b,83.0,Bacteria,Proteobacteria,Gammaproteobacteria,Unassigned,Unassigned,Unassigned,Unassigned,16S,3b
1412,92ec5093ca04bdc4b5ed6b3903c8d8b9,OL-16S-3b,80.0,Bacteria,Proteobacteria,Gammaproteobacteria,Unassigned,Unassigned,Unassigned,Unassigned,16S,3b
1413,3adac4efbcf4f8f0fccb7f69236e447f,OL-16S-3b,49.0,Bacteria,Bacteroidota,Bacteroidia,Flavobacteriales,Flavobacteriaceae,NS4_marine_group,Unassigned,16S,3b
1414,0483d8c6d27c44d1f4d1c3431f223672,OL-16S-3b,74.0,Bacteria,Proteobacteria,Gammaproteobacteria,Thiotrichales,Thiotrichaceae,uncultured,Unassigned,16S,3b
1415,dc2728c4063fef5544710cba3bb53561,OL-16S-3b,73.0,Bacteria,Bacteroidota,Bacteroidia,Flavobacteriales,Cryomorphaceae,uncultured,Unassigned,16S,3b
1416,b0304b76f75a873e03cfc89d6ad3978f,OL-16S-3b,72.0,Bacteria,Proteobacteria,Gammaproteobacteria,Unassigned,Unassigned,Unassigned,Unassigned,16S,3b
1417,016debe5b0f05b4750b4dac3ff5a30ab,OL-16S-3b,71.0,Bacteria,Proteobacteria,Gammaproteobacteria,Pseudomonadales,Halieaceae,Luminiphilus,Unassigned,16S,3b
1418,ea83d3fea917d636a8854b62da7f83d2,OL-16S-3b,40.0,Bacteria,Cyanobacteria,Cyanobacteriia,Chloroplast,Chloroplast,Chloroplast,Unassigned,16S,3b
1419,63dfb6a612258543ac1ddba86fa49a9e,OL-16S-3b,69.0,Bacteria,Bacteroidota,Bacteroidia,Flavobacteriales,Flavobacteriaceae,Muriicola,Unassigned,16S,3b
1420,1ce7d2a43d3f5e6a4b92104acce94318,OL-16S-3b,66.0,Bacteria,Bacteroidota,Bacteroidia,Flavobacteriales,Flavobacteriaceae,Unassigned,Unassigned,16S,3b
1421,4b4f955720aad96b38aab360f4796376,OL-16S-3b,66.0,Bacteria,Proteobacteria,Gammaproteobacteria,Pseudomonadales,Marinomonadaceae,Marinomonas,Unassigned,16S,3b
1422,0d11fc7cc33f280a701b063677d92b90,OL-16S-3b,66.0,Bacteria,Proteobacteria,Gammaproteobacteria,Pseudomonadales,Oleiphilaceae,Oleiphilus,Unassigned,16S,3b
1423,212396513900cd1a9e4c1a24a45127c3,OL-16S-3b,65.0,Bacteria,Proteobacteria,Gammaproteobacteria,Gammaproteobacteria_Incertae_Sedis,Unknown_Family,uncultured,Unassigned,16S,3b
1424,fa94923d44c5e5623854403b7b300408,OL-16S-3b,62.0,Bacteria,Proteobacteria,Alphaproteobacteria,Rickettsiales,Mitochondria,Mitochondria,Unassigned,16S,3b
1425,4a0c94802bc5c6217d4c7423fa7c0d5e,OL-16S-3b,62.0,Bacteria,Proteobacteria,Alphaproteobacteria,Puniceispirillales,SAR116_clade,SAR116_clade,Unassigned,16S,3b
1426,6c8873cffb9bd5550e4f48302250ac46,OL-16S-3b,61.0,Bacteria,Proteobacteria,Gammaproteobacteria,B2M28,B2M28,B2M28,Unassigned,16S,3b
1427,97dcae4312b525bf679d14457554bbd2,OL-16S-3b,24.0,Bacteria,Myxococcota,Polyangia,Polyangiales,Sandaracinaceae,uncultured,Unassigned,16S,3b
1428,d4d73efd724a81cdc0ea36ae343a570b,OL-16S-3b,60.0,Bacteria,Proteobacteria,Gammaproteobacteria,Pseudomonadales,KI89A_clade,KI89A_clade,Unassigned,16S,3b
1429,77fbc0990616a686134665f33ac2a7d7,OL-16S-3b,27.0,Bacteria,Proteobacteria,Gammaproteobacteria,Gammaproteobacteria_Incertae_Sedis,Unknown_Family,Marinicella,Unassigned,16S,3b
1430,f36a10610141fbbda7d57b7910f5b60c,OL-16S-3b,57.0,Bacteria,Proteobacteria,Alphaproteobacteria,Rhodobacterales,Rhodobacteraceae,Unassigned,Unassigned,16S,3b
1431,70d5063f6559096df860090de697d22c,OL-16S-3b,57.0,Bacteria,Planctomycetota,Planctomycetes,Planctomycetales,Rubinisphaeraceae,uncultured,Unassigned,16S,3b
1432,3528b40ce0ed55b1a73c4af7ff4e34da,OL-16S-3b,56.0,Bacteria,Cyanobacteria,Cyanobacteriia,Chloroplast,Chloroplast,Chloroplast,Unassigned,16S,3b
1433,7667a2328071f11e93cf6a51ceae802e,OL-16S-3b,56.0,Bacteria,Proteobacteria,Gammaproteobacteria,Pseudomonadales,Pseudohongiellaceae,Pseudohongiella,Unassigned,16S,3b
1434,2006ee8b6964679ce150fa326cc25b31,OL-16S-3b,55.0,Bacteria,Bacteroidota,Bacteroidia,Flavobacteriales,Flavobacteriaceae,Unassigned,Unassigned,16S,3b
1435,607117f28dbdacbd4e423bf43eeaceb3,OL-16S-3b,55.0,Bacteria,Unassigned,Unassigned,Unassigned,Unassigned,Unassigned,Unassigned,16S,3b
1436,c857adc05d29bc61d99904b991fe5d9f,OL-16S-3b,54.0,Bacteria,Proteobacteria,Gammaproteobacteria,Pseudomonadales,SAR86_clade,SAR86_clade,Unassigned,16S,3b
1437,9e8c4d8335bc116dda957174034a785e,OL-16S-3b,54.0,Bacteria,Bacteroidota,Bacteroidia,Flavobacteriales,Flavobacteriaceae,Unassigned,Unassigned,16S,3b
1438,398aae8b9870fef044191c0cab57b4be,OL-16S-3b,54.0,Bacteria,Bacteroidota,Rhodothermia,Balneolales,Balneolaceae,Balneola,Unassigned,16S,3b
1439,735a76f9c3b92ce75766381682ab4947,OL-16S-3b,54.0,Bacteria,Proteobacteria,Gammaproteobacteria,Enterobacterales,Vibrionaceae,Thaumasiovibrio,Unassigned,16S,3b
1440,72428d38022055bd5cc40eb2352b90aa,OL-16S-3b,32.0,Bacteria,Proteobacteria,Gammaproteobacteria,Pseudomonadales,SAR86_clade,SAR86_clade,Unassigned,16S,3b
1441,077c1cb264222b2f2ca036759c35bc82,OL-16S-3b,19.0,Bacteria,Actinobacteriota,Acidimicrobiia,Actinomarinales,uncultured,uncultured,Unassigned,16S,3b
1442,bd219bb8785cceb317476d73d4e183b3,OL-16S-3b,49.0,Bacteria,Proteobacteria,Gammaproteobacteria,Enterobacterales,Alteromonadaceae,Unassigned,Unassigned,16S,3b
1443,956438fc99b21ec0273957cc05167d81,OL-16S-3b,48.0,Bacteria,Bacteroidota,Bacteroidia,Flavobacteriales,Flavobacteriaceae,NS5_marine_group,Unassigned,16S,3b
1444,9fab95d80221d61c84470c89151a1e7c,OL-16S-3b,47.0,Bacteria,Cyanobacteria,Cyanobacteriia,Synechococcales,Cyanobiaceae,Unassigned,Unassigned,16S,3b
1445,75aad90db7d3e76720fb4927a312ec34,OL-16S-3b,47.0,Bacteria,Verrucomicrobiota,Verrucomicrobiae,Verrucomicrobiales,DEV007,DEV007,Unassigned,16S,3b
1446,48617ef6e592b86983cb9aa8ced9a836,OL-16S-3b,47.0,Bacteria,Proteobacteria,Gammaproteobacteria,Pseudomonadales,Litoricolaceae,Litoricola,Unassigned,16S,3b
1447,b6835c5c0fc05f59b6df06085fc34de6,OL-16S-3b,46.0,Bacteria,Planctomycetota,OM190,OM190,OM190,OM190,Unassigned,16S,3b
1448,cc46641f635f4cd9be2a734405847c25,OL-16S-3b,46.0,Bacteria,Proteobacteria,Alphaproteobacteria,Rickettsiales,Mitochondria,Mitochondria,Unassigned,16S,3b
1449,8d13b17c17da7f10fc72698f36cddb0c,OL-16S-3b,46.0,Bacteria,Bacteroidota,Bacteroidia,Unassigned,Unassigned,Unassigned,Unassigned,16S,3b
1450,71f998de38e9c26f4c1651886b634e09,OL-16S-3b,46.0,Bacteria,Bacteroidota,Bacteroidia,Flavobacteriales,Flavobacteriaceae,Robiginitalea,Unassigned,16S,3b
1451,544f09f5d85b876ef19356ecfe2a1fbc,OL-16S-3b,46.0,Bacteria,Proteobacteria,Alphaproteobacteria,Rhizobiales,Methyloligellaceae,Methyloceanibacter,Unassigned,16S,3b
1452,8cf1970eec7b703e99cac71c31b58af0,OL-16S-3b,17.0,Bacteria,Verrucomicrobiota,Verrucomicrobiae,Opitutales,Puniceicoccaceae,Pelagicoccus,Unassigned,16S,3b
1453,6ccb7bbf087c49090ba4e6fbe7105076,OL-16S-3b,44.0,Bacteria,Planctomycetota,OM190,OM190,OM190,OM190,Unassigned,16S,3b
1454,98efa0350b17dbcc155f37bea8bfee97,OL-16S-3b,44.0,Bacteria,Bacteroidota,Bacteroidia,Chitinophagales,Saprospiraceae,uncultured,Unassigned,16S,3b
1455,7efab5e1490315c37f828d1e5a64d521,OL-16S-3b,43.0,Bacteria,Proteobacteria,Alphaproteobacteria,Rhizobiales,Stappiaceae,Stappiaceae,Unassigned,16S,3b
1456,654d0718d1c6819a771236667d1d7762,OL-16S-3b,42.0,Bacteria,Proteobacteria,Gammaproteobacteria,UBA10353_marine_group,UBA10353_marine_group,UBA10353_marine_group,Unassigned,16S,3b
1457,db799a1afe8d7673d261c2249fb0f79c,OL-16S-3b,42.0,Bacteria,Verrucomicrobiota,Verrucomicrobiae,Pedosphaerales,Pedosphaeraceae,SCGC_AAA164-E04,Unassigned,16S,3b
1458,d3d3108c70a635ee8cb4ee2e24a7bba8,OL-16S-3b,42.0,Bacteria,Proteobacteria,Alphaproteobacteria,Puniceispirillales,SAR116_clade,SAR116_clade,Unassigned,16S,3b
1459,a7fc9f5a56b31e98f21ac864f39a4aae,OL-16S-3b,42.0,Bacteria,Cyanobacteria,Cyanobacteriia,Chloroplast,Chloroplast,Chloroplast,Unassigned,16S,3b
1460,242f9b91d8560aa6faa2833a23e4df4f,OL-16S-3b,41.0,Bacteria,Campylobacterota,Campylobacteria,Campylobacterales,Sulfurovaceae,Sulfurovum,Unassigned,16S,3b
1461,ccdc2f5392fdad420e88ffac176753a5,OL-16S-3b,41.0,Bacteria,Latescibacterota,Latescibacterota,Latescibacterota,Latescibacterota,Latescibacterota,Unassigned,16S,3b
1462,920c3d03c50efc1496f3e188a4eeb064,OL-16S-3b,41.0,Bacteria,Bacteroidota,Bacteroidia,Flavobacteriales,Flavobacteriaceae,Euzebyella,Unassigned,16S,3b
1463,a34d8658e3e0235bdb82c34806f1f8e2,OL-16S-3b,40.0,Bacteria,Planctomycetota,OM190,OM190,OM190,OM190,Unassigned,16S,3b
1464,6051639b2c7aa3d3820eeb4fb1d127ce,OL-16S-3b,40.0,Bacteria,Bacteroidota,Bacteroidia,Sphingobacteriales,NS11-12_marine_group,NS11-12_marine_group,Unassigned,16S,3b
1465,d5e7dd171fdba2fd5c2b71abb21ec37a,OL-16S-3b,40.0,Bacteria,Campylobacterota,Campylobacteria,Campylobacterales,Sulfurimonadaceae,Sulfurimonas,Unassigned,16S,3b
1466,3018a5e3f8d2beb3551f7705bc479d29,OL-16S-3b,40.0,Bacteria,Bacteroidota,Bacteroidia,Flavobacteriales,Flavobacteriaceae,Leeuwenhoekiella,Unassigned,16S,3b
1467,54bbf6464e059af88e7a269addbffe47,OL-16S-3b,39.0,Bacteria,Proteobacteria,Alphaproteobacteria,Puniceispirillales,uncultured,uncultured,Unassigned,16S,3b
1468,af6895a1caa24032ec1f857d0aeecbb1,OL-16S-3b,38.0,Bacteria,Cyanobacteria,Cyanobacteriia,Chloroplast,Chloroplast,Chloroplast,Unassigned,16S,3b
1469,02de696c54ce018709790e6c3b7f0752,OL-16S-3b,38.0,Bacteria,Cyanobacteria,Cyanobacteriia,Chloroplast,Chloroplast,Chloroplast,Unassigned,16S,3b
1470,72e859369e10cca6d8ea5add7650f197,OL-16S-3b,38.0,Bacteria,Bacteroidota,Bacteroidia,Flavobacteriales,Flavobacteriaceae,NS4_marine_group,Unassigned,16S,3b
1471,8b4d4a01ac5e52cd406206aa4de07357,OL-16S-3b,38.0,Bacteria,SAR324_clade(Marine_group_B),SAR324_clade(Marine_group_B),SAR324_clade(Marine_group_B),SAR324_clade(Marine_group_B),SAR324_clade(Marine_group_B),Unassigned,16S,3b
1472,6d6ca9fc113a21c223ce229ae113a895,OL-16S-3b,37.0,Bacteria,Verrucomicrobiota,Verrucomicrobiae,Chthoniobacterales,Unassigned,Unassigned,Unassigned,16S,3b
1473,28617314a7cd16c0bedc9e82953e0472,OL-16S-3b,37.0,Bacteria,Campylobacterota,Campylobacteria,Campylobacterales,Sulfurimonadaceae,Sulfurimonas,Unassigned,16S,3b
1474,d669c318f4cdf3604f9f7c35c30729e2,OL-16S-3b,37.0,Bacteria,Verrucomicrobiota,Verrucomicrobiae,Verrucomicrobiales,DEV007,DEV007,Unassigned,16S,3b
1475,f97feedd0fbb7f7ff6fc78f3820e600f,OL-16S-3b,36.0,Bacteria,Bacteroidota,Bacteroidia,Flavobacteriales,Flavobacteriaceae,NS5_marine_group,Unassigned,16S,3b
1476,a75e2fc78c6f0312c5ce1885ab0c1bb6,OL-16S-3b,36.0,Bacteria,Verrucomicrobiota,Verrucomicrobiae,Verrucomicrobiales,DEV007,DEV007,Unassigned,16S,3b
1477,c1d0c221b9a045a3f6ebece39c02312a,OL-16S-3b,36.0,Bacteria,Cyanobacteria,Cyanobacteriia,Chloroplast,Chloroplast,Chloroplast,Unassigned,16S,3b
1478,ec14d38c42d3ffa85168c799bad9928e,OL-16S-3b,36.0,Bacteria,Proteobacteria,Gammaproteobacteria,Unassigned,Unassigned,Unassigned,Unassigned,16S,3b
1479,e6f7f3fa6f7edc7c2baf99d26ae0838f,OL-16S-3b,35.0,Bacteria,Bacteroidota,Bacteroidia,Cytophagales,Spirosomaceae,Taeseokella,Unassigned,16S,3b
1480,a4ea1294975ab75a3adf753ae5fd32b2,OL-16S-3b,35.0,Bacteria,Desulfobacterota,Syntrophobacteria,Syntrophobacterales,uncultured,uncultured,Unassigned,16S,3b
1481,d77204e257a516f4ccc1ef9e8c61881c,OL-16S-3b,34.0,Bacteria,Bacteroidota,Bacteroidia,Chitinophagales,Saprospiraceae,Aureispira,Unassigned,16S,3b
1482,1b0f8c0777013042de7d8314fa7bcfb7,OL-16S-3b,34.0,Bacteria,Cyanobacteria,Cyanobacteriia,Chloroplast,Chloroplast,Chloroplast,Unassigned,16S,3b
1483,91342c1bd67be6c043fc1ed02c4b8ede,OL-16S-3b,33.0,Bacteria,Bacteroidota,Bacteroidia,Bacteroidales,Prolixibacteraceae,Draconibacterium,Unassigned,16S,3b
1484,1af725f9d982d1e7f89bf87bff2156c9,OL-16S-3b,33.0,Bacteria,Planctomycetota,Pla3_lineage,Pla3_lineage,Pla3_lineage,Pla3_lineage,Unassigned,16S,3b
1485,dfd81bc3aabab0953964aebe32ebb33c,OL-16S-3b,33.0,Bacteria,Proteobacteria,Alphaproteobacteria,Caulobacterales,Hyphomonadaceae,Hyphomonas,Unassigned,16S,3b
1486,9917d638302e3e910d916e07f958e9f1,OL-16S-3b,32.0,Bacteria,Proteobacteria,Alphaproteobacteria,SAR11_clade,Clade_III,Clade_III,Unassigned,16S,3b
1487,ba96b4fdcd3af73ef7d12f73e749fc6b,OL-16S-3b,32.0,Bacteria,Proteobacteria,Alphaproteobacteria,Rickettsiales,Mitochondria,Mitochondria,Unassigned,16S,3b
1488,71ce99d012cb6f1bf6ce3834651ffee5,OL-16S-3b,31.0,Bacteria,Planctomycetota,Phycisphaerae,Phycisphaerales,Phycisphaeraceae,CL500-3,Unassigned,16S,3b
1489,b64180816c7ba39cd6dfa418bd187426,OL-16S-3b,31.0,Bacteria,Bacteroidota,Bacteroidia,Unassigned,Unassigned,Unassigned,Unassigned,16S,3b
1490,39a7b6abfc720653039f5919682a37d4,OL-16S-3b,31.0,Bacteria,Bacteroidota,Bacteroidia,Cytophagales,Cyclobacteriaceae,uncultured,Unassigned,16S,3b
1491,72277def763253f33afbd3ab88499cbe,OL-16S-3b,31.0,Bacteria,Proteobacteria,Gammaproteobacteria,Pseudomonadales,Saccharospirillaceae,Reinekea,Unassigned,16S,3b
1492,afc359ebb66828bd84bd7385a3453461,OL-16S-3b,31.0,Bacteria,Verrucomicrobiota,Verrucomicrobiae,Opitutales,Puniceicoccaceae,Coraliomargarita,Unassigned,16S,3b
1493,415895e56f80f3ae806e3b3b77907f49,OL-16S-3b,30.0,Bacteria,Proteobacteria,Gammaproteobacteria,Burkholderiales,MWH-UniP1_aquatic_group,MWH-UniP1_aquatic_group,Unassigned,16S,3b
1494,7ffd726686265d1c88fd082d4eb33cb8,OL-16S-3b,29.0,Bacteria,Acidobacteriota,Thermoanaerobaculia,Thermoanaerobaculales,Thermoanaerobaculaceae,Subgroup_10,Unassigned,16S,3b
1495,7ec61e866966d458d6b70590751e2f74,OL-16S-3b,28.0,Bacteria,Bacteroidota,Bacteroidia,Flavobacteriales,Flavobacteriaceae,Unassigned,Unassigned,16S,3b
1496,57046d2838db0dcea9f414168794e5f8,OL-16S-3b,27.0,Bacteria,Planctomycetota,Planctomycetes,Planctomycetales,Gimesiaceae,uncultured,Unassigned,16S,3b
1497,11012aaea45dc2e89a000a32829794f4,OL-16S-3b,27.0,Bacteria,Desulfobacterota,Desulfuromonadia,PB19,PB19,PB19,Unassigned,16S,3b
1498,c7e5aa7d5655cb7945c222074dc207e8,OL-16S-3b,27.0,Bacteria,Proteobacteria,Alphaproteobacteria,Unassigned,Unassigned,Unassigned,Unassigned,16S,3b
1499,05b5190ed345f0a8f4b50ed3f3e02064,OL-16S-3b,26.0,Bacteria,Bacteroidota,Bacteroidia,Bacteroidales,Unassigned,Unassigned,Unassigned,16S,3b
1500,f8d502b4dbf64586d2d8a2779096ff0b,OL-16S-3b,26.0,Bacteria,Bacteroidota,Bacteroidia,Flavobacteriales,Crocinitomicaceae,Crocinitomix,Unassigned,16S,3b
1501,f9c31b8568356e419ef93a92774f07d9,OL-16S-3b,25.0,Bacteria,Cyanobacteria,Cyanobacteriia,Chloroplast,Chloroplast,Chloroplast,Unassigned,16S,3b
1502,6b56c84a7fa298f953340ce492834fb6,OL-16S-3b,25.0,Bacteria,Bacteroidota,Bacteroidia,Chitinophagales,Saprospiraceae,Unassigned,Unassigned,16S,3b
1503,5abf920d2f8f362e951bf81e521320c3,OL-16S-3b,24.0,Bacteria,Bacteroidota,Bacteroidia,Chitinophagales,Saprospiraceae,Unassigned,Unassigned,16S,3b
1504,6e6ed6c63365dc5a9bd8851d15c37f82,OL-16S-3b,24.0,Bacteria,Planctomycetota,OM190,OM190,OM190,OM190,Unassigned,16S,3b
1505,27579ec58ab9c885f0c217e1aebfcc3c,OL-16S-3b,23.0,Bacteria,Bacteroidota,Bacteroidia,Unassigned,Unassigned,Unassigned,Unassigned,16S,3b
1506,901250ac0177b45279253dd6b798c862,OL-16S-3b,22.0,Bacteria,Bacteroidota,Bacteroidia,Chitinophagales,Saprospiraceae,Unassigned,Unassigned,16S,3b
1507,0439123f9265e95ed233ee370f640574,OL-16S-3b,22.0,Bacteria,Bacteroidota,Bacteroidia,Flavobacteriales,Flavobacteriaceae,NS2b_marine_group,Unassigned,16S,3b
1508,e2d47d62e30b945e53391465085da3f8,OL-16S-3b,20.0,Bacteria,Proteobacteria,Gammaproteobacteria,Enterobacterales,Kangiellaceae,Pleionea,Unassigned,16S,3b
1509,c584cae60cd79d4643f4f3605fbd3b0a,OL-16S-3b,20.0,Bacteria,Bacteroidota,Bacteroidia,Chitinophagales,Saprospiraceae,Unassigned,Unassigned,16S,3b
1510,39b976b5f428fb835e8eb72bf6e3326f,OL-16S-3b,19.0,Bacteria,Planctomycetota,Planctomycetes,Planctomycetales,Rubinisphaeraceae,uncultured,Unassigned,16S,3b
1511,75803f6242e31dd19029fa7a333b4aa1,OL-16S-3b,19.0,Bacteria,Myxococcota,Polyangia,Nannocystales,Nannocystaceae,uncultured,Unassigned,16S,3b
1512,64298d315db70a22025c8e81436170d5,OL-16S-3b,18.0,Bacteria,Proteobacteria,Gammaproteobacteria,Enterobacterales,Alteromonadaceae,Unassigned,Unassigned,16S,3b
1513,0ef375ba45bd1a411948496eea6c96b1,OL-16S-3b,18.0,Bacteria,Planctomycetota,Unassigned,Unassigned,Unassigned,Unassigned,Unassigned,16S,3b
1514,1586074e8e0a4e85ccad93e8d32b3d57,OL-16S-3b,18.0,Bacteria,Proteobacteria,Gammaproteobacteria,Enterobacterales,Alteromonadaceae,Unassigned,Unassigned,16S,3b
1515,2eb9fe73b1c1a1df55bb32bc091c84fc,OL-16S-3b,18.0,Bacteria,Bacteroidota,Bacteroidia,Unassigned,Unassigned,Unassigned,Unassigned,16S,3b
1516,0e6efbfbaa89058eb95f9206bdd691e6,OL-16S-3b,17.0,Bacteria,Myxococcota,Polyangia,Blfdi19,Blfdi19,Blfdi19,Unassigned,16S,3b
1517,0f9970bab0fb8c40fd65285b94ffe80c,OL-16S-3b,16.0,Bacteria,Bacteroidota,Bacteroidia,Unassigned,Unassigned,Unassigned,Unassigned,16S,3b
1518,b7581006bb595bb219a1e4028bcd3daf,OL-16S-3b,16.0,Bacteria,Bacteroidota,Bacteroidia,Unassigned,Unassigned,Unassigned,Unassigned,16S,3b
1519,90c70c92d1c1c95fd6f9b31f2a31bf2f,OL-16S-3b,16.0,Bacteria,Bdellovibrionota,Bdellovibrionia,Bdellovibrionales,Bdellovibrionaceae,OM27_clade,Unassigned,16S,3b
1520,43efc1c80bbc1ceec80d7f2e27837239,OL-16S-3b,16.0,Bacteria,Bacteroidota,Bacteroidia,Chitinophagales,Unassigned,Unassigned,Unassigned,16S,3b
1521,6855837cf68c20f69b7b0a93d867121a,OL-16S-3b,16.0,Bacteria,Unassigned,Unassigned,Unassigned,Unassigned,Unassigned,Unassigned,16S,3b
1522,a600c0b15d3a983d5ac84ddc4598ebcb,OL-16S-3b,16.0,Bacteria,Verrucomicrobiota,Verrucomicrobiae,Verrucomicrobiales,Unassigned,Unassigned,Unassigned,16S,3b
1523,1e5aa71ade41cf7038d5fc8071ece6a1,OL-16S-3b,16.0,Bacteria,Bacteroidota,Bacteroidia,Sphingobacteriales,NS11-12_marine_group,NS11-12_marine_group,Unassigned,16S,3b
1524,247bd34a836385206f9ac148e337e66d,OL-16S-3b,15.0,Bacteria,Actinobacteriota,Acidimicrobiia,Microtrichales,Ilumatobacteraceae,Ilumatobacter,Unassigned,16S,3b
1525,d1120ea7cbd24a1ae665c97887545b5a,OL-16S-3b,15.0,Bacteria,Bacteroidota,Bacteroidia,Chitinophagales,Saprospiraceae,Unassigned,Unassigned,16S,3b
1526,e6af1c1b67ec9ef702f95fb5b2395807,OL-16S-3b,14.0,Bacteria,Proteobacteria,Alphaproteobacteria,Holosporales,Holosporaceae,Holosporaceae,Unassigned,16S,3b
1527,48f378c1df199d27eb8ac50a0cfb0e7d,OL-16S-3b,13.0,Bacteria,Myxococcota,Polyangia,Nannocystales,Nannocystaceae,uncultured,Unassigned,16S,3b
1528,f32f1c2b0ab082e1552d7992020ce487,OL-16S-3b,12.0,Bacteria,Cyanobacteria,Vampirivibrionia,Vampirovibrionales,Vampirovibrionales,Vampirovibrionales,Unassigned,16S,3b
1529,6781a75944b852da0e53e21079f69d2d,OL-16S-3b,12.0,Bacteria,Unassigned,Unassigned,Unassigned,Unassigned,Unassigned,Unassigned,16S,3b
1530,c678730f05ee21b8665a600cb85d39ff,OL-16S-3b,12.0,Bacteria,Bacteroidota,Kryptonia,Kryptoniales,MSB-3C8,MSB-3C8,Unassigned,16S,3b
1531,c6b12191a186ae747175222aed7bf462,OL-16S-3b,11.0,Bacteria,Planctomycetota,Planctomycetes,Pirellulales,Pirellulaceae,Unassigned,Unassigned,16S,3b
1532,0999d1f888855ccc8d9366f17c9c28b0,OL-16S-3b,11.0,Bacteria,Proteobacteria,Gammaproteobacteria,Enterobacterales,Unassigned,Unassigned,Unassigned,16S,3b
1533,fca5a7b769b08ea81a2fa324e3dfc33d,OL-16S-3b,10.0,Bacteria,Planctomycetota,Phycisphaerae,Phycisphaerales,Phycisphaeraceae,Urania-1B-19_marine_sediment_group,Unassigned,16S,3b
1534,59871fbdf5b7003fad1d72aa0a4bb92b,OL-16S-3b,10.0,Bacteria,Bacteroidota,Bacteroidia,Flavobacteriales,Flavobacteriales,Flavobacteriales,Unassigned,16S,3b
1535,63ae8521705d0036e8389167965cf7af,OL-16S-3b,4.0,Bacteria,Proteobacteria,Gammaproteobacteria,Unassigned,Unassigned,Unassigned,Unassigned,16S,3b
1536,3241828213054e6fff0e7c0b5bd38ed1,OL-16S-3b,9.0,Bacteria,Desulfobacterota,Desulfuromonadia,Bradymonadales,Bradymonadales,Bradymonadales,Unassigned,16S,3b
1537,9843201f35d141ea08fc4b2a53a4df4f,OL-16S-3b,9.0,Bacteria,Patescibacteria,Saccharimonadia,Saccharimonadales,Saccharimonadales,Saccharimonadales,Unassigned,16S,3b
1538,e1b6c3d2399c34b9b4e48ef4c5e70b15,OL-16S-3b,9.0,Bacteria,Bacteroidota,Bacteroidia,Flavobacteriales,Flavobacteriaceae,Nonlabens,Unassigned,16S,3b
1539,94b8e9b80561699c2f4a05b14eec263d,OL-16S-3b,8.0,Bacteria,Verrucomicrobiota,Lentisphaeria,Victivallales,BD2-3,BD2-3,Unassigned,16S,3b
1540,a9db49e201ac765a9c48a6b44ad03e8b,OL-16S-3b,7.0,Bacteria,Bacteroidota,Bacteroidia,Flavobacteriales,Unassigned,Unassigned,Unassigned,16S,3b
1541,73a1d6d9eb7a5c178064a22be5d4e11a,OL-16S-3b,7.0,Bacteria,Actinobacteriota,Acidimicrobiia,Microtrichales,Unassigned,Unassigned,Unassigned,16S,3b
1542,09cb9c8921c4d6f94c8a84b50fa1ec15,OL-16S-3b,7.0,Bacteria,Bacteroidota,Bacteroidia,Unassigned,Unassigned,Unassigned,Unassigned,16S,3b
1543,8fa06ef4dcb1c3f50b9e8e99a8c23d36,OL-16S-3b,6.0,Bacteria,Unassigned,Unassigned,Unassigned,Unassigned,Unassigned,Unassigned,16S,3b
1544,7ac3ecf78e5685fe6a813ff0e1f418fb,OL-16S-3b,4.0,Bacteria,Unassigned,Unassigned,Unassigned,Unassigned,Unassigned,Unassigned,16S,3b
1545,12ec03a7d1a6577b9dc1e0e5a0a92d1c,OL-16S-3b,3.0,Bacteria,Bacteroidota,Bacteroidia,Unassigned,Unassigned,Unassigned,Unassigned,16S,3b
1546,e69bb58219285f05ec207183cd1acfba,OL-16S-3b,3.0,Bacteria,WS2,WS2,WS2,WS2,WS2,Unassigned,16S,3b
1547,adcf3ddbd74638cf52773fceb628f57e,OL-16S-3b,3.0,Bacteria,Unassigned,Unassigned,Unassigned,Unassigned,Unassigned,Unassigned,16S,3b
1548,145c1090c1f009bd7ca175a4f3b23e4d,OL-16S-3b,3.0,Bacteria,Unassigned,Unassigned,Unassigned,Unassigned,Unassigned,Unassigned,16S,3b
1549,7b50d79c0076cc3299936af306d91694,OL-16S-3b,2.0,Bacteria,Bdellovibrionota,Oligoflexia,Oligoflexales,Oligoflexaceae,uncultured,Unassigned,16S,3b
1550,d9b68c2801789e5033af524e9579bc6c,OL-16S-4a,119.0,Bacteria,Cyanobacteria,Cyanobacteriia,Synechococcales,Cyanobiaceae,Synechococcus_CC9902,Unassigned,16S,4a
1551,aa808b0478d08a06b2b00e0e5c07890b,OL-16S-4a,129.0,Bacteria,Proteobacteria,Alphaproteobacteria,Rhodobacterales,Rhodobacteraceae,Unassigned,Unassigned,16S,4a
1552,6f1acc90123cbf55ff12a937e937378f,OL-16S-4a,83.0,Bacteria,Proteobacteria,Alphaproteobacteria,Rhodobacterales,Rhodobacteraceae,Unassigned,Unassigned,16S,4a
1553,e3a9f12464238cd45ef04be10f3221cc,OL-16S-4a,122.0,Bacteria,Cyanobacteria,Cyanobacteriia,Synechococcales,Cyanobiaceae,Synechococcus_CC9902,Unassigned,16S,4a
1554,5867104194c871f7bcbf25f8a84e01f9,OL-16S-4a,103.0,Bacteria,Cyanobacteria,Cyanobacteriia,Synechococcales,Cyanobiaceae,Synechococcus_CC9902,Unassigned,16S,4a
1555,e8ba99dea3e43d620f7902993a983e5a,OL-16S-4a,89.0,Bacteria,Proteobacteria,Alphaproteobacteria,Rhodobacterales,Rhodobacteraceae,Unassigned,Unassigned,16S,4a
1556,615c84c753ad586852541e8d7c4a56a2,OL-16S-4a,39.0,Bacteria,Cyanobacteria,Cyanobacteriia,Synechococcales,Cyanobiaceae,Cyanobium_PCC-6307,Unassigned,16S,4a
1557,f342c8d7070cb66e871be0c9d05ff96e,OL-16S-4a,12.0,Bacteria,Proteobacteria,Alphaproteobacteria,Rhodospirillales,AEGEAN-169_marine_group,AEGEAN-169_marine_group,Unassigned,16S,4a
1558,e4fc1e7397c8be68c7fa5f9f176aef29,OL-16S-4a,53.0,Bacteria,Proteobacteria,Gammaproteobacteria,Enterobacterales,Alteromonadaceae,Unassigned,Unassigned,16S,4a
1559,9f8960cf1237e95ad9c9b290584b2581,OL-16S-4a,13.0,Bacteria,Proteobacteria,Alphaproteobacteria,Rhodospirillales,AEGEAN-169_marine_group,AEGEAN-169_marine_group,Unassigned,16S,4a
1560,48bf32b97220a4e2d8325b7a4d5d1634,OL-16S-4a,80.0,Bacteria,Cyanobacteria,Cyanobacteriia,Chloroplast,Chloroplast,Chloroplast,Unassigned,16S,4a
1561,eb780f66626023ce02c1875210481084,OL-16S-4a,94.0,Bacteria,Proteobacteria,Gammaproteobacteria,Enterobacterales,Alteromonadaceae,Unassigned,Unassigned,16S,4a
1562,fa4ee87776b4bf397b6b116e40651ce5,OL-16S-4a,99.0,Bacteria,Cyanobacteria,Cyanobacteriia,Synechococcales,Cyanobiaceae,Cyanobium_PCC-6307,Unassigned,16S,4a
1563,532a63a809461d05c0379584c386b37c,OL-16S-4a,46.0,Bacteria,Cyanobacteria,Cyanobacteriia,Chloroplast,Chloroplast,Chloroplast,Unassigned,16S,4a
1564,7bbabcdd78bb2bb68d5f71e71dac3126,OL-16S-4a,48.0,Bacteria,Bacteroidota,Bacteroidia,Flavobacteriales,Cryomorphaceae,uncultured,Unassigned,16S,4a
1565,bd786103272d12037e5554bdd0eae589,OL-16S-4a,39.0,Bacteria,Bacteroidota,Bacteroidia,Flavobacteriales,Unassigned,Unassigned,Unassigned,16S,4a
1566,7a809c1fa56b31b922d153aca924ec62,OL-16S-4a,81.0,Bacteria,Planctomycetota,Planctomycetes,Pirellulales,Pirellulaceae,Rubripirellula,Unassigned,16S,4a
1567,2c85718b65504152b771bdcdecb47332,OL-16S-4a,63.0,Bacteria,Proteobacteria,Gammaproteobacteria,Enterobacterales,Vibrionaceae,Unassigned,Unassigned,16S,4a
1568,ef16ea6017978e4f623a2792170a4bfd,OL-16S-4a,23.0,Bacteria,Cyanobacteria,Cyanobacteriia,Chloroplast,Chloroplast,Chloroplast,Unassigned,16S,4a
1569,39a32c9589ed4587f6f2e7d40b5f59bd,OL-16S-4a,36.0,Bacteria,Cyanobacteria,Cyanobacteriia,Chloroplast,Chloroplast,Chloroplast,Unassigned,16S,4a
1570,f2165b309a00a791a430aed160732576,OL-16S-4a,7.0,Bacteria,Cyanobacteria,Cyanobacteriia,Chloroplast,Chloroplast,Chloroplast,Unassigned,16S,4a
1571,6959cd643544eb382ec3614c80560a22,OL-16S-4a,74.0,Bacteria,Proteobacteria,Alphaproteobacteria,Rhodobacterales,Rhodobacteraceae,Unassigned,Unassigned,16S,4a
1572,fd41795fd15d1155a35ebce9b9dad449,OL-16S-4a,91.0,Bacteria,Proteobacteria,Gammaproteobacteria,Pseudomonadales,Halomonadaceae,Cobetia,Unassigned,16S,4a
1573,a55e816e9176801a058fc60c9be2ed8d,OL-16S-4a,48.0,Bacteria,Bacteroidota,Bacteroidia,Flavobacteriales,Unassigned,Unassigned,Unassigned,16S,4a
1574,dc917b290d5a2df40220e48a864fd709,OL-16S-4a,154.0,Bacteria,Cyanobacteria,Cyanobacteriia,Chloroplast,Chloroplast,Chloroplast,Unassigned,16S,4a
1575,f2da6e39397a2f45b3ccf4aa8026535c,OL-16S-4a,6.0,Bacteria,Cyanobacteria,Cyanobacteriia,Chloroplast,Chloroplast,Chloroplast,Unassigned,16S,4a
1576,8dfd3941da45560af84b14538d6b69c0,OL-16S-4a,53.0,Bacteria,Cyanobacteria,Cyanobacteriia,Cyanobacteriales,Cyanobacteriaceae,Symphothece_PCC-7002,Unassigned,16S,4a
1577,1b91b8ed559e280b4754f05e3288f1ec,OL-16S-4a,59.0,Bacteria,Campylobacterota,Campylobacteria,Campylobacterales,Sulfurovaceae,Sulfurovum,Unassigned,16S,4a
1578,71a4d71469911440a4d35ecc47b564ed,OL-16S-4a,36.0,Bacteria,Campylobacterota,Campylobacteria,Campylobacterales,Sulfurimonadaceae,Sulfurimonas,Unassigned,16S,4a
1579,e65b6b9fa492374e113d5a1e6eb004ea,OL-16S-4a,32.0,Bacteria,Cyanobacteria,Cyanobacteriia,Chloroplast,Chloroplast,Chloroplast,Unassigned,16S,4a
1580,6ff4babd2b24a9485336c84c5d03846d,OL-16S-4a,24.0,Bacteria,Cyanobacteria,Cyanobacteriia,Chloroplast,Chloroplast,Chloroplast,Unassigned,16S,4a
1581,25671d6851f287cbf801e297fa411651,OL-16S-4a,137.0,Bacteria,Proteobacteria,Alphaproteobacteria,Rhizobiales,Stappiaceae,Stappiaceae,Unassigned,16S,4a
1582,1bb42a22d7c273cace52c1d83dc0583e,OL-16S-4a,132.0,Bacteria,Desulfobacterota,Desulfuromonadia,Desulfuromonadales,Unassigned,Unassigned,Unassigned,16S,4a
1583,84c26369fb960d440de8c39124a5cc00,OL-16S-4a,66.0,Bacteria,Proteobacteria,Gammaproteobacteria,Enterobacterales,Vibrionaceae,Thaumasiovibrio,Unassigned,16S,4a
1584,c8e51f1f5f7d18cf5ed473430193b700,OL-16S-4a,60.0,Bacteria,Cyanobacteria,Cyanobacteriia,Chloroplast,Chloroplast,Chloroplast,Unassigned,16S,4a
1585,36c2cf0d4ce79ca4f7fb1ff3d20466d0,OL-16S-4a,60.0,Bacteria,Proteobacteria,Gammaproteobacteria,Pseudomonadales,Halieaceae,OM60(NOR5)_clade,Unassigned,16S,4a
1586,b14a00f5e69a6767c97e751e8c2adacc,OL-16S-4a,32.0,Bacteria,Bacteroidota,Bacteroidia,Flavobacteriales,Flavobacteriaceae,Tenacibaculum,Unassigned,16S,4a
1587,3d99bf4e19dc5e7db72611193902074c,OL-16S-4a,14.0,Bacteria,Cyanobacteria,Cyanobacteriia,Chloroplast,Chloroplast,Chloroplast,Unassigned,16S,4a
1588,e4b139f03bd2e774972e05b6a5942278,OL-16S-4a,113.0,Bacteria,Desulfobacterota,Desulfobacteria,Desulfobacterales,Desulfosarcinaceae,Unassigned,Unassigned,16S,4a
1589,37d704261c06a5ac07db0e2102cd8634,OL-16S-4a,11.0,Bacteria,Bacteroidota,Bacteroidia,Flavobacteriales,Flavobacteriaceae,Unassigned,Unassigned,16S,4a
1590,891b7c7f753e468ed46cc13c95d18162,OL-16S-4a,69.0,Bacteria,Bacteroidota,Bacteroidia,Flavobacteriales,Flavobacteriaceae,Unassigned,Unassigned,16S,4a
1591,e57a8340e34086c4c3da451ca1f1192c,OL-16S-4a,56.0,Bacteria,Proteobacteria,Gammaproteobacteria,Pseudomonadales,Halieaceae,Luminiphilus,Unassigned,16S,4a
1592,e85412d93608da143f62e527657fee4a,OL-16S-4a,5.0,Bacteria,Cyanobacteria,Cyanobacteriia,Chloroplast,Chloroplast,Chloroplast,Unassigned,16S,4a
1593,731607eed6915b901c31c31c8be72eae,OL-16S-4a,6.0,Bacteria,Actinobacteriota,Acidimicrobiia,Actinomarinales,Actinomarinaceae,Candidatus_Actinomarina,Unassigned,16S,4a
1594,6dd6ef9df7fd44f0f410549f77974ec5,OL-16S-4a,51.0,Bacteria,Bacteroidota,Bacteroidia,Flavobacteriales,Flavobacteriaceae,Unassigned,Unassigned,16S,4a
1595,2b5ab7286adb101342b7b63d283d7ba4,OL-16S-4a,54.0,Bacteria,Bacteroidota,Bacteroidia,Flavobacteriales,Flavobacteriaceae,Muriicola,Unassigned,16S,4a
1596,cd40b246bb0d508cd2a82cede8eb3bcc,OL-16S-4a,25.0,Bacteria,Cyanobacteria,Cyanobacteriia,Chloroplast,Chloroplast,Chloroplast,Unassigned,16S,4a
1597,fb97eb1dde73a56cafc20a72252cfe4e,OL-16S-4a,41.0,Bacteria,Proteobacteria,Gammaproteobacteria,Pseudomonadales,SAR86_clade,SAR86_clade,Unassigned,16S,4a
1598,3ffd03dfce8eca519bcf63c48233c03b,OL-16S-4a,99.0,Bacteria,Bacteroidota,Bacteroidia,Flavobacteriales,Flavobacteriaceae,Robiginitalea,Unassigned,16S,4a
1599,c57a22dffddb468fe2a83d4f54001fd7,OL-16S-4a,98.0,Bacteria,Chloroflexi,KD4-96,KD4-96,KD4-96,KD4-96,Unassigned,16S,4a
1600,62c65064cfda947ce40f558fcd4ec170,OL-16S-4a,97.0,Bacteria,Bacteroidota,Bacteroidia,Flavobacteriales,Flavobacteriaceae,Unassigned,Unassigned,16S,4a
1601,5e7c96fd933e0d2c81b21c0f518bae36,OL-16S-4a,57.0,Bacteria,Proteobacteria,Alphaproteobacteria,Puniceispirillales,uncultured,uncultured,Unassigned,16S,4a
1602,5d62e1de9f8b39a0c2eee5a6880b971a,OL-16S-4a,95.0,Bacteria,Cyanobacteria,Cyanobacteriia,Chloroplast,Chloroplast,Chloroplast,Unassigned,16S,4a
1603,54f2eaa9238e7b76cb144e039a5593f7,OL-16S-4a,95.0,Bacteria,Proteobacteria,Gammaproteobacteria,B2M28,B2M28,B2M28,Unassigned,16S,4a
1604,ff9f6eec178da0a915898a3c9d664e3b,OL-16S-4a,94.0,Bacteria,Proteobacteria,Gammaproteobacteria,Unassigned,Unassigned,Unassigned,Unassigned,16S,4a
1605,98f25dc1fbf976ce606a8d91f19a9097,OL-16S-4a,93.0,Bacteria,Proteobacteria,Gammaproteobacteria,Pseudomonadales,Endozoicomonadaceae,Endozoicomonas,Unassigned,16S,4a
1606,061234c3c60a6e2a05f9728fd4abbe37,OL-16S-4a,93.0,Bacteria,Bacteroidota,Bacteroidia,Chitinophagales,Saprospiraceae,Unassigned,Unassigned,16S,4a
1607,1d7410d28926311a6f8d1d51a6a2af22,OL-16S-4a,10.0,Bacteria,Cyanobacteria,Cyanobacteriia,Chloroplast,Chloroplast,Chloroplast,Unassigned,16S,4a
1608,df077848dab04f3ae19bda441f33eece,OL-16S-4a,55.0,Bacteria,Bacteroidota,Bacteroidia,Flavobacteriales,Flavobacteriaceae,NS5_marine_group,Unassigned,16S,4a
1609,a6fa3518bcf54dd275bc3810533813e4,OL-16S-4a,42.0,Bacteria,Cyanobacteria,Cyanobacteriia,Chloroplast,Chloroplast,Chloroplast,Unassigned,16S,4a
1610,4b7f4d56df530ce18bb9bf028220e08e,OL-16S-4a,55.0,Bacteria,Proteobacteria,Alphaproteobacteria,Rickettsiales,Mitochondria,Mitochondria,Unassigned,16S,4a
1611,24610a1b0d06b9f38035df84dab6eebc,OL-16S-4a,41.0,Bacteria,Planctomycetota,OM190,OM190,OM190,OM190,Unassigned,16S,4a
1612,9f91bd1870db8dce90b00fe59dcc3f19,OL-16S-4a,41.0,Bacteria,Bacteroidota,Bacteroidia,Unassigned,Unassigned,Unassigned,Unassigned,16S,4a
1613,88b0fc1374a9c589d0ceae3572fbfd08,OL-16S-4a,81.0,Bacteria,Bacteroidota,Bacteroidia,Flavobacteriales,Flavobacteriaceae,Unassigned,Unassigned,16S,4a
1614,da4ae79e4fc2399b29ad45a83ecfab01,OL-16S-4a,81.0,Bacteria,Proteobacteria,Gammaproteobacteria,Pseudomonadales,Pseudohongiellaceae,Pseudohongiella,Unassigned,16S,4a
1615,8b8ec296d4a1bd7d94b61c8c488ea901,OL-16S-4a,43.0,Bacteria,Cyanobacteria,Cyanobacteriia,Chloroplast,Chloroplast,Chloroplast,Unassigned,16S,4a
1616,380a05a4da3c877b51078bfd63c4d22b,OL-16S-4a,79.0,Bacteria,Cyanobacteria,Cyanobacteriia,Synechococcales,Cyanobiaceae,Unassigned,Unassigned,16S,4a
1617,e3e582f739aa7a0223696b1678cb5d37,OL-16S-4a,35.0,Bacteria,Bacteroidota,Bacteroidia,Sphingobacteriales,NS11-12_marine_group,NS11-12_marine_group,Unassigned,16S,4a
1618,182a7108f8abceaef86de8fb2dadbe9d,OL-16S-4a,76.0,Bacteria,Proteobacteria,Gammaproteobacteria,Pseudomonadales,Halieaceae,Unassigned,Unassigned,16S,4a
1619,252c736a74b981463cb825b6a665997e,OL-16S-4a,76.0,Bacteria,Bacteroidota,Rhodothermia,Balneolales,Balneolaceae,Balneola,Unassigned,16S,4a
1620,2f6eaa34da053ec5a2ddbb9fe06c0dce,OL-16S-4a,76.0,Bacteria,Proteobacteria,Gammaproteobacteria,Pseudomonadales,OM182_clade,OM182_clade,Unassigned,16S,4a
1621,36687e344e14c7daf0a0ee41d376f6cc,OL-16S-4a,28.0,Bacteria,Actinobacteriota,Acidimicrobiia,Actinomarinales,Actinomarinaceae,Candidatus_Actinomarina,Unassigned,16S,4a
1622,1f1f75da0d5131f2cf29c1833507119f,OL-16S-4a,74.0,Bacteria,Cyanobacteria,Cyanobacteriia,Chloroplast,Chloroplast,Chloroplast,Unassigned,16S,4a
1623,980e2137effa3dce89e20684af7bf54d,OL-16S-4a,19.0,Bacteria,Proteobacteria,Alphaproteobacteria,Rhodobacterales,Rhodobacteraceae,Unassigned,Unassigned,16S,4a
1624,dc5f817a927fafc2ca08dbcc2f9f246b,OL-16S-4a,73.0,Bacteria,Proteobacteria,Gammaproteobacteria,Pseudomonadales,Litoricolaceae,Litoricola,Unassigned,16S,4a
1625,7fce830b406710a0f7c936a569ed62b1,OL-16S-4a,73.0,Bacteria,Proteobacteria,Alphaproteobacteria,Rhizobiales,Hyphomicrobiaceae,Filomicrobium,Unassigned,16S,4a
1626,101a1ac1ba5d07c23488f1a7c0b3f0ad,OL-16S-4a,71.0,Bacteria,Proteobacteria,Alphaproteobacteria,Rhodobacterales,Rhodobacteraceae,Unassigned,Unassigned,16S,4a
1627,3b0718a8f279d6f715fdc487ddeb3ae5,OL-16S-4a,29.0,Bacteria,Bacteroidota,Bacteroidia,Cytophagales,Cyclobacteriaceae,uncultured,Unassigned,16S,4a
1628,afef3b665fa975c62bb88aeef0bd73ce,OL-16S-4a,70.0,Archaea,Nanoarchaeota,Nanoarchaeia,Woesearchaeales,Woesearchaeales,Woesearchaeales,Unassigned,16S,4a
1629,53567468b790e07d7de37e6371983b48,OL-16S-4a,69.0,Bacteria,Proteobacteria,Gammaproteobacteria,Enterobacterales,Alteromonadaceae,Unassigned,Unassigned,16S,4a
1630,87b6cd2e8c6f46f47538fbd5458d6424,OL-16S-4a,68.0,Bacteria,Bacteroidota,Bacteroidia,Flavobacteriales,Flavobacteriaceae,NS4_marine_group,Unassigned,16S,4a
1631,1f0f411cdb1837f68e184d3f2589c1c7,OL-16S-4a,15.0,Bacteria,Proteobacteria,Gammaproteobacteria,Pseudomonadales,SAR86_clade,SAR86_clade,Unassigned,16S,4a
1632,2c5cf024210410edfa1df415053276ec,OL-16S-4a,67.0,Bacteria,Planctomycetota,Planctomycetes,Pirellulales,Pirellulaceae,uncultured,Unassigned,16S,4a
1633,6f76e80de3a79ae955cc2c823ac151bf,OL-16S-4a,66.0,Bacteria,Proteobacteria,Gammaproteobacteria,Enterobacterales,Vibrionaceae,Unassigned,Unassigned,16S,4a
1634,d2720b5148124066337ada6d9bd8a360,OL-16S-4a,66.0,Bacteria,Cyanobacteria,Cyanobacteriia,Chloroplast,Chloroplast,Chloroplast,Unassigned,16S,4a
1635,dcab078b62149fe7e098c0354045dca3,OL-16S-4a,66.0,Bacteria,Proteobacteria,Gammaproteobacteria,Unassigned,Unassigned,Unassigned,Unassigned,16S,4a
1636,3f61c035c9837c0dbc4efbf6a322dce7,OL-16S-4a,66.0,Bacteria,Verrucomicrobiota,Verrucomicrobiae,Opitutales,Puniceicoccaceae,Verruc-01,Unassigned,16S,4a
1637,a25569f7e870dbe42f133ea0ea89bc99,OL-16S-4a,65.0,Bacteria,Cyanobacteria,Cyanobacteriia,Chloroplast,Chloroplast,Chloroplast,Unassigned,16S,4a
1638,ed09805459eeefa74c577cb8f76af1a9,OL-16S-4a,22.0,Bacteria,Bacteroidota,Bacteroidia,Flavobacteriales,Flavobacteriaceae,Unassigned,Unassigned,16S,4a
1639,e332b55ba3adaf62b10a477c01a14a60,OL-16S-4a,64.0,Bacteria,Bacteroidota,Bacteroidia,Flavobacteriales,Flavobacteriaceae,Unassigned,Unassigned,16S,4a
1640,a7f5b7dcfadfae8b89fa451cb8078b0d,OL-16S-4a,13.0,Bacteria,Bacteroidota,Bacteroidia,Flavobacteriales,Flavobacteriaceae,Unassigned,Unassigned,16S,4a
1641,ee82415c6eb91e3580e251fa06a46fa6,OL-16S-4a,63.0,Bacteria,Verrucomicrobiota,Verrucomicrobiae,Verrucomicrobiales,DEV007,DEV007,Unassigned,16S,4a
1642,f9f3720d5d00e6e25a6ccba3c1841540,OL-16S-4a,62.0,Bacteria,Planctomycetota,Pla3_lineage,Pla3_lineage,Pla3_lineage,Pla3_lineage,Unassigned,16S,4a
1643,f7392f3eba084203cd26a67127f23d85,OL-16S-4a,62.0,Bacteria,Bacteroidota,Bacteroidia,Flavobacteriales,Flavobacteriaceae,NS5_marine_group,Unassigned,16S,4a
1644,c305857978f9aef97975a8ffe8055e63,OL-16S-4a,26.0,Bacteria,Bacteroidota,Bacteroidia,Flavobacteriales,Cryomorphaceae,uncultured,Unassigned,16S,4a
1645,e70be2097d0e88a327315d2f4f9047ae,OL-16S-4a,61.0,Bacteria,Bacteroidota,Bacteroidia,Flavobacteriales,Flavobacteriaceae,Euzebyella,Unassigned,16S,4a
1646,7f7422f0b482cbdcd24bc6eb2d165bb7,OL-16S-4a,61.0,Bacteria,Proteobacteria,Gammaproteobacteria,Enterobacterales,Alteromonadaceae,Unassigned,Unassigned,16S,4a
1647,67b696a1ec327bb2c6106464d669abeb,OL-16S-4a,60.0,Bacteria,Campylobacterota,Campylobacteria,Campylobacterales,Sulfurovaceae,Sulfurovum,Unassigned,16S,4a
1648,631142a3ad4dee3a494b81dff4dfaf40,OL-16S-4a,60.0,Bacteria,Proteobacteria,Alphaproteobacteria,SAR11_clade,Clade_II,Clade_II,Unassigned,16S,4a
1649,a224cd410000278802f3d1ad257c9912,OL-16S-4a,59.0,Bacteria,Bacteroidota,Bacteroidia,Flavobacteriales,Flavobacteriaceae,NS2b_marine_group,Unassigned,16S,4a
1650,0cacb1b5c483110c75a130f7657ac4ce,OL-16S-4a,59.0,Bacteria,Proteobacteria,Gammaproteobacteria,Pseudomonadales,Oleiphilaceae,Oleiphilus,Unassigned,16S,4a
1651,3d9ba4d6757f6f575452deb923ce5ec9,OL-16S-4a,59.0,Bacteria,Proteobacteria,Alphaproteobacteria,Rhodobacterales,Rhodobacteraceae,Unassigned,Unassigned,16S,4a
1652,2bb5836ed477bbdb1b659d4051ad04a9,OL-16S-4a,58.0,Bacteria,Proteobacteria,Gammaproteobacteria,Gammaproteobacteria_Incertae_Sedis,Unknown_Family,uncultured,Unassigned,16S,4a
1653,2a69008b518060bbc5940129b4323d30,OL-16S-4a,58.0,Bacteria,Cyanobacteria,Cyanobacteriia,Chloroplast,Chloroplast,Chloroplast,Unassigned,16S,4a
1654,1da0b743b6ff0483ec5a7744c32ea11b,OL-16S-4a,58.0,Bacteria,Desulfobacterota,Syntrophobacteria,Syntrophobacterales,uncultured,uncultured,Unassigned,16S,4a
1655,0146239113b4973b2a453f93c3dec4a9,OL-16S-4a,57.0,Bacteria,Campylobacterota,Campylobacteria,Campylobacterales,Sulfurimonadaceae,Sulfurimonas,Unassigned,16S,4a
1656,fc9fbc0c338070bda84bd986a8aefa38,OL-16S-4a,55.0,Bacteria,Cyanobacteria,Cyanobacteriia,Chloroplast,Chloroplast,Chloroplast,Unassigned,16S,4a
1657,768856edd88ca5c36371f4cfc6f22df9,OL-16S-4a,55.0,Bacteria,Bacteroidota,Bacteroidia,Flavobacteriales,Cryomorphaceae,uncultured,Unassigned,16S,4a
1658,872baedf68cbb96136d6ea743d3875b6,OL-16S-4a,55.0,Bacteria,Verrucomicrobiota,Verrucomicrobiae,Verrucomicrobiales,DEV007,DEV007,Unassigned,16S,4a
1659,16fb39a2ccd3c6b6edea14c0f5067c0b,OL-16S-4a,55.0,Bacteria,Cyanobacteria,Cyanobacteriia,Chloroplast,Chloroplast,Chloroplast,Unassigned,16S,4a
1660,77910e2a81e7f0b483fdf35b79c6fc9a,OL-16S-4a,54.0,Bacteria,Bacteroidota,Bacteroidia,Flavobacteriales,Crocinitomicaceae,Crocinitomix,Unassigned,16S,4a
1661,dfffd3d9c94a9fdd84631f6b646f6c4d,OL-16S-4a,54.0,Bacteria,Proteobacteria,Gammaproteobacteria,Pseudomonadales,SAR86_clade,SAR86_clade,Unassigned,16S,4a
1662,2a170230614204dc725f4357ac20a4b4,OL-16S-4a,54.0,Bacteria,Bacteroidota,Bacteroidia,Flavobacteriales,Flavobacteriaceae,NS4_marine_group,Unassigned,16S,4a
1663,077c1cb264222b2f2ca036759c35bc82,OL-16S-4a,34.0,Bacteria,Actinobacteriota,Acidimicrobiia,Actinomarinales,uncultured,uncultured,Unassigned,16S,4a
1664,d1726d37c8535fd05ca27b42ea2bbe2f,OL-16S-4a,53.0,Bacteria,Unassigned,Unassigned,Unassigned,Unassigned,Unassigned,Unassigned,16S,4a
1665,32665b5fc067da6f5ce94f1c77ea823d,OL-16S-4a,53.0,Bacteria,Planctomycetota,OM190,OM190,OM190,OM190,Unassigned,16S,4a
1666,45cb42584fcaf6e38eab2955faa480df,OL-16S-4a,52.0,Bacteria,Bacteroidota,Bacteroidia,Flavobacteriales,Crocinitomicaceae,Fluviicola,Unassigned,16S,4a
1667,6b0217722b78ab92951d30d016abedc9,OL-16S-4a,52.0,Bacteria,Proteobacteria,Gammaproteobacteria,Unassigned,Unassigned,Unassigned,Unassigned,16S,4a
1668,8e7471e408e7f6d77c821a84a59ba36f,OL-16S-4a,52.0,Bacteria,Proteobacteria,Gammaproteobacteria,UBA10353_marine_group,UBA10353_marine_group,UBA10353_marine_group,Unassigned,16S,4a
1669,a6fd29fc6fcb6c675556acfdd9cc6e14,OL-16S-4a,8.0,Bacteria,Bacteroidota,Bacteroidia,Flavobacteriales,Cryomorphaceae,uncultured,Unassigned,16S,4a
1670,c44203d050e080cc609e448a00eae952,OL-16S-4a,51.0,Bacteria,Proteobacteria,Alphaproteobacteria,Sphingomonadales,Sphingomonadaceae,Unassigned,Unassigned,16S,4a
1671,29b7ba4833c36d357f89ba155f50b82d,OL-16S-4a,50.0,Bacteria,Cyanobacteria,Cyanobacteriia,Chloroplast,Chloroplast,Chloroplast,Unassigned,16S,4a
1672,7b633efba90effdf180b009f1e67884c,OL-16S-4a,50.0,Bacteria,Proteobacteria,Alphaproteobacteria,Rickettsiales,Mitochondria,Mitochondria,Unassigned,16S,4a
1673,073942c21a98d86950051641e5d57f3f,OL-16S-4a,50.0,Bacteria,Cyanobacteria,Cyanobacteriia,Synechococcales,Cyanobiaceae,Cyanobium_PCC-6307,Unassigned,16S,4a
1674,a5c8484ab5a995cc91bbbe2ff6a50cb2,OL-16S-4a,49.0,Bacteria,Acidobacteriota,Thermoanaerobaculia,Thermoanaerobaculales,Thermoanaerobaculaceae,Subgroup_10,Unassigned,16S,4a
1675,935df80ccd39fd4520d814e1adc0400b,OL-16S-4a,49.0,Bacteria,Proteobacteria,Alphaproteobacteria,Puniceispirillales,SAR116_clade,SAR116_clade,Unassigned,16S,4a
1676,171e496615dc8580b17593e4cef5f02d,OL-16S-4a,49.0,Bacteria,Bacteroidota,Bacteroidia,Sphingobacteriales,NS11-12_marine_group,NS11-12_marine_group,Unassigned,16S,4a
1677,90242d9575af3276a1a38c75c705771f,OL-16S-4a,49.0,Bacteria,Proteobacteria,Gammaproteobacteria,Pseudomonadales,Pseudohongiellaceae,Pseudohongiella,Unassigned,16S,4a
1678,5ca88acc66dfe2233ac0fa0ac12541bc,OL-16S-4a,48.0,Bacteria,Proteobacteria,Gammaproteobacteria,Pseudomonadales,SAR86_clade,SAR86_clade,Unassigned,16S,4a
1679,8ff6edae3244a820eab78d4c0d5829f2,OL-16S-4a,48.0,Bacteria,Proteobacteria,Gammaproteobacteria,Pseudomonadales,Marinomonadaceae,Marinomonas,Unassigned,16S,4a
1680,ee03c902e5f9142c072074a25b494d43,OL-16S-4a,20.0,Bacteria,Bacteroidota,Bacteroidia,Unassigned,Unassigned,Unassigned,Unassigned,16S,4a
1681,6c246d4b7628a47d47d3bcdf9d223b50,OL-16S-4a,47.0,Bacteria,Proteobacteria,Gammaproteobacteria,Unassigned,Unassigned,Unassigned,Unassigned,16S,4a
1682,01f9631e663e874cefe031ff983adc85,OL-16S-4a,47.0,Bacteria,Bacteroidota,Bacteroidia,Flavobacteriales,Unassigned,Unassigned,Unassigned,16S,4a
1683,cfe99a2fc5f0e3199d3e9769de709796,OL-16S-4a,47.0,Bacteria,Planctomycetota,Planctomycetes,Planctomycetales,Rubinisphaeraceae,uncultured,Unassigned,16S,4a
1684,7a43d809d9c2ad3de67422ade7ee4ede,OL-16S-4a,45.0,Bacteria,Bacteroidota,Bacteroidia,Chitinophagales,Saprospiraceae,Unassigned,Unassigned,16S,4a
1685,fe60eb1f20874d02d681bd605282a571,OL-16S-4a,25.0,Bacteria,Cyanobacteria,Cyanobacteriia,Chloroplast,Chloroplast,Chloroplast,Unassigned,16S,4a
1686,7b3c70de6bd3e68a34fcf02ee00a903c,OL-16S-4a,44.0,Bacteria,Proteobacteria,Alphaproteobacteria,Rickettsiales,S25-593,S25-593,Unassigned,16S,4a
1687,9e3d498e249f158a06549e1ccfb11a81,OL-16S-4a,44.0,Bacteria,Proteobacteria,Alphaproteobacteria,Sphingomonadales,Sphingomonadaceae,Unassigned,Unassigned,16S,4a
1688,7cd4d1247876e82cfcef72a1b8e02617,OL-16S-4a,43.0,Bacteria,Bacteroidota,Bacteroidia,Chitinophagales,Saprospiraceae,Aureispira,Unassigned,16S,4a
1689,fafaa508b80739122bc8e897c10611b3,OL-16S-4a,43.0,Bacteria,Myxococcota,Polyangia,Polyangiales,Sandaracinaceae,uncultured,Unassigned,16S,4a
1690,d69f302f333cb44226e8dd758a8bbb30,OL-16S-4a,43.0,Bacteria,Bacteroidota,Bacteroidia,Chitinophagales,Saprospiraceae,Lewinella,Unassigned,16S,4a
1691,e9178ed7d68df9fa24d1c164c9508cc5,OL-16S-4a,42.0,Bacteria,Verrucomicrobiota,Verrucomicrobiae,Pedosphaerales,Pedosphaeraceae,SCGC_AAA164-E04,Unassigned,16S,4a
1692,ce1a72ee469fef874f4a8852c248a68e,OL-16S-4a,42.0,Bacteria,Cyanobacteria,Cyanobacteriia,Synechococcales,Cyanobiaceae,Synechococcus_CC9902,Unassigned,16S,4a
1693,a691e0d8db0336d0c51de005eaecd16f,OL-16S-4a,42.0,Bacteria,Verrucomicrobiota,Verrucomicrobiae,Verrucomicrobiales,Rubritaleaceae,Rubritalea,Unassigned,16S,4a
1694,5174c49e19f68007c80028104411cad8,OL-16S-4a,41.0,Bacteria,Desulfobacterota,Desulfuromonadia,Desulfuromonadales,Sva1033,Sva1033,Unassigned,16S,4a
1695,e58c3d93c5ef404c6f2f11b9266b630e,OL-16S-4a,41.0,Bacteria,Proteobacteria,Gammaproteobacteria,Pseudomonadales,Saccharospirillaceae,Reinekea,Unassigned,16S,4a
1696,8519a05a6a8367b259aeea93a619239e,OL-16S-4a,41.0,Bacteria,SAR324_clade(Marine_group_B),SAR324_clade(Marine_group_B),SAR324_clade(Marine_group_B),SAR324_clade(Marine_group_B),SAR324_clade(Marine_group_B),Unassigned,16S,4a
1697,7c627fde969c8bbb48a06a461e7d7ad6,OL-16S-4a,40.0,Bacteria,Bdellovibrionota,Oligoflexia,Oligoflexales,Oligoflexaceae,uncultured,Unassigned,16S,4a
1698,6710344bea5306977b12cb42c2a3d0cd,OL-16S-4a,40.0,Bacteria,Acidobacteriota,Thermoanaerobaculia,Thermoanaerobaculales,Thermoanaerobaculaceae,Subgroup_23,Unassigned,16S,4a
1699,40cd3a948c95615158ed3a6ed6092aa5,OL-16S-4a,40.0,Bacteria,Bacteroidota,Bacteroidia,Flavobacteriales,Flavobacteriaceae,Leeuwenhoekiella,Unassigned,16S,4a
1700,17d87ac4dab861e1d6178da34a90b356,OL-16S-4a,39.0,Bacteria,Verrucomicrobiota,Verrucomicrobiae,Opitutales,Puniceicoccaceae,Coraliomargarita,Unassigned,16S,4a
1701,283ac8aec465b84fe9be6ac19603e6e2,OL-16S-4a,39.0,Bacteria,Myxococcota,Polyangia,Nannocystales,Nannocystaceae,uncultured,Unassigned,16S,4a
1702,90f912afd9e440e2a84e904d95e47233,OL-16S-4a,39.0,Bacteria,Proteobacteria,Gammaproteobacteria,Unassigned,Unassigned,Unassigned,Unassigned,16S,4a
1703,63072208619b8284ec53ebfafc9e38c7,OL-16S-4a,38.0,Bacteria,Actinobacteriota,Acidimicrobiia,Microtrichales,Microtrichaceae,Sva0996_marine_group,Unassigned,16S,4a
1704,98c19a3a7b17b1098cf3ca5bb9bc8c22,OL-16S-4a,38.0,Bacteria,Actinobacteriota,Acidimicrobiia,Actinomarinales,uncultured,uncultured,Unassigned,16S,4a
1705,4be8e002241f78898f746a4d7be93657,OL-16S-4a,38.0,Bacteria,Proteobacteria,Gammaproteobacteria,Gammaproteobacteria_Incertae_Sedis,Unknown_Family,Marinicella,Unassigned,16S,4a
1706,bd0f008be74bbf86f5c801d43fcc7dad,OL-16S-4a,14.0,Bacteria,Marinimicrobia_(SAR406_clade),Marinimicrobia_(SAR406_clade),Marinimicrobia_(SAR406_clade),Marinimicrobia_(SAR406_clade),Marinimicrobia_(SAR406_clade),Unassigned,16S,4a
1707,d85ff109d94bf79521d72e4764697058,OL-16S-4a,37.0,Bacteria,Planctomycetota,Pla3_lineage,Pla3_lineage,Pla3_lineage,Pla3_lineage,Unassigned,16S,4a
1708,68db3715d2dfb7305b400a2644dd5abd,OL-16S-4a,37.0,Bacteria,Bacteroidota,Bacteroidia,Flavobacteriales,Flavobacteriaceae,Unassigned,Unassigned,16S,4a
1709,1a510468ae15ffa2cd145a65f89dfd54,OL-16S-4a,37.0,Bacteria,Bacteroidota,Bacteroidia,Chitinophagales,Saprospiraceae,Unassigned,Unassigned,16S,4a
1710,729aad5043eeb69fda0627e8254cb697,OL-16S-4a,37.0,Bacteria,Proteobacteria,Alphaproteobacteria,SAR11_clade,Clade_III,Clade_III,Unassigned,16S,4a
1711,3a4bfb27646285d0ff6647252b1aae71,OL-16S-4a,36.0,Bacteria,Bacteroidota,Bacteroidia,Unassigned,Unassigned,Unassigned,Unassigned,16S,4a
1712,f287e4849765339a78b89c84193b35c6,OL-16S-4a,36.0,Bacteria,Bacteroidota,Bacteroidia,Flavobacteriales,Flavobacteriaceae,Unassigned,Unassigned,16S,4a
1713,12c30ff709dde5d8952ae238cc73cdbc,OL-16S-4a,36.0,Bacteria,Verrucomicrobiota,Verrucomicrobiae,Verrucomicrobiales,Unassigned,Unassigned,Unassigned,16S,4a
1714,5b586e2ce49057f0097883f3d9631587,OL-16S-4a,35.0,Bacteria,Bacteroidota,Rhodothermia,Rhodothermales,Rhodothermaceae,uncultured,Unassigned,16S,4a
1715,ee3289293968ef9771cb974ccaa99f66,OL-16S-4a,35.0,Bacteria,Proteobacteria,Alphaproteobacteria,SAR11_clade,Clade_I,Unassigned,Unassigned,16S,4a
1716,68c58fd04a43454e9960a222d4a1237c,OL-16S-4a,35.0,Bacteria,Planctomycetota,Planctomycetes,Pirellulales,Pirellulaceae,Blastopirellula,Unassigned,16S,4a
1717,07dab57e05c466e6c0709e7d3e849a82,OL-16S-4a,35.0,Bacteria,Calditrichota,Calditrichia,Calditrichales,Calditrichaceae,Calditrichaceae,Unassigned,16S,4a
1718,4d1f07f45cc4177e00b425fbc0c7a528,OL-16S-4a,35.0,Bacteria,Cyanobacteria,Cyanobacteriia,Chloroplast,Chloroplast,Chloroplast,Unassigned,16S,4a
1719,b84da83e039e8bde13c4f852cf00cd45,OL-16S-4a,34.0,Bacteria,Verrucomicrobiota,Verrucomicrobiae,Verrucomicrobiales,DEV007,DEV007,Unassigned,16S,4a
1720,fb30effb62d4c5dae0a8b48aff868fdf,OL-16S-4a,34.0,Bacteria,Proteobacteria,Gammaproteobacteria,Unassigned,Unassigned,Unassigned,Unassigned,16S,4a
1721,1cb12016cf95585d07b40f21f64cfa11,OL-16S-4a,34.0,Bacteria,Cyanobacteria,Cyanobacteriia,Chloroplast,Chloroplast,Chloroplast,Unassigned,16S,4a
1722,c3b66e576b7a68803962d01394bf858e,OL-16S-4a,34.0,Bacteria,Planctomycetota,OM190,OM190,OM190,OM190,Unassigned,16S,4a
1723,26b12d8675e46d7be1f4e0c6cecb41fc,OL-16S-4a,33.0,Bacteria,Verrucomicrobiota,Verrucomicrobiae,Verrucomicrobiales,Rubritaleaceae,Roseibacillus,Unassigned,16S,4a
1724,3db00c503df57418fe956593803e94ef,OL-16S-4a,33.0,Bacteria,Bacteroidota,Bacteroidia,Cytophagales,Cyclobacteriaceae,Marinoscillum,Unassigned,16S,4a
1725,07dee22e37f1fff841c5fa059cb57ab2,OL-16S-4a,32.0,Bacteria,Bacteroidota,Bacteroidia,Cytophagales,Cyclobacteriaceae,Marinoscillum,Unassigned,16S,4a
1726,75b6e63fb6b658f4c73db2ab13ab88da,OL-16S-4a,32.0,Bacteria,Planctomycetota,Planctomycetes,Planctomycetales,Rubinisphaeraceae,uncultured,Unassigned,16S,4a
1727,1594eb23c35c321c1b3514b8193900a4,OL-16S-4a,32.0,Bacteria,Unassigned,Unassigned,Unassigned,Unassigned,Unassigned,Unassigned,16S,4a
1728,f92c7b0ca3c42cefaf1500de89751917,OL-16S-4a,32.0,Bacteria,Fusobacteriota,Fusobacteriia,Fusobacteriales,Fusobacteriaceae,Propionigenium,Unassigned,16S,4a
1729,ab436fda9c77dad08784f987f7f76318,OL-16S-4a,31.0,Bacteria,Unassigned,Unassigned,Unassigned,Unassigned,Unassigned,Unassigned,16S,4a
1730,cbab5a4a92a51b7f3b233a83960142a1,OL-16S-4a,31.0,Bacteria,Planctomycetota,Planctomycetes,Pirellulales,Pirellulaceae,Blastopirellula,Unassigned,16S,4a
1731,8f90e663c929a6a4978b51c2a1c8be2c,OL-16S-4a,31.0,Bacteria,Unassigned,Unassigned,Unassigned,Unassigned,Unassigned,Unassigned,16S,4a
1732,36e9b836eb259817bf620bd7ef029edb,OL-16S-4a,30.0,Bacteria,Bacteroidota,Bacteroidia,Flavobacteriales,Unassigned,Unassigned,Unassigned,16S,4a
1733,87d4a28beeff3d25fae1eeef85f3fa7b,OL-16S-4a,30.0,Bacteria,Proteobacteria,Gammaproteobacteria,Pseudomonadales,Alcanivoracaceae1,Alcanivorax,Unassigned,16S,4a
1734,630b0586773fd1bf0df6cd8dd5774ad2,OL-16S-4a,30.0,Bacteria,Bacteroidota,Bacteroidia,Chitinophagales,Saprospiraceae,Unassigned,Unassigned,16S,4a
1735,6ecbf0f5d64211f86c56f26c92059be4,OL-16S-4a,29.0,Bacteria,Planctomycetota,OM190,OM190,OM190,OM190,Unassigned,16S,4a
1736,67cd3e1f89d221df05c5a1399b3c8888,OL-16S-4a,29.0,Bacteria,Actinobacteriota,Actinobacteria,PeM15,PeM15,PeM15,Unassigned,16S,4a
1737,7202665c9317b9d304b696e61a563e74,OL-16S-4a,29.0,Bacteria,Proteobacteria,Alphaproteobacteria,Rickettsiales,Mitochondria,Mitochondria,Unassigned,16S,4a
1738,e842fbb983c331da3db5d6bf5fccaaae,OL-16S-4a,29.0,Bacteria,Proteobacteria,Gammaproteobacteria,HOC36,HOC36,HOC36,Unassigned,16S,4a
1739,b0d3461a4aab8f0aee3855bc04f59156,OL-16S-4a,28.0,Bacteria,Proteobacteria,Alphaproteobacteria,Holosporales,Holosporaceae,Holosporaceae,Unassigned,16S,4a
1740,a695a659da7571ff64d6434ecbe19483,OL-16S-4a,28.0,Bacteria,Actinobacteriota,Acidimicrobiia,Actinomarinales,Actinomarinaceae,Candidatus_Actinomarina,Unassigned,16S,4a
1741,4d7d12fb707383cf05c3f06d18a566db,OL-16S-4a,27.0,Bacteria,Cyanobacteria,Cyanobacteriia,Chloroplast,Chloroplast,Chloroplast,Unassigned,16S,4a
1742,c3f9af896c43025e7a9a534a08464400,OL-16S-4a,27.0,Bacteria,Bacteroidota,Bacteroidia,Cytophagales,Cyclobacteriaceae,Ekhidna,Unassigned,16S,4a
1743,90b423317d1457a178bb5f70f9180a08,OL-16S-4a,26.0,Bacteria,Proteobacteria,Gammaproteobacteria,Enterobacterales,Kangiellaceae,Pleionea,Unassigned,16S,4a
1744,c91cdfb2cdad80b34d0f77ce365c6fc0,OL-16S-4a,26.0,Bacteria,Proteobacteria,Gammaproteobacteria,EPR3968-O8a-Bc78,EPR3968-O8a-Bc78,EPR3968-O8a-Bc78,Unassigned,16S,4a
1745,9ae2e11434d812fe6904bc59fee05280,OL-16S-4a,26.0,Bacteria,Proteobacteria,Gammaproteobacteria,Unassigned,Unassigned,Unassigned,Unassigned,16S,4a
1746,82f09a0d63b331a624875da2f2392fe5,OL-16S-4a,26.0,Bacteria,Planctomycetota,Planctomycetes,Planctomycetales,Gimesiaceae,uncultured,Unassigned,16S,4a
1747,af2298728f9c4c08982801f0c0201f39,OL-16S-4a,26.0,Bacteria,Actinobacteriota,Acidimicrobiia,Microtrichales,Microtrichaceae,IMCC26207,Unassigned,16S,4a
1748,4555507a7ef0adfb45de9221ad0c4ec9,OL-16S-4a,25.0,Bacteria,Bacteroidota,Bacteroidia,Bacteroidales,Bacteroidetes_BD2-2,Bacteroidetes_BD2-2,Unassigned,16S,4a
1749,47fb3fbc9027cc513d1cfc912d6e9cb8,OL-16S-4a,25.0,Bacteria,Bacteroidota,Ignavibacteria,Ignavibacteriales,Melioribacteraceae,IheB3-7,Unassigned,16S,4a
1750,770a18f770be7428850d97d3d9f8951d,OL-16S-4a,25.0,Bacteria,Actinobacteriota,Acidimicrobiia,Microtrichales,Microtrichaceae,uncultured,Unassigned,16S,4a
1751,1473e90a3b292220a9778e9e6a69ed25,OL-16S-4a,25.0,Bacteria,Gemmatimonadota,PAUC43f_marine_benthic_group,PAUC43f_marine_benthic_group,PAUC43f_marine_benthic_group,PAUC43f_marine_benthic_group,Unassigned,16S,4a
1752,9e27cfedaec7674bd9c2c5845c035c87,OL-16S-4a,25.0,Bacteria,Chloroflexi,Anaerolineae,SBR1031,A4b,A4b,Unassigned,16S,4a
1753,f03723caeb0c04ba91ae651b20ac9302,OL-16S-4a,23.0,Bacteria,Actinobacteriota,Acidimicrobiia,Microtrichales,Ilumatobacteraceae,Ilumatobacter,Unassigned,16S,4a
1754,4b7130fa84af9d99c1d93fa9bbea6eea,OL-16S-4a,23.0,Bacteria,Proteobacteria,Gammaproteobacteria,Pseudomonadales,SAR86_clade,SAR86_clade,Unassigned,16S,4a
1755,b11a0a9f7d82379410fd2f3f2987a5c2,OL-16S-4a,23.0,Bacteria,Planctomycetota,Planctomycetes,Pirellulales,Pirellulaceae,Blastopirellula,Unassigned,16S,4a
1756,86a7ccb3992e89c239dc9c20fa9ed8d3,OL-16S-4a,22.0,Bacteria,Bacteroidota,Bacteroidia,Cytophagales,Flammeovirgaceae,Algivirga,Unassigned,16S,4a
1757,4c8f65104d9dbe6b20e5832fbff00d1c,OL-16S-4a,22.0,Bacteria,Planctomycetota,Planctomycetes,Pirellulales,Pirellulaceae,Blastopirellula,Unassigned,16S,4a
1758,ac97e19844d13f19be64c15f91e19612,OL-16S-4a,22.0,Bacteria,Verrucomicrobiota,Verrucomicrobiae,Opitutales,Puniceicoccaceae,Pelagicoccus,Unassigned,16S,4a
1759,2c0943aa12086ed8842bcfa79978e19f,OL-16S-4a,21.0,Bacteria,Proteobacteria,Gammaproteobacteria,Enterobacterales,Colwelliaceae,Thalassotalea,Unassigned,16S,4a
1760,4c4270e7ed955ed60306817ce877a5dc,OL-16S-4a,21.0,Bacteria,Bacteroidota,Bacteroidia,Unassigned,Unassigned,Unassigned,Unassigned,16S,4a
1761,384bb0177d162ec64b4551c28c72e178,OL-16S-4a,20.0,Bacteria,Bacteroidota,Bacteroidia,Cytophagales,Spirosomaceae,Taeseokella,Unassigned,16S,4a
1762,2d7d3b7cee5dc729a15c9a054d338e36,OL-16S-4a,20.0,Bacteria,Bacteroidota,Bacteroidia,Cytophagales,Cyclobacteriaceae,uncultured,Unassigned,16S,4a
1763,42ccf004a779286d5ae244cb2122dec5,OL-16S-4a,19.0,Bacteria,Unassigned,Unassigned,Unassigned,Unassigned,Unassigned,Unassigned,16S,4a
1764,e7842015c95261ac84a7e3b7cc832751,OL-16S-4a,19.0,Bacteria,Bacteroidota,Bacteroidia,Unassigned,Unassigned,Unassigned,Unassigned,16S,4a
1765,0a645f07285daae45c026bc34651f0f6,OL-16S-4a,19.0,Bacteria,Bacteroidota,Bacteroidia,Chitinophagales,Saprospiraceae,Unassigned,Unassigned,16S,4a
1766,d29e18cfe18545ee9bdb18bbcb1e7c2d,OL-16S-4a,19.0,Bacteria,Desulfobacterota,Desulfobulbia,Desulfobulbales,Desulfurivibrionaceae,MSBL7,Unassigned,16S,4a
1767,72522e548a3fd2ae503459b99eaa13b8,OL-16S-4a,18.0,Bacteria,Firmicutes,Bacilli,Haloplasmatales,Haloplasmataceae,Haloplasma,Unassigned,16S,4a
1768,3e3f0e82a2e97b5c0e54c41c6fa49a07,OL-16S-4a,18.0,Bacteria,Myxococcota,Polyangia,Nannocystales,Nannocystaceae,uncultured,Unassigned,16S,4a
1769,f6c2496f9427f7a319848b539159849f,OL-16S-4a,17.0,Bacteria,Actinobacteriota,Acidimicrobiia,Actinomarinales,uncultured,uncultured,Unassigned,16S,4a
1770,f1b17c65c8bd1ecf53f26cace57290cf,OL-16S-4a,16.0,Bacteria,Bacteroidota,Bacteroidia,Flavobacteriales,NS7_marine_group,NS7_marine_group,Unassigned,16S,4a
1771,76ccca435f35af7cb5a619ea64677dc9,OL-16S-4a,15.0,Bacteria,Proteobacteria,Alphaproteobacteria,Rickettsiales,Mitochondria,Mitochondria,Unassigned,16S,4a
1772,03dcc1185c4ebc9a0b69404523dd9966,OL-16S-4a,15.0,Bacteria,Actinobacteriota,Acidimicrobiia,Microtrichales,Ilumatobacteraceae,Ilumatobacter,Unassigned,16S,4a
1773,eaecc614714dbab71fd9b8319ccd5d24,OL-16S-4a,15.0,Bacteria,Campylobacterota,Campylobacteria,Campylobacterales,Arcobacteraceae,uncultured,Unassigned,16S,4a
1774,90fc8f1111e38e2f46a0640781237cdd,OL-16S-4a,15.0,Bacteria,Campylobacterota,Campylobacteria,Campylobacterales,Sulfurimonadaceae,Sulfurimonas,Unassigned,16S,4a
1775,e0a2ae7b9af36f64f2d02060db9dd19e,OL-16S-4a,15.0,Bacteria,Bacteroidota,Bacteroidia,Cytophagales,Cyclobacteriaceae,uncultured,Unassigned,16S,4a
1776,9b43ccfe84a44c1a5276a90bcf864e3f,OL-16S-4a,15.0,Bacteria,Proteobacteria,Gammaproteobacteria,Unassigned,Unassigned,Unassigned,Unassigned,16S,4a
1777,0df18422b79ce829a17fe25457a7c564,OL-16S-4a,14.0,Bacteria,Unassigned,Unassigned,Unassigned,Unassigned,Unassigned,Unassigned,16S,4a
1778,0001573d08c69d883a9704da1c76ca56,OL-16S-4a,14.0,Bacteria,Bdellovibrionota,Bdellovibrionia,Bdellovibrionales,Bdellovibrionaceae,OM27_clade,Unassigned,16S,4a
1779,6cc5f53fb0ffe6c904b88d640d20ad89,OL-16S-4a,13.0,Bacteria,Unassigned,Unassigned,Unassigned,Unassigned,Unassigned,Unassigned,16S,4a
1780,436e648855084a068f03d43e1364079f,OL-16S-4a,13.0,Bacteria,Bacteroidota,Bacteroidia,Chitinophagales,Saprospiraceae,Aureispira,Unassigned,16S,4a
1781,126de658c55436d889dd3b682169a857,OL-16S-4a,13.0,Bacteria,Bacteroidota,Bacteroidia,Chitinophagales,Saprospiraceae,Unassigned,Unassigned,16S,4a
1782,492eb86140b3dcb547f8a28d83389ac7,OL-16S-4a,12.0,Bacteria,Actinobacteriota,Thermoleophilia,Solirubrobacterales,67-14,67-14,Unassigned,16S,4a
1783,09fea0ea9da34a5d7de8a31b50c96a9a,OL-16S-4a,12.0,Bacteria,Bacteroidota,Kryptonia,Kryptoniales,MSB-3C8,MSB-3C8,Unassigned,16S,4a
1784,662c3d7ae2ce02dfdb97b1bd24ee3f99,OL-16S-4a,11.0,Bacteria,Proteobacteria,Gammaproteobacteria,Pseudomonadales,KI89A_clade,KI89A_clade,Unassigned,16S,4a
1785,3f0cbb46370de9974127156b064c7195,OL-16S-4a,11.0,Bacteria,WS2,WS2,WS2,WS2,WS2,Unassigned,16S,4a
1786,f68b3e2cf659227710f1732528d23cc5,OL-16S-4a,11.0,Bacteria,Cyanobacteria,Cyanobacteriia,Cyanobacteriales,Cyanobacteriaceae,Geminobacterium,Unassigned,16S,4a
1787,33ede11378ea2ed9d6e1e5762af663b8,OL-16S-4a,11.0,Bacteria,Unassigned,Unassigned,Unassigned,Unassigned,Unassigned,Unassigned,16S,4a
1788,7d48f9e8c21abc42a4079f58c480c5d4,OL-16S-4a,11.0,Bacteria,Proteobacteria,Alphaproteobacteria,Rickettsiales,Mitochondria,Mitochondria,Unassigned,16S,4a
1789,40aee104ed448f13cff277041d6b8b99,OL-16S-4a,11.0,Bacteria,Myxococcota,Myxococcia,Myxococcales,Myxococcaceae,P3OB-42,Unassigned,16S,4a
1790,5e603ce86e5f21a984bed5712de05348,OL-16S-4a,10.0,Bacteria,Bacteroidota,Bacteroidia,Chitinophagales,Saprospiraceae,Unassigned,Unassigned,16S,4a
1791,fb23c8e26dd6827214bf23c2a89e4fe2,OL-16S-4a,10.0,Bacteria,Acidobacteriota,Vicinamibacteria,Vicinamibacterales,uncultured,uncultured,Unassigned,16S,4a
1792,fdf137820be63bcf34394c7fcdce3e8d,OL-16S-4a,10.0,Bacteria,Planctomycetota,Unassigned,Unassigned,Unassigned,Unassigned,Unassigned,16S,4a
1793,e70be5bcbfdc78e8cb5195ed2ffa9962,OL-16S-4a,9.0,Bacteria,Proteobacteria,Gammaproteobacteria,Thiomicrospirales,Thiomicrospiraceae,Thiomicrorhabdus,Unassigned,16S,4a
1794,f766649b7a86c023b80178f3180f2bf2,OL-16S-4a,9.0,Bacteria,Chloroflexi,Anaerolineae,SBR1031,A4b,A4b,Unassigned,16S,4a
1795,8c66b8b879ee305dbce990231c657d33,OL-16S-4a,8.0,Bacteria,Verrucomicrobiota,Chlamydiae,Chlamydiales,cvE6,cvE6,Unassigned,16S,4a
1796,e663ea62ce4996444bac5f90c33b7529,OL-16S-4a,8.0,Archaea,Nanoarchaeota,Nanoarchaeia,Woesearchaeales,SCGC_AAA286-E23,SCGC_AAA286-E23,Unassigned,16S,4a
1797,2afd2d2579f1865f17db8d34fdc8d2db,OL-16S-4a,7.0,Bacteria,Bacteroidota,Bacteroidia,Cytophagales,Amoebophilaceae,uncultured,Unassigned,16S,4a
1798,21c7e76d73169bed6b212848e88be33a,OL-16S-4a,7.0,Bacteria,Bdellovibrionota,Bdellovibrionia,Bdellovibrionales,Bdellovibrionaceae,OM27_clade,Unassigned,16S,4a
1799,865bc5241de552df728930ee236c9b9a,OL-16S-4a,7.0,Bacteria,Verrucomicrobiota,Kiritimatiellae,Kiritimatiellales,Kiritimatiellaceae,MSBL3,Unassigned,16S,4a
1800,6568c6b232ece0bcd9226ae8c6cba091,OL-16S-4a,7.0,Bacteria,Proteobacteria,Alphaproteobacteria,Rickettsiales,Mitochondria,Mitochondria,Unassigned,16S,4a
1801,0bd1d1e7bda4d3ed1ffbfaf151e5b69a,OL-16S-4a,7.0,Bacteria,Latescibacterota,Latescibacteria,Latescibacterales,Latescibacteraceae,Latescibacteraceae,Unassigned,16S,4a
1802,10bfcec41ce9e8291f9970c271f7a23a,OL-16S-4a,6.0,Bacteria,Unassigned,Unassigned,Unassigned,Unassigned,Unassigned,Unassigned,16S,4a
1803,0f73758363509eb50d317185fcc492bc,OL-16S-4a,6.0,Bacteria,Bacteroidota,Bacteroidia,Flavobacteriales,Cryomorphaceae,Luteibaculum,Unassigned,16S,4a
1804,33ef7ee5094be5e0890f3237e6588413,OL-16S-4a,6.0,Bacteria,Patescibacteria,Saccharimonadia,Saccharimonadales,Saccharimonadales,Saccharimonadales,Unassigned,16S,4a
1805,bad26fef81aea1657069b333cc3c91c4,OL-16S-4a,6.0,Bacteria,Zixibacteria,Zixibacteria,Zixibacteria,Zixibacteria,Zixibacteria,Unassigned,16S,4a
1806,32826c21aa323d50711475d4615f9e43,OL-16S-4a,6.0,Bacteria,Bacteroidota,Bacteroidia,Unassigned,Unassigned,Unassigned,Unassigned,16S,4a
1807,56e6fe2ca972a1c0304a99032eb38e4c,OL-16S-4a,5.0,Bacteria,Proteobacteria,Alphaproteobacteria,Rickettsiales,Mitochondria,Mitochondria,Unassigned,16S,4a
1808,d257e9e1b6d3f1c65463d3cc889788d7,OL-16S-4a,5.0,Bacteria,Proteobacteria,Alphaproteobacteria,Rickettsiales,Mitochondria,Mitochondria,Unassigned,16S,4a
1809,9fe735a604ff49fbc5b1c5261a76e2da,OL-16S-4a,5.0,Bacteria,Bdellovibrionota,Bdellovibrionia,Bdellovibrionales,Bdellovibrionaceae,OM27_clade,Unassigned,16S,4a
1810,e135ce1745b4c5135bc14bba8c417fc7,OL-16S-4a,3.0,Archaea,Nanoarchaeota,Nanoarchaeia,Woesearchaeales,Unassigned,Unassigned,Unassigned,16S,4a
1811,d9b68c2801789e5033af524e9579bc6c,OL-16S-4b,130.0,Bacteria,Cyanobacteria,Cyanobacteriia,Synechococcales,Cyanobiaceae,Synechococcus_CC9902,Unassigned,16S,4b
1812,aa808b0478d08a06b2b00e0e5c07890b,OL-16S-4b,99.0,Bacteria,Proteobacteria,Alphaproteobacteria,Rhodobacterales,Rhodobacteraceae,Unassigned,Unassigned,16S,4b
1813,6f1acc90123cbf55ff12a937e937378f,OL-16S-4b,102.0,Bacteria,Proteobacteria,Alphaproteobacteria,Rhodobacterales,Rhodobacteraceae,Unassigned,Unassigned,16S,4b
1814,e3a9f12464238cd45ef04be10f3221cc,OL-16S-4b,111.0,Bacteria,Cyanobacteria,Cyanobacteriia,Synechococcales,Cyanobiaceae,Synechococcus_CC9902,Unassigned,16S,4b
1815,5867104194c871f7bcbf25f8a84e01f9,OL-16S-4b,108.0,Bacteria,Cyanobacteria,Cyanobacteriia,Synechococcales,Cyanobiaceae,Synechococcus_CC9902,Unassigned,16S,4b
1816,e8ba99dea3e43d620f7902993a983e5a,OL-16S-4b,88.0,Bacteria,Proteobacteria,Alphaproteobacteria,Rhodobacterales,Rhodobacteraceae,Unassigned,Unassigned,16S,4b
1817,615c84c753ad586852541e8d7c4a56a2,OL-16S-4b,35.0,Bacteria,Cyanobacteria,Cyanobacteriia,Synechococcales,Cyanobiaceae,Cyanobium_PCC-6307,Unassigned,16S,4b
1818,f342c8d7070cb66e871be0c9d05ff96e,OL-16S-4b,24.0,Bacteria,Proteobacteria,Alphaproteobacteria,Rhodospirillales,AEGEAN-169_marine_group,AEGEAN-169_marine_group,Unassigned,16S,4b
1819,e4fc1e7397c8be68c7fa5f9f176aef29,OL-16S-4b,93.0,Bacteria,Proteobacteria,Gammaproteobacteria,Enterobacterales,Alteromonadaceae,Unassigned,Unassigned,16S,4b
1820,9f8960cf1237e95ad9c9b290584b2581,OL-16S-4b,11.0,Bacteria,Proteobacteria,Alphaproteobacteria,Rhodospirillales,AEGEAN-169_marine_group,AEGEAN-169_marine_group,Unassigned,16S,4b
1821,30409ab8de31707cb4bd8310b08e40d4,OL-16S-4b,71.0,Bacteria,Proteobacteria,Alphaproteobacteria,Rhodobacterales,Rhodobacteraceae,Unassigned,Unassigned,16S,4b
1822,5a6fe78d457c44a09e968c5f59435e1a,OL-16S-4b,85.0,Bacteria,Cyanobacteria,Cyanobacteriia,Chloroplast,Chloroplast,Chloroplast,Unassigned,16S,4b
1823,2f2100acf93eac685f042809f2e38ae9,OL-16S-4b,16.0,Bacteria,Cyanobacteria,Cyanobacteriia,Chloroplast,Chloroplast,Chloroplast,Unassigned,16S,4b
1824,532a63a809461d05c0379584c386b37c,OL-16S-4b,58.0,Bacteria,Cyanobacteria,Cyanobacteriia,Chloroplast,Chloroplast,Chloroplast,Unassigned,16S,4b
1825,7bbabcdd78bb2bb68d5f71e71dac3126,OL-16S-4b,39.0,Bacteria,Bacteroidota,Bacteroidia,Flavobacteriales,Cryomorphaceae,uncultured,Unassigned,16S,4b
1826,bd786103272d12037e5554bdd0eae589,OL-16S-4b,47.0,Bacteria,Bacteroidota,Bacteroidia,Flavobacteriales,Unassigned,Unassigned,Unassigned,16S,4b
1827,ef16ea6017978e4f623a2792170a4bfd,OL-16S-4b,41.0,Bacteria,Cyanobacteria,Cyanobacteriia,Chloroplast,Chloroplast,Chloroplast,Unassigned,16S,4b
1828,9b027540621376c8e0b682720b523902,OL-16S-4b,68.0,Bacteria,Cyanobacteria,Cyanobacteriia,Synechococcales,Cyanobiaceae,Cyanobium_PCC-6307,Unassigned,16S,4b
1829,39a32c9589ed4587f6f2e7d40b5f59bd,OL-16S-4b,31.0,Bacteria,Cyanobacteria,Cyanobacteriia,Chloroplast,Chloroplast,Chloroplast,Unassigned,16S,4b
1830,a55e816e9176801a058fc60c9be2ed8d,OL-16S-4b,33.0,Bacteria,Bacteroidota,Bacteroidia,Flavobacteriales,Unassigned,Unassigned,Unassigned,16S,4b
1831,f2da6e39397a2f45b3ccf4aa8026535c,OL-16S-4b,6.0,Bacteria,Cyanobacteria,Cyanobacteriia,Chloroplast,Chloroplast,Chloroplast,Unassigned,16S,4b
1832,71a4d71469911440a4d35ecc47b564ed,OL-16S-4b,42.0,Bacteria,Campylobacterota,Campylobacteria,Campylobacterales,Sulfurimonadaceae,Sulfurimonas,Unassigned,16S,4b
1833,e65b6b9fa492374e113d5a1e6eb004ea,OL-16S-4b,16.0,Bacteria,Cyanobacteria,Cyanobacteriia,Chloroplast,Chloroplast,Chloroplast,Unassigned,16S,4b
1834,6ff4babd2b24a9485336c84c5d03846d,OL-16S-4b,27.0,Bacteria,Cyanobacteria,Cyanobacteriia,Chloroplast,Chloroplast,Chloroplast,Unassigned,16S,4b
1835,fc58167af9689341a1bc652491622caf,OL-16S-4b,64.0,Bacteria,Proteobacteria,Alphaproteobacteria,Rhodobacterales,Rhodobacteraceae,Unassigned,Unassigned,16S,4b
1836,84c26369fb960d440de8c39124a5cc00,OL-16S-4b,64.0,Bacteria,Proteobacteria,Gammaproteobacteria,Enterobacterales,Vibrionaceae,Thaumasiovibrio,Unassigned,16S,4b
1837,fbd67f533b85f7453e3608c8ff10ff6d,OL-16S-4b,41.0,Bacteria,Proteobacteria,Gammaproteobacteria,Enterobacterales,Vibrionaceae,Unassigned,Unassigned,16S,4b
1838,36c2cf0d4ce79ca4f7fb1ff3d20466d0,OL-16S-4b,66.0,Bacteria,Proteobacteria,Gammaproteobacteria,Pseudomonadales,Halieaceae,OM60(NOR5)_clade,Unassigned,16S,4b
1839,3d99bf4e19dc5e7db72611193902074c,OL-16S-4b,17.0,Bacteria,Cyanobacteria,Cyanobacteriia,Chloroplast,Chloroplast,Chloroplast,Unassigned,16S,4b
1840,d9c0185fe7a2c4e58e0c12892e5dd788,OL-16S-4b,20.0,Bacteria,Bacteroidota,Bacteroidia,Flavobacteriales,Cryomorphaceae,uncultured,Unassigned,16S,4b
1841,77d3b79630bd68a57f2a828fdc185eba,OL-16S-4b,116.0,Bacteria,Desulfobacterota,Desulfobulbia,Desulfobulbales,Desulfocapsaceae,Unassigned,Unassigned,16S,4b
1842,a136ef3895d5fe122201e367521b25ff,OL-16S-4b,43.0,Bacteria,Cyanobacteria,Cyanobacteriia,Synechococcales,Cyanobiaceae,Synechococcus_CC9902,Unassigned,16S,4b
1843,37d704261c06a5ac07db0e2102cd8634,OL-16S-4b,26.0,Bacteria,Bacteroidota,Bacteroidia,Flavobacteriales,Flavobacteriaceae,Unassigned,Unassigned,16S,4b
1844,90681ba58a195f80e61a3e972172070d,OL-16S-4b,45.0,Archaea,Nanoarchaeota,Nanoarchaeia,Woesearchaeales,Woesearchaeales,Woesearchaeales,Unassigned,16S,4b
1845,e0a59411c7d06f770400a7b68e3d9c98,OL-16S-4b,32.0,Bacteria,Bacteroidota,Bacteroidia,Flavobacteriales,Flavobacteriaceae,NS4_marine_group,Unassigned,16S,4b
1846,15e826d412a273b99d9c594ff4e26fd1,OL-16S-4b,109.0,Bacteria,Proteobacteria,Alphaproteobacteria,Rhodobacterales,Rhodobacteraceae,Unassigned,Unassigned,16S,4b
1847,2d4e35a92113e6a7efe8ece00217abbe,OL-16S-4b,23.0,Bacteria,Proteobacteria,Gammaproteobacteria,Pseudomonadales,SAR86_clade,SAR86_clade,Unassigned,16S,4b
1848,dea77a14de7bcfbd1601ddab088626ce,OL-16S-4b,54.0,Bacteria,Bacteroidota,Bacteroidia,Chitinophagales,Saprospiraceae,Aureispira,Unassigned,16S,4b
1849,e85412d93608da143f62e527657fee4a,OL-16S-4b,7.0,Bacteria,Cyanobacteria,Cyanobacteriia,Chloroplast,Chloroplast,Chloroplast,Unassigned,16S,4b
1850,944edbc24b44e8a800d37f12e12c0a80,OL-16S-4b,101.0,Bacteria,Cyanobacteria,Cyanobacteriia,Chloroplast,Chloroplast,Chloroplast,Unassigned,16S,4b
1851,cd40b246bb0d508cd2a82cede8eb3bcc,OL-16S-4b,15.0,Bacteria,Cyanobacteria,Cyanobacteriia,Chloroplast,Chloroplast,Chloroplast,Unassigned,16S,4b
1852,e5fee45c0914d42e7c63e4f328d8ed64,OL-16S-4b,100.0,Bacteria,Proteobacteria,Gammaproteobacteria,B2M28,B2M28,B2M28,Unassigned,16S,4b
1853,df53ffbec5794c0c24f03b2313343072,OL-16S-4b,35.0,Bacteria,Proteobacteria,Gammaproteobacteria,Gammaproteobacteria_Incertae_Sedis,Unknown_Family,Marinicella,Unassigned,16S,4b
1854,dd72258acedd6d827123b6afed9a06f9,OL-16S-4b,94.0,Bacteria,Proteobacteria,Gammaproteobacteria,Pseudomonadales,Endozoicomonadaceae,Endozoicomonas,Unassigned,16S,4b
1855,1d7410d28926311a6f8d1d51a6a2af22,OL-16S-4b,10.0,Bacteria,Cyanobacteria,Cyanobacteriia,Chloroplast,Chloroplast,Chloroplast,Unassigned,16S,4b
1856,abe5a6ebd5b43539bf24ae2e36b8e34f,OL-16S-4b,91.0,Bacteria,Proteobacteria,Gammaproteobacteria,Unassigned,Unassigned,Unassigned,Unassigned,16S,4b
1857,f1dfb2248efb56cd80ea5997cc4e4692,OL-16S-4b,89.0,Bacteria,Proteobacteria,Alphaproteobacteria,Rhizobiales,Methyloligellaceae,Methyloceanibacter,Unassigned,16S,4b
1858,1113ba1e50afe6dff49967b01cda3974,OL-16S-4b,36.0,Bacteria,Proteobacteria,Gammaproteobacteria,Pseudomonadales,SAR86_clade,SAR86_clade,Unassigned,16S,4b
1859,a6fa3518bcf54dd275bc3810533813e4,OL-16S-4b,46.0,Bacteria,Cyanobacteria,Cyanobacteriia,Chloroplast,Chloroplast,Chloroplast,Unassigned,16S,4b
1860,5b964b486fe29bcb1717d16ebaae6009,OL-16S-4b,38.0,Bacteria,Proteobacteria,Gammaproteobacteria,Pseudomonadales,Pseudohongiellaceae,Pseudohongiella,Unassigned,16S,4b
1861,24610a1b0d06b9f38035df84dab6eebc,OL-16S-4b,45.0,Bacteria,Planctomycetota,OM190,OM190,OM190,OM190,Unassigned,16S,4b
1862,30ccf709045cc942ef0e3e5705ab9782,OL-16S-4b,56.0,Bacteria,Cyanobacteria,Cyanobacteriia,Chloroplast,Chloroplast,Chloroplast,Unassigned,16S,4b
1863,f250a569b4b352cc7345f5520bda2062,OL-16S-4b,83.0,Bacteria,Verrucomicrobiota,Verrucomicrobiae,Opitutales,Puniceicoccaceae,Verruc-01,Unassigned,16S,4b
1864,bafbf2595e3d5ede58f4de672e2c334d,OL-16S-4b,83.0,Bacteria,Desulfobacterota,Desulfobacteria,Desulfobacterales,Desulfosarcinaceae,Unassigned,Unassigned,16S,4b
1865,b342d18ec2ec33e30313ca441440aa5c,OL-16S-4b,82.0,Bacteria,Proteobacteria,Alphaproteobacteria,Sphingomonadales,Sphingomonadaceae,Unassigned,Unassigned,16S,4b
1866,4f93e040fd83fa31f871e408ebd58934,OL-16S-4b,82.0,Bacteria,Bacteroidota,Bacteroidia,Flavobacteriales,Flavobacteriaceae,Muriicola,Unassigned,16S,4b
1867,aca01879888b271bf6a4ec8d4662591e,OL-16S-4b,81.0,Bacteria,Bdellovibrionota,Bdellovibrionia,Bacteriovoracales,Bacteriovoracaceae,Unassigned,Unassigned,16S,4b
1868,f4866b1cab7f6d93e065ab597450b883,OL-16S-4b,81.0,Bacteria,Proteobacteria,Gammaproteobacteria,Thiohalorhabdales,Thiohalorhabdaceae,uncultured,Unassigned,16S,4b
1869,01048c9e8632c7d9b815131b667e8fe5,OL-16S-4b,81.0,Bacteria,Proteobacteria,Alphaproteobacteria,Rhodobacterales,Rhodobacteraceae,Unassigned,Unassigned,16S,4b
1870,f7df5b7b2080a758f6e7487f2b272399,OL-16S-4b,80.0,Bacteria,Chloroflexi,KD4-96,KD4-96,KD4-96,KD4-96,Unassigned,16S,4b
1871,e3e582f739aa7a0223696b1678cb5d37,OL-16S-4b,42.0,Bacteria,Bacteroidota,Bacteroidia,Sphingobacteriales,NS11-12_marine_group,NS11-12_marine_group,Unassigned,16S,4b
1872,980e2137effa3dce89e20684af7bf54d,OL-16S-4b,21.0,Bacteria,Proteobacteria,Alphaproteobacteria,Rhodobacterales,Rhodobacteraceae,Unassigned,Unassigned,16S,4b
1873,596039dee03b2290efc2a6839df90e33,OL-16S-4b,74.0,Bacteria,Proteobacteria,Alphaproteobacteria,Rhodobacterales,Rhodobacteraceae,Unassigned,Unassigned,16S,4b
1874,f4c9313fb766158b1ba9815e9fb3c407,OL-16S-4b,74.0,Bacteria,Proteobacteria,Gammaproteobacteria,Enterobacterales,Alteromonadaceae,Unassigned,Unassigned,16S,4b
1875,bd45f7e751f95aedf2172c43792dcf70,OL-16S-4b,73.0,Bacteria,Proteobacteria,Alphaproteobacteria,Rickettsiales,Mitochondria,Mitochondria,Unassigned,16S,4b
1876,d982bb39b232f6403102fe8a3b9cc72b,OL-16S-4b,72.0,Bacteria,Myxococcota,Polyangia,Polyangiales,Sandaracinaceae,uncultured,Unassigned,16S,4b
1877,fb9fd7cbe11aebaf5de961d05d6a0e72,OL-16S-4b,71.0,Bacteria,Proteobacteria,Gammaproteobacteria,UBA10353_marine_group,UBA10353_marine_group,UBA10353_marine_group,Unassigned,16S,4b
1878,a4d398c3566e8bede76c6498184a2b36,OL-16S-4b,71.0,Bacteria,Desulfobacterota,Desulfobacteria,Desulfobacterales,Desulfosarcinaceae,Desulfosarcina,Unassigned,16S,4b
1879,5280e3c81e779dce6523787a4708bed9,OL-16S-4b,70.0,Bacteria,Bacteroidota,Bacteroidia,Chitinophagales,Saprospiraceae,Lewinella,Unassigned,16S,4b
1880,4d60d003a32a61c3a5a8d0b470025838,OL-16S-4b,69.0,Bacteria,Bacteroidota,Bacteroidia,Unassigned,Unassigned,Unassigned,Unassigned,16S,4b
1881,1f0f411cdb1837f68e184d3f2589c1c7,OL-16S-4b,22.0,Bacteria,Proteobacteria,Gammaproteobacteria,Pseudomonadales,SAR86_clade,SAR86_clade,Unassigned,16S,4b
1882,975f8fc4d67d806f088fd3ea6c2a6346,OL-16S-4b,68.0,Bacteria,Bacteroidota,Bacteroidia,Chitinophagales,Saprospiraceae,Unassigned,Unassigned,16S,4b
1883,6b3f2e16d6af5114bfd3dbdebbbb7eec,OL-16S-4b,40.0,Bacteria,Bacteroidota,Bacteroidia,Flavobacteriales,Flavobacteriaceae,Leeuwenhoekiella,Unassigned,16S,4b
1884,22e13b61db4887227a53df783d16ead4,OL-16S-4b,67.0,Bacteria,Proteobacteria,Gammaproteobacteria,Pseudomonadales,Litoricolaceae,Litoricola,Unassigned,16S,4b
1885,10a6bdc90632e23f2bf97752f296b5c3,OL-16S-4b,66.0,Bacteria,Planctomycetota,Planctomycetes,Pirellulales,Pirellulaceae,uncultured,Unassigned,16S,4b
1886,382bd321f36e008525299f02f4477ede,OL-16S-4b,66.0,Bacteria,Cyanobacteria,Cyanobacteriia,Chloroplast,Chloroplast,Chloroplast,Unassigned,16S,4b
1887,ed09805459eeefa74c577cb8f76af1a9,OL-16S-4b,11.0,Bacteria,Bacteroidota,Bacteroidia,Flavobacteriales,Flavobacteriaceae,Unassigned,Unassigned,16S,4b
1888,c681a8a87dd793ccba5119b014343628,OL-16S-4b,65.0,Bacteria,Bacteroidota,Rhodothermia,Balneolales,Balneolaceae,Balneola,Unassigned,16S,4b
1889,a7f5b7dcfadfae8b89fa451cb8078b0d,OL-16S-4b,5.0,Bacteria,Bacteroidota,Bacteroidia,Flavobacteriales,Flavobacteriaceae,Unassigned,Unassigned,16S,4b
1890,6460b63bc386421214c7da1d132037eb,OL-16S-4b,63.0,Bacteria,Bacteroidota,Bacteroidia,Flavobacteriales,Crocinitomicaceae,Fluviicola,Unassigned,16S,4b
1891,4636d6dc1c7bbbc487a137cc329228b5,OL-16S-4b,62.0,Bacteria,Proteobacteria,Alphaproteobacteria,Sphingomonadales,Sphingomonadaceae,Unassigned,Unassigned,16S,4b
1892,c305857978f9aef97975a8ffe8055e63,OL-16S-4b,27.0,Bacteria,Bacteroidota,Bacteroidia,Flavobacteriales,Cryomorphaceae,uncultured,Unassigned,16S,4b
1893,44704986a9e12a066f0f1643184bde1a,OL-16S-4b,61.0,Bacteria,Bacteroidota,Bacteroidia,Flavobacteriales,Flavobacteriaceae,Unassigned,Unassigned,16S,4b
1894,327a7902cf92b7839dd5808fbd03213c,OL-16S-4b,61.0,Bacteria,Cyanobacteria,Cyanobacteriia,Chloroplast,Chloroplast,Chloroplast,Unassigned,16S,4b
1895,c602a355d140685915337101892cef38,OL-16S-4b,60.0,Bacteria,Verrucomicrobiota,Verrucomicrobiae,Verrucomicrobiales,DEV007,DEV007,Unassigned,16S,4b
1896,b1cc3af712b74101f419708ecc8f3633,OL-16S-4b,58.0,Bacteria,Cyanobacteria,Cyanobacteriia,Synechococcales,Cyanobiaceae,Unassigned,Unassigned,16S,4b
1897,1d87f422379fecaede86b9e8201a2a2a,OL-16S-4b,58.0,Bacteria,Cyanobacteria,Cyanobacteriia,Chloroplast,Chloroplast,Chloroplast,Unassigned,16S,4b
1898,bcb336b919b50bf89c614eb137085045,OL-16S-4b,58.0,Bacteria,Acidobacteriota,Thermoanaerobaculia,Thermoanaerobaculales,Thermoanaerobaculaceae,Subgroup_23,Unassigned,16S,4b
1899,f060396427777e4044657f91db673c69,OL-16S-4b,58.0,Bacteria,Planctomycetota,Planctomycetes,Planctomycetales,Rubinisphaeraceae,uncultured,Unassigned,16S,4b
1900,0fd151524cfc8553a0aca0215ee86cc2,OL-16S-4b,57.0,Bacteria,Proteobacteria,Gammaproteobacteria,Pseudomonadales,Halieaceae,Luminiphilus,Unassigned,16S,4b
1901,d7d970ddf8643f4ae4a6d7b01f4472b0,OL-16S-4b,57.0,Bacteria,Proteobacteria,Alphaproteobacteria,Rickettsiales,S25-593,S25-593,Unassigned,16S,4b
1902,4bbc955cefc62229598c091ffbded0cf,OL-16S-4b,57.0,Bacteria,Bacteroidota,Bacteroidia,Flavobacteriales,Flavobacteriaceae,Robiginitalea,Unassigned,16S,4b
1903,a8f7afd4588be3b40d428408b728dc4b,OL-16S-4b,57.0,Bacteria,Bacteroidota,Bacteroidia,Flavobacteriales,Flavobacteriaceae,NS5_marine_group,Unassigned,16S,4b
1904,829abd027e74e03ada6b6df571365798,OL-16S-4b,56.0,Bacteria,Bacteroidota,Bacteroidia,Sphingobacteriales,NS11-12_marine_group,NS11-12_marine_group,Unassigned,16S,4b
1905,ee037f3b8d83ce3f3563f0b8a99fb6a6,OL-16S-4b,55.0,Bacteria,Campylobacterota,Campylobacteria,Campylobacterales,Sulfurovaceae,Sulfurovum,Unassigned,16S,4b
1906,f7b0ba18c1569bb74500c182541fbeed,OL-16S-4b,54.0,Bacteria,Proteobacteria,Gammaproteobacteria,Pseudomonadales,Pseudohongiellaceae,Pseudohongiella,Unassigned,16S,4b
1907,605390101d89349ee70da5bd779aa9a7,OL-16S-4b,53.0,Bacteria,Planctomycetota,Planctomycetes,Pirellulales,Pirellulaceae,Rubripirellula,Unassigned,16S,4b
1908,38d7103d6046581004c2bcf0e7b1f9d8,OL-16S-4b,53.0,Bacteria,Unassigned,Unassigned,Unassigned,Unassigned,Unassigned,Unassigned,16S,4b
1909,b77a47ec85c1267a24247533c4c906e5,OL-16S-4b,53.0,Bacteria,Verrucomicrobiota,Verrucomicrobiae,Verrucomicrobiales,DEV007,DEV007,Unassigned,16S,4b
1910,aa78968421511f1d28dae90091f3923c,OL-16S-4b,53.0,Bacteria,Proteobacteria,Alphaproteobacteria,Sphingomonadales,Sphingomonadaceae,Unassigned,Unassigned,16S,4b
1911,731a7c0c017eb56e4a5fce5538adc5ad,OL-16S-4b,52.0,Bacteria,Bacteroidota,Bacteroidia,Flavobacteriales,Flavobacteriaceae,NS4_marine_group,Unassigned,16S,4b
1912,487fd7ac238aa3774a9a8ac8170f8d14,OL-16S-4b,52.0,Bacteria,Cyanobacteria,Cyanobacteriia,Chloroplast,Chloroplast,Chloroplast,Unassigned,16S,4b
1913,2d21ce2898a7bd82ad2006293b1c0073,OL-16S-4b,52.0,Bacteria,Verrucomicrobiota,Verrucomicrobiae,Pedosphaerales,Pedosphaeraceae,SCGC_AAA164-E04,Unassigned,16S,4b
1914,62efb666659980ef112e479a0ac84125,OL-16S-4b,51.0,Bacteria,Proteobacteria,Gammaproteobacteria,Unassigned,Unassigned,Unassigned,Unassigned,16S,4b
1915,c773a2e78a73bc50760ffc6a18bfeedc,OL-16S-4b,51.0,Bacteria,Proteobacteria,Alphaproteobacteria,Puniceispirillales,SAR116_clade,SAR116_clade,Unassigned,16S,4b
1916,34a19eca76de2f9dc30d7128afcef39e,OL-16S-4b,50.0,Bacteria,Bacteroidota,Bacteroidia,Flavobacteriales,Flavobacteriaceae,Muriicola,Unassigned,16S,4b
1917,e2a8ddaea7a7a213ec610fd7aa812595,OL-16S-4b,50.0,Bacteria,Bacteroidota,Bacteroidia,Flavobacteriales,Flavobacteriaceae,Unassigned,Unassigned,16S,4b
1918,5603fd5d9e5f89d21071b2e3a0d98283,OL-16S-4b,49.0,Bacteria,Proteobacteria,Alphaproteobacteria,Rhizobiales,Rhizobiales_Incertae_Sedis,Anderseniella,Unassigned,16S,4b
1919,9019ffb6323e009b203a14293d6d331d,OL-16S-4b,49.0,Bacteria,Verrucomicrobiota,Verrucomicrobiae,Verrucomicrobiales,DEV007,DEV007,Unassigned,16S,4b
1920,f3c038761f320cf6bf4de75e531d6d98,OL-16S-4b,49.0,Bacteria,Proteobacteria,Gammaproteobacteria,Pseudomonadales,SAR86_clade,SAR86_clade,Unassigned,16S,4b
1921,d949c42d7ce1d8425d9738571bd30118,OL-16S-4b,48.0,Bacteria,Bacteroidota,Bacteroidia,Flavobacteriales,Flavobacteriaceae,Muriicola,Unassigned,16S,4b
1922,644110ed149aadf2d7e4fa733240859d,OL-16S-4b,47.0,Bacteria,Bacteroidota,Bacteroidia,Chitinophagales,Saprospiraceae,Unassigned,Unassigned,16S,4b
1923,e790266eded1aca945d866f14d3d102a,OL-16S-4b,47.0,Bacteria,Proteobacteria,Alphaproteobacteria,Rhizobiales,Stappiaceae,Stappiaceae,Unassigned,16S,4b
1924,c5551a0308a09d45d8406eabae70a581,OL-16S-4b,47.0,Bacteria,Acidobacteriota,Thermoanaerobaculia,Thermoanaerobaculales,Thermoanaerobaculaceae,Subgroup_10,Unassigned,16S,4b
1925,2ecb521a1820c2b52934cf33045b44ab,OL-16S-4b,47.0,Bacteria,Actinobacteriota,Acidimicrobiia,Microtrichales,Microtrichaceae,Sva0996_marine_group,Unassigned,16S,4b
1926,6f9acb437791e67a1bd79f62f286552a,OL-16S-4b,46.0,Bacteria,Actinobacteriota,Acidimicrobiia,Actinomarinales,Actinomarinaceae,Candidatus_Actinomarina,Unassigned,16S,4b
1927,31e0754fa344e5a86f8ca7414f7322e1,OL-16S-4b,46.0,Bacteria,Actinobacteriota,Acidimicrobiia,Actinomarinales,uncultured,uncultured,Unassigned,16S,4b
1928,23b9ef993a49a25a7054e8b2fab7f633,OL-16S-4b,46.0,Bacteria,Proteobacteria,Gammaproteobacteria,Pseudomonadales,Marinomonadaceae,Marinomonas,Unassigned,16S,4b
1929,9691e141583e4589e758bbdebeea8a1e,OL-16S-4b,46.0,Bacteria,Planctomycetota,Phycisphaerae,Phycisphaerales,Phycisphaeraceae,CL500-3,Unassigned,16S,4b
1930,78dacc7c5816f84e2ac37cb4cc5dfed3,OL-16S-4b,45.0,Bacteria,Proteobacteria,Alphaproteobacteria,Rickettsiales,Mitochondria,Mitochondria,Unassigned,16S,4b
1931,ddcf9b20c8b153bfb4a3e1973b146b94,OL-16S-4b,45.0,Bacteria,Bacteroidota,Bacteroidia,Unassigned,Unassigned,Unassigned,Unassigned,16S,4b
1932,0115cfa1cec519098806a78c91581bf8,OL-16S-4b,45.0,Bacteria,Calditrichota,Calditrichia,Calditrichales,Calditrichaceae,Calditrichaceae,Unassigned,16S,4b
1933,f47db810ef391d4c5314c7cbc619920e,OL-16S-4b,45.0,Bacteria,Proteobacteria,Alphaproteobacteria,Rickettsiales,Mitochondria,Mitochondria,Unassigned,16S,4b
1934,4cb180ee63e6c6cf81a4dcc2fae88d0f,OL-16S-4b,45.0,Bacteria,Myxococcota,Polyangia,Nannocystales,Nannocystaceae,uncultured,Unassigned,16S,4b
1935,bed2374726cb25786f8fe37a55dd69f9,OL-16S-4b,44.0,Bacteria,Proteobacteria,Gammaproteobacteria,Thiotrichales,Thiotrichaceae,uncultured,Unassigned,16S,4b
1936,99fd219dff5fb485187ea2acbfbc9b96,OL-16S-4b,44.0,Bacteria,Proteobacteria,Gammaproteobacteria,Pseudomonadales,KI89A_clade,KI89A_clade,Unassigned,16S,4b
1937,b7047c7064fa6534515ca840314e875b,OL-16S-4b,43.0,Bacteria,Proteobacteria,Alphaproteobacteria,SAR11_clade,Clade_II,Clade_II,Unassigned,16S,4b
1938,df8b98096b4d5401c66747b528db7a78,OL-16S-4b,43.0,Bacteria,Bacteroidota,Bacteroidia,Flavobacteriales,Flavobacteriaceae,Unassigned,Unassigned,16S,4b
1939,52760a3ad40de9d85d9d4af57c55a3cb,OL-16S-4b,43.0,Bacteria,Cyanobacteria,Cyanobacteriia,Chloroplast,Chloroplast,Chloroplast,Unassigned,16S,4b
1940,bee885749bf512b323ea98e933a8d4ab,OL-16S-4b,42.0,Bacteria,Proteobacteria,Alphaproteobacteria,Rhodobacterales,Rhodobacteraceae,Unassigned,Unassigned,16S,4b
1941,81b4188523559a710683b7dd880f4d57,OL-16S-4b,42.0,Bacteria,Planctomycetota,Planctomycetes,Pirellulales,Pirellulaceae,Blastopirellula,Unassigned,16S,4b
1942,fe32818c583d7686450899fc44738384,OL-16S-4b,42.0,Bacteria,Desulfobacterota,Syntrophobacteria,Syntrophobacterales,uncultured,uncultured,Unassigned,16S,4b
1943,82b672e6844cb46ffe2b7cb3cc559521,OL-16S-4b,41.0,Bacteria,Proteobacteria,Gammaproteobacteria,Burkholderiales,MWH-UniP1_aquatic_group,MWH-UniP1_aquatic_group,Unassigned,16S,4b
1944,da595650c98ba25e20dca94d504e701e,OL-16S-4b,41.0,Bacteria,Bacteroidota,Bacteroidia,Flavobacteriales,Flavobacteriaceae,Unassigned,Unassigned,16S,4b
1945,c0f9ed7c02f905ba673da81527447839,OL-16S-4b,40.0,Bacteria,Bacteroidota,Bacteroidia,Flavobacteriales,Flavobacteriaceae,Unassigned,Unassigned,16S,4b
1946,a9dbbcd04a92a2a53d3507598cf2d6ef,OL-16S-4b,40.0,Bacteria,Proteobacteria,Gammaproteobacteria,Pseudomonadales,OM182_clade,OM182_clade,Unassigned,16S,4b
1947,6b5e74435776971bb98965b364bb37bc,OL-16S-4b,39.0,Bacteria,Bacteroidota,Bacteroidia,Flavobacteriales,Flavobacteriaceae,NS2b_marine_group,Unassigned,16S,4b
1948,07bf8b3987503656eae621f43f2387a9,OL-16S-4b,39.0,Bacteria,Proteobacteria,Gammaproteobacteria,Pseudomonadales,Halomonadaceae,Cobetia,Unassigned,16S,4b
1949,1b984cd6291083fc16a939e6c0abd32d,OL-16S-4b,39.0,Bacteria,Proteobacteria,Gammaproteobacteria,Pseudomonadales,BD2-7,BD2-7,Unassigned,16S,4b
1950,c3142484c7b019fa2238e2d9c58734e8,OL-16S-4b,39.0,Bacteria,Actinobacteriota,Actinobacteria,PeM15,PeM15,PeM15,Unassigned,16S,4b
1951,36c8eb1a71cf34bf89f0490737d9b8a8,OL-16S-4b,39.0,Bacteria,Proteobacteria,Alphaproteobacteria,Puniceispirillales,SAR116_clade,SAR116_clade,Unassigned,16S,4b
1952,cd0c1af2b145ee2bfaa19b6a6e97e5b4,OL-16S-4b,39.0,Bacteria,Bdellovibrionota,Oligoflexia,Oligoflexales,Oligoflexaceae,uncultured,Unassigned,16S,4b
1953,080ebaa571835787329a36cc0b0f75f5,OL-16S-4b,39.0,Bacteria,Proteobacteria,Alphaproteobacteria,Puniceispirillales,uncultured,uncultured,Unassigned,16S,4b
1954,bda156fb12f852278763a72beef7f659,OL-16S-4b,38.0,Bacteria,Planctomycetota,Pla3_lineage,Pla3_lineage,Pla3_lineage,Pla3_lineage,Unassigned,16S,4b
1955,a2c29fd371c1bd8753bf456c33f89f98,OL-16S-4b,38.0,Bacteria,Bacteroidota,Bacteroidia,Flavobacteriales,Flavobacteriaceae,Unassigned,Unassigned,16S,4b
1956,53ad9feb36fa3d889d143c88a986e823,OL-16S-4b,38.0,Bacteria,Bacteroidota,Bacteroidia,Chitinophagales,Saprospiraceae,uncultured,Unassigned,16S,4b
1957,24ea2182a019d471d5fa915cc3c61d80,OL-16S-4b,38.0,Bacteria,Cyanobacteria,Cyanobacteriia,Chloroplast,Chloroplast,Chloroplast,Unassigned,16S,4b
1958,83a3278f9b34f5941eef8d5502754144,OL-16S-4b,38.0,Bacteria,Campylobacterota,Campylobacteria,Campylobacterales,Sulfurimonadaceae,Sulfurimonas,Unassigned,16S,4b
1959,423ec052cffb7c8a89ab9dfb8b3a2a95,OL-16S-4b,37.0,Bacteria,Unassigned,Unassigned,Unassigned,Unassigned,Unassigned,Unassigned,16S,4b
1960,4686f479a887ee8f83e96d6f7ee7b2cc,OL-16S-4b,37.0,Bacteria,Bacteroidota,Bacteroidia,Chitinophagales,Saprospiraceae,Unassigned,Unassigned,16S,4b
1961,448a19ecd146136c335c6ebf29ad091a,OL-16S-4b,37.0,Bacteria,Bacteroidota,Bacteroidia,Cytophagales,Cyclobacteriaceae,Marinoscillum,Unassigned,16S,4b
1962,87d3ce70ac955415b8e14e872d8750dd,OL-16S-4b,37.0,Bacteria,Planctomycetota,Pla3_lineage,Pla3_lineage,Pla3_lineage,Pla3_lineage,Unassigned,16S,4b
1963,b87870be14f3d88b1c638dbe4dadcb98,OL-16S-4b,37.0,Bacteria,Cyanobacteria,Cyanobacteriia,Cyanobacteriales,Cyanobacteriaceae,Symphothece_PCC-7002,Unassigned,16S,4b
1964,c3ae9023c5be2a2aea7e9a5dc5c3d248,OL-16S-4b,37.0,Bacteria,Actinobacteriota,Acidimicrobiia,Microtrichales,Microtrichaceae,Sva0996_marine_group,Unassigned,16S,4b
1965,5e601b5ef38883fd2af2f8786d1fc0d5,OL-16S-4b,36.0,Bacteria,Bacteroidota,Bacteroidia,Chitinophagales,Saprospiraceae,Unassigned,Unassigned,16S,4b
1966,9ab07c470e2829dacfdb5bac9a01e1a0,OL-16S-4b,36.0,Bacteria,Verrucomicrobiota,Verrucomicrobiae,Verrucomicrobiales,DEV007,DEV007,Unassigned,16S,4b
1967,1f990aef7f713168c8fde737734829c9,OL-16S-4b,36.0,Bacteria,Bacteroidota,Bacteroidia,Flavobacteriales,Flavobacteriaceae,Tamlana,Unassigned,16S,4b
1968,4163bf2299099e4fbd86b7eaffe654fd,OL-16S-4b,36.0,Bacteria,Planctomycetota,OM190,OM190,OM190,OM190,Unassigned,16S,4b
1969,d8b3cb1917d38ab3942fbd45753b063d,OL-16S-4b,36.0,Bacteria,Bacteroidota,Bacteroidia,Flavobacteriales,Flavobacteriaceae,NS5_marine_group,Unassigned,16S,4b
1970,5c43dd43f6b994523b5482c3b5cf888f,OL-16S-4b,35.0,Bacteria,Bacteroidota,Bacteroidia,Cytophagales,Cyclobacteriaceae,Marinoscillum,Unassigned,16S,4b
1971,083ba8fcd93dd5187b485ee49d303d92,OL-16S-4b,35.0,Bacteria,Cyanobacteria,Cyanobacteriia,Synechococcales,Cyanobiaceae,Cyanobium_PCC-6307,Unassigned,16S,4b
1972,66d66a8194034101d9fd02ca172b0f93,OL-16S-4b,35.0,Bacteria,Proteobacteria,Alphaproteobacteria,Rickettsiales,Mitochondria,Mitochondria,Unassigned,16S,4b
1973,e0265f3e111ec20104a0c05fa8b955be,OL-16S-4b,35.0,Bacteria,Bacteroidota,Bacteroidia,Unassigned,Unassigned,Unassigned,Unassigned,16S,4b
1974,9c685d78c8734d64755dc9f3861e8013,OL-16S-4b,34.0,Bacteria,Proteobacteria,Alphaproteobacteria,Puniceispirillales,SAR116_clade,SAR116_clade,Unassigned,16S,4b
1975,968f1bb297f0074d1eccae7631fe3faf,OL-16S-4b,34.0,Bacteria,Desulfobacterota,Desulfuromonadia,Desulfuromonadales,Sva1033,Sva1033,Unassigned,16S,4b
1976,106b9f1b9e97245c6456953caeb6da9b,OL-16S-4b,34.0,Bacteria,Actinobacteriota,Acidimicrobiia,Actinomarinales,Actinomarinaceae,Candidatus_Actinomarina,Unassigned,16S,4b
1977,8d2defa96e1d3d142a8f45916ea5caed,OL-16S-4b,34.0,Bacteria,Planctomycetota,OM190,OM190,OM190,OM190,Unassigned,16S,4b
1978,63485756c7983d80f85c6be35f410fe2,OL-16S-4b,33.0,Bacteria,Bacteroidota,Bacteroidia,Flavobacteriales,Flavobacteriaceae,Unassigned,Unassigned,16S,4b
1979,87a118bd3e99965898a68e2e8f565092,OL-16S-4b,33.0,Bacteria,Bacteroidota,Bacteroidia,Chitinophagales,Saprospiraceae,Unassigned,Unassigned,16S,4b
1980,8f17f4ad1a8391b30a66c42efd801b53,OL-16S-4b,33.0,Bacteria,Campylobacterota,Campylobacteria,Campylobacterales,Sulfurovaceae,Sulfurovum,Unassigned,16S,4b
1981,63265897714887056da9e867a8041705,OL-16S-4b,33.0,Bacteria,Proteobacteria,Gammaproteobacteria,Pseudomonadales,SAR86_clade,SAR86_clade,Unassigned,16S,4b
1982,373dbeb34221b1f87f877f5f1e5877d0,OL-16S-4b,33.0,Bacteria,Cyanobacteria,Cyanobacteriia,Chloroplast,Chloroplast,Chloroplast,Unassigned,16S,4b
1983,3a85a3563284b7ce2488750cd5ccb4a7,OL-16S-4b,33.0,Bacteria,Bacteroidota,Bacteroidia,Flavobacteriales,Flavobacteriaceae,Unassigned,Unassigned,16S,4b
1984,dc230ae3f93de5254d328336102e6671,OL-16S-4b,33.0,Bacteria,Unassigned,Unassigned,Unassigned,Unassigned,Unassigned,Unassigned,16S,4b
1985,0a5f2f17496742468e76478c8c1dac6c,OL-16S-4b,33.0,Bacteria,Proteobacteria,Gammaproteobacteria,Unassigned,Unassigned,Unassigned,Unassigned,16S,4b
1986,cea62e041de68a869c03955eea36dc75,OL-16S-4b,32.0,Bacteria,Planctomycetota,Planctomycetes,Planctomycetales,Gimesiaceae,uncultured,Unassigned,16S,4b
1987,48ce581b057a35061685bd81631f9b00,OL-16S-4b,32.0,Bacteria,Verrucomicrobiota,Verrucomicrobiae,Verrucomicrobiales,Rubritaleaceae,Roseibacillus,Unassigned,16S,4b
1988,eb8871d5699d4f1badd76de7fd64ccb2,OL-16S-4b,32.0,Bacteria,Planctomycetota,Planctomycetes,Planctomycetales,Rubinisphaeraceae,Unassigned,Unassigned,16S,4b
1989,f32ab12fbd0166006abbcfda046b51d6,OL-16S-4b,32.0,Bacteria,Bacteroidota,Bacteroidia,Flavobacteriales,Flavobacteriaceae,Formosa,Unassigned,16S,4b
1990,64f1314dfe19cb1600757fe820f367ac,OL-16S-4b,31.0,Bacteria,Cyanobacteria,Cyanobacteriia,Chloroplast,Chloroplast,Chloroplast,Unassigned,16S,4b
1991,0b56f9c1774e157c20829457871b4582,OL-16S-4b,31.0,Bacteria,Cyanobacteria,Cyanobacteriia,Chloroplast,Chloroplast,Chloroplast,Unassigned,16S,4b
1992,fb0accf70765f39fe5607487dc08d567,OL-16S-4b,31.0,Bacteria,Verrucomicrobiota,Verrucomicrobiae,Opitutales,Puniceicoccaceae,Coraliomargarita,Unassigned,16S,4b
1993,5400e2bcdf5fc61a816152e8707f5e2e,OL-16S-4b,31.0,Bacteria,Cyanobacteria,Cyanobacteriia,Chloroplast,Chloroplast,Chloroplast,Unassigned,16S,4b
1994,af2dfe388631c4cdcfa1ccc8a466bb94,OL-16S-4b,31.0,Bacteria,Proteobacteria,Alphaproteobacteria,Rhodobacterales,Rhodobacteraceae,Unassigned,Unassigned,16S,4b
1995,4c22dfc733ca8c711713f2c9a7fca40b,OL-16S-4b,30.0,Bacteria,Cyanobacteria,Cyanobacteriia,Chloroplast,Chloroplast,Chloroplast,Unassigned,16S,4b
1996,d389f2fd3c5857a4350e6fe0e83f2752,OL-16S-4b,30.0,Bacteria,Bacteroidota,Bacteroidia,Flavobacteriales,Flavobacteriaceae,NS5_marine_group,Unassigned,16S,4b
1997,38ad5aee5a1f9c8d602d7ab9175c862e,OL-16S-4b,30.0,Bacteria,Proteobacteria,Gammaproteobacteria,Pseudomonadales,Oleiphilaceae,Oleiphilus,Unassigned,16S,4b
1998,4bdd1da967cc44aef2ac0f3cf5f45be2,OL-16S-4b,29.0,Bacteria,Planctomycetota,Planctomycetes,Pirellulales,Pirellulaceae,Unassigned,Unassigned,16S,4b
1999,f203afb2a5dccf8c8b5d895bbbd935e1,OL-16S-4b,29.0,Bacteria,Unassigned,Unassigned,Unassigned,Unassigned,Unassigned,Unassigned,16S,4b
2000,2dc0dabbf95399a54f5a56af71eaa295,OL-16S-4b,29.0,Bacteria,Proteobacteria,Alphaproteobacteria,Rickettsiales,Mitochondria,Mitochondria,Unassigned,16S,4b
2001,dceedc65e230fe0fc3913ea64800f070,OL-16S-4b,29.0,Bacteria,Verrucomicrobiota,Verrucomicrobiae,Verrucomicrobiales,DEV007,DEV007,Unassigned,16S,4b
2002,5f47784e1fae94458782d5b2840a5c48,OL-16S-4b,29.0,Bacteria,Proteobacteria,Alphaproteobacteria,Rickettsiales,Mitochondria,Mitochondria,Unassigned,16S,4b
2003,363e74a537ac9dffce6cc90ac5b34bb4,OL-16S-4b,28.0,Bacteria,Bacteroidota,Bacteroidia,Flavobacteriales,NS9_marine_group,NS9_marine_group,Unassigned,16S,4b
2004,f427bc168d65aaef5825de379cadb547,OL-16S-4b,28.0,Bacteria,SAR324_clade(Marine_group_B),SAR324_clade(Marine_group_B),SAR324_clade(Marine_group_B),SAR324_clade(Marine_group_B),SAR324_clade(Marine_group_B),Unassigned,16S,4b
2005,3e8730a3c9f81cefca2b07b2e52cbdbc,OL-16S-4b,28.0,Bacteria,Bacteroidota,Bacteroidia,Chitinophagales,Saprospiraceae,Unassigned,Unassigned,16S,4b
2006,0bc6222995b632986ce376d259066de0,OL-16S-4b,27.0,Bacteria,Bacteroidota,Bacteroidia,Chitinophagales,Saprospiraceae,Unassigned,Unassigned,16S,4b
2007,68df8cbaab905a7d8bd6f1d8d7d91857,OL-16S-4b,27.0,Bacteria,Bacteroidota,Bacteroidia,Flavobacteriales,Unassigned,Unassigned,Unassigned,16S,4b
2008,0ac6330aadb0c0593f25e11ca2a5d8c2,OL-16S-4b,27.0,Bacteria,Verrucomicrobiota,Verrucomicrobiae,Verrucomicrobiales,Rubritaleaceae,Rubritalea,Unassigned,16S,4b
2009,d3898f0a5a091fe857034dfd16aef088,OL-16S-4b,27.0,Bacteria,Chloroflexi,Anaerolineae,SBR1031,A4b,A4b,Unassigned,16S,4b
2010,5def4fbdf1eab9841c9a35adc8e74b38,OL-16S-4b,26.0,Bacteria,Bacteroidota,Bacteroidia,Unassigned,Unassigned,Unassigned,Unassigned,16S,4b
2011,e7e96ca50213cbc6e7a2c41ae2ad5363,OL-16S-4b,25.0,Bacteria,Proteobacteria,Alphaproteobacteria,Unassigned,Unassigned,Unassigned,Unassigned,16S,4b
2012,d89fc749f0f97533b6ded8276f8016a8,OL-16S-4b,25.0,Bacteria,Firmicutes,Bacilli,Acholeplasmatales,Acholeplasmataceae,Acholeplasma,Unassigned,16S,4b
2013,6eedcee6fe7b35f4dde6066cc185af2f,OL-16S-4b,25.0,Bacteria,Bacteroidota,Bacteroidia,Flavobacteriales,Flavobacteriaceae,Unassigned,Unassigned,16S,4b
2014,5105944953ae1bda0378fb82299584fc,OL-16S-4b,24.0,Bacteria,Proteobacteria,Gammaproteobacteria,Enterobacterales,Colwelliaceae,Thalassotalea,Unassigned,16S,4b
2015,14b8169f3fbc29d728486a9578cfc168,OL-16S-4b,24.0,Bacteria,Bacteroidota,Bacteroidia,Unassigned,Unassigned,Unassigned,Unassigned,16S,4b
2016,84efaaa12bdec557c07ee26cb5c43a63,OL-16S-4b,24.0,Bacteria,Proteobacteria,Alphaproteobacteria,Unassigned,Unassigned,Unassigned,Unassigned,16S,4b
2017,56d2cddcf87f802a923904151214b472,OL-16S-4b,24.0,Bacteria,Bacteroidota,Bacteroidia,Cytophagales,Cyclobacteriaceae,uncultured,Unassigned,16S,4b
2018,fa8ca78b53888bd08fc497dbdaed5692,OL-16S-4b,23.0,Archaea,Thermoplasmatota,Thermoplasmata,Marine_Group_II,Marine_Group_II,Marine_Group_II,Unassigned,16S,4b
2019,ecc8460284e66b226da004ae26fa5625,OL-16S-4b,23.0,Bacteria,Planctomycetota,Planctomycetes,Pirellulales,Pirellulaceae,Blastopirellula,Unassigned,16S,4b
2020,426be7ef14457906efaeac3ec722792a,OL-16S-4b,22.0,Bacteria,Proteobacteria,Gammaproteobacteria,Pseudomonadales,Porticoccaceae,SAR92_clade,Unassigned,16S,4b
2021,dfe6cd40bd302dc5fcc0e0f54449120c,OL-16S-4b,22.0,Bacteria,Proteobacteria,Alphaproteobacteria,Sphingomonadales,Sphingomonadaceae,Sphingomicrobium,Unassigned,16S,4b
2022,0335d7c0b37b450c2f3cbb590239d0e6,OL-16S-4b,22.0,Bacteria,Bacteroidota,Bacteroidia,Chitinophagales,Saprospiraceae,Lewinella,Unassigned,16S,4b
2023,5177aea3dc0c4a07f5382dbeda98a31d,OL-16S-4b,22.0,Bacteria,Proteobacteria,Gammaproteobacteria,Burkholderiales,Comamonadaceae,Unassigned,Unassigned,16S,4b
2024,d3a170f09fc0930d5cb163f759cd6d41,OL-16S-4b,22.0,Bacteria,Bacteroidota,Bacteroidia,Flavobacteriales,Flavobacteriaceae,Unassigned,Unassigned,16S,4b
2025,bbea6ddd8da67af06f4335634a16d798,OL-16S-4b,22.0,Bacteria,Bacteroidota,Bacteroidia,Unassigned,Unassigned,Unassigned,Unassigned,16S,4b
2026,503b50b2dddc705dc6dfbee4053ca3a3,OL-16S-4b,21.0,Bacteria,Bacteroidota,Bacteroidia,Chitinophagales,Saprospiraceae,Unassigned,Unassigned,16S,4b
2027,9bd79c44c47b74e259c19acce8fd752d,OL-16S-4b,21.0,Bacteria,Gemmatimonadota,PAUC43f_marine_benthic_group,PAUC43f_marine_benthic_group,PAUC43f_marine_benthic_group,PAUC43f_marine_benthic_group,Unassigned,16S,4b
2028,81ba432248e6f1930164754f32cbc159,OL-16S-4b,21.0,Bacteria,Cyanobacteria,Cyanobacteriia,Chloroplast,Chloroplast,Chloroplast,Unassigned,16S,4b
2029,d5fefbe2382d63476078639e67281c0f,OL-16S-4b,21.0,Bacteria,Bacteroidota,Bacteroidia,Bacteroidetes_VC2.1_Bac22,Bacteroidetes_VC2.1_Bac22,Bacteroidetes_VC2.1_Bac22,Unassigned,16S,4b
2030,f2872bf63deaf726a971faadb6adc4e9,OL-16S-4b,20.0,Bacteria,Bdellovibrionota,Oligoflexia,Oligoflexales,Oligoflexaceae,Unassigned,Unassigned,16S,4b
2031,e0855c17058b076ac35d17ea6bb90da1,OL-16S-4b,20.0,Bacteria,Unassigned,Unassigned,Unassigned,Unassigned,Unassigned,Unassigned,16S,4b
2032,81b1b2008924e840bf499211c4e87408,OL-16S-4b,20.0,Bacteria,Actinobacteriota,Acidimicrobiia,Microtrichales,Microtrichaceae,uncultured,Unassigned,16S,4b
2033,155a09ed1d5964db5ff18f172ce97ba3,OL-16S-4b,19.0,Bacteria,Bacteroidota,Bacteroidia,Flavobacteriales,Flavobacteriaceae,Formosa,Unassigned,16S,4b
2034,5540522aed5136278241bfda4394608e,OL-16S-4b,19.0,Bacteria,Latescibacterota,Latescibacterota,Latescibacterota,Latescibacterota,Latescibacterota,Unassigned,16S,4b
2035,fc3cc7a05a673c3bd7b2f7c68d8d068e,OL-16S-4b,18.0,Bacteria,Bacteroidota,Bacteroidia,Flavobacteriales,Flavobacteriaceae,Robiginitalea,Unassigned,16S,4b
2036,84ced89bb74454099afb87eee1663344,OL-16S-4b,18.0,Bacteria,Unassigned,Unassigned,Unassigned,Unassigned,Unassigned,Unassigned,16S,4b
2037,569b6d3c3b511ef2537a9a728dce4f3b,OL-16S-4b,17.0,Bacteria,Cyanobacteria,Cyanobacteriia,Cyanobacteriales,Cyanobacteriaceae,Geminobacterium,Unassigned,16S,4b
2038,37ad34ce645ac4ba7c208de3e2f40e1b,OL-16S-4b,16.0,Bacteria,Proteobacteria,Alphaproteobacteria,Rickettsiales,Mitochondria,Mitochondria,Unassigned,16S,4b
2039,e2de490249a408c8f9cd120cb8245d05,OL-16S-4b,16.0,Bacteria,Proteobacteria,Gammaproteobacteria,Unassigned,Unassigned,Unassigned,Unassigned,16S,4b
2040,b7df4945cae58b0683294ec94f5e9cd9,OL-16S-4b,16.0,Bacteria,Proteobacteria,Alphaproteobacteria,Holosporales,Holosporaceae,Holosporaceae,Unassigned,16S,4b
2041,2f42c400d64e7187d12436318770d696,OL-16S-4b,16.0,Bacteria,Bacteroidota,Bacteroidia,Chitinophagales,Saprospiraceae,Unassigned,Unassigned,16S,4b
2042,5b887f6df342d5502e4a8d4d7f0d990b,OL-16S-4b,16.0,Bacteria,Proteobacteria,Gammaproteobacteria,Thiomicrospirales,Thiomicrospiraceae,Thiomicrorhabdus,Unassigned,16S,4b
2043,ca1a055f8dcc5d78ef268520c30a8ba8,OL-16S-4b,15.0,Bacteria,Verrucomicrobiota,Lentisphaeria,P.palmC41,P.palmC41,P.palmC41,Unassigned,16S,4b
2044,9fb292d05bec6f9323a2122d71fcd712,OL-16S-4b,15.0,Bacteria,Proteobacteria,Gammaproteobacteria,Francisellales,Francisellaceae,[Caedibacter]_taeniospiralis_group,Unassigned,16S,4b
2045,b056efd839c5576e7b3c4564cea02a78,OL-16S-4b,15.0,Bacteria,Verrucomicrobiota,Verrucomicrobiae,Opitutales,Puniceicoccaceae,Pelagicoccus,Unassigned,16S,4b
2046,ba6c59dce5711efb18ed317c97d3709e,OL-16S-4b,14.0,Bacteria,Bdellovibrionota,Oligoflexia,053A03-B-DI-P58,053A03-B-DI-P58,053A03-B-DI-P58,Unassigned,16S,4b
2047,6c75581535f196d476beff266f5132b4,OL-16S-4b,14.0,Bacteria,Bacteroidota,Kryptonia,Kryptoniales,MSB-3C8,MSB-3C8,Unassigned,16S,4b
2048,0f0da434df8da9da5a788f9b2d07c946,OL-16S-4b,14.0,Bacteria,Actinobacteriota,Acidimicrobiia,Actinomarinales,uncultured,uncultured,Unassigned,16S,4b
2049,c7ef29c857bac039fcb526b93fa8f143,OL-16S-4b,14.0,Bacteria,Cyanobacteria,Sericytochromatia,Sericytochromatia,Sericytochromatia,Sericytochromatia,Unassigned,16S,4b
2050,80dd6764bac7b453a190a4154d5d09b8,OL-16S-4b,14.0,Bacteria,Desulfobacterota,Desulfuromonadia,Bradymonadales,Bradymonadales,Bradymonadales,Unassigned,16S,4b
2051,ff9dd988ff1319cb6813e722cce05b04,OL-16S-4b,14.0,Bacteria,Acidobacteriota,Vicinamibacteria,Subgroup_17,Subgroup_17,Subgroup_17,Unassigned,16S,4b
2052,d0502baf8642343ea013409c6462c2a2,OL-16S-4b,13.0,Bacteria,Actinobacteriota,Actinobacteria,Euzebyales,Euzebyaceae,uncultured,Unassigned,16S,4b
2053,bc66b108a3792a4ef035b14a020d082c,OL-16S-4b,13.0,Bacteria,Unassigned,Unassigned,Unassigned,Unassigned,Unassigned,Unassigned,16S,4b
2054,9d9727e7852a822d48c597489310bc62,OL-16S-4b,13.0,Bacteria,Acidobacteriota,Acidobacteriae,PAUC26f,PAUC26f,PAUC26f,Unassigned,16S,4b
2055,f5829b487755872ba941d17c0ef33b0e,OL-16S-4b,13.0,Bacteria,Sva0485,Sva0485,Sva0485,Sva0485,Sva0485,Unassigned,16S,4b
2056,b344de7ded4b5af9bbe41f4c9cd5f71e,OL-16S-4b,13.0,Bacteria,Proteobacteria,Alphaproteobacteria,Rhodobacterales,Rhodobacteraceae,Unassigned,Unassigned,16S,4b
2057,6c85f9aa04d675319c72d7cb52028a06,OL-16S-4b,12.0,Bacteria,Chloroflexi,Anaerolineae,SBR1031,A4b,A4b,Unassigned,16S,4b
2058,3f6514704bb03e2ce5412d7845b3b2a7,OL-16S-4b,12.0,Bacteria,Acidobacteriota,Holophagae,Acanthopleuribacterales,Acanthopleuribacteraceae,Acanthopleuribacter,Unassigned,16S,4b
2059,e54c3f7b8aeedd3c3c2cfe0af0b57b07,OL-16S-4b,12.0,Bacteria,Bacteroidota,Bacteroidia,Flavobacteriales,Crocinitomicaceae,Crocinitomix,Unassigned,16S,4b
2060,48bd558b0f907d6b66ab700ce66ed5a3,OL-16S-4b,12.0,Bacteria,Patescibacteria,Saccharimonadia,Saccharimonadales,Saccharimonadales,Saccharimonadales,Unassigned,16S,4b
2061,0e194253dd9774006fbda5c98143fd21,OL-16S-4b,11.0,Bacteria,Bacteroidota,Bacteroidia,Flavobacteriales,NS7_marine_group,NS7_marine_group,Unassigned,16S,4b
2062,c0407baa915aeca35951f0e4effe4a64,OL-16S-4b,11.0,Bacteria,Latescibacterota,Latescibacteria,Latescibacterales,Latescibacteraceae,Latescibacteraceae,Unassigned,16S,4b
2063,b72d4e152e486bd91fa4a02558d32e57,OL-16S-4b,11.0,Bacteria,Cyanobacteria,Cyanobacteriia,Cyanobacteriales,Xenococcaceae,Xenococcus_PCC-7305,Unassigned,16S,4b
2064,91a56bc424caa4cd91965e96073f5bef,OL-16S-4b,11.0,Bacteria,Proteobacteria,Alphaproteobacteria,Rickettsiales,Mitochondria,Mitochondria,Unassigned,16S,4b
2065,de110456a8d34b21a29c1caf41c59bb9,OL-16S-4b,11.0,Bacteria,Bacteroidota,Bacteroidia,Chitinophagales,uncultured,uncultured,Unassigned,16S,4b
2066,5ce119d8fa92f2a8a35d011b74a86c7d,OL-16S-4b,10.0,Bacteria,Proteobacteria,Gammaproteobacteria,Unassigned,Unassigned,Unassigned,Unassigned,16S,4b
2067,58b6988afe6436d5881e00b5a2e26468,OL-16S-4b,10.0,Bacteria,Proteobacteria,Alphaproteobacteria,Rickettsiales,Mitochondria,Mitochondria,Unassigned,16S,4b
2068,ea3c1c5020314c0cea2ed740772ebb81,OL-16S-4b,10.0,Bacteria,Proteobacteria,Alphaproteobacteria,Rickettsiales,Mitochondria,Mitochondria,Unassigned,16S,4b
2069,0299e78df9d32548adb48cf782f44724,OL-16S-4b,9.0,Bacteria,Planctomycetota,028H05-P-BN-P5,028H05-P-BN-P5,028H05-P-BN-P5,028H05-P-BN-P5,Unassigned,16S,4b
2070,2a3403bf8d1311b82db0738b1c258a45,OL-16S-4b,9.0,Bacteria,Bacteroidota,Ignavibacteria,Ignavibacteriales,Unassigned,Unassigned,Unassigned,16S,4b
2071,b51c6f07542383c46c0be8bb3c2d225e,OL-16S-4b,9.0,Bacteria,Actinobacteriota,Acidimicrobiia,Microtrichales,Unassigned,Unassigned,Unassigned,16S,4b
2072,23f4010fc164feb49f0b96e04533dfc0,OL-16S-4b,8.0,Bacteria,Bacteroidota,Bacteroidia,Unassigned,Unassigned,Unassigned,Unassigned,16S,4b
2073,7c38cd715ffbca458f4d11941b19b8e2,OL-16S-4b,8.0,Bacteria,Planctomycetota,Planctomycetes,Planctomycetales,Rubinisphaeraceae,Planctomicrobium,Unassigned,16S,4b
2074,7692916db4dd67ff4521f7e684de5ad4,OL-16S-4b,7.0,Bacteria,Bacteroidota,Rhodothermia,Rhodothermales,Rhodothermaceae,uncultured,Unassigned,16S,4b
2075,96a875b243f9673920d1f36d2a9febd7,OL-16S-4b,7.0,Bacteria,Proteobacteria,Gammaproteobacteria,Pseudomonadales,Hahellaceae,Hahella,Unassigned,16S,4b
2076,4b821dd2319c2f43a3f61eada5e83109,OL-16S-4b,7.0,Bacteria,Proteobacteria,Alphaproteobacteria,Rickettsiales,Mitochondria,Mitochondria,Unassigned,16S,4b
2077,5c731eac5bafdddcdf381b12bb49b7eb,OL-16S-4b,7.0,Bacteria,Bacteroidota,Bacteroidia,Chitinophagales,Saprospiraceae,Aureispira,Unassigned,16S,4b
2078,52e531bee0f79a45144fa9a2dad2b3f9,OL-16S-4b,7.0,Bacteria,Proteobacteria,Alphaproteobacteria,Rickettsiales,Mitochondria,Mitochondria,Unassigned,16S,4b
2079,37b2b9abf5524bc321c351f0d6fa8b70,OL-16S-4b,6.0,Bacteria,Planctomycetota,Planctomycetes,Planctomycetales,uncultured,uncultured,Unassigned,16S,4b
2080,c306c13a68247eea45c16d43d2b5c4fb,OL-16S-4b,6.0,Bacteria,Bacteroidota,Bacteroidia,Unassigned,Unassigned,Unassigned,Unassigned,16S,4b
2081,64ff9031be87f46cbe498e5c2f8adea5,OL-16S-4b,6.0,Bacteria,Proteobacteria,Alphaproteobacteria,Rickettsiales,Mitochondria,Mitochondria,Unassigned,16S,4b
2082,20b34c8666677789ae502352a3f44f49,OL-16S-4b,5.0,Bacteria,Verrucomicrobiota,Chlamydiae,Chlamydiales,cvE6,cvE6,Unassigned,16S,4b
2083,636ca44536dc8ff62277bbbaf6dec24b,OL-16S-4b,5.0,Bacteria,Unassigned,Unassigned,Unassigned,Unassigned,Unassigned,Unassigned,16S,4b
2084,c105b05f5ee752ea4ae4294bf8db3e86,OL-16S-4b,5.0,Bacteria,Bacteroidota,Bacteroidia,Flavobacteriales,Flavobacteriaceae,Unassigned,Unassigned,16S,4b
2085,c077aa4d35aad26adf79334688c8f94d,OL-16S-4b,5.0,Archaea,Crenarchaeota,Bathyarchaeia,Bathyarchaeia,Bathyarchaeia,Bathyarchaeia,Unassigned,16S,4b
2086,706e7ef8a3d92fb5f3db69d632b631eb,OL-16S-4b,5.0,Bacteria,Proteobacteria,Alphaproteobacteria,Sneathiellales,Sneathiellaceae,Sneathiella,Unassigned,16S,4b
2087,932304e6905fede499f3facdcfe92709,OL-16S-4b,5.0,Bacteria,Chloroflexi,Dehalococcoidia,MSBL5,MSBL5,MSBL5,Unassigned,16S,4b
2088,0542c85e91e927263de108c3861f7733,OL-16S-4b,5.0,Bacteria,Firmicutes,Bacilli,Izemoplasmatales,Izemoplasmatales,Izemoplasmatales,Unassigned,16S,4b
2089,e4c6847ce2138fc3f0cf3149b499e4f1,OL-16S-4b,5.0,Bacteria,Bacteroidota,Bacteroidia,Cytophagales,Flammeovirgaceae,Flexithrix,Unassigned,16S,4b
