,FeatureID,SampleID,Count,Kingdom,Phylum,Class,Order,Family,Genus,Species,Method,core
0,580f28aa5d1f44a43a6dfff991ec40d1,Ocean-lake-1a,58850.0,Eukaryota,Diatomea,Mediophyceae,Mediophyceae,Mediophyceae,Cyclotella,Unassigned,18S,1a
1,0f3cd48f1c94814b7154f25164019d34,Ocean-lake-1a,6552.0,Eukaryota,Chlorophyta,Unassigned,Unassigned,Unassigned,Unassigned,Unassigned,18S,1a
2,11b9d90019b1ad2132d54d18269e8cfe,Ocean-lake-1a,59.0,Eukaryota,Diatomea,Unassigned,Unassigned,Unassigned,Unassigned,Unassigned,18S,1a
3,641eb4995a896167800364fac0199771,Ocean-lake-1a,32.0,Eukaryota,Diatomea,Unassigned,Unassigned,Unassigned,Unassigned,Unassigned,18S,1a
4,12a76450d16948a8424ab366731f715d,Ocean-lake-1a,3054.0,Eukaryota,Ciliophora,Intramacronucleata,Spirotrichea,Oligotrichia,Unassigned,Unassigned,18S,1a
5,888a360f6f9c93019e3683c917a5a30f,Ocean-lake-1a,3273.0,Eukaryota,Unassigned,Unassigned,Unassigned,Unassigned,Unassigned,Unassigned,18S,1a
6,67a34e4295d4d78881313a76a07e63fc,Ocean-lake-1a,3793.0,Eukaryota,Unassigned,Unassigned,Unassigned,Unassigned,Unassigned,Unassigned,18S,1a
7,b0c5b9aafe4462cc72c6e96c60040d26,Ocean-lake-1a,2176.0,Eukaryota,Mollusca,Bivalvia,Veneroida,Veneroida,Veneroida,Unassigned,18S,1a
8,79fc87d51594551637b3c9a1b628b4c8,Ocean-lake-1a,2084.0,Eukaryota,Diatomea,Unassigned,Unassigned,Unassigned,Unassigned,Unassigned,18S,1a
9,d28a43868d75da51cd2bc954d2708d37,Ocean-lake-1a,1663.0,Eukaryota,Chlorophyta,Unassigned,Unassigned,Unassigned,Unassigned,Unassigned,18S,1a
10,5cf8c03e23441ef96ea64d4f8b542ff3,Ocean-lake-1a,2293.0,Eukaryota,Diatomea,Mediophyceae,Mediophyceae,Mediophyceae,Cyclotella,Unassigned,18S,1a
11,fecc90352ddabd411e7c100442009b8f,Ocean-lake-1a,638.0,Eukaryota,Unassigned,Unassigned,Unassigned,Unassigned,Unassigned,Unassigned,18S,1a
12,72baa20d784fde5d3dcb25d911c2e21b,Ocean-lake-1a,2156.0,Eukaryota,Ciliophora,Intramacronucleata,Litostomatea,Mesodiniidae,Myrionecta,Unassigned,18S,1a
13,4bd7686246b011632d9ac3ad56fe1340,Ocean-lake-1a,191.0,Eukaryota,Diatomea,Unassigned,Unassigned,Unassigned,Unassigned,Unassigned,18S,1a
14,cefef1afb5aaae13beb3067a9492b577,Ocean-lake-1a,1169.0,Eukaryota,Unassigned,Unassigned,Unassigned,Unassigned,Unassigned,Unassigned,18S,1a
15,e065568334097ec85cc9969e9fcd4c52,Ocean-lake-1a,415.0,Eukaryota,Diatomea,Mediophyceae,Mediophyceae,Mediophyceae,Unassigned,Unassigned,18S,1a
16,7e8825f0c3911c34bd4b6e434704ec52,Ocean-lake-1a,1737.0,Eukaryota,Ciliophora,Intramacronucleata,Spirotrichea,Oligotrichia,Unassigned,Unassigned,18S,1a
17,963dccae77b7bcdbbc801ac2006ea06b,Ocean-lake-1a,765.0,Eukaryota,Chlorophyta,Unassigned,Unassigned,Unassigned,Unassigned,Unassigned,18S,1a
18,0b9c5bfb1b7d0d8060f41ed3b38f69ae,Ocean-lake-1a,1208.0,Eukaryota,Unassigned,Unassigned,Unassigned,Unassigned,Unassigned,Unassigned,18S,1a
19,942d127f7062c042b09607ed3b689ed5,Ocean-lake-1a,1068.0,Eukaryota,Cryptophyceae,Cryptophyceae,Cryptomonadales,Cryptomonadales,Unassigned,Unassigned,18S,1a
20,08b19f0cf2cf1e88741e6f1747e5de57,Ocean-lake-1a,415.0,Eukaryota,Unassigned,Unassigned,Unassigned,Unassigned,Unassigned,Unassigned,18S,1a
21,2fbc153fb7151998bd7a89612af7c275,Ocean-lake-1a,11.0,Eukaryota,Diatomea,Mediophyceae,Mediophyceae,Mediophyceae,Cyclotella,Unassigned,18S,1a
22,42b04abb6d8d6967ad7195cf8d063b96,Ocean-lake-1a,565.0,Eukaryota,Cryptophyceae,Cryptophyceae,Cryptomonadales,Cryptomonadales,Komma,Unassigned,18S,1a
23,c0052a2c8816af3e266a88509e677647,Ocean-lake-1a,496.0,Eukaryota,Cryptophyceae,Cryptophyceae,Cryptomonadales,Cryptomonadales,Unassigned,Unassigned,18S,1a
24,83ad8de13171993730ad0e5bcaf330bb,Ocean-lake-1a,571.0,Eukaryota,Unassigned,Unassigned,Unassigned,Unassigned,Unassigned,Unassigned,18S,1a
25,f25c47bfb774885e1082436026b40b1b,Ocean-lake-1a,629.0,Eukaryota,Unassigned,Unassigned,Unassigned,Unassigned,Unassigned,Unassigned,18S,1a
26,7ece59ad2f489c18e4797eb91ccef010,Ocean-lake-1a,395.0,Eukaryota,Unassigned,Unassigned,Unassigned,Unassigned,Unassigned,Unassigned,18S,1a
27,043a9ae1f0d350f487f898ff40674da8,Ocean-lake-1a,437.0,Eukaryota,Cryptophyceae,Cryptophyceae,Cryptomonadales,Cryptomonadales,Unassigned,Unassigned,18S,1a
28,6a55aec477d2bf784809bb63abec9039,Ocean-lake-1a,492.0,Eukaryota,Ochrophyta,Raphidophyceae,Chattonellales,Chattonellales,Viridilobus,Unassigned,18S,1a
29,55bee0f8a59ab6b8059002c3ff7d1a19,Ocean-lake-1a,445.0,Eukaryota,Cryptophyceae,Cryptophyceae,Cryptomonadales,Cryptomonadales,uncultured,Unassigned,18S,1a
30,bfb629b34778fff897268a2dc1822d38,Ocean-lake-1a,357.0,Eukaryota,Unassigned,Unassigned,Unassigned,Unassigned,Unassigned,Unassigned,18S,1a
31,19fc7e011fffc20b76be35a9671d377e,Ocean-lake-1a,417.0,Eukaryota,Cryptophyceae,Cryptophyceae,Cryptomonadales,Cryptomonadales,Unassigned,Unassigned,18S,1a
32,d21f58b9cf454b66a69f7f6e1bdb194c,Ocean-lake-1a,219.0,Eukaryota,Chlorophyta,Unassigned,Unassigned,Unassigned,Unassigned,Unassigned,18S,1a
33,a0749b62e096b323f6e4d769591a759c,Ocean-lake-1a,126.0,Eukaryota,Unassigned,Unassigned,Unassigned,Unassigned,Unassigned,Unassigned,18S,1a
34,1ff35f6ccebe9a6fceb2b2ef20bb77cd,Ocean-lake-1a,407.0,Eukaryota,Unassigned,Unassigned,Unassigned,Unassigned,Unassigned,Unassigned,18S,1a
35,cac17f9d04f37f6530cdf3d8577f35f7,Ocean-lake-1a,311.0,Eukaryota,Unassigned,Unassigned,Unassigned,Unassigned,Unassigned,Unassigned,18S,1a
36,e4b0e84a8adc341edc92edfe98736607,Ocean-lake-1a,366.0,Eukaryota,Unassigned,Unassigned,Unassigned,Unassigned,Unassigned,Unassigned,18S,1a
37,5faf214dda0d81dd738fdf6093db3e99,Ocean-lake-1a,159.0,Eukaryota,Ciliophora,Intramacronucleata,Spirotrichea,Choreotrichia,Unassigned,Unassigned,18S,1a
38,72ab9830f8cc2515d73f4d5ffb48491b,Ocean-lake-1a,235.0,Eukaryota,Mollusca,Bivalvia,Unassigned,Unassigned,Unassigned,Unassigned,18S,1a
39,99e7d6aa29edda081eddeb3b2e06f3e2,Ocean-lake-1a,229.0,Eukaryota,Unassigned,Unassigned,Unassigned,Unassigned,Unassigned,Unassigned,18S,1a
40,22222825e70bc42170e3e9d213e94ddf,Ocean-lake-1a,182.0,Eukaryota,Diatomea,Unassigned,Unassigned,Unassigned,Unassigned,Unassigned,18S,1a
41,d24423a739a11aa3bf3d98b2fbc51071,Ocean-lake-1a,177.0,Eukaryota,Unassigned,Unassigned,Unassigned,Unassigned,Unassigned,Unassigned,18S,1a
42,734ff95dad32c77e4446d9de5136aeda,Ocean-lake-1a,185.0,Eukaryota,Unassigned,Unassigned,Unassigned,Unassigned,Unassigned,Unassigned,18S,1a
43,c993f070797f0fe9db9a3debf4797806,Ocean-lake-1a,175.0,Eukaryota,Peronosporomycetes,Peronosporomycetes,Peronosporomycetes,Peronosporomycetes,Unassigned,Unassigned,18S,1a
44,6944d7fb7815e31542f3848504c27f78,Ocean-lake-1a,113.0,Eukaryota,Chlorophyta,Unassigned,Unassigned,Unassigned,Unassigned,Unassigned,18S,1a
45,7565b5ab479e79fb48b7c2f984c89f40,Ocean-lake-1a,210.0,Eukaryota,Unassigned,Unassigned,Unassigned,Unassigned,Unassigned,Unassigned,18S,1a
46,59e528155f660cb4c9e6083b11428d34,Ocean-lake-1a,181.0,Eukaryota,Chlorophyta,Unassigned,Unassigned,Unassigned,Unassigned,Unassigned,18S,1a
47,6b09a4fb785a23a1eca7dff93867825f,Ocean-lake-1a,190.0,Bacteria,Proteobacteria,Alphaproteobacteria,Rhizobiales,Unassigned,Unassigned,Unassigned,18S,1a
48,55e14a0d333ac97edc9f74c187c23c84,Ocean-lake-1a,179.0,Eukaryota,Unassigned,Unassigned,Unassigned,Unassigned,Unassigned,Unassigned,18S,1a
49,0e570dde32288c8c6ad72cde66d87438,Ocean-lake-1a,176.0,Eukaryota,Euglenozoa,Euglenida,Heteronematina,Heteronematina,Petalomonas,Unassigned,18S,1a
50,a46188e5b3b6038a8378eff6c19967ab,Ocean-lake-1a,110.0,Bacteria,Unassigned,Unassigned,Unassigned,Unassigned,Unassigned,Unassigned,18S,1a
51,3250155006d4bfc708f9ce3c08585b5c,Ocean-lake-1a,141.0,Eukaryota,Unassigned,Unassigned,Unassigned,Unassigned,Unassigned,Unassigned,18S,1a
52,3c5a2a828d08047e9b35a610ba15b3ff,Ocean-lake-1a,293.0,Eukaryota,Unassigned,Unassigned,Unassigned,Unassigned,Unassigned,Unassigned,18S,1a
53,a64a3e85c617df959c370cb96a46537f,Ocean-lake-1a,128.0,Eukaryota,Unassigned,Unassigned,Unassigned,Unassigned,Unassigned,Unassigned,18S,1a
54,57f5bc3b9cf548e4a0ab0d77c32f7512,Ocean-lake-1a,133.0,Eukaryota,Unassigned,Unassigned,Unassigned,Unassigned,Unassigned,Unassigned,18S,1a
55,bfde2586029d29a92a849e3f8a1ce900,Ocean-lake-1a,155.0,Eukaryota,Unassigned,Unassigned,Unassigned,Unassigned,Unassigned,Unassigned,18S,1a
56,bf5b3b136fb79cbf6ce787f4a1600a84,Ocean-lake-1a,139.0,Eukaryota,Chlorophyta,Unassigned,Unassigned,Unassigned,Unassigned,Unassigned,18S,1a
57,3017aadae5320315e434f54df8698452,Ocean-lake-1a,14.0,Eukaryota,Unassigned,Unassigned,Unassigned,Unassigned,Unassigned,Unassigned,18S,1a
58,475af2610210fd8f5150a19b917d504d,Ocean-lake-1a,149.0,Bacteria,Proteobacteria,Alphaproteobacteria,Unassigned,Unassigned,Unassigned,Unassigned,18S,1a
59,7a36dee4892696d8480326ca0ac88086,Ocean-lake-1a,77.0,Eukaryota,Ciliophora,Intramacronucleata,Conthreep,Oligohymenophorea,Unassigned,Unassigned,18S,1a
60,0aca9aac7ec2ce1726f775a805040ee0,Ocean-lake-1a,26.0,Eukaryota,Diatomea,Mediophyceae,Mediophyceae,Mediophyceae,Cyclotella,Unassigned,18S,1a
61,90931abfea36e986f8e5772b17ff5740,Ocean-lake-1a,122.0,Eukaryota,Diatomea,Unassigned,Unassigned,Unassigned,Unassigned,Unassigned,18S,1a
62,106dd66448b5829a997792d0a5c3c4aa,Ocean-lake-1a,17.0,Eukaryota,Diatomea,Mediophyceae,Mediophyceae,Mediophyceae,Skeletonema,Unassigned,18S,1a
63,97c80167d81ab1bcc475f5011aee7302,Ocean-lake-1a,52.0,Bacteria,Proteobacteria,Alphaproteobacteria,Unassigned,Unassigned,Unassigned,Unassigned,18S,1a
64,74dbceefa2c6a8c1bcb9d4ef024323b1,Ocean-lake-1a,77.0,Eukaryota,Unassigned,Unassigned,Unassigned,Unassigned,Unassigned,Unassigned,18S,1a
65,10dfa08197cc3eeb69181d7191b61062,Ocean-lake-1a,126.0,Eukaryota,Unassigned,Unassigned,Unassigned,Unassigned,Unassigned,Unassigned,18S,1a
66,2cceb176ef1d14a541f0e36bb0be737e,Ocean-lake-1a,105.0,Eukaryota,Diatomea,Unassigned,Unassigned,Unassigned,Unassigned,Unassigned,18S,1a
67,b1969254ed96d1956cd43c84d256b012,Ocean-lake-1a,69.0,Eukaryota,Unassigned,Unassigned,Unassigned,Unassigned,Unassigned,Unassigned,18S,1a
68,a2ab398bc4486e5662aad6505fc32bc1,Ocean-lake-1a,78.0,Eukaryota,Mollusca,Bivalvia,Veneroida,Veneroida,Veneroida,Unassigned,18S,1a
69,fc352bee8d5438cfcf7361f65e947766,Ocean-lake-1a,52.0,Eukaryota,Unassigned,Unassigned,Unassigned,Unassigned,Unassigned,Unassigned,18S,1a
70,655c6363cc09822c003f9f039444acf4,Ocean-lake-1a,74.0,Eukaryota,Diatomea,Unassigned,Unassigned,Unassigned,Unassigned,Unassigned,18S,1a
71,c0f2ad2aaa1dd19b9fb6df2066de6e21,Ocean-lake-1a,76.0,Bacteria,Unassigned,Unassigned,Unassigned,Unassigned,Unassigned,Unassigned,18S,1a
72,fda1068082ff354437cd05eff0737d98,Ocean-lake-1a,54.0,Eukaryota,Unassigned,Unassigned,Unassigned,Unassigned,Unassigned,Unassigned,18S,1a
73,fd38240ac0edce16a36b0ca85c2500b3,Ocean-lake-1a,34.0,Eukaryota,Unassigned,Unassigned,Unassigned,Unassigned,Unassigned,Unassigned,18S,1a
74,c258c5fc831ea7b6cdc5889222975e7b,Ocean-lake-1a,56.0,Eukaryota,Diatomea,Coscinodiscophytina,Coscinodiscophytina,Rhizosolenids,Leptocylindrus,Unassigned,18S,1a
75,7a9a590dc04a4d3e424012fe5bd69a38,Ocean-lake-1a,59.0,Eukaryota,Unassigned,Unassigned,Unassigned,Unassigned,Unassigned,Unassigned,18S,1a
76,fb2b5c7b73a9527ba27d5373371111af,Ocean-lake-1a,30.0,Bacteria,Proteobacteria,Alphaproteobacteria,Sphingomonadales,Sphingomonadaceae,Sphingomicrobium,Unassigned,18S,1a
77,4099471fc161aedb6e8a58d615b3aa3e,Ocean-lake-1a,41.0,Bacteria,Unassigned,Unassigned,Unassigned,Unassigned,Unassigned,Unassigned,18S,1a
78,de857631ab2dac63814154d360267ee0,Ocean-lake-1a,108.0,Eukaryota,Chlorophyta,Unassigned,Unassigned,Unassigned,Unassigned,Unassigned,18S,1a
79,569e66f3b2c312653a4d21d9c282b914,Ocean-lake-1a,68.0,Eukaryota,Unassigned,Unassigned,Unassigned,Unassigned,Unassigned,Unassigned,18S,1a
80,3d18fd6852d2f7e5cf1b890653d063ac,Ocean-lake-1a,40.0,Eukaryota,Unassigned,Unassigned,Unassigned,Unassigned,Unassigned,Unassigned,18S,1a
81,1f5dbaf16e1106969a9d877e9c5cb0e8,Ocean-lake-1a,65.0,Bacteria,Proteobacteria,Alphaproteobacteria,Rhodobacterales,Rhodobacteraceae,Unassigned,Unassigned,18S,1a
82,81d8f6323d857884747ef007a3f58a5f,Ocean-lake-1a,72.0,Eukaryota,Unassigned,Unassigned,Unassigned,Unassigned,Unassigned,Unassigned,18S,1a
83,66c2907d86580f289003c47c6788d86e,Ocean-lake-1a,77.0,Bacteria,Proteobacteria,Alphaproteobacteria,Rhizobiales,Unassigned,Unassigned,Unassigned,18S,1a
84,10cbcca6ee1f1d2b75277b2be0e9def2,Ocean-lake-1a,28.0,Eukaryota,Unassigned,Unassigned,Unassigned,Unassigned,Unassigned,Unassigned,18S,1a
85,d23f0e6642cd7850a7110a57654b0317,Ocean-lake-1a,95.0,Eukaryota,Unassigned,Unassigned,Unassigned,Unassigned,Unassigned,Unassigned,18S,1a
86,8ae55a787d07219f8cb16baa617917cf,Ocean-lake-1a,44.0,Eukaryota,Ochrophyta,Chrysophyceae,Chromulinales,Chromulinales,Poteriospumella,Unassigned,18S,1a
87,17523eb33b14210399ac1a4ad508cccc,Ocean-lake-1a,49.0,Eukaryota,Unassigned,Unassigned,Unassigned,Unassigned,Unassigned,Unassigned,18S,1a
88,0668198196c342d0ae5dc3a85077408d,Ocean-lake-1a,57.0,Eukaryota,Diatomea,Unassigned,Unassigned,Unassigned,Unassigned,Unassigned,18S,1a
89,5e78fca23b846c2b3dc18cf6f17113f9,Ocean-lake-1a,43.0,Eukaryota,Unassigned,Unassigned,Unassigned,Unassigned,Unassigned,Unassigned,18S,1a
90,ecc74490349bac233a854c5c6e0261f1,Ocean-lake-1a,43.0,Eukaryota,Unassigned,Unassigned,Unassigned,Unassigned,Unassigned,Unassigned,18S,1a
91,f8716943529321e35bc67cb10675dcc9,Ocean-lake-1a,65.0,Eukaryota,Cryptophyceae,Cryptophyceae,Cryptomonadales,Cryptomonadales,Komma,Unassigned,18S,1a
92,26ce79a132def3ececb801584b505abb,Ocean-lake-1a,50.0,Eukaryota,Holozoa,Choanoflagellida,Acanthoecida,Acanthoecidae,Savillea,Unassigned,18S,1a
93,842fb2909f45613af5ce787385eb9f3b,Ocean-lake-1a,14.0,Eukaryota,Unassigned,Unassigned,Unassigned,Unassigned,Unassigned,Unassigned,18S,1a
94,1f566b512cfed67d24839941324159c7,Ocean-lake-1a,15.0,Eukaryota,Unassigned,Unassigned,Unassigned,Unassigned,Unassigned,Unassigned,18S,1a
95,f6987a195833584b7f2425b2e4830676,Ocean-lake-1a,26.0,Eukaryota,Unassigned,Unassigned,Unassigned,Unassigned,Unassigned,Unassigned,18S,1a
96,94d1215ba339547564144cd80067e468,Ocean-lake-1a,38.0,Eukaryota,Unassigned,Unassigned,Unassigned,Unassigned,Unassigned,Unassigned,18S,1a
97,547337c71a60e1fbfbd31253245831ff,Ocean-lake-1a,23.0,Eukaryota,Cercozoa,Imbricatea,Imbricatea,Euglyphida,Paulinella,Unassigned,18S,1a
98,5062e3752762e77d8112b45d5598c76c,Ocean-lake-1a,14.0,Eukaryota,Unassigned,Unassigned,Unassigned,Unassigned,Unassigned,Unassigned,18S,1a
99,dfc3aaf0a998c97dd62d7b5b8f6f8510,Ocean-lake-1a,43.0,Eukaryota,Diatomea,Unassigned,Unassigned,Unassigned,Unassigned,Unassigned,18S,1a
100,22c6f1265eb4d6f1331bd58a4356590b,Ocean-lake-1a,52.0,Bacteria,Planctomycetota,Planctomycetes,Pirellulales,Pirellulaceae,Unassigned,Unassigned,18S,1a
101,b4513436e867b40145adddb506bf0475,Ocean-lake-1a,35.0,Bacteria,Proteobacteria,Gammaproteobacteria,Pseudomonadales,Unassigned,Unassigned,Unassigned,18S,1a
102,6f1a240c08dbec18e9e20c2be8e45281,Ocean-lake-1a,53.0,Eukaryota,Unassigned,Unassigned,Unassigned,Unassigned,Unassigned,Unassigned,18S,1a
103,49c88659b4a6a28d2ca4913177d701b2,Ocean-lake-1a,11.0,Eukaryota,Chlorophyta,Unassigned,Unassigned,Unassigned,Unassigned,Unassigned,18S,1a
104,59912db1c92f121cf8678826462915f2,Ocean-lake-1a,28.0,Eukaryota,Unassigned,Unassigned,Unassigned,Unassigned,Unassigned,Unassigned,18S,1a
105,c943ebe3cdbc12da3c5b3c8e27e06050,Ocean-lake-1a,48.0,Eukaryota,Unassigned,Unassigned,Unassigned,Unassigned,Unassigned,Unassigned,18S,1a
106,14422e48b3be66cd259f3e65af86b9f7,Ocean-lake-1a,38.0,Eukaryota,Unassigned,Unassigned,Unassigned,Unassigned,Unassigned,Unassigned,18S,1a
107,98e5fc523a9c583992082aae01e2814c,Ocean-lake-1a,62.0,Eukaryota,Unassigned,Unassigned,Unassigned,Unassigned,Unassigned,Unassigned,18S,1a
108,6c370324395f892dd3d16f549f18eb03,Ocean-lake-1a,17.0,Eukaryota,Unassigned,Unassigned,Unassigned,Unassigned,Unassigned,Unassigned,18S,1a
109,49ebdc6e2e571e26069d1b0611e1beba,Ocean-lake-1a,19.0,Eukaryota,Unassigned,Unassigned,Unassigned,Unassigned,Unassigned,Unassigned,18S,1a
110,a7d314f54e116d111a46d897b2172cdf,Ocean-lake-1a,22.0,Eukaryota,Unassigned,Unassigned,Unassigned,Unassigned,Unassigned,Unassigned,18S,1a
111,0bd8b0429a3b292ead2258e0829de255,Ocean-lake-1a,31.0,Eukaryota,Unassigned,Unassigned,Unassigned,Unassigned,Unassigned,Unassigned,18S,1a
112,e23bec28a8e7b9a17544c552383b1831,Ocean-lake-1a,31.0,Eukaryota,Diatomea,Unassigned,Unassigned,Unassigned,Unassigned,Unassigned,18S,1a
113,c451ab7ceebdca242bc792f4cf48a507,Ocean-lake-1a,21.0,Eukaryota,Diatomea,Unassigned,Unassigned,Unassigned,Unassigned,Unassigned,18S,1a
114,4132ad58cad208ff63e44cb5de23e06f,Ocean-lake-1a,29.0,Eukaryota,Unassigned,Unassigned,Unassigned,Unassigned,Unassigned,Unassigned,18S,1a
115,734e105a0d4dd6e00ca675a35e01e11f,Ocean-lake-1a,18.0,Eukaryota,Unassigned,Unassigned,Unassigned,Unassigned,Unassigned,Unassigned,18S,1a
116,8b6aeb8def45751002ddc07cad65cb75,Ocean-lake-1a,18.0,Eukaryota,Unassigned,Unassigned,Unassigned,Unassigned,Unassigned,Unassigned,18S,1a
117,cf680c787b06a4d2cdc41206ab4a53c0,Ocean-lake-1a,35.0,Eukaryota,Unassigned,Unassigned,Unassigned,Unassigned,Unassigned,Unassigned,18S,1a
118,2e13907fd2da985464517d7368995556,Ocean-lake-1a,49.0,Eukaryota,Unassigned,Unassigned,Unassigned,Unassigned,Unassigned,Unassigned,18S,1a
119,10211e64ef1e205bf4e74420d9aebcf4,Ocean-lake-1a,34.0,Eukaryota,Unassigned,Unassigned,Unassigned,Unassigned,Unassigned,Unassigned,18S,1a
120,634234e1100e3650e5586adc97fbf896,Ocean-lake-1a,26.0,Bacteria,Proteobacteria,Gammaproteobacteria,Enterobacterales,Unassigned,Unassigned,Unassigned,18S,1a
121,43971dfd1e364bd058f9fb7bb48620bd,Ocean-lake-1a,16.0,Eukaryota,Unassigned,Unassigned,Unassigned,Unassigned,Unassigned,Unassigned,18S,1a
122,09a4ca6ddcab4994b2cab6229ffc438b,Ocean-lake-1a,30.0,Eukaryota,Unassigned,Unassigned,Unassigned,Unassigned,Unassigned,Unassigned,18S,1a
123,d5e412859c3150c7b58ecd82be6ab920,Ocean-lake-1a,21.0,Eukaryota,Unassigned,Unassigned,Unassigned,Unassigned,Unassigned,Unassigned,18S,1a
124,606d80d229e7b28f8fb025414304a9fc,Ocean-lake-1a,25.0,Eukaryota,Chlorophyta,Chlorophyceae,Unassigned,Unassigned,Unassigned,Unassigned,18S,1a
125,84ada7b042a100757c00a0d366191296,Ocean-lake-1a,23.0,Eukaryota,Ochrophyta,Chrysophyceae,Unassigned,Unassigned,Unassigned,Unassigned,18S,1a
126,e7ef54a1a9415f3d88fa430107d1cd63,Ocean-lake-1a,38.0,Eukaryota,Unassigned,Unassigned,Unassigned,Unassigned,Unassigned,Unassigned,18S,1a
127,f3d593a7a2eb196ab0c5c9ff80808566,Ocean-lake-1a,30.0,Bacteria,Proteobacteria,Alphaproteobacteria,Unassigned,Unassigned,Unassigned,Unassigned,18S,1a
128,7961e4b9a6e837222a77346ccbbccec2,Ocean-lake-1a,21.0,Eukaryota,Unassigned,Unassigned,Unassigned,Unassigned,Unassigned,Unassigned,18S,1a
129,d03d25a5f2ff32f211d164b0ec9e7204,Ocean-lake-1a,24.0,Eukaryota,Unassigned,Unassigned,Unassigned,Unassigned,Unassigned,Unassigned,18S,1a
130,aae983c32c636aa9ecb82af87e7cfcc6,Ocean-lake-1a,8.0,Eukaryota,Unassigned,Unassigned,Unassigned,Unassigned,Unassigned,Unassigned,18S,1a
131,2a12208dc448727ec7cde0f6cdf587c7,Ocean-lake-1a,28.0,Eukaryota,Unassigned,Unassigned,Unassigned,Unassigned,Unassigned,Unassigned,18S,1a
132,df10cc4250c9dd5b011683b5eb36b68f,Ocean-lake-1a,21.0,Eukaryota,Unassigned,Unassigned,Unassigned,Unassigned,Unassigned,Unassigned,18S,1a
133,e224e58ee0efdfe2e4f4475b12cd662e,Ocean-lake-1a,15.0,Eukaryota,Unassigned,Unassigned,Unassigned,Unassigned,Unassigned,Unassigned,18S,1a
134,7d14b86a8712a3eea57669e4db769535,Ocean-lake-1a,16.0,Eukaryota,Unassigned,Unassigned,Unassigned,Unassigned,Unassigned,Unassigned,18S,1a
135,fe9cfbf1f440c2e1d866c8a71d75294d,Ocean-lake-1a,17.0,Eukaryota,Unassigned,Unassigned,Unassigned,Unassigned,Unassigned,Unassigned,18S,1a
136,168c6412c74239f42b509db0d4f48179,Ocean-lake-1a,12.0,Eukaryota,Unassigned,Unassigned,Unassigned,Unassigned,Unassigned,Unassigned,18S,1a
137,2c2ee6618dfbd757b4f2a8b04e1b6fcf,Ocean-lake-1a,18.0,Eukaryota,Unassigned,Unassigned,Unassigned,Unassigned,Unassigned,Unassigned,18S,1a
138,53c18b0aaf423d08299b042f3c536fcb,Ocean-lake-1a,15.0,Eukaryota,Ochrophyta,Eustigmatophyceae,Eustigmatales,Eustigmatales,uncultured,Unassigned,18S,1a
139,3e98f259c6ebd3bc2969b1ddf4bf8aff,Ocean-lake-1a,33.0,Eukaryota,Euglenozoa,Euglenida,Euglenophyceae,Euglenaceae,Euglena,Unassigned,18S,1a
140,aab7e62a362b20397047dd5d942c5331,Ocean-lake-1a,16.0,Eukaryota,Unassigned,Unassigned,Unassigned,Unassigned,Unassigned,Unassigned,18S,1a
141,5c9fa1b11ffff450b937a54fc3c4bf48,Ocean-lake-1a,14.0,Eukaryota,Euglenozoa,Kinetoplastea,Unassigned,Unassigned,Unassigned,Unassigned,18S,1a
142,777a9c1f80b7b889e0d1206c6d07635b,Ocean-lake-1a,15.0,Bacteria,Proteobacteria,Alphaproteobacteria,Unassigned,Unassigned,Unassigned,Unassigned,18S,1a
143,bce39c483796bd5d13851170c7eedebf,Ocean-lake-1a,8.0,Eukaryota,Unassigned,Unassigned,Unassigned,Unassigned,Unassigned,Unassigned,18S,1a
144,76202a8cd87cd41d08ae65b2cd37c79a,Ocean-lake-1a,6.0,Eukaryota,Dinoflagellata,Dinophyceae,Unassigned,Unassigned,Unassigned,Unassigned,18S,1a
145,e9f4efeffdaa5985b9cb23c8492171b5,Ocean-lake-1a,37.0,Eukaryota,Chlorophyta,Chlorophyceae,Unassigned,Unassigned,Unassigned,Unassigned,18S,1a
146,0fe930bd32fd2259184712271edfdfe0,Ocean-lake-1a,11.0,Eukaryota,Unassigned,Unassigned,Unassigned,Unassigned,Unassigned,Unassigned,18S,1a
147,b56dc08388883611aa5be7306b35171f,Ocean-lake-1a,30.0,Eukaryota,Unassigned,Unassigned,Unassigned,Unassigned,Unassigned,Unassigned,18S,1a
148,86d879f5984d156c086f254b403ec010,Ocean-lake-1a,19.0,Eukaryota,Unassigned,Unassigned,Unassigned,Unassigned,Unassigned,Unassigned,18S,1a
149,aee9a58be016f0ff7c02d6fe7cecf07c,Ocean-lake-1a,26.0,Eukaryota,Chlorophyta,Chlorophyceae,Unassigned,Unassigned,Unassigned,Unassigned,18S,1a
150,303fadfd2b4072262b67769fadfd00e2,Ocean-lake-1a,9.0,Eukaryota,Unassigned,Unassigned,Unassigned,Unassigned,Unassigned,Unassigned,18S,1a
151,fee21e7caeca49b5c0b690d31280e5aa,Ocean-lake-1a,13.0,Eukaryota,Unassigned,Unassigned,Unassigned,Unassigned,Unassigned,Unassigned,18S,1a
152,bfa54a137d4cee7f5250b325378f1e8a,Ocean-lake-1a,30.0,Eukaryota,Unassigned,Unassigned,Unassigned,Unassigned,Unassigned,Unassigned,18S,1a
153,c9f2826d9f8bb2285090de958740db9f,Ocean-lake-1a,29.0,Eukaryota,Unassigned,Unassigned,Unassigned,Unassigned,Unassigned,Unassigned,18S,1a
154,0fe09d7b8393049c4721939822c3b285,Ocean-lake-1a,21.0,Eukaryota,Unassigned,Unassigned,Unassigned,Unassigned,Unassigned,Unassigned,18S,1a
155,23bd22191073d9689eb32b1f8f8ce1ad,Ocean-lake-1a,7.0,Eukaryota,Ciliophora,Intramacronucleata,Spirotrichea,Choreotrichia,Tintinnidium,Unassigned,18S,1a
156,9e70ddace0d7b13344829818912df3a8,Ocean-lake-1a,7.0,Unassigned,Unassigned,Unassigned,Unassigned,Unassigned,Unassigned,Unassigned,18S,1a
157,210be746dd9ad44fea1a6008d2748957,Ocean-lake-1a,23.0,Bacteria,Unassigned,Unassigned,Unassigned,Unassigned,Unassigned,Unassigned,18S,1a
158,3e7c5e8568a3fbbfd325d15ec695ecb6,Ocean-lake-1a,18.0,Bacteria,Proteobacteria,Alphaproteobacteria,Unassigned,Unassigned,Unassigned,Unassigned,18S,1a
159,e4801837b127a3810337d48ecd77eb00,Ocean-lake-1a,15.0,Eukaryota,Unassigned,Unassigned,Unassigned,Unassigned,Unassigned,Unassigned,18S,1a
160,a14a000e60f3f29fe436dea1895b0551,Ocean-lake-1a,13.0,Eukaryota,Unassigned,Unassigned,Unassigned,Unassigned,Unassigned,Unassigned,18S,1a
161,c5ccc792f4d304e2a5c6131a0540bbea,Ocean-lake-1a,19.0,Eukaryota,Cryptophyceae,Cryptophyceae,Cryptomonadales,Cryptomonadales,Unassigned,Unassigned,18S,1a
162,cc286ddc5b93b1d8fe32d0790bf27a70,Ocean-lake-1a,11.0,Eukaryota,Unassigned,Unassigned,Unassigned,Unassigned,Unassigned,Unassigned,18S,1a
163,b98d5b4982fa6732f9676b2e06854c88,Ocean-lake-1a,4.0,Eukaryota,Unassigned,Unassigned,Unassigned,Unassigned,Unassigned,Unassigned,18S,1a
164,404121735b1401cd20f665e51379bba7,Ocean-lake-1a,21.0,Bacteria,Verrucomicrobiota,Verrucomicrobiae,Opitutales,Opitutaceae,Unassigned,Unassigned,18S,1a
165,137b0aced186c4c53af41e0846308146,Ocean-lake-1a,13.0,Bacteria,Proteobacteria,Gammaproteobacteria,Unassigned,Unassigned,Unassigned,Unassigned,18S,1a
166,57ac77cef5ab072b072d69eda7f7e3ae,Ocean-lake-1a,12.0,Eukaryota,Unassigned,Unassigned,Unassigned,Unassigned,Unassigned,Unassigned,18S,1a
167,25d8157b240c81832b83e57a176e29c2,Ocean-lake-1a,12.0,Eukaryota,Unassigned,Unassigned,Unassigned,Unassigned,Unassigned,Unassigned,18S,1a
168,88949ceaebc201e0820d9cc2b76c79af,Ocean-lake-1a,24.0,Eukaryota,Euglenozoa,Euglenida,Heteronematina,Heteronematina,Petalomonas,Unassigned,18S,1a
169,04246a4240fee23bc17b29aaa5365b82,Ocean-lake-1a,19.0,Eukaryota,Unassigned,Unassigned,Unassigned,Unassigned,Unassigned,Unassigned,18S,1a
170,4582526bea5a23af8d83117da68d5739,Ocean-lake-1a,15.0,Bacteria,Proteobacteria,Gammaproteobacteria,Unassigned,Unassigned,Unassigned,Unassigned,18S,1a
171,81296e17895413d20120dd12295d12ea,Ocean-lake-1a,10.0,Eukaryota,Unassigned,Unassigned,Unassigned,Unassigned,Unassigned,Unassigned,18S,1a
172,3d8a6a1682334a14af844118a5435458,Ocean-lake-1a,15.0,Bacteria,Proteobacteria,Alphaproteobacteria,Unassigned,Unassigned,Unassigned,Unassigned,18S,1a
173,8d85c3e6f54c17b6d85653ed89b90452,Ocean-lake-1a,15.0,Eukaryota,Euglenozoa,Euglenida,Heteronematina,Heteronematina,Petalomonas,Unassigned,18S,1a
174,1a3beb53fbf9e5bc81d01787603afca0,Ocean-lake-1a,34.0,Eukaryota,Ascomycota,Unassigned,Unassigned,Unassigned,Unassigned,Unassigned,18S,1a
175,aff6f6b46eef0ddf22a66c97526aff06,Ocean-lake-1a,16.0,Bacteria,Planctomycetota,Planctomycetes,Unassigned,Unassigned,Unassigned,Unassigned,18S,1a
176,e415e528de0202f6046bdad6117221f1,Ocean-lake-1a,26.0,Eukaryota,Unassigned,Unassigned,Unassigned,Unassigned,Unassigned,Unassigned,18S,1a
177,4ddd84bbc642fce6d3ed62506f6ad655,Ocean-lake-1a,9.0,Eukaryota,Unassigned,Unassigned,Unassigned,Unassigned,Unassigned,Unassigned,18S,1a
178,c9634063dc37c16f31d5668e017a84a3,Ocean-lake-1a,16.0,Eukaryota,Unassigned,Unassigned,Unassigned,Unassigned,Unassigned,Unassigned,18S,1a
179,579b2d1db4e1651166c7fd50890a3977,Ocean-lake-1a,21.0,Eukaryota,Unassigned,Unassigned,Unassigned,Unassigned,Unassigned,Unassigned,18S,1a
180,b24a00210f491976e3d47c1ff93fbfeb,Ocean-lake-1a,14.0,Eukaryota,Unassigned,Unassigned,Unassigned,Unassigned,Unassigned,Unassigned,18S,1a
181,c1b9c091bbe877ff0183b6dca089222d,Ocean-lake-1a,13.0,Eukaryota,Unassigned,Unassigned,Unassigned,Unassigned,Unassigned,Unassigned,18S,1a
182,4ff062db23f01674eddd7c1828099d60,Ocean-lake-1a,20.0,Eukaryota,Unassigned,Unassigned,Unassigned,Unassigned,Unassigned,Unassigned,18S,1a
183,2caa63935097268162e216d72b9b820b,Ocean-lake-1a,9.0,Eukaryota,Unassigned,Unassigned,Unassigned,Unassigned,Unassigned,Unassigned,18S,1a
184,9fdf77d849eab1a1c9b4ca0ac656ae33,Ocean-lake-1a,4.0,Eukaryota,Unassigned,Unassigned,Unassigned,Unassigned,Unassigned,Unassigned,18S,1a
185,c381bf315de46f7323df491f3023fce5,Ocean-lake-1a,18.0,Eukaryota,MAST-12,MAST-12C,MAST-12C,MAST-12C,MAST-12C,Unassigned,18S,1a
186,76eaa7abad91c6a6847360089f622ad2,Ocean-lake-1a,24.0,Eukaryota,Unassigned,Unassigned,Unassigned,Unassigned,Unassigned,Unassigned,18S,1a
187,965dec0743ce144d7a2e73102393d756,Ocean-lake-1a,21.0,Bacteria,Proteobacteria,Alphaproteobacteria,Unassigned,Unassigned,Unassigned,Unassigned,18S,1a
188,8b60e7bea401fbdcb41784453d372389,Ocean-lake-1a,4.0,Eukaryota,Unassigned,Unassigned,Unassigned,Unassigned,Unassigned,Unassigned,18S,1a
189,9a81874c824eca59a6dfee867d4962a0,Ocean-lake-1a,13.0,Eukaryota,Unassigned,Unassigned,Unassigned,Unassigned,Unassigned,Unassigned,18S,1a
190,48488edab771d5e2c54f8f922dcdde66,Ocean-lake-1a,14.0,Bacteria,Proteobacteria,Gammaproteobacteria,Unassigned,Unassigned,Unassigned,Unassigned,18S,1a
191,68ca3cd376be473a285625e4a3ef2f7b,Ocean-lake-1a,10.0,Eukaryota,Chlorophyta,Chlorophyceae,Sphaeropleales,Sphaeropleales,Neodesmus,Unassigned,18S,1a
192,40dbf9288e4e4ea80f1f5e0a9fa0f6bf,Ocean-lake-1a,4.0,Eukaryota,Unassigned,Unassigned,Unassigned,Unassigned,Unassigned,Unassigned,18S,1a
193,e1fd1121f86ed82fa667684359a0c660,Ocean-lake-1a,10.0,Eukaryota,Unassigned,Unassigned,Unassigned,Unassigned,Unassigned,Unassigned,18S,1a
194,efb84c7e69424b6f8786bc1ff9faf6ae,Ocean-lake-1a,7.0,Bacteria,Proteobacteria,Gammaproteobacteria,Unassigned,Unassigned,Unassigned,Unassigned,18S,1a
195,341eb6826121c6f5b8ebdcfb9ea60b21,Ocean-lake-1a,4.0,Eukaryota,Unassigned,Unassigned,Unassigned,Unassigned,Unassigned,Unassigned,18S,1a
196,71aa09468a6f56d31dcfa3611c6409a3,Ocean-lake-1a,11.0,Eukaryota,Unassigned,Unassigned,Unassigned,Unassigned,Unassigned,Unassigned,18S,1a
197,ba94102e26cec783ca79dabe67d2efa2,Ocean-lake-1a,17.0,Eukaryota,Unassigned,Unassigned,Unassigned,Unassigned,Unassigned,Unassigned,18S,1a
198,b2cb757812fc945ec91b02f7c975739c,Ocean-lake-1a,15.0,Eukaryota,Unassigned,Unassigned,Unassigned,Unassigned,Unassigned,Unassigned,18S,1a
199,e7e3065c88f6887640e4c29be03f4c3a,Ocean-lake-1a,9.0,Bacteria,Unassigned,Unassigned,Unassigned,Unassigned,Unassigned,Unassigned,18S,1a
200,86960d9f47b69e3a5b4f77f8632ab77f,Ocean-lake-1a,9.0,Eukaryota,Peronosporomycetes,Peronosporomycetes,Peronosporomycetes,Peronosporomycetes,Unassigned,Unassigned,18S,1a
201,25c52ac2b8494ec6e33973ad62da6c78,Ocean-lake-1a,5.0,Eukaryota,Unassigned,Unassigned,Unassigned,Unassigned,Unassigned,Unassigned,18S,1a
202,457fce5e98150ce4cde3ff14584513a9,Ocean-lake-1a,11.0,Eukaryota,Unassigned,Unassigned,Unassigned,Unassigned,Unassigned,Unassigned,18S,1a
203,6ed64c0bd2f6934403e2f28c72b11591,Ocean-lake-1a,5.0,Eukaryota,Unassigned,Unassigned,Unassigned,Unassigned,Unassigned,Unassigned,18S,1a
204,b089bc8f08c7e87633a1aa1f8d59b3cc,Ocean-lake-1a,10.0,Eukaryota,Unassigned,Unassigned,Unassigned,Unassigned,Unassigned,Unassigned,18S,1a
205,aea5d93e6e6b77a209f0365d7ea01fc4,Ocean-lake-1a,9.0,Bacteria,Unassigned,Unassigned,Unassigned,Unassigned,Unassigned,Unassigned,18S,1a
206,ed58b4c7018fdad7db2d6c8100a01e2a,Ocean-lake-1a,5.0,Eukaryota,Unassigned,Unassigned,Unassigned,Unassigned,Unassigned,Unassigned,18S,1a
207,a6505e63ee78341349119353752c8d93,Ocean-lake-1a,8.0,Bacteria,Proteobacteria,Alphaproteobacteria,Unassigned,Unassigned,Unassigned,Unassigned,18S,1a
208,309c3557860ac913dffefb59bceeb5c6,Ocean-lake-1a,3.0,Eukaryota,Unassigned,Unassigned,Unassigned,Unassigned,Unassigned,Unassigned,18S,1a
209,0d4a6e9661c2e3692699336e1c9c1350,Ocean-lake-1a,10.0,Eukaryota,Unassigned,Unassigned,Unassigned,Unassigned,Unassigned,Unassigned,18S,1a
210,2c0c9f5e2b80aafb387099bc27e71ab9,Ocean-lake-1a,8.0,Eukaryota,Ascomycota,Saccharomycetes,Saccharomycetales,Pichiaceae,Saturnispora,Unassigned,18S,1a
211,567e16fc439773b64e6525b968fba41a,Ocean-lake-1a,6.0,Eukaryota,Unassigned,Unassigned,Unassigned,Unassigned,Unassigned,Unassigned,18S,1a
212,ab28ff24e42e0ab70926bedf6dbdc1e8,Ocean-lake-1a,24.0,Eukaryota,Unassigned,Unassigned,Unassigned,Unassigned,Unassigned,Unassigned,18S,1a
213,bb5c8455ae923b4fdcb0209f3c7588ad,Ocean-lake-1a,8.0,Eukaryota,Unassigned,Unassigned,Unassigned,Unassigned,Unassigned,Unassigned,18S,1a
214,12f4ced0516afc95b84b55c5ab86454a,Ocean-lake-1a,3.0,Eukaryota,Unassigned,Unassigned,Unassigned,Unassigned,Unassigned,Unassigned,18S,1a
215,0d87dedc27971bcac15a8e4c4ab2bde0,Ocean-lake-1a,21.0,Bacteria,Verrucomicrobiota,Verrucomicrobiae,Pedosphaerales,Pedosphaeraceae,Unassigned,Unassigned,18S,1a
216,a932c5faf6c2b005547ff90ddbff5f97,Ocean-lake-1a,21.0,Bacteria,Myxococcota,Polyangia,Haliangiales,Haliangiaceae,Haliangium,Unassigned,18S,1a
217,58b4d2f1a823d83214186c0429106d68,Ocean-lake-1a,12.0,Eukaryota,Chlorophyta,Unassigned,Unassigned,Unassigned,Unassigned,Unassigned,18S,1a
218,b4661b39d02982c74c58287bb7815ab6,Ocean-lake-1a,11.0,Eukaryota,Unassigned,Unassigned,Unassigned,Unassigned,Unassigned,Unassigned,18S,1a
219,36d641b5aab68b1f6fe3799a7ae2d336,Ocean-lake-1a,9.0,Eukaryota,Unassigned,Unassigned,Unassigned,Unassigned,Unassigned,Unassigned,18S,1a
220,1f9ddc9d630dde1ad5262af60d766bdb,Ocean-lake-1a,13.0,Eukaryota,Peronosporomycetes,Peronosporomycetes,Peronosporomycetes,Peronosporomycetes,Unassigned,Unassigned,18S,1a
221,cce3af9fa859e18a60a3f60e02254bff,Ocean-lake-1a,9.0,Eukaryota,Unassigned,Unassigned,Unassigned,Unassigned,Unassigned,Unassigned,18S,1a
222,3078c86413da5902557d7b4b2d8e2cd5,Ocean-lake-1a,8.0,Eukaryota,Annelida,Polychaeta,Spionida,Spionida,Spionida,Unassigned,18S,1a
223,8b1cd1ebfb048fca502855529b7432bf,Ocean-lake-1a,7.0,Eukaryota,Euglenozoa,Kinetoplastea,Incertae_Sedis,Incertae_Sedis,Hemistasia,Unassigned,18S,1a
224,2460c4256324a242aaa833c22e901224,Ocean-lake-1a,7.0,Bacteria,Bdellovibrionota,Oligoflexia,0319-6G20,0319-6G20,0319-6G20,Unassigned,18S,1a
225,323de5979fb13d2ef293e3bea9f90933,Ocean-lake-1a,6.0,Eukaryota,Unassigned,Unassigned,Unassigned,Unassigned,Unassigned,Unassigned,18S,1a
226,ad6bf673ad65fa3fe9b35d1980f56eb5,Ocean-lake-1a,13.0,Eukaryota,Unassigned,Unassigned,Unassigned,Unassigned,Unassigned,Unassigned,18S,1a
227,346ae7df7bd4dda56cc7847ff1695c1c,Ocean-lake-1a,8.0,Bacteria,Proteobacteria,Alphaproteobacteria,Unassigned,Unassigned,Unassigned,Unassigned,18S,1a
228,4a5924f0a504e89851dd5330cd9a3aa2,Ocean-lake-1a,18.0,Eukaryota,Unassigned,Unassigned,Unassigned,Unassigned,Unassigned,Unassigned,18S,1a
229,97283ea4dbce349a2b8a902f71e62465,Ocean-lake-1a,10.0,Eukaryota,Unassigned,Unassigned,Unassigned,Unassigned,Unassigned,Unassigned,18S,1a
230,78878d8d3249408aa9b44e3fe05be35c,Ocean-lake-1a,9.0,Eukaryota,Unassigned,Unassigned,Unassigned,Unassigned,Unassigned,Unassigned,18S,1a
231,04e4f76c6e7e1298fe03db33e00d32e1,Ocean-lake-1a,8.0,Eukaryota,Unassigned,Unassigned,Unassigned,Unassigned,Unassigned,Unassigned,18S,1a
232,86840f6d7b2324bf929b26657cf2ee70,Ocean-lake-1a,8.0,Eukaryota,Unassigned,Unassigned,Unassigned,Unassigned,Unassigned,Unassigned,18S,1a
233,a4919a121e9f4888661e30c932aeac1a,Ocean-lake-1a,4.0,Eukaryota,Unassigned,Unassigned,Unassigned,Unassigned,Unassigned,Unassigned,18S,1a
234,8b402d2b9d4a3d1b73430fe4db8fb45b,Ocean-lake-1a,3.0,Eukaryota,Unassigned,Unassigned,Unassigned,Unassigned,Unassigned,Unassigned,18S,1a
235,22ddc6d73560cb76b85bc70276dbb2b0,Ocean-lake-1a,17.0,Eukaryota,Unassigned,Unassigned,Unassigned,Unassigned,Unassigned,Unassigned,18S,1a
236,a00072bbebaa4b4bc53f969446d472a9,Ocean-lake-1a,11.0,Eukaryota,Basidiomycota,Agaricomycetes,Unassigned,Unassigned,Unassigned,Unassigned,18S,1a
237,fc3c0ec60cd6f0d8d2303d18a6373358,Ocean-lake-1a,8.0,Eukaryota,Cercozoa,Imbricatea,Imbricatea,Euglyphida,Euglypha,Unassigned,18S,1a
238,a10651f6cce7a8c1284e72e1e5402840,Ocean-lake-1a,8.0,Eukaryota,Unassigned,Unassigned,Unassigned,Unassigned,Unassigned,Unassigned,18S,1a
239,49918bbee6c9eee37f75fe83655ea42e,Ocean-lake-1a,8.0,Bacteria,Proteobacteria,Alphaproteobacteria,Unassigned,Unassigned,Unassigned,Unassigned,18S,1a
240,9f9c3d2804bfe7f78e81d87e8d031f25,Ocean-lake-1a,8.0,Bacteria,Unassigned,Unassigned,Unassigned,Unassigned,Unassigned,Unassigned,18S,1a
241,4de7ab7498650fe92105f46283b440ec,Ocean-lake-1a,6.0,Eukaryota,Unassigned,Unassigned,Unassigned,Unassigned,Unassigned,Unassigned,18S,1a
242,843c763e1fd6ea14a8243296ee3cffdb,Ocean-lake-1a,5.0,Eukaryota,Unassigned,Unassigned,Unassigned,Unassigned,Unassigned,Unassigned,18S,1a
243,441f58faa08c1f836b551c2c3b080aba,Ocean-lake-1a,4.0,Eukaryota,Unassigned,Unassigned,Unassigned,Unassigned,Unassigned,Unassigned,18S,1a
244,d48d9f7569a7e09e56c42b81c67920ba,Ocean-lake-1a,3.0,Eukaryota,Unassigned,Unassigned,Unassigned,Unassigned,Unassigned,Unassigned,18S,1a
245,6c7e9131512bacfb86eaad0ac271be61,Ocean-lake-1a,9.0,Eukaryota,Unassigned,Unassigned,Unassigned,Unassigned,Unassigned,Unassigned,18S,1a
246,da39fdb380a06dee80c1484534be8034,Ocean-lake-1a,8.0,Eukaryota,Unassigned,Unassigned,Unassigned,Unassigned,Unassigned,Unassigned,18S,1a
247,49910a48afa583980485a199907d1604,Ocean-lake-1a,13.0,Eukaryota,Unassigned,Unassigned,Unassigned,Unassigned,Unassigned,Unassigned,18S,1a
248,ee38ae54d07e5a29e9e4609ff6acc493,Ocean-lake-1a,9.0,Eukaryota,Unassigned,Unassigned,Unassigned,Unassigned,Unassigned,Unassigned,18S,1a
249,3a61ea590b546074cc32264499eb2376,Ocean-lake-1a,5.0,Eukaryota,Unassigned,Unassigned,Unassigned,Unassigned,Unassigned,Unassigned,18S,1a
250,5715bab5815be76e487c4236d6c2ceaa,Ocean-lake-1a,5.0,Eukaryota,Unassigned,Unassigned,Unassigned,Unassigned,Unassigned,Unassigned,18S,1a
251,c8b8617487179cefdab1ae01b46b2d5d,Ocean-lake-1a,12.0,Eukaryota,Diatomea,Unassigned,Unassigned,Unassigned,Unassigned,Unassigned,18S,1a
252,739165a50e0d11c9f56cd87985ef780f,Ocean-lake-1a,6.0,Eukaryota,Unassigned,Unassigned,Unassigned,Unassigned,Unassigned,Unassigned,18S,1a
253,71edfd3d7068efb045d38324496c3556,Ocean-lake-1a,5.0,Eukaryota,Unassigned,Unassigned,Unassigned,Unassigned,Unassigned,Unassigned,18S,1a
254,e6dc9973e17a6a5e1a208471bdeb79a8,Ocean-lake-1a,11.0,Eukaryota,Unassigned,Unassigned,Unassigned,Unassigned,Unassigned,Unassigned,18S,1a
255,d45fa0887b84c1c33fbce9623d54f189,Ocean-lake-1a,11.0,Eukaryota,Unassigned,Unassigned,Unassigned,Unassigned,Unassigned,Unassigned,18S,1a
256,c87d7cbb0306131f9def69fa62526083,Ocean-lake-1a,6.0,Eukaryota,Euglenozoa,Diplonemea,Diplonemea,Diplonemea,Unassigned,Unassigned,18S,1a
257,f4b93624c0e77546d372926f86d8bcec,Ocean-lake-1a,5.0,Eukaryota,Arthropoda,Insecta,Odonata,Odonata,Odonata,Unassigned,18S,1a
258,cdbc2c0b8de3703ae4029ca9d5c8766f,Ocean-lake-1a,10.0,Eukaryota,Euglenozoa,Euglenida,Heteronematina,Heteronematina,Petalomonas,Unassigned,18S,1a
259,7d1da3fe877b5a3bb1561266e5c6b2c9,Ocean-lake-1a,10.0,Eukaryota,Ascomycota,Unassigned,Unassigned,Unassigned,Unassigned,Unassigned,18S,1a
260,dea84fd7af6b699872da5c2430f8b096,Ocean-lake-1a,10.0,Eukaryota,Unassigned,Unassigned,Unassigned,Unassigned,Unassigned,Unassigned,18S,1a
261,ea9ad04cb64f4d371cca75e539b9780f,Ocean-lake-1a,5.0,Eukaryota,Unassigned,Unassigned,Unassigned,Unassigned,Unassigned,Unassigned,18S,1a
262,5cefa803981c863d49b51f7474a6c1de,Ocean-lake-1a,3.0,Eukaryota,Unassigned,Unassigned,Unassigned,Unassigned,Unassigned,Unassigned,18S,1a
263,3f7f3adb7282e64be1a4ee54642316d2,Ocean-lake-1a,9.0,Eukaryota,Unassigned,Unassigned,Unassigned,Unassigned,Unassigned,Unassigned,18S,1a
264,3d6aaba1aaca1f2bc234a2050fc003ab,Ocean-lake-1a,5.0,Eukaryota,Unassigned,Unassigned,Unassigned,Unassigned,Unassigned,Unassigned,18S,1a
265,58cdc6f1f5fab685dc0beecb18507f97,Ocean-lake-1a,5.0,Eukaryota,Ciliophora,Intramacronucleata,Litostomatea,Mesodiniidae,Mesodiniidae,Unassigned,18S,1a
266,868b29428283087f42eb13233a3dfa5e,Ocean-lake-1a,4.0,Eukaryota,Unassigned,Unassigned,Unassigned,Unassigned,Unassigned,Unassigned,18S,1a
267,03cc238e99575093421d5ff958c1a63e,Ocean-lake-1a,8.0,Eukaryota,Unassigned,Unassigned,Unassigned,Unassigned,Unassigned,Unassigned,18S,1a
268,8fe440267b0396a0f174d4d68b0e1b1b,Ocean-lake-1a,8.0,Eukaryota,Unassigned,Unassigned,Unassigned,Unassigned,Unassigned,Unassigned,18S,1a
269,c0af274b6839f3ac3607b06f3f1b7c80,Ocean-lake-1a,8.0,Eukaryota,Amoebozoa,Tubulinea,Leptomyxida,Leptomyxida,Unassigned,Unassigned,18S,1a
270,cdd913b7be6d092f78fb2ae05f91ad35,Ocean-lake-1a,8.0,Eukaryota,Unassigned,Unassigned,Unassigned,Unassigned,Unassigned,Unassigned,18S,1a
271,3daab0d2fd5320d6810992eb535d678d,Ocean-lake-1a,7.0,Eukaryota,Unassigned,Unassigned,Unassigned,Unassigned,Unassigned,Unassigned,18S,1a
272,3be7f23a43d40c48f59342b16b02126c,Ocean-lake-1a,7.0,Eukaryota,Unassigned,Unassigned,Unassigned,Unassigned,Unassigned,Unassigned,18S,1a
273,79034792bcfd5362a1048bbd856b9b01,Ocean-lake-1a,7.0,Eukaryota,Unassigned,Unassigned,Unassigned,Unassigned,Unassigned,Unassigned,18S,1a
274,54803f8420e630b88484bb9ebf74331d,Ocean-lake-1a,7.0,Eukaryota,Unassigned,Unassigned,Unassigned,Unassigned,Unassigned,Unassigned,18S,1a
275,7cbe5e9e561e933742b7d7c5ce26b225,Ocean-lake-1a,7.0,Eukaryota,Unassigned,Unassigned,Unassigned,Unassigned,Unassigned,Unassigned,18S,1a
276,3647009dfc69735f05050c28257084b4,Ocean-lake-1a,7.0,Eukaryota,Unassigned,Unassigned,Unassigned,Unassigned,Unassigned,Unassigned,18S,1a
277,75df76630916bf4afd4d04f56999e7dc,Ocean-lake-1a,7.0,Bacteria,Unassigned,Unassigned,Unassigned,Unassigned,Unassigned,Unassigned,18S,1a
278,3aa4e8518daec3adfe55126db65d9169,Ocean-lake-1a,7.0,Eukaryota,Amoebozoa,Tubulinea,Euamoebida,Euamoebida,Euamoebida,Unassigned,18S,1a
279,811fdb3c091f925d69f855ac187f9311,Ocean-lake-1a,7.0,Eukaryota,Unassigned,Unassigned,Unassigned,Unassigned,Unassigned,Unassigned,18S,1a
280,98ce9a604ed67719423d791c92e19413,Ocean-lake-1a,6.0,Eukaryota,Peronosporomycetes,Peronosporomycetes,Peronosporomycetes,Peronosporomycetes,Atkinsiella,Unassigned,18S,1a
281,9b98a84d0d4d18265fe5df8d24ccbc86,Ocean-lake-1a,6.0,Eukaryota,Unassigned,Unassigned,Unassigned,Unassigned,Unassigned,Unassigned,18S,1a
282,616ab7888d60eeb96f1364b022b85fb3,Ocean-lake-1a,6.0,Eukaryota,Unassigned,Unassigned,Unassigned,Unassigned,Unassigned,Unassigned,18S,1a
283,ee2051d1d85fa679aee96205b7c001b4,Ocean-lake-1a,6.0,Eukaryota,Ciliophora,Intramacronucleata,Spirotrichea,Hypotrichia,Unassigned,Unassigned,18S,1a
284,d2fcb090b4a03f812e429c7e46c5e29c,Ocean-lake-1a,6.0,Eukaryota,Chlorophyta,Chlorophyceae,Unassigned,Unassigned,Unassigned,Unassigned,18S,1a
285,8a16e0a70087373563467fdf521cb846,Ocean-lake-1a,6.0,Eukaryota,Chlorophyta,Chlorophyceae,Unassigned,Unassigned,Unassigned,Unassigned,18S,1a
286,4c366b13379aa5ade0a1129fb6cb07f7,Ocean-lake-1a,6.0,Bacteria,Unassigned,Unassigned,Unassigned,Unassigned,Unassigned,Unassigned,18S,1a
287,8197c949031328ffc14b623a970177c9,Ocean-lake-1a,5.0,Eukaryota,Unassigned,Unassigned,Unassigned,Unassigned,Unassigned,Unassigned,18S,1a
288,c5bd373a6adf44e0a044abf90ee5c698,Ocean-lake-1a,5.0,Eukaryota,Unassigned,Unassigned,Unassigned,Unassigned,Unassigned,Unassigned,18S,1a
289,5a2bbefe161cd3375c88b6c69b6b4dbf,Ocean-lake-1a,5.0,Eukaryota,Unassigned,Unassigned,Unassigned,Unassigned,Unassigned,Unassigned,18S,1a
290,a4db64fefa271eb2202add0b6bd9b558,Ocean-lake-1a,5.0,Eukaryota,Unassigned,Unassigned,Unassigned,Unassigned,Unassigned,Unassigned,18S,1a
291,5d87030e0c1817f1d1c554c0df75a528,Ocean-lake-1a,5.0,Eukaryota,Unassigned,Unassigned,Unassigned,Unassigned,Unassigned,Unassigned,18S,1a
292,4df971181c5fb7d44df2b73aa86e85ae,Ocean-lake-1a,5.0,Eukaryota,Unassigned,Unassigned,Unassigned,Unassigned,Unassigned,Unassigned,18S,1a
293,3e57587cb8f5e78cc2fbe899ab26e024,Ocean-lake-1a,5.0,Bacteria,Gemmatimonadota,BD2-11_terrestrial_group,BD2-11_terrestrial_group,BD2-11_terrestrial_group,BD2-11_terrestrial_group,Unassigned,18S,1a
294,704b76ebee0bcd1b0a671e67d61620ae,Ocean-lake-1a,5.0,Eukaryota,Unassigned,Unassigned,Unassigned,Unassigned,Unassigned,Unassigned,18S,1a
295,dc2ead6da9f0254916b2157510054897,Ocean-lake-1a,5.0,Eukaryota,Unassigned,Unassigned,Unassigned,Unassigned,Unassigned,Unassigned,18S,1a
296,c701ebc3e0592f1d93c7a4d1bb012c86,Ocean-lake-1a,5.0,Eukaryota,Unassigned,Unassigned,Unassigned,Unassigned,Unassigned,Unassigned,18S,1a
297,5ed3d65597eaea2a9907826fe5247839,Ocean-lake-1a,5.0,Eukaryota,Unassigned,Unassigned,Unassigned,Unassigned,Unassigned,Unassigned,18S,1a
298,dbcb882d3186a2a60e00698896d024f3,Ocean-lake-1a,5.0,Eukaryota,Unassigned,Unassigned,Unassigned,Unassigned,Unassigned,Unassigned,18S,1a
299,ae8851b8ca39c33b3679cedc06df7828,Ocean-lake-1a,5.0,Eukaryota,Dinoflagellata,Dinophyceae,Unassigned,Unassigned,Unassigned,Unassigned,18S,1a
300,2d84d852ecc9495a579a7f9795093723,Ocean-lake-1a,5.0,Eukaryota,Unassigned,Unassigned,Unassigned,Unassigned,Unassigned,Unassigned,18S,1a
301,ed0929ecaad16fecdbe55f1cdf5babfa,Ocean-lake-1a,5.0,Eukaryota,Unassigned,Unassigned,Unassigned,Unassigned,Unassigned,Unassigned,18S,1a
302,90693eab725601515dc8fbbfa01f65b3,Ocean-lake-1a,3.0,Unassigned,Unassigned,Unassigned,Unassigned,Unassigned,Unassigned,Unassigned,18S,1a
303,a5ed8766f953d6748f2cf5483f6b83f7,Ocean-lake-1a,4.0,Eukaryota,Unassigned,Unassigned,Unassigned,Unassigned,Unassigned,Unassigned,18S,1a
304,6a7a8d308517784a0d0c68e4d80609f1,Ocean-lake-1a,4.0,Eukaryota,Unassigned,Unassigned,Unassigned,Unassigned,Unassigned,Unassigned,18S,1a
305,269d756ee21c1fcd2fb5f25c2af35d77,Ocean-lake-1a,4.0,Eukaryota,Unassigned,Unassigned,Unassigned,Unassigned,Unassigned,Unassigned,18S,1a
306,857e09e22b50ee9a366f5390f9285bbc,Ocean-lake-1a,4.0,Eukaryota,Ciliophora,Intramacronucleata,Spirotrichea,Hypotrichia,Unassigned,Unassigned,18S,1a
307,5b05ee27c57eccdd54116cef15190e68,Ocean-lake-1a,4.0,Eukaryota,Unassigned,Unassigned,Unassigned,Unassigned,Unassigned,Unassigned,18S,1a
308,11a83c357522245e0f81e12b84df5018,Ocean-lake-1a,4.0,Eukaryota,Unassigned,Unassigned,Unassigned,Unassigned,Unassigned,Unassigned,18S,1a
309,eecfc7a2a0c269ae99e62996fd114538,Ocean-lake-1a,4.0,Eukaryota,Unassigned,Unassigned,Unassigned,Unassigned,Unassigned,Unassigned,18S,1a
310,168f533637d34e28f401d85ae67c4145,Ocean-lake-1a,4.0,Eukaryota,Unassigned,Unassigned,Unassigned,Unassigned,Unassigned,Unassigned,18S,1a
311,885ad28686c1e1a40a16ea24bced1876,Ocean-lake-1a,4.0,Bacteria,Unassigned,Unassigned,Unassigned,Unassigned,Unassigned,Unassigned,18S,1a
312,96409d3a1d7c9c2b6fc35515a4eaf7c8,Ocean-lake-1a,4.0,Eukaryota,Unassigned,Unassigned,Unassigned,Unassigned,Unassigned,Unassigned,18S,1a
313,b282480fac5bf40fa289c2b30aeeaa83,Ocean-lake-1a,4.0,Eukaryota,Unassigned,Unassigned,Unassigned,Unassigned,Unassigned,Unassigned,18S,1a
314,2e3a9f838f0692876b6f86ef6f522252,Ocean-lake-1a,4.0,Eukaryota,Mollusca,Gastropoda,Neritimorpha,Neritimorpha,Neritimorpha,Unassigned,18S,1a
315,3c77904d7a2d5e64a9fc18385bb206ad,Ocean-lake-1a,4.0,Eukaryota,Unassigned,Unassigned,Unassigned,Unassigned,Unassigned,Unassigned,18S,1a
316,d4009443739917d7767f17977688a268,Ocean-lake-1a,3.0,Eukaryota,Unassigned,Unassigned,Unassigned,Unassigned,Unassigned,Unassigned,18S,1a
317,97afa3951362660f3ff3fb408e47b464,Ocean-lake-1a,3.0,Eukaryota,Unassigned,Unassigned,Unassigned,Unassigned,Unassigned,Unassigned,18S,1a
318,23982bccf3112b6f9acda310ebf05fb5,Ocean-lake-1a,3.0,Eukaryota,Unassigned,Unassigned,Unassigned,Unassigned,Unassigned,Unassigned,18S,1a
319,f3a694a1963214444eb2c2ac5bbdb56a,Ocean-lake-1a,3.0,Eukaryota,Unassigned,Unassigned,Unassigned,Unassigned,Unassigned,Unassigned,18S,1a
320,725f1943526810af9908337f2d0b16de,Ocean-lake-1a,3.0,Bacteria,Unassigned,Unassigned,Unassigned,Unassigned,Unassigned,Unassigned,18S,1a
321,634781d1fada9e3102632721eeed3a0b,Ocean-lake-1a,3.0,Eukaryota,Unassigned,Unassigned,Unassigned,Unassigned,Unassigned,Unassigned,18S,1a
322,e52dd87bdc22d03b33b84ebc38d4bb74,Ocean-lake-1a,3.0,Eukaryota,Unassigned,Unassigned,Unassigned,Unassigned,Unassigned,Unassigned,18S,1a
323,538e3c490d117f7a4fb0fea38fd9e68e,Ocean-lake-1a,3.0,Bacteria,Proteobacteria,Alphaproteobacteria,Rickettsiales,Mitochondria,Mitochondria,Unassigned,18S,1a
324,cb914332702f36a33a1f3f83d84b7b30,Ocean-lake-1a,3.0,Eukaryota,Unassigned,Unassigned,Unassigned,Unassigned,Unassigned,Unassigned,18S,1a
325,1820a9d45aa8cb553fb46e7f10ad0607,Ocean-lake-1a,3.0,Eukaryota,Unassigned,Unassigned,Unassigned,Unassigned,Unassigned,Unassigned,18S,1a
326,b666509e57ead10e6ec06bdae1f46d65,Ocean-lake-1a,3.0,Eukaryota,Unassigned,Unassigned,Unassigned,Unassigned,Unassigned,Unassigned,18S,1a
327,fd01fef28122bb1552cc38f92e83b14e,Ocean-lake-1a,3.0,Eukaryota,Unassigned,Unassigned,Unassigned,Unassigned,Unassigned,Unassigned,18S,1a
328,ffa9a46f1d3bdf28ec5e24b858760f78,Ocean-lake-1a,2.0,Eukaryota,Euglenozoa,Euglenida,Heteronematina,Heteronematina,Petalomonas,Unassigned,18S,1a
329,c03b392c2b1b6254e1e39e9cbb61bf3e,Ocean-lake-1a,2.0,Eukaryota,Bryozoa,Gymnolaemata,Cheilostomatida,Cheilostomatida,Cheilostomatida,Unassigned,18S,1a
330,ee922d4593a9fbd8f7b57562d6a449ed,Ocean-lake-1a,2.0,Eukaryota,Unassigned,Unassigned,Unassigned,Unassigned,Unassigned,Unassigned,18S,1a
331,949146178e3a1c48d7548966047c6d58,Ocean-lake-1a,2.0,Eukaryota,Unassigned,Unassigned,Unassigned,Unassigned,Unassigned,Unassigned,18S,1a
332,db7da90f7bf029d96cebb867349ce161,Ocean-lake-1a,2.0,Eukaryota,Unassigned,Unassigned,Unassigned,Unassigned,Unassigned,Unassigned,18S,1a
333,8481bfc235736ab38e1fc2cc97807fc2,Ocean-lake-1a,2.0,Eukaryota,Unassigned,Unassigned,Unassigned,Unassigned,Unassigned,Unassigned,18S,1a
334,c74698a9590fad066a5b5a1f14dc97d0,Ocean-lake-1a,2.0,Eukaryota,Unassigned,Unassigned,Unassigned,Unassigned,Unassigned,Unassigned,18S,1a
335,580f28aa5d1f44a43a6dfff991ec40d1,Ocean-lake-1b,59121.0,Eukaryota,Diatomea,Mediophyceae,Mediophyceae,Mediophyceae,Cyclotella,Unassigned,18S,1b
336,0f3cd48f1c94814b7154f25164019d34,Ocean-lake-1b,6662.0,Eukaryota,Chlorophyta,Unassigned,Unassigned,Unassigned,Unassigned,Unassigned,18S,1b
337,11b9d90019b1ad2132d54d18269e8cfe,Ocean-lake-1b,59.0,Eukaryota,Diatomea,Unassigned,Unassigned,Unassigned,Unassigned,Unassigned,18S,1b
338,641eb4995a896167800364fac0199771,Ocean-lake-1b,25.0,Eukaryota,Diatomea,Unassigned,Unassigned,Unassigned,Unassigned,Unassigned,18S,1b
339,12a76450d16948a8424ab366731f715d,Ocean-lake-1b,3051.0,Eukaryota,Ciliophora,Intramacronucleata,Spirotrichea,Oligotrichia,Unassigned,Unassigned,18S,1b
340,888a360f6f9c93019e3683c917a5a30f,Ocean-lake-1b,3293.0,Eukaryota,Unassigned,Unassigned,Unassigned,Unassigned,Unassigned,Unassigned,18S,1b
341,67a34e4295d4d78881313a76a07e63fc,Ocean-lake-1b,3693.0,Eukaryota,Unassigned,Unassigned,Unassigned,Unassigned,Unassigned,Unassigned,18S,1b
342,b0c5b9aafe4462cc72c6e96c60040d26,Ocean-lake-1b,2260.0,Eukaryota,Mollusca,Bivalvia,Veneroida,Veneroida,Veneroida,Unassigned,18S,1b
343,79fc87d51594551637b3c9a1b628b4c8,Ocean-lake-1b,2318.0,Eukaryota,Diatomea,Unassigned,Unassigned,Unassigned,Unassigned,Unassigned,18S,1b
344,d28a43868d75da51cd2bc954d2708d37,Ocean-lake-1b,1540.0,Eukaryota,Chlorophyta,Unassigned,Unassigned,Unassigned,Unassigned,Unassigned,18S,1b
345,5cf8c03e23441ef96ea64d4f8b542ff3,Ocean-lake-1b,2387.0,Eukaryota,Diatomea,Mediophyceae,Mediophyceae,Mediophyceae,Cyclotella,Unassigned,18S,1b
346,fecc90352ddabd411e7c100442009b8f,Ocean-lake-1b,648.0,Eukaryota,Unassigned,Unassigned,Unassigned,Unassigned,Unassigned,Unassigned,18S,1b
347,72baa20d784fde5d3dcb25d911c2e21b,Ocean-lake-1b,2507.0,Eukaryota,Ciliophora,Intramacronucleata,Litostomatea,Mesodiniidae,Myrionecta,Unassigned,18S,1b
348,4bd7686246b011632d9ac3ad56fe1340,Ocean-lake-1b,168.0,Eukaryota,Diatomea,Unassigned,Unassigned,Unassigned,Unassigned,Unassigned,18S,1b
349,cefef1afb5aaae13beb3067a9492b577,Ocean-lake-1b,1308.0,Eukaryota,Unassigned,Unassigned,Unassigned,Unassigned,Unassigned,Unassigned,18S,1b
350,e065568334097ec85cc9969e9fcd4c52,Ocean-lake-1b,421.0,Eukaryota,Diatomea,Mediophyceae,Mediophyceae,Mediophyceae,Unassigned,Unassigned,18S,1b
351,7e8825f0c3911c34bd4b6e434704ec52,Ocean-lake-1b,1620.0,Eukaryota,Ciliophora,Intramacronucleata,Spirotrichea,Oligotrichia,Unassigned,Unassigned,18S,1b
352,963dccae77b7bcdbbc801ac2006ea06b,Ocean-lake-1b,758.0,Eukaryota,Chlorophyta,Unassigned,Unassigned,Unassigned,Unassigned,Unassigned,18S,1b
353,0b9c5bfb1b7d0d8060f41ed3b38f69ae,Ocean-lake-1b,1263.0,Eukaryota,Unassigned,Unassigned,Unassigned,Unassigned,Unassigned,Unassigned,18S,1b
354,942d127f7062c042b09607ed3b689ed5,Ocean-lake-1b,969.0,Eukaryota,Cryptophyceae,Cryptophyceae,Cryptomonadales,Cryptomonadales,Unassigned,Unassigned,18S,1b
355,08b19f0cf2cf1e88741e6f1747e5de57,Ocean-lake-1b,460.0,Eukaryota,Unassigned,Unassigned,Unassigned,Unassigned,Unassigned,Unassigned,18S,1b
356,2fbc153fb7151998bd7a89612af7c275,Ocean-lake-1b,30.0,Eukaryota,Diatomea,Mediophyceae,Mediophyceae,Mediophyceae,Cyclotella,Unassigned,18S,1b
357,42b04abb6d8d6967ad7195cf8d063b96,Ocean-lake-1b,554.0,Eukaryota,Cryptophyceae,Cryptophyceae,Cryptomonadales,Cryptomonadales,Komma,Unassigned,18S,1b
358,c0052a2c8816af3e266a88509e677647,Ocean-lake-1b,579.0,Eukaryota,Cryptophyceae,Cryptophyceae,Cryptomonadales,Cryptomonadales,Unassigned,Unassigned,18S,1b
359,83ad8de13171993730ad0e5bcaf330bb,Ocean-lake-1b,671.0,Eukaryota,Unassigned,Unassigned,Unassigned,Unassigned,Unassigned,Unassigned,18S,1b
360,f25c47bfb774885e1082436026b40b1b,Ocean-lake-1b,638.0,Eukaryota,Unassigned,Unassigned,Unassigned,Unassigned,Unassigned,Unassigned,18S,1b
361,7ece59ad2f489c18e4797eb91ccef010,Ocean-lake-1b,487.0,Eukaryota,Unassigned,Unassigned,Unassigned,Unassigned,Unassigned,Unassigned,18S,1b
362,043a9ae1f0d350f487f898ff40674da8,Ocean-lake-1b,582.0,Eukaryota,Cryptophyceae,Cryptophyceae,Cryptomonadales,Cryptomonadales,Unassigned,Unassigned,18S,1b
363,6a55aec477d2bf784809bb63abec9039,Ocean-lake-1b,580.0,Eukaryota,Ochrophyta,Raphidophyceae,Chattonellales,Chattonellales,Viridilobus,Unassigned,18S,1b
364,55bee0f8a59ab6b8059002c3ff7d1a19,Ocean-lake-1b,537.0,Eukaryota,Cryptophyceae,Cryptophyceae,Cryptomonadales,Cryptomonadales,uncultured,Unassigned,18S,1b
365,bfb629b34778fff897268a2dc1822d38,Ocean-lake-1b,403.0,Eukaryota,Unassigned,Unassigned,Unassigned,Unassigned,Unassigned,Unassigned,18S,1b
366,19fc7e011fffc20b76be35a9671d377e,Ocean-lake-1b,443.0,Eukaryota,Cryptophyceae,Cryptophyceae,Cryptomonadales,Cryptomonadales,Unassigned,Unassigned,18S,1b
367,d21f58b9cf454b66a69f7f6e1bdb194c,Ocean-lake-1b,260.0,Eukaryota,Chlorophyta,Unassigned,Unassigned,Unassigned,Unassigned,Unassigned,18S,1b
368,a0749b62e096b323f6e4d769591a759c,Ocean-lake-1b,166.0,Eukaryota,Unassigned,Unassigned,Unassigned,Unassigned,Unassigned,Unassigned,18S,1b
369,1ff35f6ccebe9a6fceb2b2ef20bb77cd,Ocean-lake-1b,309.0,Eukaryota,Unassigned,Unassigned,Unassigned,Unassigned,Unassigned,Unassigned,18S,1b
370,cac17f9d04f37f6530cdf3d8577f35f7,Ocean-lake-1b,246.0,Eukaryota,Unassigned,Unassigned,Unassigned,Unassigned,Unassigned,Unassigned,18S,1b
371,e4b0e84a8adc341edc92edfe98736607,Ocean-lake-1b,346.0,Eukaryota,Unassigned,Unassigned,Unassigned,Unassigned,Unassigned,Unassigned,18S,1b
372,5faf214dda0d81dd738fdf6093db3e99,Ocean-lake-1b,196.0,Eukaryota,Ciliophora,Intramacronucleata,Spirotrichea,Choreotrichia,Unassigned,Unassigned,18S,1b
373,72ab9830f8cc2515d73f4d5ffb48491b,Ocean-lake-1b,314.0,Eukaryota,Mollusca,Bivalvia,Unassigned,Unassigned,Unassigned,Unassigned,18S,1b
374,99e7d6aa29edda081eddeb3b2e06f3e2,Ocean-lake-1b,222.0,Eukaryota,Unassigned,Unassigned,Unassigned,Unassigned,Unassigned,Unassigned,18S,1b
375,22222825e70bc42170e3e9d213e94ddf,Ocean-lake-1b,147.0,Eukaryota,Diatomea,Unassigned,Unassigned,Unassigned,Unassigned,Unassigned,18S,1b
376,d24423a739a11aa3bf3d98b2fbc51071,Ocean-lake-1b,139.0,Eukaryota,Unassigned,Unassigned,Unassigned,Unassigned,Unassigned,Unassigned,18S,1b
377,734ff95dad32c77e4446d9de5136aeda,Ocean-lake-1b,213.0,Eukaryota,Unassigned,Unassigned,Unassigned,Unassigned,Unassigned,Unassigned,18S,1b
378,c993f070797f0fe9db9a3debf4797806,Ocean-lake-1b,195.0,Eukaryota,Peronosporomycetes,Peronosporomycetes,Peronosporomycetes,Peronosporomycetes,Unassigned,Unassigned,18S,1b
379,6944d7fb7815e31542f3848504c27f78,Ocean-lake-1b,119.0,Eukaryota,Chlorophyta,Unassigned,Unassigned,Unassigned,Unassigned,Unassigned,18S,1b
380,7565b5ab479e79fb48b7c2f984c89f40,Ocean-lake-1b,191.0,Eukaryota,Unassigned,Unassigned,Unassigned,Unassigned,Unassigned,Unassigned,18S,1b
381,59e528155f660cb4c9e6083b11428d34,Ocean-lake-1b,194.0,Eukaryota,Chlorophyta,Unassigned,Unassigned,Unassigned,Unassigned,Unassigned,18S,1b
382,6b09a4fb785a23a1eca7dff93867825f,Ocean-lake-1b,189.0,Bacteria,Proteobacteria,Alphaproteobacteria,Rhizobiales,Unassigned,Unassigned,Unassigned,18S,1b
383,55e14a0d333ac97edc9f74c187c23c84,Ocean-lake-1b,142.0,Eukaryota,Unassigned,Unassigned,Unassigned,Unassigned,Unassigned,Unassigned,18S,1b
384,0e570dde32288c8c6ad72cde66d87438,Ocean-lake-1b,185.0,Eukaryota,Euglenozoa,Euglenida,Heteronematina,Heteronematina,Petalomonas,Unassigned,18S,1b
385,a46188e5b3b6038a8378eff6c19967ab,Ocean-lake-1b,72.0,Bacteria,Unassigned,Unassigned,Unassigned,Unassigned,Unassigned,Unassigned,18S,1b
386,3250155006d4bfc708f9ce3c08585b5c,Ocean-lake-1b,144.0,Eukaryota,Unassigned,Unassigned,Unassigned,Unassigned,Unassigned,Unassigned,18S,1b
387,3c5a2a828d08047e9b35a610ba15b3ff,Ocean-lake-1b,297.0,Eukaryota,Unassigned,Unassigned,Unassigned,Unassigned,Unassigned,Unassigned,18S,1b
388,a64a3e85c617df959c370cb96a46537f,Ocean-lake-1b,129.0,Eukaryota,Unassigned,Unassigned,Unassigned,Unassigned,Unassigned,Unassigned,18S,1b
389,57f5bc3b9cf548e4a0ab0d77c32f7512,Ocean-lake-1b,143.0,Eukaryota,Unassigned,Unassigned,Unassigned,Unassigned,Unassigned,Unassigned,18S,1b
390,bfde2586029d29a92a849e3f8a1ce900,Ocean-lake-1b,139.0,Eukaryota,Unassigned,Unassigned,Unassigned,Unassigned,Unassigned,Unassigned,18S,1b
391,bf5b3b136fb79cbf6ce787f4a1600a84,Ocean-lake-1b,144.0,Eukaryota,Chlorophyta,Unassigned,Unassigned,Unassigned,Unassigned,Unassigned,18S,1b
392,3017aadae5320315e434f54df8698452,Ocean-lake-1b,21.0,Eukaryota,Unassigned,Unassigned,Unassigned,Unassigned,Unassigned,Unassigned,18S,1b
393,475af2610210fd8f5150a19b917d504d,Ocean-lake-1b,165.0,Bacteria,Proteobacteria,Alphaproteobacteria,Unassigned,Unassigned,Unassigned,Unassigned,18S,1b
394,7a36dee4892696d8480326ca0ac88086,Ocean-lake-1b,65.0,Eukaryota,Ciliophora,Intramacronucleata,Conthreep,Oligohymenophorea,Unassigned,Unassigned,18S,1b
395,0aca9aac7ec2ce1726f775a805040ee0,Ocean-lake-1b,16.0,Eukaryota,Diatomea,Mediophyceae,Mediophyceae,Mediophyceae,Cyclotella,Unassigned,18S,1b
396,90931abfea36e986f8e5772b17ff5740,Ocean-lake-1b,109.0,Eukaryota,Diatomea,Unassigned,Unassigned,Unassigned,Unassigned,Unassigned,18S,1b
397,106dd66448b5829a997792d0a5c3c4aa,Ocean-lake-1b,15.0,Eukaryota,Diatomea,Mediophyceae,Mediophyceae,Mediophyceae,Skeletonema,Unassigned,18S,1b
398,97c80167d81ab1bcc475f5011aee7302,Ocean-lake-1b,100.0,Bacteria,Proteobacteria,Alphaproteobacteria,Unassigned,Unassigned,Unassigned,Unassigned,18S,1b
399,74dbceefa2c6a8c1bcb9d4ef024323b1,Ocean-lake-1b,75.0,Eukaryota,Unassigned,Unassigned,Unassigned,Unassigned,Unassigned,Unassigned,18S,1b
400,10dfa08197cc3eeb69181d7191b61062,Ocean-lake-1b,67.0,Eukaryota,Unassigned,Unassigned,Unassigned,Unassigned,Unassigned,Unassigned,18S,1b
401,2cceb176ef1d14a541f0e36bb0be737e,Ocean-lake-1b,74.0,Eukaryota,Diatomea,Unassigned,Unassigned,Unassigned,Unassigned,Unassigned,18S,1b
402,b1969254ed96d1956cd43c84d256b012,Ocean-lake-1b,79.0,Eukaryota,Unassigned,Unassigned,Unassigned,Unassigned,Unassigned,Unassigned,18S,1b
403,a2ab398bc4486e5662aad6505fc32bc1,Ocean-lake-1b,100.0,Eukaryota,Mollusca,Bivalvia,Veneroida,Veneroida,Veneroida,Unassigned,18S,1b
404,fc352bee8d5438cfcf7361f65e947766,Ocean-lake-1b,66.0,Eukaryota,Unassigned,Unassigned,Unassigned,Unassigned,Unassigned,Unassigned,18S,1b
405,655c6363cc09822c003f9f039444acf4,Ocean-lake-1b,56.0,Eukaryota,Diatomea,Unassigned,Unassigned,Unassigned,Unassigned,Unassigned,18S,1b
406,c0f2ad2aaa1dd19b9fb6df2066de6e21,Ocean-lake-1b,99.0,Bacteria,Unassigned,Unassigned,Unassigned,Unassigned,Unassigned,Unassigned,18S,1b
407,fda1068082ff354437cd05eff0737d98,Ocean-lake-1b,74.0,Eukaryota,Unassigned,Unassigned,Unassigned,Unassigned,Unassigned,Unassigned,18S,1b
408,fd38240ac0edce16a36b0ca85c2500b3,Ocean-lake-1b,48.0,Eukaryota,Unassigned,Unassigned,Unassigned,Unassigned,Unassigned,Unassigned,18S,1b
409,c258c5fc831ea7b6cdc5889222975e7b,Ocean-lake-1b,49.0,Eukaryota,Diatomea,Coscinodiscophytina,Coscinodiscophytina,Rhizosolenids,Leptocylindrus,Unassigned,18S,1b
410,7a9a590dc04a4d3e424012fe5bd69a38,Ocean-lake-1b,44.0,Eukaryota,Unassigned,Unassigned,Unassigned,Unassigned,Unassigned,Unassigned,18S,1b
411,fb2b5c7b73a9527ba27d5373371111af,Ocean-lake-1b,25.0,Bacteria,Proteobacteria,Alphaproteobacteria,Sphingomonadales,Sphingomonadaceae,Sphingomicrobium,Unassigned,18S,1b
412,4099471fc161aedb6e8a58d615b3aa3e,Ocean-lake-1b,56.0,Bacteria,Unassigned,Unassigned,Unassigned,Unassigned,Unassigned,Unassigned,18S,1b
413,de857631ab2dac63814154d360267ee0,Ocean-lake-1b,73.0,Eukaryota,Chlorophyta,Unassigned,Unassigned,Unassigned,Unassigned,Unassigned,18S,1b
414,569e66f3b2c312653a4d21d9c282b914,Ocean-lake-1b,63.0,Eukaryota,Unassigned,Unassigned,Unassigned,Unassigned,Unassigned,Unassigned,18S,1b
415,3d18fd6852d2f7e5cf1b890653d063ac,Ocean-lake-1b,54.0,Eukaryota,Unassigned,Unassigned,Unassigned,Unassigned,Unassigned,Unassigned,18S,1b
416,1f5dbaf16e1106969a9d877e9c5cb0e8,Ocean-lake-1b,79.0,Bacteria,Proteobacteria,Alphaproteobacteria,Rhodobacterales,Rhodobacteraceae,Unassigned,Unassigned,18S,1b
417,81d8f6323d857884747ef007a3f58a5f,Ocean-lake-1b,52.0,Eukaryota,Unassigned,Unassigned,Unassigned,Unassigned,Unassigned,Unassigned,18S,1b
418,9a34ef2b5ad0e4ff10483be9ade5206e,Ocean-lake-1b,4.0,Eukaryota,Unassigned,Unassigned,Unassigned,Unassigned,Unassigned,Unassigned,18S,1b
419,66c2907d86580f289003c47c6788d86e,Ocean-lake-1b,83.0,Bacteria,Proteobacteria,Alphaproteobacteria,Rhizobiales,Unassigned,Unassigned,Unassigned,18S,1b
420,10cbcca6ee1f1d2b75277b2be0e9def2,Ocean-lake-1b,22.0,Eukaryota,Unassigned,Unassigned,Unassigned,Unassigned,Unassigned,Unassigned,18S,1b
421,d23f0e6642cd7850a7110a57654b0317,Ocean-lake-1b,107.0,Eukaryota,Unassigned,Unassigned,Unassigned,Unassigned,Unassigned,Unassigned,18S,1b
422,8ae55a787d07219f8cb16baa617917cf,Ocean-lake-1b,28.0,Eukaryota,Ochrophyta,Chrysophyceae,Chromulinales,Chromulinales,Poteriospumella,Unassigned,18S,1b
423,17523eb33b14210399ac1a4ad508cccc,Ocean-lake-1b,37.0,Eukaryota,Unassigned,Unassigned,Unassigned,Unassigned,Unassigned,Unassigned,18S,1b
424,0668198196c342d0ae5dc3a85077408d,Ocean-lake-1b,40.0,Eukaryota,Diatomea,Unassigned,Unassigned,Unassigned,Unassigned,Unassigned,18S,1b
425,5e78fca23b846c2b3dc18cf6f17113f9,Ocean-lake-1b,58.0,Eukaryota,Unassigned,Unassigned,Unassigned,Unassigned,Unassigned,Unassigned,18S,1b
426,ecc74490349bac233a854c5c6e0261f1,Ocean-lake-1b,44.0,Eukaryota,Unassigned,Unassigned,Unassigned,Unassigned,Unassigned,Unassigned,18S,1b
427,f8716943529321e35bc67cb10675dcc9,Ocean-lake-1b,65.0,Eukaryota,Cryptophyceae,Cryptophyceae,Cryptomonadales,Cryptomonadales,Komma,Unassigned,18S,1b
428,26ce79a132def3ececb801584b505abb,Ocean-lake-1b,49.0,Eukaryota,Holozoa,Choanoflagellida,Acanthoecida,Acanthoecidae,Savillea,Unassigned,18S,1b
429,1f566b512cfed67d24839941324159c7,Ocean-lake-1b,39.0,Eukaryota,Unassigned,Unassigned,Unassigned,Unassigned,Unassigned,Unassigned,18S,1b
430,f6987a195833584b7f2425b2e4830676,Ocean-lake-1b,27.0,Eukaryota,Unassigned,Unassigned,Unassigned,Unassigned,Unassigned,Unassigned,18S,1b
431,94d1215ba339547564144cd80067e468,Ocean-lake-1b,19.0,Eukaryota,Unassigned,Unassigned,Unassigned,Unassigned,Unassigned,Unassigned,18S,1b
432,547337c71a60e1fbfbd31253245831ff,Ocean-lake-1b,31.0,Eukaryota,Cercozoa,Imbricatea,Imbricatea,Euglyphida,Paulinella,Unassigned,18S,1b
433,5062e3752762e77d8112b45d5598c76c,Ocean-lake-1b,25.0,Eukaryota,Unassigned,Unassigned,Unassigned,Unassigned,Unassigned,Unassigned,18S,1b
434,dfc3aaf0a998c97dd62d7b5b8f6f8510,Ocean-lake-1b,45.0,Eukaryota,Diatomea,Unassigned,Unassigned,Unassigned,Unassigned,Unassigned,18S,1b
435,22c6f1265eb4d6f1331bd58a4356590b,Ocean-lake-1b,52.0,Bacteria,Planctomycetota,Planctomycetes,Pirellulales,Pirellulaceae,Unassigned,Unassigned,18S,1b
436,19a56d5bd0bf329aec933932e7b9e92f,Ocean-lake-1b,35.0,Eukaryota,Unassigned,Unassigned,Unassigned,Unassigned,Unassigned,Unassigned,18S,1b
437,b4513436e867b40145adddb506bf0475,Ocean-lake-1b,42.0,Bacteria,Proteobacteria,Gammaproteobacteria,Pseudomonadales,Unassigned,Unassigned,Unassigned,18S,1b
438,6f1a240c08dbec18e9e20c2be8e45281,Ocean-lake-1b,27.0,Eukaryota,Unassigned,Unassigned,Unassigned,Unassigned,Unassigned,Unassigned,18S,1b
439,49c88659b4a6a28d2ca4913177d701b2,Ocean-lake-1b,7.0,Eukaryota,Chlorophyta,Unassigned,Unassigned,Unassigned,Unassigned,Unassigned,18S,1b
440,59912db1c92f121cf8678826462915f2,Ocean-lake-1b,27.0,Eukaryota,Unassigned,Unassigned,Unassigned,Unassigned,Unassigned,Unassigned,18S,1b
441,770a12f9a251dcae3815ca82a8593582,Ocean-lake-1b,9.0,Eukaryota,Chlorophyta,Unassigned,Unassigned,Unassigned,Unassigned,Unassigned,18S,1b
442,c943ebe3cdbc12da3c5b3c8e27e06050,Ocean-lake-1b,35.0,Eukaryota,Unassigned,Unassigned,Unassigned,Unassigned,Unassigned,Unassigned,18S,1b
443,14422e48b3be66cd259f3e65af86b9f7,Ocean-lake-1b,51.0,Eukaryota,Unassigned,Unassigned,Unassigned,Unassigned,Unassigned,Unassigned,18S,1b
444,98e5fc523a9c583992082aae01e2814c,Ocean-lake-1b,69.0,Eukaryota,Unassigned,Unassigned,Unassigned,Unassigned,Unassigned,Unassigned,18S,1b
445,6c370324395f892dd3d16f549f18eb03,Ocean-lake-1b,24.0,Eukaryota,Unassigned,Unassigned,Unassigned,Unassigned,Unassigned,Unassigned,18S,1b
446,49ebdc6e2e571e26069d1b0611e1beba,Ocean-lake-1b,22.0,Eukaryota,Unassigned,Unassigned,Unassigned,Unassigned,Unassigned,Unassigned,18S,1b
447,a7d314f54e116d111a46d897b2172cdf,Ocean-lake-1b,27.0,Eukaryota,Unassigned,Unassigned,Unassigned,Unassigned,Unassigned,Unassigned,18S,1b
448,0bd8b0429a3b292ead2258e0829de255,Ocean-lake-1b,15.0,Eukaryota,Unassigned,Unassigned,Unassigned,Unassigned,Unassigned,Unassigned,18S,1b
449,e23bec28a8e7b9a17544c552383b1831,Ocean-lake-1b,28.0,Eukaryota,Diatomea,Unassigned,Unassigned,Unassigned,Unassigned,Unassigned,18S,1b
450,c451ab7ceebdca242bc792f4cf48a507,Ocean-lake-1b,41.0,Eukaryota,Diatomea,Unassigned,Unassigned,Unassigned,Unassigned,Unassigned,18S,1b
451,4132ad58cad208ff63e44cb5de23e06f,Ocean-lake-1b,32.0,Eukaryota,Unassigned,Unassigned,Unassigned,Unassigned,Unassigned,Unassigned,18S,1b
452,734e105a0d4dd6e00ca675a35e01e11f,Ocean-lake-1b,11.0,Eukaryota,Unassigned,Unassigned,Unassigned,Unassigned,Unassigned,Unassigned,18S,1b
453,8b6aeb8def45751002ddc07cad65cb75,Ocean-lake-1b,28.0,Eukaryota,Unassigned,Unassigned,Unassigned,Unassigned,Unassigned,Unassigned,18S,1b
454,cf680c787b06a4d2cdc41206ab4a53c0,Ocean-lake-1b,24.0,Eukaryota,Unassigned,Unassigned,Unassigned,Unassigned,Unassigned,Unassigned,18S,1b
455,2e13907fd2da985464517d7368995556,Ocean-lake-1b,32.0,Eukaryota,Unassigned,Unassigned,Unassigned,Unassigned,Unassigned,Unassigned,18S,1b
456,10211e64ef1e205bf4e74420d9aebcf4,Ocean-lake-1b,32.0,Eukaryota,Unassigned,Unassigned,Unassigned,Unassigned,Unassigned,Unassigned,18S,1b
457,634234e1100e3650e5586adc97fbf896,Ocean-lake-1b,41.0,Bacteria,Proteobacteria,Gammaproteobacteria,Enterobacterales,Unassigned,Unassigned,Unassigned,18S,1b
458,43971dfd1e364bd058f9fb7bb48620bd,Ocean-lake-1b,14.0,Eukaryota,Unassigned,Unassigned,Unassigned,Unassigned,Unassigned,Unassigned,18S,1b
459,09a4ca6ddcab4994b2cab6229ffc438b,Ocean-lake-1b,31.0,Eukaryota,Unassigned,Unassigned,Unassigned,Unassigned,Unassigned,Unassigned,18S,1b
460,d5e412859c3150c7b58ecd82be6ab920,Ocean-lake-1b,19.0,Eukaryota,Unassigned,Unassigned,Unassigned,Unassigned,Unassigned,Unassigned,18S,1b
461,606d80d229e7b28f8fb025414304a9fc,Ocean-lake-1b,32.0,Eukaryota,Chlorophyta,Chlorophyceae,Unassigned,Unassigned,Unassigned,Unassigned,18S,1b
462,84ada7b042a100757c00a0d366191296,Ocean-lake-1b,17.0,Eukaryota,Ochrophyta,Chrysophyceae,Unassigned,Unassigned,Unassigned,Unassigned,18S,1b
463,e7ef54a1a9415f3d88fa430107d1cd63,Ocean-lake-1b,22.0,Eukaryota,Unassigned,Unassigned,Unassigned,Unassigned,Unassigned,Unassigned,18S,1b
464,f3d593a7a2eb196ab0c5c9ff80808566,Ocean-lake-1b,64.0,Bacteria,Proteobacteria,Alphaproteobacteria,Unassigned,Unassigned,Unassigned,Unassigned,18S,1b
465,7961e4b9a6e837222a77346ccbbccec2,Ocean-lake-1b,15.0,Eukaryota,Unassigned,Unassigned,Unassigned,Unassigned,Unassigned,Unassigned,18S,1b
466,d03d25a5f2ff32f211d164b0ec9e7204,Ocean-lake-1b,18.0,Eukaryota,Unassigned,Unassigned,Unassigned,Unassigned,Unassigned,Unassigned,18S,1b
467,aae983c32c636aa9ecb82af87e7cfcc6,Ocean-lake-1b,11.0,Eukaryota,Unassigned,Unassigned,Unassigned,Unassigned,Unassigned,Unassigned,18S,1b
468,2a12208dc448727ec7cde0f6cdf587c7,Ocean-lake-1b,29.0,Eukaryota,Unassigned,Unassigned,Unassigned,Unassigned,Unassigned,Unassigned,18S,1b
469,df10cc4250c9dd5b011683b5eb36b68f,Ocean-lake-1b,37.0,Eukaryota,Unassigned,Unassigned,Unassigned,Unassigned,Unassigned,Unassigned,18S,1b
470,e224e58ee0efdfe2e4f4475b12cd662e,Ocean-lake-1b,29.0,Eukaryota,Unassigned,Unassigned,Unassigned,Unassigned,Unassigned,Unassigned,18S,1b
471,7d14b86a8712a3eea57669e4db769535,Ocean-lake-1b,11.0,Eukaryota,Unassigned,Unassigned,Unassigned,Unassigned,Unassigned,Unassigned,18S,1b
472,fe9cfbf1f440c2e1d866c8a71d75294d,Ocean-lake-1b,32.0,Eukaryota,Unassigned,Unassigned,Unassigned,Unassigned,Unassigned,Unassigned,18S,1b
473,168c6412c74239f42b509db0d4f48179,Ocean-lake-1b,13.0,Eukaryota,Unassigned,Unassigned,Unassigned,Unassigned,Unassigned,Unassigned,18S,1b
474,2c2ee6618dfbd757b4f2a8b04e1b6fcf,Ocean-lake-1b,23.0,Eukaryota,Unassigned,Unassigned,Unassigned,Unassigned,Unassigned,Unassigned,18S,1b
475,53c18b0aaf423d08299b042f3c536fcb,Ocean-lake-1b,17.0,Eukaryota,Ochrophyta,Eustigmatophyceae,Eustigmatales,Eustigmatales,uncultured,Unassigned,18S,1b
476,3e98f259c6ebd3bc2969b1ddf4bf8aff,Ocean-lake-1b,32.0,Eukaryota,Euglenozoa,Euglenida,Euglenophyceae,Euglenaceae,Euglena,Unassigned,18S,1b
477,aab7e62a362b20397047dd5d942c5331,Ocean-lake-1b,29.0,Eukaryota,Unassigned,Unassigned,Unassigned,Unassigned,Unassigned,Unassigned,18S,1b
478,5c9fa1b11ffff450b937a54fc3c4bf48,Ocean-lake-1b,21.0,Eukaryota,Euglenozoa,Kinetoplastea,Unassigned,Unassigned,Unassigned,Unassigned,18S,1b
479,777a9c1f80b7b889e0d1206c6d07635b,Ocean-lake-1b,38.0,Bacteria,Proteobacteria,Alphaproteobacteria,Unassigned,Unassigned,Unassigned,Unassigned,18S,1b
480,bce39c483796bd5d13851170c7eedebf,Ocean-lake-1b,8.0,Eukaryota,Unassigned,Unassigned,Unassigned,Unassigned,Unassigned,Unassigned,18S,1b
481,76202a8cd87cd41d08ae65b2cd37c79a,Ocean-lake-1b,18.0,Eukaryota,Dinoflagellata,Dinophyceae,Unassigned,Unassigned,Unassigned,Unassigned,18S,1b
482,e9f4efeffdaa5985b9cb23c8492171b5,Ocean-lake-1b,34.0,Eukaryota,Chlorophyta,Chlorophyceae,Unassigned,Unassigned,Unassigned,Unassigned,18S,1b
483,0fe930bd32fd2259184712271edfdfe0,Ocean-lake-1b,10.0,Eukaryota,Unassigned,Unassigned,Unassigned,Unassigned,Unassigned,Unassigned,18S,1b
484,b56dc08388883611aa5be7306b35171f,Ocean-lake-1b,29.0,Eukaryota,Unassigned,Unassigned,Unassigned,Unassigned,Unassigned,Unassigned,18S,1b
485,86d879f5984d156c086f254b403ec010,Ocean-lake-1b,15.0,Eukaryota,Unassigned,Unassigned,Unassigned,Unassigned,Unassigned,Unassigned,18S,1b
486,aee9a58be016f0ff7c02d6fe7cecf07c,Ocean-lake-1b,22.0,Eukaryota,Chlorophyta,Chlorophyceae,Unassigned,Unassigned,Unassigned,Unassigned,18S,1b
487,303fadfd2b4072262b67769fadfd00e2,Ocean-lake-1b,14.0,Eukaryota,Unassigned,Unassigned,Unassigned,Unassigned,Unassigned,Unassigned,18S,1b
488,aeabe54d1f5fd3927ca83445360321d7,Ocean-lake-1b,12.0,Bacteria,Gemmatimonadota,BD2-11_terrestrial_group,BD2-11_terrestrial_group,BD2-11_terrestrial_group,BD2-11_terrestrial_group,Unassigned,18S,1b
489,bfa54a137d4cee7f5250b325378f1e8a,Ocean-lake-1b,23.0,Eukaryota,Unassigned,Unassigned,Unassigned,Unassigned,Unassigned,Unassigned,18S,1b
490,c9f2826d9f8bb2285090de958740db9f,Ocean-lake-1b,8.0,Eukaryota,Unassigned,Unassigned,Unassigned,Unassigned,Unassigned,Unassigned,18S,1b
491,0fe09d7b8393049c4721939822c3b285,Ocean-lake-1b,8.0,Eukaryota,Unassigned,Unassigned,Unassigned,Unassigned,Unassigned,Unassigned,18S,1b
492,23bd22191073d9689eb32b1f8f8ce1ad,Ocean-lake-1b,7.0,Eukaryota,Ciliophora,Intramacronucleata,Spirotrichea,Choreotrichia,Tintinnidium,Unassigned,18S,1b
493,9e70ddace0d7b13344829818912df3a8,Ocean-lake-1b,17.0,Unassigned,Unassigned,Unassigned,Unassigned,Unassigned,Unassigned,Unassigned,18S,1b
494,210be746dd9ad44fea1a6008d2748957,Ocean-lake-1b,16.0,Bacteria,Unassigned,Unassigned,Unassigned,Unassigned,Unassigned,Unassigned,18S,1b
495,3e7c5e8568a3fbbfd325d15ec695ecb6,Ocean-lake-1b,23.0,Bacteria,Proteobacteria,Alphaproteobacteria,Unassigned,Unassigned,Unassigned,Unassigned,18S,1b
496,a14a000e60f3f29fe436dea1895b0551,Ocean-lake-1b,11.0,Eukaryota,Unassigned,Unassigned,Unassigned,Unassigned,Unassigned,Unassigned,18S,1b
497,c5ccc792f4d304e2a5c6131a0540bbea,Ocean-lake-1b,20.0,Eukaryota,Cryptophyceae,Cryptophyceae,Cryptomonadales,Cryptomonadales,Unassigned,Unassigned,18S,1b
498,cc286ddc5b93b1d8fe32d0790bf27a70,Ocean-lake-1b,9.0,Eukaryota,Unassigned,Unassigned,Unassigned,Unassigned,Unassigned,Unassigned,18S,1b
499,b98d5b4982fa6732f9676b2e06854c88,Ocean-lake-1b,4.0,Eukaryota,Unassigned,Unassigned,Unassigned,Unassigned,Unassigned,Unassigned,18S,1b
500,137b0aced186c4c53af41e0846308146,Ocean-lake-1b,16.0,Bacteria,Proteobacteria,Gammaproteobacteria,Unassigned,Unassigned,Unassigned,Unassigned,18S,1b
501,57ac77cef5ab072b072d69eda7f7e3ae,Ocean-lake-1b,20.0,Eukaryota,Unassigned,Unassigned,Unassigned,Unassigned,Unassigned,Unassigned,18S,1b
502,88949ceaebc201e0820d9cc2b76c79af,Ocean-lake-1b,15.0,Eukaryota,Euglenozoa,Euglenida,Heteronematina,Heteronematina,Petalomonas,Unassigned,18S,1b
503,4582526bea5a23af8d83117da68d5739,Ocean-lake-1b,18.0,Bacteria,Proteobacteria,Gammaproteobacteria,Unassigned,Unassigned,Unassigned,Unassigned,18S,1b
504,81296e17895413d20120dd12295d12ea,Ocean-lake-1b,11.0,Eukaryota,Unassigned,Unassigned,Unassigned,Unassigned,Unassigned,Unassigned,18S,1b
505,3d8a6a1682334a14af844118a5435458,Ocean-lake-1b,16.0,Bacteria,Proteobacteria,Alphaproteobacteria,Unassigned,Unassigned,Unassigned,Unassigned,18S,1b
506,8d85c3e6f54c17b6d85653ed89b90452,Ocean-lake-1b,9.0,Eukaryota,Euglenozoa,Euglenida,Heteronematina,Heteronematina,Petalomonas,Unassigned,18S,1b
507,aff6f6b46eef0ddf22a66c97526aff06,Ocean-lake-1b,9.0,Bacteria,Planctomycetota,Planctomycetes,Unassigned,Unassigned,Unassigned,Unassigned,18S,1b
508,e415e528de0202f6046bdad6117221f1,Ocean-lake-1b,21.0,Eukaryota,Unassigned,Unassigned,Unassigned,Unassigned,Unassigned,Unassigned,18S,1b
509,4ddd84bbc642fce6d3ed62506f6ad655,Ocean-lake-1b,11.0,Eukaryota,Unassigned,Unassigned,Unassigned,Unassigned,Unassigned,Unassigned,18S,1b
510,e9fc18a635177798af581e64d2965b92,Ocean-lake-1b,6.0,Eukaryota,Unassigned,Unassigned,Unassigned,Unassigned,Unassigned,Unassigned,18S,1b
511,b24a00210f491976e3d47c1ff93fbfeb,Ocean-lake-1b,11.0,Eukaryota,Unassigned,Unassigned,Unassigned,Unassigned,Unassigned,Unassigned,18S,1b
512,c1b9c091bbe877ff0183b6dca089222d,Ocean-lake-1b,16.0,Eukaryota,Unassigned,Unassigned,Unassigned,Unassigned,Unassigned,Unassigned,18S,1b
513,4ff062db23f01674eddd7c1828099d60,Ocean-lake-1b,24.0,Eukaryota,Unassigned,Unassigned,Unassigned,Unassigned,Unassigned,Unassigned,18S,1b
514,2caa63935097268162e216d72b9b820b,Ocean-lake-1b,12.0,Eukaryota,Unassigned,Unassigned,Unassigned,Unassigned,Unassigned,Unassigned,18S,1b
515,76eaa7abad91c6a6847360089f622ad2,Ocean-lake-1b,18.0,Eukaryota,Unassigned,Unassigned,Unassigned,Unassigned,Unassigned,Unassigned,18S,1b
516,ea90b00758392489508eff1fc3f816d2,Ocean-lake-1b,42.0,Eukaryota,Unassigned,Unassigned,Unassigned,Unassigned,Unassigned,Unassigned,18S,1b
517,d6cf1b91f9c2d3d7bdf688fe5c696ea8,Ocean-lake-1b,5.0,Eukaryota,Unassigned,Unassigned,Unassigned,Unassigned,Unassigned,Unassigned,18S,1b
518,54dde59dc20b8e94dcfa700a7ad414ff,Ocean-lake-1b,40.0,Bacteria,Proteobacteria,Gammaproteobacteria,Unassigned,Unassigned,Unassigned,Unassigned,18S,1b
519,ee66129eb23c42954e1a1c9e5f76faed,Ocean-lake-1b,6.0,Eukaryota,Unassigned,Unassigned,Unassigned,Unassigned,Unassigned,Unassigned,18S,1b
520,1c630c8eda457131357f7279ba129399,Ocean-lake-1b,8.0,Eukaryota,Unassigned,Unassigned,Unassigned,Unassigned,Unassigned,Unassigned,18S,1b
521,965dec0743ce144d7a2e73102393d756,Ocean-lake-1b,9.0,Bacteria,Proteobacteria,Alphaproteobacteria,Unassigned,Unassigned,Unassigned,Unassigned,18S,1b
522,8b60e7bea401fbdcb41784453d372389,Ocean-lake-1b,7.0,Eukaryota,Unassigned,Unassigned,Unassigned,Unassigned,Unassigned,Unassigned,18S,1b
523,f4c1d161c2f28e12412d57b1d655ae5c,Ocean-lake-1b,11.0,Eukaryota,Unassigned,Unassigned,Unassigned,Unassigned,Unassigned,Unassigned,18S,1b
524,2d77a3e664f5717535308d55c4facb77,Ocean-lake-1b,10.0,Eukaryota,Ascomycota,Dothideomycetes,Capnodiales,Unassigned,Unassigned,Unassigned,18S,1b
525,48488edab771d5e2c54f8f922dcdde66,Ocean-lake-1b,10.0,Bacteria,Proteobacteria,Gammaproteobacteria,Unassigned,Unassigned,Unassigned,Unassigned,18S,1b
526,e1fd1121f86ed82fa667684359a0c660,Ocean-lake-1b,10.0,Eukaryota,Unassigned,Unassigned,Unassigned,Unassigned,Unassigned,Unassigned,18S,1b
527,efb84c7e69424b6f8786bc1ff9faf6ae,Ocean-lake-1b,8.0,Bacteria,Proteobacteria,Gammaproteobacteria,Unassigned,Unassigned,Unassigned,Unassigned,18S,1b
528,341eb6826121c6f5b8ebdcfb9ea60b21,Ocean-lake-1b,16.0,Eukaryota,Unassigned,Unassigned,Unassigned,Unassigned,Unassigned,Unassigned,18S,1b
529,f59963191390ce8dc09c695d7d9d9b5a,Ocean-lake-1b,6.0,Eukaryota,Unassigned,Unassigned,Unassigned,Unassigned,Unassigned,Unassigned,18S,1b
530,ba94102e26cec783ca79dabe67d2efa2,Ocean-lake-1b,15.0,Eukaryota,Unassigned,Unassigned,Unassigned,Unassigned,Unassigned,Unassigned,18S,1b
531,b2cb757812fc945ec91b02f7c975739c,Ocean-lake-1b,17.0,Eukaryota,Unassigned,Unassigned,Unassigned,Unassigned,Unassigned,Unassigned,18S,1b
532,e7e3065c88f6887640e4c29be03f4c3a,Ocean-lake-1b,9.0,Bacteria,Unassigned,Unassigned,Unassigned,Unassigned,Unassigned,Unassigned,18S,1b
533,457fce5e98150ce4cde3ff14584513a9,Ocean-lake-1b,19.0,Eukaryota,Unassigned,Unassigned,Unassigned,Unassigned,Unassigned,Unassigned,18S,1b
534,6ed64c0bd2f6934403e2f28c72b11591,Ocean-lake-1b,7.0,Eukaryota,Unassigned,Unassigned,Unassigned,Unassigned,Unassigned,Unassigned,18S,1b
535,b089bc8f08c7e87633a1aa1f8d59b3cc,Ocean-lake-1b,6.0,Eukaryota,Unassigned,Unassigned,Unassigned,Unassigned,Unassigned,Unassigned,18S,1b
536,fc0f50d11aad2565d5093729011baa24,Ocean-lake-1b,15.0,Eukaryota,Unassigned,Unassigned,Unassigned,Unassigned,Unassigned,Unassigned,18S,1b
537,d5fcc581fb53e9e27f24c9e8d4cd1413,Ocean-lake-1b,8.0,Eukaryota,Unassigned,Unassigned,Unassigned,Unassigned,Unassigned,Unassigned,18S,1b
538,fb3e43358b0602f9402e5e5a1f1a0df6,Ocean-lake-1b,5.0,Eukaryota,Unassigned,Unassigned,Unassigned,Unassigned,Unassigned,Unassigned,18S,1b
539,6d126b46811df601dce91beb4c88b74f,Ocean-lake-1b,3.0,Bacteria,Proteobacteria,Alphaproteobacteria,Unassigned,Unassigned,Unassigned,Unassigned,18S,1b
540,a6505e63ee78341349119353752c8d93,Ocean-lake-1b,9.0,Bacteria,Proteobacteria,Alphaproteobacteria,Unassigned,Unassigned,Unassigned,Unassigned,18S,1b
541,5a3250e028cdcc2d8933911d4435e005,Ocean-lake-1b,7.0,Bacteria,Unassigned,Unassigned,Unassigned,Unassigned,Unassigned,Unassigned,18S,1b
542,0d4a6e9661c2e3692699336e1c9c1350,Ocean-lake-1b,15.0,Eukaryota,Unassigned,Unassigned,Unassigned,Unassigned,Unassigned,Unassigned,18S,1b
543,2c0c9f5e2b80aafb387099bc27e71ab9,Ocean-lake-1b,17.0,Eukaryota,Ascomycota,Saccharomycetes,Saccharomycetales,Pichiaceae,Saturnispora,Unassigned,18S,1b
544,567e16fc439773b64e6525b968fba41a,Ocean-lake-1b,9.0,Eukaryota,Unassigned,Unassigned,Unassigned,Unassigned,Unassigned,Unassigned,18S,1b
545,5b37ef058f7a15256aabd67c15045e70,Ocean-lake-1b,25.0,Eukaryota,Diatomea,Unassigned,Unassigned,Unassigned,Unassigned,Unassigned,18S,1b
546,4ca642d2269716621b88e0aa4f230397,Ocean-lake-1b,16.0,Eukaryota,Unassigned,Unassigned,Unassigned,Unassigned,Unassigned,Unassigned,18S,1b
547,d6d273df1054e48becf5349aacacce8d,Ocean-lake-1b,9.0,Eukaryota,Unassigned,Unassigned,Unassigned,Unassigned,Unassigned,Unassigned,18S,1b
548,b83059b4848740a77f7a9a10a13206c7,Ocean-lake-1b,7.0,Eukaryota,Unassigned,Unassigned,Unassigned,Unassigned,Unassigned,Unassigned,18S,1b
549,2e629729ea820d593fd8c9c8ae83858c,Ocean-lake-1b,13.0,Eukaryota,Diatomea,Unassigned,Unassigned,Unassigned,Unassigned,Unassigned,18S,1b
550,2726d1e1903981e3a62a7c2ca12a8a5b,Ocean-lake-1b,11.0,Eukaryota,Unassigned,Unassigned,Unassigned,Unassigned,Unassigned,Unassigned,18S,1b
551,bb5c8455ae923b4fdcb0209f3c7588ad,Ocean-lake-1b,14.0,Eukaryota,Unassigned,Unassigned,Unassigned,Unassigned,Unassigned,Unassigned,18S,1b
552,a16cadaa864f94b8c6fb5ec9eb7b112e,Ocean-lake-1b,22.0,Bacteria,Proteobacteria,Alphaproteobacteria,Unassigned,Unassigned,Unassigned,Unassigned,18S,1b
553,0ad23a575e952adedfcbf695e1731ad4,Ocean-lake-1b,9.0,Eukaryota,Ciliophora,Intramacronucleata,Litostomatea,Unassigned,Unassigned,Unassigned,18S,1b
554,1ad44d7160b4985451b8248ce282c557,Ocean-lake-1b,8.0,Eukaryota,Unassigned,Unassigned,Unassigned,Unassigned,Unassigned,Unassigned,18S,1b
555,58b4d2f1a823d83214186c0429106d68,Ocean-lake-1b,9.0,Eukaryota,Chlorophyta,Unassigned,Unassigned,Unassigned,Unassigned,Unassigned,18S,1b
556,36d641b5aab68b1f6fe3799a7ae2d336,Ocean-lake-1b,12.0,Eukaryota,Unassigned,Unassigned,Unassigned,Unassigned,Unassigned,Unassigned,18S,1b
557,1f9ddc9d630dde1ad5262af60d766bdb,Ocean-lake-1b,7.0,Eukaryota,Peronosporomycetes,Peronosporomycetes,Peronosporomycetes,Peronosporomycetes,Unassigned,Unassigned,18S,1b
558,8b1cd1ebfb048fca502855529b7432bf,Ocean-lake-1b,10.0,Eukaryota,Euglenozoa,Kinetoplastea,Incertae_Sedis,Incertae_Sedis,Hemistasia,Unassigned,18S,1b
559,2460c4256324a242aaa833c22e901224,Ocean-lake-1b,13.0,Bacteria,Bdellovibrionota,Oligoflexia,0319-6G20,0319-6G20,0319-6G20,Unassigned,18S,1b
560,323de5979fb13d2ef293e3bea9f90933,Ocean-lake-1b,8.0,Eukaryota,Unassigned,Unassigned,Unassigned,Unassigned,Unassigned,Unassigned,18S,1b
561,7019e1d10d9ed353e2a706969b99ee81,Ocean-lake-1b,20.0,Eukaryota,Unassigned,Unassigned,Unassigned,Unassigned,Unassigned,Unassigned,18S,1b
562,ad6bf673ad65fa3fe9b35d1980f56eb5,Ocean-lake-1b,6.0,Eukaryota,Unassigned,Unassigned,Unassigned,Unassigned,Unassigned,Unassigned,18S,1b
563,346ae7df7bd4dda56cc7847ff1695c1c,Ocean-lake-1b,11.0,Bacteria,Proteobacteria,Alphaproteobacteria,Unassigned,Unassigned,Unassigned,Unassigned,18S,1b
564,c2e5cf8883e9090496984e65a30bf020,Ocean-lake-1b,11.0,Eukaryota,Diatomea,Unassigned,Unassigned,Unassigned,Unassigned,Unassigned,18S,1b
565,b28ad4dea851ddc87ecb54a638b6b509,Ocean-lake-1b,3.0,Eukaryota,Unassigned,Unassigned,Unassigned,Unassigned,Unassigned,Unassigned,18S,1b
566,bf341c4473f3550832466f68db43ff66,Ocean-lake-1b,3.0,Eukaryota,Unassigned,Unassigned,Unassigned,Unassigned,Unassigned,Unassigned,18S,1b
567,78878d8d3249408aa9b44e3fe05be35c,Ocean-lake-1b,9.0,Eukaryota,Unassigned,Unassigned,Unassigned,Unassigned,Unassigned,Unassigned,18S,1b
568,a4919a121e9f4888661e30c932aeac1a,Ocean-lake-1b,9.0,Eukaryota,Unassigned,Unassigned,Unassigned,Unassigned,Unassigned,Unassigned,18S,1b
569,8b402d2b9d4a3d1b73430fe4db8fb45b,Ocean-lake-1b,8.0,Eukaryota,Unassigned,Unassigned,Unassigned,Unassigned,Unassigned,Unassigned,18S,1b
570,710dba2e662aa8825b019827b0bfb299,Ocean-lake-1b,18.0,Eukaryota,Ascomycota,Dothideomycetes,Pleosporales,Unassigned,Unassigned,Unassigned,18S,1b
571,92f67cfacc4538463c1e45d149136d3c,Ocean-lake-1b,11.0,Eukaryota,SA1-3C06,SA1-3C06,SA1-3C06,SA1-3C06,SA1-3C06,Unassigned,18S,1b
572,42ebf2d33b844d5f03aeb66b47af2701,Ocean-lake-1b,8.0,Eukaryota,Unassigned,Unassigned,Unassigned,Unassigned,Unassigned,Unassigned,18S,1b
573,be997b23dfb777515c5e475664bb3841,Ocean-lake-1b,7.0,Eukaryota,Bicosoecida,Bicosoecida,Bicosoecida,Bicosoecida,Unassigned,Unassigned,18S,1b
574,85d908dc4e5cc9e01279bfc835d31134,Ocean-lake-1b,17.0,Bacteria,Proteobacteria,Alphaproteobacteria,Rhizobiales,Unassigned,Unassigned,Unassigned,18S,1b
575,d92d5cbd8bcfbb0353ac724d5c759dfa,Ocean-lake-1b,17.0,Bacteria,Myxococcota,Polyangia,Haliangiales,Haliangiaceae,Haliangium,Unassigned,18S,1b
576,cb498db53c6118a3a7b187456d978173,Ocean-lake-1b,7.0,Eukaryota,Unassigned,Unassigned,Unassigned,Unassigned,Unassigned,Unassigned,18S,1b
577,fc3c0ec60cd6f0d8d2303d18a6373358,Ocean-lake-1b,8.0,Eukaryota,Cercozoa,Imbricatea,Imbricatea,Euglyphida,Euglypha,Unassigned,18S,1b
578,4de7ab7498650fe92105f46283b440ec,Ocean-lake-1b,10.0,Eukaryota,Unassigned,Unassigned,Unassigned,Unassigned,Unassigned,Unassigned,18S,1b
579,d48d9f7569a7e09e56c42b81c67920ba,Ocean-lake-1b,6.0,Eukaryota,Unassigned,Unassigned,Unassigned,Unassigned,Unassigned,Unassigned,18S,1b
580,6c7e9131512bacfb86eaad0ac271be61,Ocean-lake-1b,6.0,Eukaryota,Unassigned,Unassigned,Unassigned,Unassigned,Unassigned,Unassigned,18S,1b
581,965cafaaf2acd3b5e7aec6b50d246716,Ocean-lake-1b,14.0,Eukaryota,Unassigned,Unassigned,Unassigned,Unassigned,Unassigned,Unassigned,18S,1b
582,ee38ae54d07e5a29e9e4609ff6acc493,Ocean-lake-1b,4.0,Eukaryota,Unassigned,Unassigned,Unassigned,Unassigned,Unassigned,Unassigned,18S,1b
583,3a61ea590b546074cc32264499eb2376,Ocean-lake-1b,4.0,Eukaryota,Unassigned,Unassigned,Unassigned,Unassigned,Unassigned,Unassigned,18S,1b
584,5715bab5815be76e487c4236d6c2ceaa,Ocean-lake-1b,8.0,Eukaryota,Unassigned,Unassigned,Unassigned,Unassigned,Unassigned,Unassigned,18S,1b
585,0f544bc112569ac2eefb0db119a4ee70,Ocean-lake-1b,13.0,Eukaryota,Unassigned,Unassigned,Unassigned,Unassigned,Unassigned,Unassigned,18S,1b
586,7254e047cee1acbe5d750eacd15df2cc,Ocean-lake-1b,13.0,Eukaryota,Unassigned,Unassigned,Unassigned,Unassigned,Unassigned,Unassigned,18S,1b
587,3a1e5cbf39bd5643842ee065b6b5dfb7,Ocean-lake-1b,8.0,Eukaryota,Chlorophyta,Unassigned,Unassigned,Unassigned,Unassigned,Unassigned,18S,1b
588,739165a50e0d11c9f56cd87985ef780f,Ocean-lake-1b,6.0,Eukaryota,Unassigned,Unassigned,Unassigned,Unassigned,Unassigned,Unassigned,18S,1b
589,71edfd3d7068efb045d38324496c3556,Ocean-lake-1b,7.0,Eukaryota,Unassigned,Unassigned,Unassigned,Unassigned,Unassigned,Unassigned,18S,1b
590,107aa90e251e7907ba01af29809032d2,Ocean-lake-1b,12.0,Bacteria,Proteobacteria,Alphaproteobacteria,Acetobacterales,Acetobacteraceae,Unassigned,Unassigned,18S,1b
591,716069528dfccd46147b0674877e2763,Ocean-lake-1b,4.0,Eukaryota,Unassigned,Unassigned,Unassigned,Unassigned,Unassigned,Unassigned,18S,1b
592,1c7aa645b9725fb3e11b6f1b937808fa,Ocean-lake-1b,4.0,Eukaryota,Euglenozoa,Kinetoplastea,Unassigned,Unassigned,Unassigned,Unassigned,18S,1b
593,c87d7cbb0306131f9def69fa62526083,Ocean-lake-1b,5.0,Eukaryota,Euglenozoa,Diplonemea,Diplonemea,Diplonemea,Unassigned,Unassigned,18S,1b
594,f4b93624c0e77546d372926f86d8bcec,Ocean-lake-1b,6.0,Eukaryota,Arthropoda,Insecta,Odonata,Odonata,Odonata,Unassigned,18S,1b
595,d4ab51d3b99e9cb082d9189d3e044cc0,Ocean-lake-1b,11.0,Eukaryota,MAST-12,MAST-12C,MAST-12C,MAST-12C,MAST-12C,Unassigned,18S,1b
596,7ef940fb6d1bf7461ed6f760457de65b,Ocean-lake-1b,11.0,Eukaryota,Unassigned,Unassigned,Unassigned,Unassigned,Unassigned,Unassigned,18S,1b
597,ea9ad04cb64f4d371cca75e539b9780f,Ocean-lake-1b,5.0,Eukaryota,Unassigned,Unassigned,Unassigned,Unassigned,Unassigned,Unassigned,18S,1b
598,a036a55cef35c15c760d401f8695a117,Ocean-lake-1b,10.0,Eukaryota,Unassigned,Unassigned,Unassigned,Unassigned,Unassigned,Unassigned,18S,1b
599,9cf8baabfacec1d65b3c7a9752ce2a93,Ocean-lake-1b,10.0,Eukaryota,Unassigned,Unassigned,Unassigned,Unassigned,Unassigned,Unassigned,18S,1b
600,8308508f4eacaae18b0467572f31e27c,Ocean-lake-1b,10.0,Eukaryota,Peronosporomycetes,Peronosporomycetes,Peronosporomycetes,Peronosporomycetes,Unassigned,Unassigned,18S,1b
601,ce25c7e404dd2e4320d6a788dd269bdb,Ocean-lake-1b,7.0,Eukaryota,Retaria,Foraminifera,Rotaliida,Unassigned,Unassigned,Unassigned,18S,1b
602,8ac445879843c07e569c7ba4844fc102,Ocean-lake-1b,5.0,Eukaryota,Prymnesiophyceae,Unassigned,Unassigned,Unassigned,Unassigned,Unassigned,18S,1b
603,3d6aaba1aaca1f2bc234a2050fc003ab,Ocean-lake-1b,4.0,Eukaryota,Unassigned,Unassigned,Unassigned,Unassigned,Unassigned,Unassigned,18S,1b
604,58cdc6f1f5fab685dc0beecb18507f97,Ocean-lake-1b,4.0,Eukaryota,Ciliophora,Intramacronucleata,Litostomatea,Mesodiniidae,Mesodiniidae,Unassigned,18S,1b
605,868b29428283087f42eb13233a3dfa5e,Ocean-lake-1b,5.0,Eukaryota,Unassigned,Unassigned,Unassigned,Unassigned,Unassigned,Unassigned,18S,1b
606,6d8772958da8af06b25b99b0e88ea933,Ocean-lake-1b,9.0,Eukaryota,Unassigned,Unassigned,Unassigned,Unassigned,Unassigned,Unassigned,18S,1b
607,329082434f92e8f458fe282b6853370a,Ocean-lake-1b,9.0,Eukaryota,Unassigned,Unassigned,Unassigned,Unassigned,Unassigned,Unassigned,18S,1b
608,801de6b85beffe9933075f9278cfcc07,Ocean-lake-1b,8.0,Eukaryota,Unassigned,Unassigned,Unassigned,Unassigned,Unassigned,Unassigned,18S,1b
609,0c8519c783e62cf38e836d6b87c3f376,Ocean-lake-1b,8.0,Eukaryota,Unassigned,Unassigned,Unassigned,Unassigned,Unassigned,Unassigned,18S,1b
610,5886a97846e02def0478b7e8947d5e2b,Ocean-lake-1b,3.0,Eukaryota,Unassigned,Unassigned,Unassigned,Unassigned,Unassigned,Unassigned,18S,1b
611,3e0f279a7829021f77cd7c6c446189aa,Ocean-lake-1b,7.0,Eukaryota,Chlorophyta,Chlorophyceae,Unassigned,Unassigned,Unassigned,Unassigned,18S,1b
612,7aff029a4f319ce9c458028dac76271a,Ocean-lake-1b,7.0,Eukaryota,Unassigned,Unassigned,Unassigned,Unassigned,Unassigned,Unassigned,18S,1b
613,076ea0fabbef712b83d8e39c3b9e71e9,Ocean-lake-1b,7.0,Eukaryota,Unassigned,Unassigned,Unassigned,Unassigned,Unassigned,Unassigned,18S,1b
614,d11f0dcc873b6b7abe93466c3b9385ee,Ocean-lake-1b,7.0,Eukaryota,Unassigned,Unassigned,Unassigned,Unassigned,Unassigned,Unassigned,18S,1b
615,7d625b426076339407f871905a547a0e,Ocean-lake-1b,7.0,Eukaryota,Unassigned,Unassigned,Unassigned,Unassigned,Unassigned,Unassigned,18S,1b
616,9c7b462df603ef9e75247c6a05fb9530,Ocean-lake-1b,7.0,Eukaryota,Unassigned,Unassigned,Unassigned,Unassigned,Unassigned,Unassigned,18S,1b
617,0afc6984a4b4f61459c433f3d2a489a7,Ocean-lake-1b,7.0,Bacteria,Unassigned,Unassigned,Unassigned,Unassigned,Unassigned,Unassigned,18S,1b
618,b3939c2e17be5d2fab002f98981add5d,Ocean-lake-1b,7.0,Eukaryota,Ciliophora,Intramacronucleata,Litostomatea,Unassigned,Unassigned,Unassigned,18S,1b
619,721816a0ffeeaa9464498a83f2055782,Ocean-lake-1b,6.0,Eukaryota,Unassigned,Unassigned,Unassigned,Unassigned,Unassigned,Unassigned,18S,1b
620,3168f7e1c7d3eeb2d9bedf21d23152ff,Ocean-lake-1b,6.0,Eukaryota,Unassigned,Unassigned,Unassigned,Unassigned,Unassigned,Unassigned,18S,1b
621,187e3c8a38af65205ed8ac0855dcf789,Ocean-lake-1b,6.0,Eukaryota,Unassigned,Unassigned,Unassigned,Unassigned,Unassigned,Unassigned,18S,1b
622,34ae7e4239144923747968ab178f7ab7,Ocean-lake-1b,6.0,Eukaryota,Unassigned,Unassigned,Unassigned,Unassigned,Unassigned,Unassigned,18S,1b
623,c31a6051f4c6bbe9db0da55619e6eb60,Ocean-lake-1b,6.0,Eukaryota,Unassigned,Unassigned,Unassigned,Unassigned,Unassigned,Unassigned,18S,1b
624,90693eab725601515dc8fbbfa01f65b3,Ocean-lake-1b,2.0,Unassigned,Unassigned,Unassigned,Unassigned,Unassigned,Unassigned,Unassigned,18S,1b
625,7dfeca3e4b60172fe8cf592bb4f29780,Ocean-lake-1b,5.0,Eukaryota,Unassigned,Unassigned,Unassigned,Unassigned,Unassigned,Unassigned,18S,1b
626,165077c587353dade00ac31bb9e95f57,Ocean-lake-1b,5.0,Eukaryota,Unassigned,Unassigned,Unassigned,Unassigned,Unassigned,Unassigned,18S,1b
627,1a55efa5244fa98df10279d21c0eb421,Ocean-lake-1b,5.0,Eukaryota,Unassigned,Unassigned,Unassigned,Unassigned,Unassigned,Unassigned,18S,1b
628,384067cf0bf24eb297f405624d50400c,Ocean-lake-1b,5.0,Eukaryota,Unassigned,Unassigned,Unassigned,Unassigned,Unassigned,Unassigned,18S,1b
629,007b10c0b915f30f555fb4e42ca63935,Ocean-lake-1b,5.0,Eukaryota,Cercozoa,Imbricatea,Imbricatea,Thaumatomonadida,Gyromitus,Unassigned,18S,1b
630,9d303341edfee6d549292e7027ca5ef5,Ocean-lake-1b,5.0,Eukaryota,Unassigned,Unassigned,Unassigned,Unassigned,Unassigned,Unassigned,18S,1b
631,5bdb066572305db0ca06cde97a4a0f6b,Ocean-lake-1b,5.0,Eukaryota,Unassigned,Unassigned,Unassigned,Unassigned,Unassigned,Unassigned,18S,1b
632,a26a0ff6073503807b6aaa865221a31b,Ocean-lake-1b,5.0,Eukaryota,Unassigned,Unassigned,Unassigned,Unassigned,Unassigned,Unassigned,18S,1b
633,7df256667ed63acb559a5939c50603f4,Ocean-lake-1b,5.0,Eukaryota,Unassigned,Unassigned,Unassigned,Unassigned,Unassigned,Unassigned,18S,1b
634,c62395fbea0ef5a63e4d1a3662ac8ef7,Ocean-lake-1b,5.0,Eukaryota,Unassigned,Unassigned,Unassigned,Unassigned,Unassigned,Unassigned,18S,1b
635,75b3120c9f4c8749d68ef8fd8a288fe4,Ocean-lake-1b,5.0,Bacteria,Unassigned,Unassigned,Unassigned,Unassigned,Unassigned,Unassigned,18S,1b
636,34a2c911be3e01e9ecb022f2f5eaa9ba,Ocean-lake-1b,5.0,Eukaryota,Euglenozoa,Euglenida,Heteronematina,Heteronematina,Petalomonas,Unassigned,18S,1b
637,5c37ef3a3c5f14f4ee25333ae955148e,Ocean-lake-1b,5.0,Eukaryota,Arthropoda,Malacostraca,Peracarida,Peracarida,Peracarida,Unassigned,18S,1b
638,aa531f7135e0ce289f61abafe8bf7a02,Ocean-lake-1b,2.0,Bacteria,Unassigned,Unassigned,Unassigned,Unassigned,Unassigned,Unassigned,18S,1b
639,619599e40044d7a0e499a63c12e210ee,Ocean-lake-1b,4.0,Eukaryota,Unassigned,Unassigned,Unassigned,Unassigned,Unassigned,Unassigned,18S,1b
640,0fc17f5d5272b2cf6da19c5709ad2083,Ocean-lake-1b,4.0,Eukaryota,Unassigned,Unassigned,Unassigned,Unassigned,Unassigned,Unassigned,18S,1b
641,bac750b13e1840a8f74298e04ce033b0,Ocean-lake-1b,4.0,Eukaryota,Unassigned,Unassigned,Unassigned,Unassigned,Unassigned,Unassigned,18S,1b
642,3dfb77d55872cd4f17e8b3a75386c821,Ocean-lake-1b,4.0,Eukaryota,Unassigned,Unassigned,Unassigned,Unassigned,Unassigned,Unassigned,18S,1b
643,ba9ccdded7856af7313e4d9b596baaa4,Ocean-lake-1b,4.0,Eukaryota,Unassigned,Unassigned,Unassigned,Unassigned,Unassigned,Unassigned,18S,1b
644,ac3b0a9e520ee93a7fe17a209d44aa0b,Ocean-lake-1b,4.0,Eukaryota,Unassigned,Unassigned,Unassigned,Unassigned,Unassigned,Unassigned,18S,1b
645,82304c360c92577791423d54b029b0cc,Ocean-lake-1b,4.0,Bacteria,Unassigned,Unassigned,Unassigned,Unassigned,Unassigned,Unassigned,18S,1b
646,09fd0340203c3407a5921f0241d155a8,Ocean-lake-1b,4.0,Eukaryota,Unassigned,Unassigned,Unassigned,Unassigned,Unassigned,Unassigned,18S,1b
647,0df39579535b59794ee18ffbedf5fe5d,Ocean-lake-1b,4.0,Bacteria,Proteobacteria,Gammaproteobacteria,Unassigned,Unassigned,Unassigned,Unassigned,18S,1b
648,18cd163cceb96138eb08b8155ae2ea49,Ocean-lake-1b,4.0,Eukaryota,Unassigned,Unassigned,Unassigned,Unassigned,Unassigned,Unassigned,18S,1b
649,015155602d9ce5798709655439c9c95c,Ocean-lake-1b,4.0,Eukaryota,Cercozoa,Thecofilosea,Cryomonadida,Rhizaspididae,Rhogostoma,Unassigned,18S,1b
650,f8704416e7051bd16deee90b846077fd,Ocean-lake-1b,3.0,Eukaryota,Unassigned,Unassigned,Unassigned,Unassigned,Unassigned,Unassigned,18S,1b
651,cecc8dae2b9fa24e2c1ace526f2ddb5f,Ocean-lake-1b,3.0,Bacteria,Unassigned,Unassigned,Unassigned,Unassigned,Unassigned,Unassigned,18S,1b
652,f1025cfdd9a3eef9d7bc1040e0406759,Ocean-lake-1b,3.0,Eukaryota,Unassigned,Unassigned,Unassigned,Unassigned,Unassigned,Unassigned,18S,1b
653,8a53f7721da989d6abc7793f03dfb335,Ocean-lake-1b,3.0,Eukaryota,Unassigned,Unassigned,Unassigned,Unassigned,Unassigned,Unassigned,18S,1b
654,48a29b2385d3538d16c475c7eac10ace,Ocean-lake-1b,3.0,Eukaryota,Unassigned,Unassigned,Unassigned,Unassigned,Unassigned,Unassigned,18S,1b
655,d882ef9e0a21ddd55f3298b63e65fbb3,Ocean-lake-1b,3.0,Eukaryota,Bryozoa,Gymnolaemata,Ctenostomatida,Ctenostomatida,Ctenostomatida,Unassigned,18S,1b
656,d4857cdc62b31123e3278f316d7d1d76,Ocean-lake-1b,3.0,Eukaryota,Unassigned,Unassigned,Unassigned,Unassigned,Unassigned,Unassigned,18S,1b
657,3503e6ab7af20ad7ba346b6105aa8db4,Ocean-lake-1b,2.0,Eukaryota,Unassigned,Unassigned,Unassigned,Unassigned,Unassigned,Unassigned,18S,1b
658,cf38441feba59d84523f34d8d5ce8a6c,Ocean-lake-1b,2.0,Eukaryota,Unassigned,Unassigned,Unassigned,Unassigned,Unassigned,Unassigned,18S,1b
659,580f28aa5d1f44a43a6dfff991ec40d1,Ocean-lake-2a,68237.0,Eukaryota,Diatomea,Mediophyceae,Mediophyceae,Mediophyceae,Cyclotella,Unassigned,18S,2a
660,0f3cd48f1c94814b7154f25164019d34,Ocean-lake-2a,4939.0,Eukaryota,Chlorophyta,Unassigned,Unassigned,Unassigned,Unassigned,Unassigned,18S,2a
661,11b9d90019b1ad2132d54d18269e8cfe,Ocean-lake-2a,42.0,Eukaryota,Diatomea,Unassigned,Unassigned,Unassigned,Unassigned,Unassigned,18S,2a
662,12a76450d16948a8424ab366731f715d,Ocean-lake-2a,2398.0,Eukaryota,Ciliophora,Intramacronucleata,Spirotrichea,Oligotrichia,Unassigned,Unassigned,18S,2a
663,888a360f6f9c93019e3683c917a5a30f,Ocean-lake-2a,1953.0,Eukaryota,Unassigned,Unassigned,Unassigned,Unassigned,Unassigned,Unassigned,18S,2a
664,67a34e4295d4d78881313a76a07e63fc,Ocean-lake-2a,1155.0,Eukaryota,Unassigned,Unassigned,Unassigned,Unassigned,Unassigned,Unassigned,18S,2a
665,b0c5b9aafe4462cc72c6e96c60040d26,Ocean-lake-2a,2526.0,Eukaryota,Mollusca,Bivalvia,Veneroida,Veneroida,Veneroida,Unassigned,18S,2a
666,79fc87d51594551637b3c9a1b628b4c8,Ocean-lake-2a,2202.0,Eukaryota,Diatomea,Unassigned,Unassigned,Unassigned,Unassigned,Unassigned,18S,2a
667,d28a43868d75da51cd2bc954d2708d37,Ocean-lake-2a,1721.0,Eukaryota,Chlorophyta,Unassigned,Unassigned,Unassigned,Unassigned,Unassigned,18S,2a
668,5cf8c03e23441ef96ea64d4f8b542ff3,Ocean-lake-2a,1597.0,Eukaryota,Diatomea,Mediophyceae,Mediophyceae,Mediophyceae,Cyclotella,Unassigned,18S,2a
669,a5e871dd507a8cbdc536b0a8bd6040c1,Ocean-lake-2a,3001.0,Eukaryota,Unassigned,Unassigned,Unassigned,Unassigned,Unassigned,Unassigned,18S,2a
670,fecc90352ddabd411e7c100442009b8f,Ocean-lake-2a,2311.0,Eukaryota,Unassigned,Unassigned,Unassigned,Unassigned,Unassigned,Unassigned,18S,2a
671,72baa20d784fde5d3dcb25d911c2e21b,Ocean-lake-2a,523.0,Eukaryota,Ciliophora,Intramacronucleata,Litostomatea,Mesodiniidae,Myrionecta,Unassigned,18S,2a
672,4bd7686246b011632d9ac3ad56fe1340,Ocean-lake-2a,245.0,Eukaryota,Diatomea,Unassigned,Unassigned,Unassigned,Unassigned,Unassigned,18S,2a
673,cefef1afb5aaae13beb3067a9492b577,Ocean-lake-2a,1221.0,Eukaryota,Unassigned,Unassigned,Unassigned,Unassigned,Unassigned,Unassigned,18S,2a
674,e065568334097ec85cc9969e9fcd4c52,Ocean-lake-2a,512.0,Eukaryota,Diatomea,Mediophyceae,Mediophyceae,Mediophyceae,Unassigned,Unassigned,18S,2a
675,7e8825f0c3911c34bd4b6e434704ec52,Ocean-lake-2a,608.0,Eukaryota,Ciliophora,Intramacronucleata,Spirotrichea,Oligotrichia,Unassigned,Unassigned,18S,2a
676,963dccae77b7bcdbbc801ac2006ea06b,Ocean-lake-2a,497.0,Eukaryota,Chlorophyta,Unassigned,Unassigned,Unassigned,Unassigned,Unassigned,18S,2a
677,0b9c5bfb1b7d0d8060f41ed3b38f69ae,Ocean-lake-2a,531.0,Eukaryota,Unassigned,Unassigned,Unassigned,Unassigned,Unassigned,Unassigned,18S,2a
678,942d127f7062c042b09607ed3b689ed5,Ocean-lake-2a,619.0,Eukaryota,Cryptophyceae,Cryptophyceae,Cryptomonadales,Cryptomonadales,Unassigned,Unassigned,18S,2a
679,bc769c927b40e8fc98fc67c26c82c1a1,Ocean-lake-2a,1210.0,Eukaryota,Unassigned,Unassigned,Unassigned,Unassigned,Unassigned,Unassigned,18S,2a
680,2896738f0180cd89b521f067935a907c,Ocean-lake-2a,9.0,Eukaryota,Diatomea,Mediophyceae,Mediophyceae,Mediophyceae,Unassigned,Unassigned,18S,2a
681,08b19f0cf2cf1e88741e6f1747e5de57,Ocean-lake-2a,554.0,Eukaryota,Unassigned,Unassigned,Unassigned,Unassigned,Unassigned,Unassigned,18S,2a
682,42b04abb6d8d6967ad7195cf8d063b96,Ocean-lake-2a,419.0,Eukaryota,Cryptophyceae,Cryptophyceae,Cryptomonadales,Cryptomonadales,Komma,Unassigned,18S,2a
683,c0052a2c8816af3e266a88509e677647,Ocean-lake-2a,401.0,Eukaryota,Cryptophyceae,Cryptophyceae,Cryptomonadales,Cryptomonadales,Unassigned,Unassigned,18S,2a
684,83ad8de13171993730ad0e5bcaf330bb,Ocean-lake-2a,395.0,Eukaryota,Unassigned,Unassigned,Unassigned,Unassigned,Unassigned,Unassigned,18S,2a
685,f25c47bfb774885e1082436026b40b1b,Ocean-lake-2a,305.0,Eukaryota,Unassigned,Unassigned,Unassigned,Unassigned,Unassigned,Unassigned,18S,2a
686,7ece59ad2f489c18e4797eb91ccef010,Ocean-lake-2a,541.0,Eukaryota,Unassigned,Unassigned,Unassigned,Unassigned,Unassigned,Unassigned,18S,2a
687,043a9ae1f0d350f487f898ff40674da8,Ocean-lake-2a,301.0,Eukaryota,Cryptophyceae,Cryptophyceae,Cryptomonadales,Cryptomonadales,Unassigned,Unassigned,18S,2a
688,6a55aec477d2bf784809bb63abec9039,Ocean-lake-2a,373.0,Eukaryota,Ochrophyta,Raphidophyceae,Chattonellales,Chattonellales,Viridilobus,Unassigned,18S,2a
689,50a3c67b008611d78dd4fce64774c657,Ocean-lake-2a,704.0,Eukaryota,Unassigned,Unassigned,Unassigned,Unassigned,Unassigned,Unassigned,18S,2a
690,55bee0f8a59ab6b8059002c3ff7d1a19,Ocean-lake-2a,314.0,Eukaryota,Cryptophyceae,Cryptophyceae,Cryptomonadales,Cryptomonadales,uncultured,Unassigned,18S,2a
691,bfb629b34778fff897268a2dc1822d38,Ocean-lake-2a,362.0,Eukaryota,Unassigned,Unassigned,Unassigned,Unassigned,Unassigned,Unassigned,18S,2a
692,19fc7e011fffc20b76be35a9671d377e,Ocean-lake-2a,298.0,Eukaryota,Cryptophyceae,Cryptophyceae,Cryptomonadales,Cryptomonadales,Unassigned,Unassigned,18S,2a
693,d21f58b9cf454b66a69f7f6e1bdb194c,Ocean-lake-2a,162.0,Eukaryota,Chlorophyta,Unassigned,Unassigned,Unassigned,Unassigned,Unassigned,18S,2a
694,a0749b62e096b323f6e4d769591a759c,Ocean-lake-2a,448.0,Eukaryota,Unassigned,Unassigned,Unassigned,Unassigned,Unassigned,Unassigned,18S,2a
695,1ff35f6ccebe9a6fceb2b2ef20bb77cd,Ocean-lake-2a,210.0,Eukaryota,Unassigned,Unassigned,Unassigned,Unassigned,Unassigned,Unassigned,18S,2a
696,cac17f9d04f37f6530cdf3d8577f35f7,Ocean-lake-2a,312.0,Eukaryota,Unassigned,Unassigned,Unassigned,Unassigned,Unassigned,Unassigned,18S,2a
697,e4b0e84a8adc341edc92edfe98736607,Ocean-lake-2a,103.0,Eukaryota,Unassigned,Unassigned,Unassigned,Unassigned,Unassigned,Unassigned,18S,2a
698,5faf214dda0d81dd738fdf6093db3e99,Ocean-lake-2a,359.0,Eukaryota,Ciliophora,Intramacronucleata,Spirotrichea,Choreotrichia,Unassigned,Unassigned,18S,2a
699,72ab9830f8cc2515d73f4d5ffb48491b,Ocean-lake-2a,275.0,Eukaryota,Mollusca,Bivalvia,Unassigned,Unassigned,Unassigned,Unassigned,18S,2a
700,99e7d6aa29edda081eddeb3b2e06f3e2,Ocean-lake-2a,168.0,Eukaryota,Unassigned,Unassigned,Unassigned,Unassigned,Unassigned,Unassigned,18S,2a
701,22222825e70bc42170e3e9d213e94ddf,Ocean-lake-2a,213.0,Eukaryota,Diatomea,Unassigned,Unassigned,Unassigned,Unassigned,Unassigned,18S,2a
702,d24423a739a11aa3bf3d98b2fbc51071,Ocean-lake-2a,270.0,Eukaryota,Unassigned,Unassigned,Unassigned,Unassigned,Unassigned,Unassigned,18S,2a
703,734ff95dad32c77e4446d9de5136aeda,Ocean-lake-2a,187.0,Eukaryota,Unassigned,Unassigned,Unassigned,Unassigned,Unassigned,Unassigned,18S,2a
704,c993f070797f0fe9db9a3debf4797806,Ocean-lake-2a,124.0,Eukaryota,Peronosporomycetes,Peronosporomycetes,Peronosporomycetes,Peronosporomycetes,Unassigned,Unassigned,18S,2a
705,6944d7fb7815e31542f3848504c27f78,Ocean-lake-2a,83.0,Eukaryota,Chlorophyta,Unassigned,Unassigned,Unassigned,Unassigned,Unassigned,18S,2a
706,7565b5ab479e79fb48b7c2f984c89f40,Ocean-lake-2a,132.0,Eukaryota,Unassigned,Unassigned,Unassigned,Unassigned,Unassigned,Unassigned,18S,2a
707,59e528155f660cb4c9e6083b11428d34,Ocean-lake-2a,98.0,Eukaryota,Chlorophyta,Unassigned,Unassigned,Unassigned,Unassigned,Unassigned,18S,2a
708,6b09a4fb785a23a1eca7dff93867825f,Ocean-lake-2a,163.0,Bacteria,Proteobacteria,Alphaproteobacteria,Rhizobiales,Unassigned,Unassigned,Unassigned,18S,2a
709,55e14a0d333ac97edc9f74c187c23c84,Ocean-lake-2a,211.0,Eukaryota,Unassigned,Unassigned,Unassigned,Unassigned,Unassigned,Unassigned,18S,2a
710,0e570dde32288c8c6ad72cde66d87438,Ocean-lake-2a,108.0,Eukaryota,Euglenozoa,Euglenida,Heteronematina,Heteronematina,Petalomonas,Unassigned,18S,2a
711,a46188e5b3b6038a8378eff6c19967ab,Ocean-lake-2a,85.0,Bacteria,Unassigned,Unassigned,Unassigned,Unassigned,Unassigned,Unassigned,18S,2a
712,3250155006d4bfc708f9ce3c08585b5c,Ocean-lake-2a,102.0,Eukaryota,Unassigned,Unassigned,Unassigned,Unassigned,Unassigned,Unassigned,18S,2a
713,a64a3e85c617df959c370cb96a46537f,Ocean-lake-2a,105.0,Eukaryota,Unassigned,Unassigned,Unassigned,Unassigned,Unassigned,Unassigned,18S,2a
714,57f5bc3b9cf548e4a0ab0d77c32f7512,Ocean-lake-2a,136.0,Eukaryota,Unassigned,Unassigned,Unassigned,Unassigned,Unassigned,Unassigned,18S,2a
715,bfde2586029d29a92a849e3f8a1ce900,Ocean-lake-2a,165.0,Eukaryota,Unassigned,Unassigned,Unassigned,Unassigned,Unassigned,Unassigned,18S,2a
716,bf5b3b136fb79cbf6ce787f4a1600a84,Ocean-lake-2a,114.0,Eukaryota,Chlorophyta,Unassigned,Unassigned,Unassigned,Unassigned,Unassigned,18S,2a
717,475af2610210fd8f5150a19b917d504d,Ocean-lake-2a,86.0,Bacteria,Proteobacteria,Alphaproteobacteria,Unassigned,Unassigned,Unassigned,Unassigned,18S,2a
718,7a36dee4892696d8480326ca0ac88086,Ocean-lake-2a,152.0,Eukaryota,Ciliophora,Intramacronucleata,Conthreep,Oligohymenophorea,Unassigned,Unassigned,18S,2a
719,0aca9aac7ec2ce1726f775a805040ee0,Ocean-lake-2a,14.0,Eukaryota,Diatomea,Mediophyceae,Mediophyceae,Mediophyceae,Cyclotella,Unassigned,18S,2a
720,90931abfea36e986f8e5772b17ff5740,Ocean-lake-2a,99.0,Eukaryota,Diatomea,Unassigned,Unassigned,Unassigned,Unassigned,Unassigned,18S,2a
721,106dd66448b5829a997792d0a5c3c4aa,Ocean-lake-2a,38.0,Eukaryota,Diatomea,Mediophyceae,Mediophyceae,Mediophyceae,Skeletonema,Unassigned,18S,2a
722,97c80167d81ab1bcc475f5011aee7302,Ocean-lake-2a,82.0,Bacteria,Proteobacteria,Alphaproteobacteria,Unassigned,Unassigned,Unassigned,Unassigned,18S,2a
723,74dbceefa2c6a8c1bcb9d4ef024323b1,Ocean-lake-2a,167.0,Eukaryota,Unassigned,Unassigned,Unassigned,Unassigned,Unassigned,Unassigned,18S,2a
724,10dfa08197cc3eeb69181d7191b61062,Ocean-lake-2a,83.0,Eukaryota,Unassigned,Unassigned,Unassigned,Unassigned,Unassigned,Unassigned,18S,2a
725,2cceb176ef1d14a541f0e36bb0be737e,Ocean-lake-2a,90.0,Eukaryota,Diatomea,Unassigned,Unassigned,Unassigned,Unassigned,Unassigned,18S,2a
726,b1969254ed96d1956cd43c84d256b012,Ocean-lake-2a,115.0,Eukaryota,Unassigned,Unassigned,Unassigned,Unassigned,Unassigned,Unassigned,18S,2a
727,a2ab398bc4486e5662aad6505fc32bc1,Ocean-lake-2a,60.0,Eukaryota,Mollusca,Bivalvia,Veneroida,Veneroida,Veneroida,Unassigned,18S,2a
728,fc352bee8d5438cfcf7361f65e947766,Ocean-lake-2a,58.0,Eukaryota,Unassigned,Unassigned,Unassigned,Unassigned,Unassigned,Unassigned,18S,2a
729,655c6363cc09822c003f9f039444acf4,Ocean-lake-2a,107.0,Eukaryota,Diatomea,Unassigned,Unassigned,Unassigned,Unassigned,Unassigned,18S,2a
730,c0f2ad2aaa1dd19b9fb6df2066de6e21,Ocean-lake-2a,59.0,Bacteria,Unassigned,Unassigned,Unassigned,Unassigned,Unassigned,Unassigned,18S,2a
731,fda1068082ff354437cd05eff0737d98,Ocean-lake-2a,59.0,Eukaryota,Unassigned,Unassigned,Unassigned,Unassigned,Unassigned,Unassigned,18S,2a
732,fd38240ac0edce16a36b0ca85c2500b3,Ocean-lake-2a,51.0,Eukaryota,Unassigned,Unassigned,Unassigned,Unassigned,Unassigned,Unassigned,18S,2a
733,c258c5fc831ea7b6cdc5889222975e7b,Ocean-lake-2a,51.0,Eukaryota,Diatomea,Coscinodiscophytina,Coscinodiscophytina,Rhizosolenids,Leptocylindrus,Unassigned,18S,2a
734,7a9a590dc04a4d3e424012fe5bd69a38,Ocean-lake-2a,87.0,Eukaryota,Unassigned,Unassigned,Unassigned,Unassigned,Unassigned,Unassigned,18S,2a
735,fb2b5c7b73a9527ba27d5373371111af,Ocean-lake-2a,26.0,Bacteria,Proteobacteria,Alphaproteobacteria,Sphingomonadales,Sphingomonadaceae,Sphingomicrobium,Unassigned,18S,2a
736,4099471fc161aedb6e8a58d615b3aa3e,Ocean-lake-2a,40.0,Bacteria,Unassigned,Unassigned,Unassigned,Unassigned,Unassigned,Unassigned,18S,2a
737,de857631ab2dac63814154d360267ee0,Ocean-lake-2a,59.0,Eukaryota,Chlorophyta,Unassigned,Unassigned,Unassigned,Unassigned,Unassigned,18S,2a
738,569e66f3b2c312653a4d21d9c282b914,Ocean-lake-2a,24.0,Eukaryota,Unassigned,Unassigned,Unassigned,Unassigned,Unassigned,Unassigned,18S,2a
739,3d18fd6852d2f7e5cf1b890653d063ac,Ocean-lake-2a,35.0,Eukaryota,Unassigned,Unassigned,Unassigned,Unassigned,Unassigned,Unassigned,18S,2a
740,1f5dbaf16e1106969a9d877e9c5cb0e8,Ocean-lake-2a,34.0,Bacteria,Proteobacteria,Alphaproteobacteria,Rhodobacterales,Rhodobacteraceae,Unassigned,Unassigned,18S,2a
741,81d8f6323d857884747ef007a3f58a5f,Ocean-lake-2a,48.0,Eukaryota,Unassigned,Unassigned,Unassigned,Unassigned,Unassigned,Unassigned,18S,2a
742,10cbcca6ee1f1d2b75277b2be0e9def2,Ocean-lake-2a,26.0,Eukaryota,Unassigned,Unassigned,Unassigned,Unassigned,Unassigned,Unassigned,18S,2a
743,8ae55a787d07219f8cb16baa617917cf,Ocean-lake-2a,31.0,Eukaryota,Ochrophyta,Chrysophyceae,Chromulinales,Chromulinales,Poteriospumella,Unassigned,18S,2a
744,17523eb33b14210399ac1a4ad508cccc,Ocean-lake-2a,22.0,Eukaryota,Unassigned,Unassigned,Unassigned,Unassigned,Unassigned,Unassigned,18S,2a
745,0668198196c342d0ae5dc3a85077408d,Ocean-lake-2a,32.0,Eukaryota,Diatomea,Unassigned,Unassigned,Unassigned,Unassigned,Unassigned,18S,2a
746,5e78fca23b846c2b3dc18cf6f17113f9,Ocean-lake-2a,19.0,Eukaryota,Unassigned,Unassigned,Unassigned,Unassigned,Unassigned,Unassigned,18S,2a
747,ecc74490349bac233a854c5c6e0261f1,Ocean-lake-2a,48.0,Eukaryota,Unassigned,Unassigned,Unassigned,Unassigned,Unassigned,Unassigned,18S,2a
748,f8716943529321e35bc67cb10675dcc9,Ocean-lake-2a,46.0,Eukaryota,Cryptophyceae,Cryptophyceae,Cryptomonadales,Cryptomonadales,Komma,Unassigned,18S,2a
749,26ce79a132def3ececb801584b505abb,Ocean-lake-2a,51.0,Eukaryota,Holozoa,Choanoflagellida,Acanthoecida,Acanthoecidae,Savillea,Unassigned,18S,2a
750,e586d7015a90ea0d2a8a7bb2fc1034d7,Ocean-lake-2a,54.0,Eukaryota,Peronosporomycetes,Peronosporomycetes,Peronosporomycetes,Peronosporomycetes,Unassigned,Unassigned,18S,2a
751,cce1770a5e93e90f1494e5586fd50699,Ocean-lake-2a,28.0,Eukaryota,Unassigned,Unassigned,Unassigned,Unassigned,Unassigned,Unassigned,18S,2a
752,1f566b512cfed67d24839941324159c7,Ocean-lake-2a,49.0,Eukaryota,Unassigned,Unassigned,Unassigned,Unassigned,Unassigned,Unassigned,18S,2a
753,f6987a195833584b7f2425b2e4830676,Ocean-lake-2a,68.0,Eukaryota,Unassigned,Unassigned,Unassigned,Unassigned,Unassigned,Unassigned,18S,2a
754,94d1215ba339547564144cd80067e468,Ocean-lake-2a,24.0,Eukaryota,Unassigned,Unassigned,Unassigned,Unassigned,Unassigned,Unassigned,18S,2a
755,547337c71a60e1fbfbd31253245831ff,Ocean-lake-2a,33.0,Eukaryota,Cercozoa,Imbricatea,Imbricatea,Euglyphida,Paulinella,Unassigned,18S,2a
756,5062e3752762e77d8112b45d5598c76c,Ocean-lake-2a,48.0,Eukaryota,Unassigned,Unassigned,Unassigned,Unassigned,Unassigned,Unassigned,18S,2a
757,dfc3aaf0a998c97dd62d7b5b8f6f8510,Ocean-lake-2a,48.0,Eukaryota,Diatomea,Unassigned,Unassigned,Unassigned,Unassigned,Unassigned,18S,2a
758,22c6f1265eb4d6f1331bd58a4356590b,Ocean-lake-2a,25.0,Bacteria,Planctomycetota,Planctomycetes,Pirellulales,Pirellulaceae,Unassigned,Unassigned,18S,2a
759,19a56d5bd0bf329aec933932e7b9e92f,Ocean-lake-2a,45.0,Eukaryota,Unassigned,Unassigned,Unassigned,Unassigned,Unassigned,Unassigned,18S,2a
760,b4513436e867b40145adddb506bf0475,Ocean-lake-2a,29.0,Bacteria,Proteobacteria,Gammaproteobacteria,Pseudomonadales,Unassigned,Unassigned,Unassigned,18S,2a
761,6f1a240c08dbec18e9e20c2be8e45281,Ocean-lake-2a,22.0,Eukaryota,Unassigned,Unassigned,Unassigned,Unassigned,Unassigned,Unassigned,18S,2a
762,49c88659b4a6a28d2ca4913177d701b2,Ocean-lake-2a,18.0,Eukaryota,Chlorophyta,Unassigned,Unassigned,Unassigned,Unassigned,Unassigned,18S,2a
763,59912db1c92f121cf8678826462915f2,Ocean-lake-2a,71.0,Eukaryota,Unassigned,Unassigned,Unassigned,Unassigned,Unassigned,Unassigned,18S,2a
764,770a12f9a251dcae3815ca82a8593582,Ocean-lake-2a,11.0,Eukaryota,Chlorophyta,Unassigned,Unassigned,Unassigned,Unassigned,Unassigned,18S,2a
765,c943ebe3cdbc12da3c5b3c8e27e06050,Ocean-lake-2a,32.0,Eukaryota,Unassigned,Unassigned,Unassigned,Unassigned,Unassigned,Unassigned,18S,2a
766,14422e48b3be66cd259f3e65af86b9f7,Ocean-lake-2a,21.0,Eukaryota,Unassigned,Unassigned,Unassigned,Unassigned,Unassigned,Unassigned,18S,2a
767,6c370324395f892dd3d16f549f18eb03,Ocean-lake-2a,34.0,Eukaryota,Unassigned,Unassigned,Unassigned,Unassigned,Unassigned,Unassigned,18S,2a
768,49ebdc6e2e571e26069d1b0611e1beba,Ocean-lake-2a,23.0,Eukaryota,Unassigned,Unassigned,Unassigned,Unassigned,Unassigned,Unassigned,18S,2a
769,a7d314f54e116d111a46d897b2172cdf,Ocean-lake-2a,38.0,Eukaryota,Unassigned,Unassigned,Unassigned,Unassigned,Unassigned,Unassigned,18S,2a
770,0bd8b0429a3b292ead2258e0829de255,Ocean-lake-2a,18.0,Eukaryota,Unassigned,Unassigned,Unassigned,Unassigned,Unassigned,Unassigned,18S,2a
771,e23bec28a8e7b9a17544c552383b1831,Ocean-lake-2a,34.0,Eukaryota,Diatomea,Unassigned,Unassigned,Unassigned,Unassigned,Unassigned,18S,2a
772,c451ab7ceebdca242bc792f4cf48a507,Ocean-lake-2a,17.0,Eukaryota,Diatomea,Unassigned,Unassigned,Unassigned,Unassigned,Unassigned,18S,2a
773,d747e1f6a237a975873a9bea35bc9ec0,Ocean-lake-2a,47.0,Eukaryota,Ciliophora,Intramacronucleata,Conthreep,Oligohymenophorea,Unassigned,Unassigned,18S,2a
774,4132ad58cad208ff63e44cb5de23e06f,Ocean-lake-2a,46.0,Eukaryota,Unassigned,Unassigned,Unassigned,Unassigned,Unassigned,Unassigned,18S,2a
775,734e105a0d4dd6e00ca675a35e01e11f,Ocean-lake-2a,28.0,Eukaryota,Unassigned,Unassigned,Unassigned,Unassigned,Unassigned,Unassigned,18S,2a
776,8b6aeb8def45751002ddc07cad65cb75,Ocean-lake-2a,46.0,Eukaryota,Unassigned,Unassigned,Unassigned,Unassigned,Unassigned,Unassigned,18S,2a
777,cf680c787b06a4d2cdc41206ab4a53c0,Ocean-lake-2a,16.0,Eukaryota,Unassigned,Unassigned,Unassigned,Unassigned,Unassigned,Unassigned,18S,2a
778,10211e64ef1e205bf4e74420d9aebcf4,Ocean-lake-2a,12.0,Eukaryota,Unassigned,Unassigned,Unassigned,Unassigned,Unassigned,Unassigned,18S,2a
779,634234e1100e3650e5586adc97fbf896,Ocean-lake-2a,17.0,Bacteria,Proteobacteria,Gammaproteobacteria,Enterobacterales,Unassigned,Unassigned,Unassigned,18S,2a
780,43971dfd1e364bd058f9fb7bb48620bd,Ocean-lake-2a,22.0,Eukaryota,Unassigned,Unassigned,Unassigned,Unassigned,Unassigned,Unassigned,18S,2a
781,09a4ca6ddcab4994b2cab6229ffc438b,Ocean-lake-2a,40.0,Eukaryota,Unassigned,Unassigned,Unassigned,Unassigned,Unassigned,Unassigned,18S,2a
782,86ab0f349721189e69619267611d940e,Ocean-lake-2a,47.0,Eukaryota,Ciliophora,Intramacronucleata,Spirotrichea,Oligotrichia,Unassigned,Unassigned,18S,2a
783,d5e412859c3150c7b58ecd82be6ab920,Ocean-lake-2a,11.0,Eukaryota,Unassigned,Unassigned,Unassigned,Unassigned,Unassigned,Unassigned,18S,2a
784,606d80d229e7b28f8fb025414304a9fc,Ocean-lake-2a,28.0,Eukaryota,Chlorophyta,Chlorophyceae,Unassigned,Unassigned,Unassigned,Unassigned,18S,2a
785,84ada7b042a100757c00a0d366191296,Ocean-lake-2a,31.0,Eukaryota,Ochrophyta,Chrysophyceae,Unassigned,Unassigned,Unassigned,Unassigned,18S,2a
786,e7ef54a1a9415f3d88fa430107d1cd63,Ocean-lake-2a,20.0,Eukaryota,Unassigned,Unassigned,Unassigned,Unassigned,Unassigned,Unassigned,18S,2a
787,7961e4b9a6e837222a77346ccbbccec2,Ocean-lake-2a,24.0,Eukaryota,Unassigned,Unassigned,Unassigned,Unassigned,Unassigned,Unassigned,18S,2a
788,d03d25a5f2ff32f211d164b0ec9e7204,Ocean-lake-2a,35.0,Eukaryota,Unassigned,Unassigned,Unassigned,Unassigned,Unassigned,Unassigned,18S,2a
789,aae983c32c636aa9ecb82af87e7cfcc6,Ocean-lake-2a,62.0,Eukaryota,Unassigned,Unassigned,Unassigned,Unassigned,Unassigned,Unassigned,18S,2a
790,2a12208dc448727ec7cde0f6cdf587c7,Ocean-lake-2a,15.0,Eukaryota,Unassigned,Unassigned,Unassigned,Unassigned,Unassigned,Unassigned,18S,2a
791,df10cc4250c9dd5b011683b5eb36b68f,Ocean-lake-2a,20.0,Eukaryota,Unassigned,Unassigned,Unassigned,Unassigned,Unassigned,Unassigned,18S,2a
792,e224e58ee0efdfe2e4f4475b12cd662e,Ocean-lake-2a,13.0,Eukaryota,Unassigned,Unassigned,Unassigned,Unassigned,Unassigned,Unassigned,18S,2a
793,7d14b86a8712a3eea57669e4db769535,Ocean-lake-2a,49.0,Eukaryota,Unassigned,Unassigned,Unassigned,Unassigned,Unassigned,Unassigned,18S,2a
794,fe9cfbf1f440c2e1d866c8a71d75294d,Ocean-lake-2a,33.0,Eukaryota,Unassigned,Unassigned,Unassigned,Unassigned,Unassigned,Unassigned,18S,2a
795,168c6412c74239f42b509db0d4f48179,Ocean-lake-2a,45.0,Eukaryota,Unassigned,Unassigned,Unassigned,Unassigned,Unassigned,Unassigned,18S,2a
796,2c2ee6618dfbd757b4f2a8b04e1b6fcf,Ocean-lake-2a,35.0,Eukaryota,Unassigned,Unassigned,Unassigned,Unassigned,Unassigned,Unassigned,18S,2a
797,53c18b0aaf423d08299b042f3c536fcb,Ocean-lake-2a,19.0,Eukaryota,Ochrophyta,Eustigmatophyceae,Eustigmatales,Eustigmatales,uncultured,Unassigned,18S,2a
798,5c9fa1b11ffff450b937a54fc3c4bf48,Ocean-lake-2a,26.0,Eukaryota,Euglenozoa,Kinetoplastea,Unassigned,Unassigned,Unassigned,Unassigned,18S,2a
799,bce39c483796bd5d13851170c7eedebf,Ocean-lake-2a,9.0,Eukaryota,Unassigned,Unassigned,Unassigned,Unassigned,Unassigned,Unassigned,18S,2a
800,76202a8cd87cd41d08ae65b2cd37c79a,Ocean-lake-2a,24.0,Eukaryota,Dinoflagellata,Dinophyceae,Unassigned,Unassigned,Unassigned,Unassigned,18S,2a
801,0fe930bd32fd2259184712271edfdfe0,Ocean-lake-2a,50.0,Eukaryota,Unassigned,Unassigned,Unassigned,Unassigned,Unassigned,Unassigned,18S,2a
802,b56dc08388883611aa5be7306b35171f,Ocean-lake-2a,11.0,Eukaryota,Unassigned,Unassigned,Unassigned,Unassigned,Unassigned,Unassigned,18S,2a
803,86d879f5984d156c086f254b403ec010,Ocean-lake-2a,15.0,Eukaryota,Unassigned,Unassigned,Unassigned,Unassigned,Unassigned,Unassigned,18S,2a
804,aee9a58be016f0ff7c02d6fe7cecf07c,Ocean-lake-2a,21.0,Eukaryota,Chlorophyta,Chlorophyceae,Unassigned,Unassigned,Unassigned,Unassigned,18S,2a
805,303fadfd2b4072262b67769fadfd00e2,Ocean-lake-2a,24.0,Eukaryota,Unassigned,Unassigned,Unassigned,Unassigned,Unassigned,Unassigned,18S,2a
806,5d576efb9c3ab408073a93d8825fae11,Ocean-lake-2a,5.0,Eukaryota,Chlorophyta,Unassigned,Unassigned,Unassigned,Unassigned,Unassigned,18S,2a
807,bfa54a137d4cee7f5250b325378f1e8a,Ocean-lake-2a,5.0,Eukaryota,Unassigned,Unassigned,Unassigned,Unassigned,Unassigned,Unassigned,18S,2a
808,c9f2826d9f8bb2285090de958740db9f,Ocean-lake-2a,13.0,Eukaryota,Unassigned,Unassigned,Unassigned,Unassigned,Unassigned,Unassigned,18S,2a
809,0fe09d7b8393049c4721939822c3b285,Ocean-lake-2a,35.0,Eukaryota,Unassigned,Unassigned,Unassigned,Unassigned,Unassigned,Unassigned,18S,2a
810,23bd22191073d9689eb32b1f8f8ce1ad,Ocean-lake-2a,22.0,Eukaryota,Ciliophora,Intramacronucleata,Spirotrichea,Choreotrichia,Tintinnidium,Unassigned,18S,2a
811,210be746dd9ad44fea1a6008d2748957,Ocean-lake-2a,15.0,Bacteria,Unassigned,Unassigned,Unassigned,Unassigned,Unassigned,Unassigned,18S,2a
812,3e7c5e8568a3fbbfd325d15ec695ecb6,Ocean-lake-2a,9.0,Bacteria,Proteobacteria,Alphaproteobacteria,Unassigned,Unassigned,Unassigned,Unassigned,18S,2a
813,a14a000e60f3f29fe436dea1895b0551,Ocean-lake-2a,28.0,Eukaryota,Unassigned,Unassigned,Unassigned,Unassigned,Unassigned,Unassigned,18S,2a
814,78cef7b7e81683fbfa76dedd92866200,Ocean-lake-2a,61.0,Eukaryota,Unassigned,Unassigned,Unassigned,Unassigned,Unassigned,Unassigned,18S,2a
815,cc286ddc5b93b1d8fe32d0790bf27a70,Ocean-lake-2a,23.0,Eukaryota,Unassigned,Unassigned,Unassigned,Unassigned,Unassigned,Unassigned,18S,2a
816,b98d5b4982fa6732f9676b2e06854c88,Ocean-lake-2a,25.0,Eukaryota,Unassigned,Unassigned,Unassigned,Unassigned,Unassigned,Unassigned,18S,2a
817,404121735b1401cd20f665e51379bba7,Ocean-lake-2a,14.0,Bacteria,Verrucomicrobiota,Verrucomicrobiae,Opitutales,Opitutaceae,Unassigned,Unassigned,18S,2a
818,b7c5110f4de1dd8a63b38b08afde62d2,Ocean-lake-2a,25.0,Eukaryota,Cercozoa,Imbricatea,Imbricatea,Euglyphida,Euglypha,Unassigned,18S,2a
819,137b0aced186c4c53af41e0846308146,Ocean-lake-2a,13.0,Bacteria,Proteobacteria,Gammaproteobacteria,Unassigned,Unassigned,Unassigned,Unassigned,18S,2a
820,b935bdc23acd85566d96b5ef1e3930e4,Ocean-lake-2a,20.0,Eukaryota,Dinoflagellata,Dinophyceae,Unassigned,Unassigned,Unassigned,Unassigned,18S,2a
821,57ac77cef5ab072b072d69eda7f7e3ae,Ocean-lake-2a,9.0,Eukaryota,Unassigned,Unassigned,Unassigned,Unassigned,Unassigned,Unassigned,18S,2a
822,04246a4240fee23bc17b29aaa5365b82,Ocean-lake-2a,8.0,Eukaryota,Unassigned,Unassigned,Unassigned,Unassigned,Unassigned,Unassigned,18S,2a
823,81296e17895413d20120dd12295d12ea,Ocean-lake-2a,8.0,Eukaryota,Unassigned,Unassigned,Unassigned,Unassigned,Unassigned,Unassigned,18S,2a
824,c0030f4c322d51307052c52be4d3adfa,Ocean-lake-2a,30.0,Eukaryota,Ciliophora,Intramacronucleata,Spirotrichea,Hypotrichia,Unassigned,Unassigned,18S,2a
825,3d8a6a1682334a14af844118a5435458,Ocean-lake-2a,19.0,Bacteria,Proteobacteria,Alphaproteobacteria,Unassigned,Unassigned,Unassigned,Unassigned,18S,2a
826,8d85c3e6f54c17b6d85653ed89b90452,Ocean-lake-2a,16.0,Eukaryota,Euglenozoa,Euglenida,Heteronematina,Heteronematina,Petalomonas,Unassigned,18S,2a
827,1a3beb53fbf9e5bc81d01787603afca0,Ocean-lake-2a,15.0,Eukaryota,Ascomycota,Unassigned,Unassigned,Unassigned,Unassigned,Unassigned,18S,2a
828,aff6f6b46eef0ddf22a66c97526aff06,Ocean-lake-2a,9.0,Bacteria,Planctomycetota,Planctomycetes,Unassigned,Unassigned,Unassigned,Unassigned,18S,2a
829,4ddd84bbc642fce6d3ed62506f6ad655,Ocean-lake-2a,27.0,Eukaryota,Unassigned,Unassigned,Unassigned,Unassigned,Unassigned,Unassigned,18S,2a
830,e9fc18a635177798af581e64d2965b92,Ocean-lake-2a,15.0,Eukaryota,Unassigned,Unassigned,Unassigned,Unassigned,Unassigned,Unassigned,18S,2a
831,9fdf77d849eab1a1c9b4ca0ac656ae33,Ocean-lake-2a,25.0,Eukaryota,Unassigned,Unassigned,Unassigned,Unassigned,Unassigned,Unassigned,18S,2a
832,c381bf315de46f7323df491f3023fce5,Ocean-lake-2a,16.0,Eukaryota,MAST-12,MAST-12C,MAST-12C,MAST-12C,MAST-12C,Unassigned,18S,2a
833,ff538458707c13776e0067b11931712f,Ocean-lake-2a,32.0,Eukaryota,Unassigned,Unassigned,Unassigned,Unassigned,Unassigned,Unassigned,18S,2a
834,854e9bbedb747884cf9ea4bed69f13b3,Ocean-lake-2a,18.0,Eukaryota,Diatomea,Unassigned,Unassigned,Unassigned,Unassigned,Unassigned,18S,2a
835,ee66129eb23c42954e1a1c9e5f76faed,Ocean-lake-2a,19.0,Eukaryota,Unassigned,Unassigned,Unassigned,Unassigned,Unassigned,Unassigned,18S,2a
836,70fd5cc8a3cba23184290c56c87cee56,Ocean-lake-2a,21.0,Bacteria,Proteobacteria,Gammaproteobacteria,Unassigned,Unassigned,Unassigned,Unassigned,18S,2a
837,1c630c8eda457131357f7279ba129399,Ocean-lake-2a,11.0,Eukaryota,Unassigned,Unassigned,Unassigned,Unassigned,Unassigned,Unassigned,18S,2a
838,965dec0743ce144d7a2e73102393d756,Ocean-lake-2a,8.0,Bacteria,Proteobacteria,Alphaproteobacteria,Unassigned,Unassigned,Unassigned,Unassigned,18S,2a
839,8b60e7bea401fbdcb41784453d372389,Ocean-lake-2a,9.0,Eukaryota,Unassigned,Unassigned,Unassigned,Unassigned,Unassigned,Unassigned,18S,2a
840,f4c1d161c2f28e12412d57b1d655ae5c,Ocean-lake-2a,10.0,Eukaryota,Unassigned,Unassigned,Unassigned,Unassigned,Unassigned,Unassigned,18S,2a
841,2d77a3e664f5717535308d55c4facb77,Ocean-lake-2a,8.0,Eukaryota,Ascomycota,Dothideomycetes,Capnodiales,Unassigned,Unassigned,Unassigned,18S,2a
842,d5c196a1f3177da13211bbec07d0c2b7,Ocean-lake-2a,36.0,Eukaryota,Unassigned,Unassigned,Unassigned,Unassigned,Unassigned,Unassigned,18S,2a
843,c5f8d74173b0e12be6a70a1325a11721,Ocean-lake-2a,10.0,Eukaryota,Unassigned,Unassigned,Unassigned,Unassigned,Unassigned,Unassigned,18S,2a
844,68ca3cd376be473a285625e4a3ef2f7b,Ocean-lake-2a,25.0,Eukaryota,Chlorophyta,Chlorophyceae,Sphaeropleales,Sphaeropleales,Neodesmus,Unassigned,18S,2a
845,40dbf9288e4e4ea80f1f5e0a9fa0f6bf,Ocean-lake-2a,17.0,Eukaryota,Unassigned,Unassigned,Unassigned,Unassigned,Unassigned,Unassigned,18S,2a
846,f09221eaa9f38dc8f777fafe8d801c3f,Ocean-lake-2a,35.0,Eukaryota,Unassigned,Unassigned,Unassigned,Unassigned,Unassigned,Unassigned,18S,2a
847,efb84c7e69424b6f8786bc1ff9faf6ae,Ocean-lake-2a,9.0,Bacteria,Proteobacteria,Gammaproteobacteria,Unassigned,Unassigned,Unassigned,Unassigned,18S,2a
848,341eb6826121c6f5b8ebdcfb9ea60b21,Ocean-lake-2a,9.0,Eukaryota,Unassigned,Unassigned,Unassigned,Unassigned,Unassigned,Unassigned,18S,2a
849,d23ffed359f339ccea455c8a014d2629,Ocean-lake-2a,34.0,Eukaryota,Diatomea,Unassigned,Unassigned,Unassigned,Unassigned,Unassigned,18S,2a
850,5616ca0e46dcbd04ffd07281344d06ec,Ocean-lake-2a,19.0,Eukaryota,Unassigned,Unassigned,Unassigned,Unassigned,Unassigned,Unassigned,18S,2a
851,71aa09468a6f56d31dcfa3611c6409a3,Ocean-lake-2a,15.0,Eukaryota,Unassigned,Unassigned,Unassigned,Unassigned,Unassigned,Unassigned,18S,2a
852,ffbd85777329f79688b5e6eab5fea99d,Ocean-lake-2a,33.0,Eukaryota,Diatomea,Unassigned,Unassigned,Unassigned,Unassigned,Unassigned,18S,2a
853,e7e3065c88f6887640e4c29be03f4c3a,Ocean-lake-2a,7.0,Bacteria,Unassigned,Unassigned,Unassigned,Unassigned,Unassigned,Unassigned,18S,2a
854,86960d9f47b69e3a5b4f77f8632ab77f,Ocean-lake-2a,22.0,Eukaryota,Peronosporomycetes,Peronosporomycetes,Peronosporomycetes,Peronosporomycetes,Unassigned,Unassigned,18S,2a
855,25c52ac2b8494ec6e33973ad62da6c78,Ocean-lake-2a,11.0,Eukaryota,Unassigned,Unassigned,Unassigned,Unassigned,Unassigned,Unassigned,18S,2a
856,6ed64c0bd2f6934403e2f28c72b11591,Ocean-lake-2a,18.0,Eukaryota,Unassigned,Unassigned,Unassigned,Unassigned,Unassigned,Unassigned,18S,2a
857,2605c71b92ee52c5b5ace4b6fb8cea3c,Ocean-lake-2a,30.0,Eukaryota,Unassigned,Unassigned,Unassigned,Unassigned,Unassigned,Unassigned,18S,2a
858,b089bc8f08c7e87633a1aa1f8d59b3cc,Ocean-lake-2a,13.0,Eukaryota,Unassigned,Unassigned,Unassigned,Unassigned,Unassigned,Unassigned,18S,2a
859,aea5d93e6e6b77a209f0365d7ea01fc4,Ocean-lake-2a,14.0,Bacteria,Unassigned,Unassigned,Unassigned,Unassigned,Unassigned,Unassigned,18S,2a
860,fc0f50d11aad2565d5093729011baa24,Ocean-lake-2a,14.0,Eukaryota,Unassigned,Unassigned,Unassigned,Unassigned,Unassigned,Unassigned,18S,2a
861,d5fcc581fb53e9e27f24c9e8d4cd1413,Ocean-lake-2a,12.0,Eukaryota,Unassigned,Unassigned,Unassigned,Unassigned,Unassigned,Unassigned,18S,2a
862,5883a03d443cb650e76a5506f873a329,Ocean-lake-2a,19.0,Eukaryota,Unassigned,Unassigned,Unassigned,Unassigned,Unassigned,Unassigned,18S,2a
863,ed58b4c7018fdad7db2d6c8100a01e2a,Ocean-lake-2a,14.0,Eukaryota,Unassigned,Unassigned,Unassigned,Unassigned,Unassigned,Unassigned,18S,2a
864,309c3557860ac913dffefb59bceeb5c6,Ocean-lake-2a,11.0,Eukaryota,Unassigned,Unassigned,Unassigned,Unassigned,Unassigned,Unassigned,18S,2a
865,82e257b77480ff49019150634656ee36,Ocean-lake-2a,11.0,Eukaryota,Unassigned,Unassigned,Unassigned,Unassigned,Unassigned,Unassigned,18S,2a
866,5a3250e028cdcc2d8933911d4435e005,Ocean-lake-2a,11.0,Bacteria,Unassigned,Unassigned,Unassigned,Unassigned,Unassigned,Unassigned,18S,2a
867,5b43fe62fea1495465d8be1654978017,Ocean-lake-2a,26.0,Eukaryota,Peronosporomycetes,Peronosporomycetes,Peronosporomycetes,Peronosporomycetes,Unassigned,Unassigned,18S,2a
868,b9cc45a903671fe84a1f6f6336632693,Ocean-lake-2a,16.0,Eukaryota,Ciliophora,Intramacronucleata,Spirotrichea,Hypotrichia,Neourostylopsis,Unassigned,18S,2a
869,567e16fc439773b64e6525b968fba41a,Ocean-lake-2a,10.0,Eukaryota,Unassigned,Unassigned,Unassigned,Unassigned,Unassigned,Unassigned,18S,2a
870,d6d273df1054e48becf5349aacacce8d,Ocean-lake-2a,15.0,Eukaryota,Unassigned,Unassigned,Unassigned,Unassigned,Unassigned,Unassigned,18S,2a
871,06af5ae0dce0b5fd5a0752e46a824faf,Ocean-lake-2a,24.0,Eukaryota,Diatomea,Unassigned,Unassigned,Unassigned,Unassigned,Unassigned,18S,2a
872,f24ba786d9e4c590098f0964b27acaa7,Ocean-lake-2a,23.0,Eukaryota,Unassigned,Unassigned,Unassigned,Unassigned,Unassigned,Unassigned,18S,2a
873,12f4ced0516afc95b84b55c5ab86454a,Ocean-lake-2a,10.0,Eukaryota,Unassigned,Unassigned,Unassigned,Unassigned,Unassigned,Unassigned,18S,2a
874,0ad23a575e952adedfcbf695e1731ad4,Ocean-lake-2a,13.0,Eukaryota,Ciliophora,Intramacronucleata,Litostomatea,Unassigned,Unassigned,Unassigned,18S,2a
875,1ad44d7160b4985451b8248ce282c557,Ocean-lake-2a,14.0,Eukaryota,Unassigned,Unassigned,Unassigned,Unassigned,Unassigned,Unassigned,18S,2a
876,26d79ea3645c1b3dc8d357f39b7d2a67,Ocean-lake-2a,22.0,Eukaryota,Unassigned,Unassigned,Unassigned,Unassigned,Unassigned,Unassigned,18S,2a
877,cecc527ffc0a49ef183b2aa5d753d576,Ocean-lake-2a,21.0,Eukaryota,Unassigned,Unassigned,Unassigned,Unassigned,Unassigned,Unassigned,18S,2a
878,9a2a7ade3f890b68cc2505e7b8c9c089,Ocean-lake-2a,21.0,Eukaryota,Unassigned,Unassigned,Unassigned,Unassigned,Unassigned,Unassigned,18S,2a
879,2a1f619555b2d4a169bed5b0fb9d0f87,Ocean-lake-2a,20.0,Eukaryota,Unassigned,Unassigned,Unassigned,Unassigned,Unassigned,Unassigned,18S,2a
880,2d56ebe19c30f48dd0025de204dc988f,Ocean-lake-2a,20.0,Eukaryota,Unassigned,Unassigned,Unassigned,Unassigned,Unassigned,Unassigned,18S,2a
881,df113c0dda4d309e78b9220c4ddb91dc,Ocean-lake-2a,15.0,Eukaryota,Ciliophora,Intramacronucleata,Litostomatea,Haptoria,Unassigned,Unassigned,18S,2a
882,868e599ed64705d35538132f227f4241,Ocean-lake-2a,9.0,Eukaryota,Unassigned,Unassigned,Unassigned,Unassigned,Unassigned,Unassigned,18S,2a
883,c2e5cf8883e9090496984e65a30bf020,Ocean-lake-2a,8.0,Eukaryota,Diatomea,Unassigned,Unassigned,Unassigned,Unassigned,Unassigned,18S,2a
884,b28ad4dea851ddc87ecb54a638b6b509,Ocean-lake-2a,5.0,Eukaryota,Unassigned,Unassigned,Unassigned,Unassigned,Unassigned,Unassigned,18S,2a
885,bf341c4473f3550832466f68db43ff66,Ocean-lake-2a,5.0,Eukaryota,Unassigned,Unassigned,Unassigned,Unassigned,Unassigned,Unassigned,18S,2a
886,04e4f76c6e7e1298fe03db33e00d32e1,Ocean-lake-2a,10.0,Eukaryota,Unassigned,Unassigned,Unassigned,Unassigned,Unassigned,Unassigned,18S,2a
887,86840f6d7b2324bf929b26657cf2ee70,Ocean-lake-2a,10.0,Eukaryota,Unassigned,Unassigned,Unassigned,Unassigned,Unassigned,Unassigned,18S,2a
888,a4919a121e9f4888661e30c932aeac1a,Ocean-lake-2a,5.0,Eukaryota,Unassigned,Unassigned,Unassigned,Unassigned,Unassigned,Unassigned,18S,2a
889,92f67cfacc4538463c1e45d149136d3c,Ocean-lake-2a,7.0,Eukaryota,SA1-3C06,SA1-3C06,SA1-3C06,SA1-3C06,SA1-3C06,Unassigned,18S,2a
890,42ebf2d33b844d5f03aeb66b47af2701,Ocean-lake-2a,10.0,Eukaryota,Unassigned,Unassigned,Unassigned,Unassigned,Unassigned,Unassigned,18S,2a
891,be997b23dfb777515c5e475664bb3841,Ocean-lake-2a,7.0,Eukaryota,Bicosoecida,Bicosoecida,Bicosoecida,Bicosoecida,Unassigned,Unassigned,18S,2a
892,d1534a143270a7cfa221f613bb68e0bc,Ocean-lake-2a,18.0,Eukaryota,Unassigned,Unassigned,Unassigned,Unassigned,Unassigned,Unassigned,18S,2a
893,b31ea9a0c7c45b6dcd693bc25c6c0204,Ocean-lake-2a,8.0,Eukaryota,Unassigned,Unassigned,Unassigned,Unassigned,Unassigned,Unassigned,18S,2a
894,cb498db53c6118a3a7b187456d978173,Ocean-lake-2a,10.0,Eukaryota,Unassigned,Unassigned,Unassigned,Unassigned,Unassigned,Unassigned,18S,2a
895,4bea371c1d3ec99c394d3b295bdfd5ec,Ocean-lake-2a,17.0,Eukaryota,Diatomea,Unassigned,Unassigned,Unassigned,Unassigned,Unassigned,18S,2a
896,59fbb9c1f295277fcd37c2d21c2de3a6,Ocean-lake-2a,17.0,Eukaryota,Diatomea,Unassigned,Unassigned,Unassigned,Unassigned,Unassigned,18S,2a
897,bde2bcd2e9983acb6a66cb22d203b105,Ocean-lake-2a,17.0,Eukaryota,Unassigned,Unassigned,Unassigned,Unassigned,Unassigned,Unassigned,18S,2a
898,bccd4888c5a37aef061cd58b3a3f0db1,Ocean-lake-2a,17.0,Eukaryota,Unassigned,Unassigned,Unassigned,Unassigned,Unassigned,Unassigned,18S,2a
899,7f974d26fd38b58fe831d252d64090ec,Ocean-lake-2a,7.0,Eukaryota,Unassigned,Unassigned,Unassigned,Unassigned,Unassigned,Unassigned,18S,2a
900,843c763e1fd6ea14a8243296ee3cffdb,Ocean-lake-2a,11.0,Eukaryota,Unassigned,Unassigned,Unassigned,Unassigned,Unassigned,Unassigned,18S,2a
901,441f58faa08c1f836b551c2c3b080aba,Ocean-lake-2a,12.0,Eukaryota,Unassigned,Unassigned,Unassigned,Unassigned,Unassigned,Unassigned,18S,2a
902,3e78bf1e7f8ced463b6dc4aef14740e5,Ocean-lake-2a,16.0,Eukaryota,Unassigned,Unassigned,Unassigned,Unassigned,Unassigned,Unassigned,18S,2a
903,16d9322d819aa03d27af6bc2a5f2d223,Ocean-lake-2a,16.0,Eukaryota,Unassigned,Unassigned,Unassigned,Unassigned,Unassigned,Unassigned,18S,2a
904,c750e278dc4f1ecad9b078ecd501295e,Ocean-lake-2a,16.0,Eukaryota,Unassigned,Unassigned,Unassigned,Unassigned,Unassigned,Unassigned,18S,2a
905,170e2907ce45ecb39272d9380cd3ee3d,Ocean-lake-2a,16.0,Eukaryota,Unassigned,Unassigned,Unassigned,Unassigned,Unassigned,Unassigned,18S,2a
906,84fc030afd29349176b763db059f4b6f,Ocean-lake-2a,15.0,Eukaryota,Unassigned,Unassigned,Unassigned,Unassigned,Unassigned,Unassigned,18S,2a
907,e63f09f3c3ce1e5fac3e4c73ff0f1165,Ocean-lake-2a,15.0,Eukaryota,Unassigned,Unassigned,Unassigned,Unassigned,Unassigned,Unassigned,18S,2a
908,5b2fd47d417aebe45127b9654b5a48f5,Ocean-lake-2a,15.0,Eukaryota,Unassigned,Unassigned,Unassigned,Unassigned,Unassigned,Unassigned,18S,2a
909,a0c3ce6d7d39004659ad51459a5e37ed,Ocean-lake-2a,15.0,Eukaryota,Unassigned,Unassigned,Unassigned,Unassigned,Unassigned,Unassigned,18S,2a
910,ddf146d9ad9583047a0c73946c16301b,Ocean-lake-2a,15.0,Eukaryota,Unassigned,Unassigned,Unassigned,Unassigned,Unassigned,Unassigned,18S,2a
911,91b22027d0f8c9dde95c52cb18944eb2,Ocean-lake-2a,15.0,Eukaryota,MAST-12,MAST-12C,MAST-12C,MAST-12C,MAST-12C,Unassigned,18S,2a
912,a3802c781bb34fe671af349d5a035db1,Ocean-lake-2a,15.0,Eukaryota,Chlorophyta,Prasinophytae,Pseudoscourfieldiales,Pseudoscourfieldiales,Pycnococcus,Unassigned,18S,2a
913,f49a618e12bbbaa3444c20e2bfda14ed,Ocean-lake-2a,7.0,Eukaryota,Unassigned,Unassigned,Unassigned,Unassigned,Unassigned,Unassigned,18S,2a
914,0efe3cb1fa0400d73537f70c308edc9d,Ocean-lake-2a,7.0,Bacteria,Proteobacteria,Alphaproteobacteria,Unassigned,Unassigned,Unassigned,Unassigned,18S,2a
915,84d6ddd4026c20c86c856c0bf74e9746,Ocean-lake-2a,14.0,Eukaryota,Unassigned,Unassigned,Unassigned,Unassigned,Unassigned,Unassigned,18S,2a
916,709d672146efa7acf126bb403c510775,Ocean-lake-2a,14.0,Eukaryota,Unassigned,Unassigned,Unassigned,Unassigned,Unassigned,Unassigned,18S,2a
917,90436c4f367ac30af023f5a38113b6f1,Ocean-lake-2a,14.0,Eukaryota,Unassigned,Unassigned,Unassigned,Unassigned,Unassigned,Unassigned,18S,2a
918,9100510348910ef49a85bc7f8896a4e1,Ocean-lake-2a,14.0,Eukaryota,Unassigned,Unassigned,Unassigned,Unassigned,Unassigned,Unassigned,18S,2a
919,3fabfb43652aa171be2975847b65d612,Ocean-lake-2a,14.0,Eukaryota,Unassigned,Unassigned,Unassigned,Unassigned,Unassigned,Unassigned,18S,2a
920,3c05befc1f5f3cb3a93a6d9b876f63a8,Ocean-lake-2a,14.0,Eukaryota,Prymnesiophyceae,Prymnesiophyceae,Prymnesiales,Prymnesiales,OLI16029,Unassigned,18S,2a
921,30a7bec2e79cb8728fe77db20ad30a09,Ocean-lake-2a,14.0,Eukaryota,Unassigned,Unassigned,Unassigned,Unassigned,Unassigned,Unassigned,18S,2a
922,f40d7b8f2bf7bf61c426178857e10dda,Ocean-lake-2a,13.0,Eukaryota,MAST-12,MAST-12C,MAST-12C,MAST-12C,MAST-12C,Unassigned,18S,2a
923,de6b10c3c635e444b42c56682f9ea3df,Ocean-lake-2a,13.0,Eukaryota,Unassigned,Unassigned,Unassigned,Unassigned,Unassigned,Unassigned,18S,2a
924,36aef2a8d34a953d5a7936169926c177,Ocean-lake-2a,13.0,Eukaryota,Unassigned,Unassigned,Unassigned,Unassigned,Unassigned,Unassigned,18S,2a
925,75c3dbc802f3bb257c6b1589a5d4484a,Ocean-lake-2a,13.0,Eukaryota,Unassigned,Unassigned,Unassigned,Unassigned,Unassigned,Unassigned,18S,2a
926,e6f5142904ce07a7bb28ae50098b33fa,Ocean-lake-2a,13.0,Eukaryota,Diatomea,Unassigned,Unassigned,Unassigned,Unassigned,Unassigned,18S,2a
927,96c775c83ef1078f872083c9b9dd8abd,Ocean-lake-2a,13.0,Eukaryota,Unassigned,Unassigned,Unassigned,Unassigned,Unassigned,Unassigned,18S,2a
928,9ade313caad43b58307a25bc2e19cc2b,Ocean-lake-2a,6.0,Eukaryota,Euglenozoa,Euglenida,Heteronematina,Heteronematina,Petalomonas,Unassigned,18S,2a
929,716069528dfccd46147b0674877e2763,Ocean-lake-2a,5.0,Eukaryota,Unassigned,Unassigned,Unassigned,Unassigned,Unassigned,Unassigned,18S,2a
930,21b804207ac1a77e6bdc07be0bc41377,Ocean-lake-2a,12.0,Eukaryota,Ciliophora,Intramacronucleata,Conthreep,Oligohymenophorea,Unassigned,Unassigned,18S,2a
931,0355c3bd4a993903936f23bb7831917c,Ocean-lake-2a,12.0,Eukaryota,Basidiomycota,Unassigned,Unassigned,Unassigned,Unassigned,Unassigned,18S,2a
932,3f41ddecf09a64eabb6dfa8bccc5ecf4,Ocean-lake-2a,12.0,Eukaryota,Unassigned,Unassigned,Unassigned,Unassigned,Unassigned,Unassigned,18S,2a
933,65ff604f4b9fc435c87ec1eea9b3edd1,Ocean-lake-2a,12.0,Eukaryota,Unassigned,Unassigned,Unassigned,Unassigned,Unassigned,Unassigned,18S,2a
934,0df2e8ee3d71f72736b18eead61f814e,Ocean-lake-2a,12.0,Eukaryota,Unassigned,Unassigned,Unassigned,Unassigned,Unassigned,Unassigned,18S,2a
935,e10c042241c478262e2e1265be421cab,Ocean-lake-2a,12.0,Eukaryota,Myxogastria,Myxogastria,Myxogastria,Myxogastria,Unassigned,Unassigned,18S,2a
936,03f1cc39986b1bc0ca05387a64693d0c,Ocean-lake-2a,12.0,Eukaryota,Unassigned,Unassigned,Unassigned,Unassigned,Unassigned,Unassigned,18S,2a
937,fb6da190c80d682e499bd20011ff5259,Ocean-lake-2a,12.0,Eukaryota,Euglenozoa,Kinetoplastea,Incertae_Sedis,Incertae_Sedis,Hemistasia,Unassigned,18S,2a
938,b9301c4e0bae8a6ea439ee6d7c420733,Ocean-lake-2a,11.0,Eukaryota,Unassigned,Unassigned,Unassigned,Unassigned,Unassigned,Unassigned,18S,2a
939,8ce9449219de5ebf4a3a3abbe78848ec,Ocean-lake-2a,11.0,Eukaryota,Unassigned,Unassigned,Unassigned,Unassigned,Unassigned,Unassigned,18S,2a
940,9851ac7263c7c5decf15375a745612a3,Ocean-lake-2a,11.0,Eukaryota,Unassigned,Unassigned,Unassigned,Unassigned,Unassigned,Unassigned,18S,2a
941,bd989c7cc7b13526ab828653a09344f3,Ocean-lake-2a,11.0,Eukaryota,Unassigned,Unassigned,Unassigned,Unassigned,Unassigned,Unassigned,18S,2a
942,0c22d9dffd4c9171fd8efb23663a9f5f,Ocean-lake-2a,11.0,Eukaryota,Ochrophyta,Eustigmatophyceae,Eustigmatales,Eustigmatales,Unassigned,Unassigned,18S,2a
943,8ac445879843c07e569c7ba4844fc102,Ocean-lake-2a,5.0,Eukaryota,Prymnesiophyceae,Unassigned,Unassigned,Unassigned,Unassigned,Unassigned,18S,2a
944,f8aed36ac84f4e3e93f48c0353a15078,Ocean-lake-2a,10.0,Eukaryota,Ciliophora,Intramacronucleata,Spirotrichea,Hypotrichia,Metaurostylopsis,Unassigned,18S,2a
945,454b72b1072aef792f8c5d56d6d2be5a,Ocean-lake-2a,10.0,Eukaryota,Unassigned,Unassigned,Unassigned,Unassigned,Unassigned,Unassigned,18S,2a
946,03cccd279f4ed0175e0aaa3dcc668280,Ocean-lake-2a,10.0,Eukaryota,SA1-3C06,SA1-3C06,SA1-3C06,SA1-3C06,SA1-3C06,Unassigned,18S,2a
947,005b6594c36d41c0a68b5e7a3acff5c3,Ocean-lake-2a,10.0,Eukaryota,MAST-12,MAST-12C,MAST-12C,MAST-12C,MAST-12C,Unassigned,18S,2a
948,7a91980c0116c2437dbaf90c3b0368ca,Ocean-lake-2a,10.0,Eukaryota,Unassigned,Unassigned,Unassigned,Unassigned,Unassigned,Unassigned,18S,2a
949,904b2994cb9b152c1ca214073b399012,Ocean-lake-2a,10.0,Eukaryota,Unassigned,Unassigned,Unassigned,Unassigned,Unassigned,Unassigned,18S,2a
950,2a6693afa496e3622cca4fc2f4dc47a5,Ocean-lake-2a,10.0,Eukaryota,Unassigned,Unassigned,Unassigned,Unassigned,Unassigned,Unassigned,18S,2a
951,3c93b5cc9efb26a6fe299091bc9b4c34,Ocean-lake-2a,9.0,Eukaryota,Unassigned,Unassigned,Unassigned,Unassigned,Unassigned,Unassigned,18S,2a
952,b29980004d092cf74eaa61aadda40cf3,Ocean-lake-2a,9.0,Eukaryota,Unassigned,Unassigned,Unassigned,Unassigned,Unassigned,Unassigned,18S,2a
953,1d2f42c98777c7bcb1838686addba3c7,Ocean-lake-2a,9.0,Eukaryota,Unassigned,Unassigned,Unassigned,Unassigned,Unassigned,Unassigned,18S,2a
954,0103da171a0f322e258f558c367cb924,Ocean-lake-2a,9.0,Eukaryota,Unassigned,Unassigned,Unassigned,Unassigned,Unassigned,Unassigned,18S,2a
955,5886a97846e02def0478b7e8947d5e2b,Ocean-lake-2a,5.0,Eukaryota,Unassigned,Unassigned,Unassigned,Unassigned,Unassigned,Unassigned,18S,2a
956,691c7e7181e6f675c545ac240bab602d,Ocean-lake-2a,8.0,Eukaryota,Unassigned,Unassigned,Unassigned,Unassigned,Unassigned,Unassigned,18S,2a
957,29bb018d142ba6e3098f527a54e7a7f3,Ocean-lake-2a,7.0,Eukaryota,Unassigned,Unassigned,Unassigned,Unassigned,Unassigned,Unassigned,18S,2a
958,3729b001f5901f93f1c00c4a34a76789,Ocean-lake-2a,7.0,Eukaryota,Unassigned,Unassigned,Unassigned,Unassigned,Unassigned,Unassigned,18S,2a
959,cfc3373f2b0a8758819c086543fb018d,Ocean-lake-2a,7.0,Eukaryota,Unassigned,Unassigned,Unassigned,Unassigned,Unassigned,Unassigned,18S,2a
960,1b5144597f88ebdee884ff1c74880a75,Ocean-lake-2a,7.0,Eukaryota,Unassigned,Unassigned,Unassigned,Unassigned,Unassigned,Unassigned,18S,2a
961,d84027a01a6352dfe41c0d83da65f6e9,Ocean-lake-2a,7.0,Eukaryota,Unassigned,Unassigned,Unassigned,Unassigned,Unassigned,Unassigned,18S,2a
962,21cf19da77f6d4355635787cd4826c0a,Ocean-lake-2a,7.0,Bacteria,Proteobacteria,Gammaproteobacteria,Unassigned,Unassigned,Unassigned,Unassigned,18S,2a
963,f31e981e8a6b6f9f078747548e3372f9,Ocean-lake-2a,7.0,Eukaryota,Unassigned,Unassigned,Unassigned,Unassigned,Unassigned,Unassigned,18S,2a
964,5da334186078b4e268a9e2d6aaaf9e06,Ocean-lake-2a,7.0,Eukaryota,Unassigned,Unassigned,Unassigned,Unassigned,Unassigned,Unassigned,18S,2a
965,e78263dca5c6adbaa4510b73c804d2cc,Ocean-lake-2a,7.0,Eukaryota,Unassigned,Unassigned,Unassigned,Unassigned,Unassigned,Unassigned,18S,2a
966,7af08a4511408847889761d9e98aa4fb,Ocean-lake-2a,7.0,Eukaryota,Unassigned,Unassigned,Unassigned,Unassigned,Unassigned,Unassigned,18S,2a
967,bee2e7bc5d9ba595b30c56c9a8f35634,Ocean-lake-2a,7.0,Eukaryota,Unassigned,Unassigned,Unassigned,Unassigned,Unassigned,Unassigned,18S,2a
968,7395ed872dd1c937d83b91dde87a8283,Ocean-lake-2a,7.0,Eukaryota,Unassigned,Unassigned,Unassigned,Unassigned,Unassigned,Unassigned,18S,2a
969,1ff1e6a93b4c61f3add94ff643ac4d03,Ocean-lake-2a,7.0,Bacteria,Proteobacteria,Gammaproteobacteria,Unassigned,Unassigned,Unassigned,Unassigned,18S,2a
970,73260db65e5cc9a9ec0d2ae8c9c2f86f,Ocean-lake-2a,6.0,Eukaryota,Rigifilida,Rigifilida,Rigifilida,Rigifilida,Rigifilida,Unassigned,18S,2a
971,e8da3f454720f25b82fbefbbecab3316,Ocean-lake-2a,6.0,Eukaryota,Unassigned,Unassigned,Unassigned,Unassigned,Unassigned,Unassigned,18S,2a
972,56c5b0932121d3c9190aa159739ec52b,Ocean-lake-2a,6.0,Eukaryota,Chytridiomycota,Chytridiomycetes,Rhizophydiales,Rhizophydiales,Boothiomyces,Unassigned,18S,2a
973,88a8888e48642da863520a5f1ffc2c4e,Ocean-lake-2a,6.0,Eukaryota,Unassigned,Unassigned,Unassigned,Unassigned,Unassigned,Unassigned,18S,2a
974,21d91d4054ef89f2c6cb2eae477ad046,Ocean-lake-2a,6.0,Eukaryota,Amoebozoa,Tubulinea,Arcellinida,Arcellinida,Arcellinida,Unassigned,18S,2a
975,4622c7a90f6591cd7284f0e3dd1e258d,Ocean-lake-2a,6.0,Bacteria,Unassigned,Unassigned,Unassigned,Unassigned,Unassigned,Unassigned,18S,2a
976,e3ffe60775e7222c0f6d602bada0f7b0,Ocean-lake-2a,5.0,Eukaryota,Unassigned,Unassigned,Unassigned,Unassigned,Unassigned,Unassigned,18S,2a
977,a4799609460e1627eeded7894da716a3,Ocean-lake-2a,5.0,Eukaryota,Unassigned,Unassigned,Unassigned,Unassigned,Unassigned,Unassigned,18S,2a
978,2f1ef53c2b2544224fef6b7da9c726b1,Ocean-lake-2a,5.0,Eukaryota,Unassigned,Unassigned,Unassigned,Unassigned,Unassigned,Unassigned,18S,2a
979,de3d99cea22b89386bcc31caf6e335ef,Ocean-lake-2a,5.0,Eukaryota,Chlorophyta,Unassigned,Unassigned,Unassigned,Unassigned,Unassigned,18S,2a
980,aff3916813ab614567a8f6ddf638135e,Ocean-lake-2a,5.0,Bacteria,Proteobacteria,Alphaproteobacteria,Acetobacterales,Acetobacteraceae,Unassigned,Unassigned,18S,2a
981,06ae92ca1a672a1cf1406b33391be4a8,Ocean-lake-2a,5.0,Eukaryota,Unassigned,Unassigned,Unassigned,Unassigned,Unassigned,Unassigned,18S,2a
982,38161c75f59fc658e9fb32195f85e5d3,Ocean-lake-2a,5.0,Eukaryota,Unassigned,Unassigned,Unassigned,Unassigned,Unassigned,Unassigned,18S,2a
983,b9a0a88280463ddd2484773197f20edc,Ocean-lake-2a,5.0,Eukaryota,Euglenozoa,Kinetoplastea,Prokinetoplastina,Prokinetoplastina,Ichthyobodo,Unassigned,18S,2a
984,f5f1f9a3c7ba09e61c6c1bebb9712093,Ocean-lake-2a,5.0,Eukaryota,Unassigned,Unassigned,Unassigned,Unassigned,Unassigned,Unassigned,18S,2a
985,f03934cf23bdc9a5e8ae626a25ea0a5a,Ocean-lake-2a,5.0,Eukaryota,Euglenozoa,Kinetoplastea,Unassigned,Unassigned,Unassigned,Unassigned,18S,2a
986,dcbbfdee8cc2166a788864b7050658b4,Ocean-lake-2a,4.0,Eukaryota,Euglenozoa,Euglenida,Heteronematina,Heteronematina,Petalomonas,Unassigned,18S,2a
987,fd913cc8e9f6b26df5e1019bd23d9d61,Ocean-lake-2a,4.0,Eukaryota,Unassigned,Unassigned,Unassigned,Unassigned,Unassigned,Unassigned,18S,2a
988,afdbd52986a692269a46c73c471f6b9a,Ocean-lake-2a,4.0,Eukaryota,Unassigned,Unassigned,Unassigned,Unassigned,Unassigned,Unassigned,18S,2a
989,9b45e366320cf64a714c435a4740dec0,Ocean-lake-2a,4.0,Eukaryota,Unassigned,Unassigned,Unassigned,Unassigned,Unassigned,Unassigned,18S,2a
990,4cce5114cbd38b6b93b4996ae3cc9e24,Ocean-lake-2a,4.0,Eukaryota,Unassigned,Unassigned,Unassigned,Unassigned,Unassigned,Unassigned,18S,2a
991,8c948ee9f1891d989046760eb3cf1f49,Ocean-lake-2a,4.0,Eukaryota,Unassigned,Unassigned,Unassigned,Unassigned,Unassigned,Unassigned,18S,2a
992,131b7941e62ef0df1450046cb881a1aa,Ocean-lake-2a,4.0,Eukaryota,Unassigned,Unassigned,Unassigned,Unassigned,Unassigned,Unassigned,18S,2a
993,37109be2c541a3b99fa4929f0ada8378,Ocean-lake-2a,4.0,Eukaryota,Unassigned,Unassigned,Unassigned,Unassigned,Unassigned,Unassigned,18S,2a
994,b61b91cb3839f4017b3b084b665e7d5f,Ocean-lake-2a,4.0,Eukaryota,Unassigned,Unassigned,Unassigned,Unassigned,Unassigned,Unassigned,18S,2a
995,46efd516cea31b23b05ef657ff00a87d,Ocean-lake-2a,4.0,Eukaryota,Retaria,Foraminifera,Tubothalamea,Miliolida,Unassigned,Unassigned,18S,2a
996,29bb4c0b1838be69f43ece2ec07f4333,Ocean-lake-2a,4.0,Eukaryota,Unassigned,Unassigned,Unassigned,Unassigned,Unassigned,Unassigned,18S,2a
997,3a758c3831f4654ce2a8f39e113820d2,Ocean-lake-2a,3.0,Bacteria,Campylobacterota,Campylobacteria,Campylobacterales,Arcobacteraceae,Unassigned,Unassigned,18S,2a
998,8026436d7e644ed4464fce7257640521,Ocean-lake-2a,2.0,Bacteria,Planctomycetota,Phycisphaerae,Phycisphaerales,Phycisphaeraceae,Phycisphaera,Unassigned,18S,2a
999,30ab6ee7a2e30c88225987db144851ed,Ocean-lake-2a,2.0,Eukaryota,Unassigned,Unassigned,Unassigned,Unassigned,Unassigned,Unassigned,18S,2a
1000,580f28aa5d1f44a43a6dfff991ec40d1,Ocean-lake-2b,78651.0,Eukaryota,Diatomea,Mediophyceae,Mediophyceae,Mediophyceae,Cyclotella,Unassigned,18S,2b
1001,0f3cd48f1c94814b7154f25164019d34,Ocean-lake-2b,6188.0,Eukaryota,Chlorophyta,Unassigned,Unassigned,Unassigned,Unassigned,Unassigned,18S,2b
1002,11b9d90019b1ad2132d54d18269e8cfe,Ocean-lake-2b,43.0,Eukaryota,Diatomea,Unassigned,Unassigned,Unassigned,Unassigned,Unassigned,18S,2b
1003,12a76450d16948a8424ab366731f715d,Ocean-lake-2b,2852.0,Eukaryota,Ciliophora,Intramacronucleata,Spirotrichea,Oligotrichia,Unassigned,Unassigned,18S,2b
1004,888a360f6f9c93019e3683c917a5a30f,Ocean-lake-2b,2791.0,Eukaryota,Unassigned,Unassigned,Unassigned,Unassigned,Unassigned,Unassigned,18S,2b
1005,67a34e4295d4d78881313a76a07e63fc,Ocean-lake-2b,1614.0,Eukaryota,Unassigned,Unassigned,Unassigned,Unassigned,Unassigned,Unassigned,18S,2b
1006,b0c5b9aafe4462cc72c6e96c60040d26,Ocean-lake-2b,2934.0,Eukaryota,Mollusca,Bivalvia,Veneroida,Veneroida,Veneroida,Unassigned,18S,2b
1007,79fc87d51594551637b3c9a1b628b4c8,Ocean-lake-2b,2562.0,Eukaryota,Diatomea,Unassigned,Unassigned,Unassigned,Unassigned,Unassigned,18S,2b
1008,d28a43868d75da51cd2bc954d2708d37,Ocean-lake-2b,1880.0,Eukaryota,Chlorophyta,Unassigned,Unassigned,Unassigned,Unassigned,Unassigned,18S,2b
1009,5cf8c03e23441ef96ea64d4f8b542ff3,Ocean-lake-2b,1853.0,Eukaryota,Diatomea,Mediophyceae,Mediophyceae,Mediophyceae,Cyclotella,Unassigned,18S,2b
1010,a5e871dd507a8cbdc536b0a8bd6040c1,Ocean-lake-2b,3688.0,Eukaryota,Unassigned,Unassigned,Unassigned,Unassigned,Unassigned,Unassigned,18S,2b
1011,fecc90352ddabd411e7c100442009b8f,Ocean-lake-2b,2768.0,Eukaryota,Unassigned,Unassigned,Unassigned,Unassigned,Unassigned,Unassigned,18S,2b
1012,72baa20d784fde5d3dcb25d911c2e21b,Ocean-lake-2b,613.0,Eukaryota,Ciliophora,Intramacronucleata,Litostomatea,Mesodiniidae,Myrionecta,Unassigned,18S,2b
1013,4bd7686246b011632d9ac3ad56fe1340,Ocean-lake-2b,249.0,Eukaryota,Diatomea,Unassigned,Unassigned,Unassigned,Unassigned,Unassigned,18S,2b
1014,cefef1afb5aaae13beb3067a9492b577,Ocean-lake-2b,1589.0,Eukaryota,Unassigned,Unassigned,Unassigned,Unassigned,Unassigned,Unassigned,18S,2b
1015,e065568334097ec85cc9969e9fcd4c52,Ocean-lake-2b,704.0,Eukaryota,Diatomea,Mediophyceae,Mediophyceae,Mediophyceae,Unassigned,Unassigned,18S,2b
1016,7e8825f0c3911c34bd4b6e434704ec52,Ocean-lake-2b,830.0,Eukaryota,Ciliophora,Intramacronucleata,Spirotrichea,Oligotrichia,Unassigned,Unassigned,18S,2b
1017,963dccae77b7bcdbbc801ac2006ea06b,Ocean-lake-2b,725.0,Eukaryota,Chlorophyta,Unassigned,Unassigned,Unassigned,Unassigned,Unassigned,18S,2b
1018,0b9c5bfb1b7d0d8060f41ed3b38f69ae,Ocean-lake-2b,712.0,Eukaryota,Unassigned,Unassigned,Unassigned,Unassigned,Unassigned,Unassigned,18S,2b
1019,942d127f7062c042b09607ed3b689ed5,Ocean-lake-2b,758.0,Eukaryota,Cryptophyceae,Cryptophyceae,Cryptomonadales,Cryptomonadales,Unassigned,Unassigned,18S,2b
1020,bc769c927b40e8fc98fc67c26c82c1a1,Ocean-lake-2b,1462.0,Eukaryota,Unassigned,Unassigned,Unassigned,Unassigned,Unassigned,Unassigned,18S,2b
1021,2896738f0180cd89b521f067935a907c,Ocean-lake-2b,12.0,Eukaryota,Diatomea,Mediophyceae,Mediophyceae,Mediophyceae,Unassigned,Unassigned,18S,2b
1022,08b19f0cf2cf1e88741e6f1747e5de57,Ocean-lake-2b,716.0,Eukaryota,Unassigned,Unassigned,Unassigned,Unassigned,Unassigned,Unassigned,18S,2b
1023,2fbc153fb7151998bd7a89612af7c275,Ocean-lake-2b,81.0,Eukaryota,Diatomea,Mediophyceae,Mediophyceae,Mediophyceae,Cyclotella,Unassigned,18S,2b
1024,42b04abb6d8d6967ad7195cf8d063b96,Ocean-lake-2b,557.0,Eukaryota,Cryptophyceae,Cryptophyceae,Cryptomonadales,Cryptomonadales,Komma,Unassigned,18S,2b
1025,c0052a2c8816af3e266a88509e677647,Ocean-lake-2b,366.0,Eukaryota,Cryptophyceae,Cryptophyceae,Cryptomonadales,Cryptomonadales,Unassigned,Unassigned,18S,2b
1026,83ad8de13171993730ad0e5bcaf330bb,Ocean-lake-2b,379.0,Eukaryota,Unassigned,Unassigned,Unassigned,Unassigned,Unassigned,Unassigned,18S,2b
1027,f25c47bfb774885e1082436026b40b1b,Ocean-lake-2b,442.0,Eukaryota,Unassigned,Unassigned,Unassigned,Unassigned,Unassigned,Unassigned,18S,2b
1028,7ece59ad2f489c18e4797eb91ccef010,Ocean-lake-2b,567.0,Eukaryota,Unassigned,Unassigned,Unassigned,Unassigned,Unassigned,Unassigned,18S,2b
1029,043a9ae1f0d350f487f898ff40674da8,Ocean-lake-2b,452.0,Eukaryota,Cryptophyceae,Cryptophyceae,Cryptomonadales,Cryptomonadales,Unassigned,Unassigned,18S,2b
1030,6a55aec477d2bf784809bb63abec9039,Ocean-lake-2b,264.0,Eukaryota,Ochrophyta,Raphidophyceae,Chattonellales,Chattonellales,Viridilobus,Unassigned,18S,2b
1031,50a3c67b008611d78dd4fce64774c657,Ocean-lake-2b,958.0,Eukaryota,Unassigned,Unassigned,Unassigned,Unassigned,Unassigned,Unassigned,18S,2b
1032,55bee0f8a59ab6b8059002c3ff7d1a19,Ocean-lake-2b,315.0,Eukaryota,Cryptophyceae,Cryptophyceae,Cryptomonadales,Cryptomonadales,uncultured,Unassigned,18S,2b
1033,bfb629b34778fff897268a2dc1822d38,Ocean-lake-2b,377.0,Eukaryota,Unassigned,Unassigned,Unassigned,Unassigned,Unassigned,Unassigned,18S,2b
1034,19fc7e011fffc20b76be35a9671d377e,Ocean-lake-2b,303.0,Eukaryota,Cryptophyceae,Cryptophyceae,Cryptomonadales,Cryptomonadales,Unassigned,Unassigned,18S,2b
1035,d21f58b9cf454b66a69f7f6e1bdb194c,Ocean-lake-2b,110.0,Eukaryota,Chlorophyta,Unassigned,Unassigned,Unassigned,Unassigned,Unassigned,18S,2b
1036,a0749b62e096b323f6e4d769591a759c,Ocean-lake-2b,535.0,Eukaryota,Unassigned,Unassigned,Unassigned,Unassigned,Unassigned,Unassigned,18S,2b
1037,1ff35f6ccebe9a6fceb2b2ef20bb77cd,Ocean-lake-2b,330.0,Eukaryota,Unassigned,Unassigned,Unassigned,Unassigned,Unassigned,Unassigned,18S,2b
1038,cac17f9d04f37f6530cdf3d8577f35f7,Ocean-lake-2b,308.0,Eukaryota,Unassigned,Unassigned,Unassigned,Unassigned,Unassigned,Unassigned,18S,2b
1039,e4b0e84a8adc341edc92edfe98736607,Ocean-lake-2b,258.0,Eukaryota,Unassigned,Unassigned,Unassigned,Unassigned,Unassigned,Unassigned,18S,2b
1040,5faf214dda0d81dd738fdf6093db3e99,Ocean-lake-2b,357.0,Eukaryota,Ciliophora,Intramacronucleata,Spirotrichea,Choreotrichia,Unassigned,Unassigned,18S,2b
1041,72ab9830f8cc2515d73f4d5ffb48491b,Ocean-lake-2b,206.0,Eukaryota,Mollusca,Bivalvia,Unassigned,Unassigned,Unassigned,Unassigned,18S,2b
1042,99e7d6aa29edda081eddeb3b2e06f3e2,Ocean-lake-2b,229.0,Eukaryota,Unassigned,Unassigned,Unassigned,Unassigned,Unassigned,Unassigned,18S,2b
1043,22222825e70bc42170e3e9d213e94ddf,Ocean-lake-2b,344.0,Eukaryota,Diatomea,Unassigned,Unassigned,Unassigned,Unassigned,Unassigned,18S,2b
1044,d24423a739a11aa3bf3d98b2fbc51071,Ocean-lake-2b,191.0,Eukaryota,Unassigned,Unassigned,Unassigned,Unassigned,Unassigned,Unassigned,18S,2b
1045,734ff95dad32c77e4446d9de5136aeda,Ocean-lake-2b,185.0,Eukaryota,Unassigned,Unassigned,Unassigned,Unassigned,Unassigned,Unassigned,18S,2b
1046,c993f070797f0fe9db9a3debf4797806,Ocean-lake-2b,274.0,Eukaryota,Peronosporomycetes,Peronosporomycetes,Peronosporomycetes,Peronosporomycetes,Unassigned,Unassigned,18S,2b
1047,7565b5ab479e79fb48b7c2f984c89f40,Ocean-lake-2b,199.0,Eukaryota,Unassigned,Unassigned,Unassigned,Unassigned,Unassigned,Unassigned,18S,2b
1048,59e528155f660cb4c9e6083b11428d34,Ocean-lake-2b,219.0,Eukaryota,Chlorophyta,Unassigned,Unassigned,Unassigned,Unassigned,Unassigned,18S,2b
1049,6b09a4fb785a23a1eca7dff93867825f,Ocean-lake-2b,147.0,Bacteria,Proteobacteria,Alphaproteobacteria,Rhizobiales,Unassigned,Unassigned,Unassigned,18S,2b
1050,55e14a0d333ac97edc9f74c187c23c84,Ocean-lake-2b,145.0,Eukaryota,Unassigned,Unassigned,Unassigned,Unassigned,Unassigned,Unassigned,18S,2b
1051,0e570dde32288c8c6ad72cde66d87438,Ocean-lake-2b,191.0,Eukaryota,Euglenozoa,Euglenida,Heteronematina,Heteronematina,Petalomonas,Unassigned,18S,2b
1052,a46188e5b3b6038a8378eff6c19967ab,Ocean-lake-2b,95.0,Bacteria,Unassigned,Unassigned,Unassigned,Unassigned,Unassigned,Unassigned,18S,2b
1053,3250155006d4bfc708f9ce3c08585b5c,Ocean-lake-2b,225.0,Eukaryota,Unassigned,Unassigned,Unassigned,Unassigned,Unassigned,Unassigned,18S,2b
1054,a64a3e85c617df959c370cb96a46537f,Ocean-lake-2b,178.0,Eukaryota,Unassigned,Unassigned,Unassigned,Unassigned,Unassigned,Unassigned,18S,2b
1055,57f5bc3b9cf548e4a0ab0d77c32f7512,Ocean-lake-2b,137.0,Eukaryota,Unassigned,Unassigned,Unassigned,Unassigned,Unassigned,Unassigned,18S,2b
1056,bfde2586029d29a92a849e3f8a1ce900,Ocean-lake-2b,82.0,Eukaryota,Unassigned,Unassigned,Unassigned,Unassigned,Unassigned,Unassigned,18S,2b
1057,bf5b3b136fb79cbf6ce787f4a1600a84,Ocean-lake-2b,117.0,Eukaryota,Chlorophyta,Unassigned,Unassigned,Unassigned,Unassigned,Unassigned,18S,2b
1058,3017aadae5320315e434f54df8698452,Ocean-lake-2b,9.0,Eukaryota,Unassigned,Unassigned,Unassigned,Unassigned,Unassigned,Unassigned,18S,2b
1059,475af2610210fd8f5150a19b917d504d,Ocean-lake-2b,91.0,Bacteria,Proteobacteria,Alphaproteobacteria,Unassigned,Unassigned,Unassigned,Unassigned,18S,2b
1060,7a36dee4892696d8480326ca0ac88086,Ocean-lake-2b,118.0,Eukaryota,Ciliophora,Intramacronucleata,Conthreep,Oligohymenophorea,Unassigned,Unassigned,18S,2b
1061,90931abfea36e986f8e5772b17ff5740,Ocean-lake-2b,114.0,Eukaryota,Diatomea,Unassigned,Unassigned,Unassigned,Unassigned,Unassigned,18S,2b
1062,106dd66448b5829a997792d0a5c3c4aa,Ocean-lake-2b,21.0,Eukaryota,Diatomea,Mediophyceae,Mediophyceae,Mediophyceae,Skeletonema,Unassigned,18S,2b
1063,97c80167d81ab1bcc475f5011aee7302,Ocean-lake-2b,107.0,Bacteria,Proteobacteria,Alphaproteobacteria,Unassigned,Unassigned,Unassigned,Unassigned,18S,2b
1064,74dbceefa2c6a8c1bcb9d4ef024323b1,Ocean-lake-2b,80.0,Eukaryota,Unassigned,Unassigned,Unassigned,Unassigned,Unassigned,Unassigned,18S,2b
1065,10dfa08197cc3eeb69181d7191b61062,Ocean-lake-2b,120.0,Eukaryota,Unassigned,Unassigned,Unassigned,Unassigned,Unassigned,Unassigned,18S,2b
1066,2cceb176ef1d14a541f0e36bb0be737e,Ocean-lake-2b,122.0,Eukaryota,Diatomea,Unassigned,Unassigned,Unassigned,Unassigned,Unassigned,18S,2b
1067,b1969254ed96d1956cd43c84d256b012,Ocean-lake-2b,75.0,Eukaryota,Unassigned,Unassigned,Unassigned,Unassigned,Unassigned,Unassigned,18S,2b
1068,a2ab398bc4486e5662aad6505fc32bc1,Ocean-lake-2b,94.0,Eukaryota,Mollusca,Bivalvia,Veneroida,Veneroida,Veneroida,Unassigned,18S,2b
1069,fc352bee8d5438cfcf7361f65e947766,Ocean-lake-2b,124.0,Eukaryota,Unassigned,Unassigned,Unassigned,Unassigned,Unassigned,Unassigned,18S,2b
1070,655c6363cc09822c003f9f039444acf4,Ocean-lake-2b,55.0,Eukaryota,Diatomea,Unassigned,Unassigned,Unassigned,Unassigned,Unassigned,18S,2b
1071,c0f2ad2aaa1dd19b9fb6df2066de6e21,Ocean-lake-2b,57.0,Bacteria,Unassigned,Unassigned,Unassigned,Unassigned,Unassigned,Unassigned,18S,2b
1072,fda1068082ff354437cd05eff0737d98,Ocean-lake-2b,98.0,Eukaryota,Unassigned,Unassigned,Unassigned,Unassigned,Unassigned,Unassigned,18S,2b
1073,fd38240ac0edce16a36b0ca85c2500b3,Ocean-lake-2b,149.0,Eukaryota,Unassigned,Unassigned,Unassigned,Unassigned,Unassigned,Unassigned,18S,2b
1074,c258c5fc831ea7b6cdc5889222975e7b,Ocean-lake-2b,60.0,Eukaryota,Diatomea,Coscinodiscophytina,Coscinodiscophytina,Rhizosolenids,Leptocylindrus,Unassigned,18S,2b
1075,7a9a590dc04a4d3e424012fe5bd69a38,Ocean-lake-2b,75.0,Eukaryota,Unassigned,Unassigned,Unassigned,Unassigned,Unassigned,Unassigned,18S,2b
1076,fb2b5c7b73a9527ba27d5373371111af,Ocean-lake-2b,18.0,Bacteria,Proteobacteria,Alphaproteobacteria,Sphingomonadales,Sphingomonadaceae,Sphingomicrobium,Unassigned,18S,2b
1077,4099471fc161aedb6e8a58d615b3aa3e,Ocean-lake-2b,44.0,Bacteria,Unassigned,Unassigned,Unassigned,Unassigned,Unassigned,Unassigned,18S,2b
1078,569e66f3b2c312653a4d21d9c282b914,Ocean-lake-2b,84.0,Eukaryota,Unassigned,Unassigned,Unassigned,Unassigned,Unassigned,Unassigned,18S,2b
1079,3d18fd6852d2f7e5cf1b890653d063ac,Ocean-lake-2b,110.0,Eukaryota,Unassigned,Unassigned,Unassigned,Unassigned,Unassigned,Unassigned,18S,2b
1080,1f5dbaf16e1106969a9d877e9c5cb0e8,Ocean-lake-2b,59.0,Bacteria,Proteobacteria,Alphaproteobacteria,Rhodobacterales,Rhodobacteraceae,Unassigned,Unassigned,18S,2b
1081,81d8f6323d857884747ef007a3f58a5f,Ocean-lake-2b,45.0,Eukaryota,Unassigned,Unassigned,Unassigned,Unassigned,Unassigned,Unassigned,18S,2b
1082,66c2907d86580f289003c47c6788d86e,Ocean-lake-2b,51.0,Bacteria,Proteobacteria,Alphaproteobacteria,Rhizobiales,Unassigned,Unassigned,Unassigned,18S,2b
1083,10cbcca6ee1f1d2b75277b2be0e9def2,Ocean-lake-2b,32.0,Eukaryota,Unassigned,Unassigned,Unassigned,Unassigned,Unassigned,Unassigned,18S,2b
1084,8ae55a787d07219f8cb16baa617917cf,Ocean-lake-2b,87.0,Eukaryota,Ochrophyta,Chrysophyceae,Chromulinales,Chromulinales,Poteriospumella,Unassigned,18S,2b
1085,17523eb33b14210399ac1a4ad508cccc,Ocean-lake-2b,81.0,Eukaryota,Unassigned,Unassigned,Unassigned,Unassigned,Unassigned,Unassigned,18S,2b
1086,0668198196c342d0ae5dc3a85077408d,Ocean-lake-2b,57.0,Eukaryota,Diatomea,Unassigned,Unassigned,Unassigned,Unassigned,Unassigned,18S,2b
1087,5e78fca23b846c2b3dc18cf6f17113f9,Ocean-lake-2b,62.0,Eukaryota,Unassigned,Unassigned,Unassigned,Unassigned,Unassigned,Unassigned,18S,2b
1088,ecc74490349bac233a854c5c6e0261f1,Ocean-lake-2b,43.0,Eukaryota,Unassigned,Unassigned,Unassigned,Unassigned,Unassigned,Unassigned,18S,2b
1089,26ce79a132def3ececb801584b505abb,Ocean-lake-2b,23.0,Eukaryota,Holozoa,Choanoflagellida,Acanthoecida,Acanthoecidae,Savillea,Unassigned,18S,2b
1090,e586d7015a90ea0d2a8a7bb2fc1034d7,Ocean-lake-2b,117.0,Eukaryota,Peronosporomycetes,Peronosporomycetes,Peronosporomycetes,Peronosporomycetes,Unassigned,Unassigned,18S,2b
1091,cce1770a5e93e90f1494e5586fd50699,Ocean-lake-2b,143.0,Eukaryota,Unassigned,Unassigned,Unassigned,Unassigned,Unassigned,Unassigned,18S,2b
1092,1f566b512cfed67d24839941324159c7,Ocean-lake-2b,60.0,Eukaryota,Unassigned,Unassigned,Unassigned,Unassigned,Unassigned,Unassigned,18S,2b
1093,f6987a195833584b7f2425b2e4830676,Ocean-lake-2b,40.0,Eukaryota,Unassigned,Unassigned,Unassigned,Unassigned,Unassigned,Unassigned,18S,2b
1094,94d1215ba339547564144cd80067e468,Ocean-lake-2b,79.0,Eukaryota,Unassigned,Unassigned,Unassigned,Unassigned,Unassigned,Unassigned,18S,2b
1095,547337c71a60e1fbfbd31253245831ff,Ocean-lake-2b,72.0,Eukaryota,Cercozoa,Imbricatea,Imbricatea,Euglyphida,Paulinella,Unassigned,18S,2b
1096,5062e3752762e77d8112b45d5598c76c,Ocean-lake-2b,72.0,Eukaryota,Unassigned,Unassigned,Unassigned,Unassigned,Unassigned,Unassigned,18S,2b
1097,dfc3aaf0a998c97dd62d7b5b8f6f8510,Ocean-lake-2b,19.0,Eukaryota,Diatomea,Unassigned,Unassigned,Unassigned,Unassigned,Unassigned,18S,2b
1098,0b6af8660f0ae04eaf12b1f333bb5c2e,Ocean-lake-2b,61.0,Eukaryota,Unassigned,Unassigned,Unassigned,Unassigned,Unassigned,Unassigned,18S,2b
1099,22c6f1265eb4d6f1331bd58a4356590b,Ocean-lake-2b,22.0,Bacteria,Planctomycetota,Planctomycetes,Pirellulales,Pirellulaceae,Unassigned,Unassigned,18S,2b
1100,19a56d5bd0bf329aec933932e7b9e92f,Ocean-lake-2b,67.0,Eukaryota,Unassigned,Unassigned,Unassigned,Unassigned,Unassigned,Unassigned,18S,2b
1101,b4513436e867b40145adddb506bf0475,Ocean-lake-2b,38.0,Bacteria,Proteobacteria,Gammaproteobacteria,Pseudomonadales,Unassigned,Unassigned,Unassigned,18S,2b
1102,6f1a240c08dbec18e9e20c2be8e45281,Ocean-lake-2b,40.0,Eukaryota,Unassigned,Unassigned,Unassigned,Unassigned,Unassigned,Unassigned,18S,2b
1103,59912db1c92f121cf8678826462915f2,Ocean-lake-2b,15.0,Eukaryota,Unassigned,Unassigned,Unassigned,Unassigned,Unassigned,Unassigned,18S,2b
1104,770a12f9a251dcae3815ca82a8593582,Ocean-lake-2b,11.0,Eukaryota,Chlorophyta,Unassigned,Unassigned,Unassigned,Unassigned,Unassigned,18S,2b
1105,c943ebe3cdbc12da3c5b3c8e27e06050,Ocean-lake-2b,18.0,Eukaryota,Unassigned,Unassigned,Unassigned,Unassigned,Unassigned,Unassigned,18S,2b
1106,14422e48b3be66cd259f3e65af86b9f7,Ocean-lake-2b,23.0,Eukaryota,Unassigned,Unassigned,Unassigned,Unassigned,Unassigned,Unassigned,18S,2b
1107,6c370324395f892dd3d16f549f18eb03,Ocean-lake-2b,53.0,Eukaryota,Unassigned,Unassigned,Unassigned,Unassigned,Unassigned,Unassigned,18S,2b
1108,49ebdc6e2e571e26069d1b0611e1beba,Ocean-lake-2b,57.0,Eukaryota,Unassigned,Unassigned,Unassigned,Unassigned,Unassigned,Unassigned,18S,2b
1109,a7d314f54e116d111a46d897b2172cdf,Ocean-lake-2b,38.0,Eukaryota,Unassigned,Unassigned,Unassigned,Unassigned,Unassigned,Unassigned,18S,2b
1110,0bd8b0429a3b292ead2258e0829de255,Ocean-lake-2b,59.0,Eukaryota,Unassigned,Unassigned,Unassigned,Unassigned,Unassigned,Unassigned,18S,2b
1111,e23bec28a8e7b9a17544c552383b1831,Ocean-lake-2b,30.0,Eukaryota,Diatomea,Unassigned,Unassigned,Unassigned,Unassigned,Unassigned,18S,2b
1112,c451ab7ceebdca242bc792f4cf48a507,Ocean-lake-2b,42.0,Eukaryota,Diatomea,Unassigned,Unassigned,Unassigned,Unassigned,Unassigned,18S,2b
1113,d747e1f6a237a975873a9bea35bc9ec0,Ocean-lake-2b,74.0,Eukaryota,Ciliophora,Intramacronucleata,Conthreep,Oligohymenophorea,Unassigned,Unassigned,18S,2b
1114,4132ad58cad208ff63e44cb5de23e06f,Ocean-lake-2b,12.0,Eukaryota,Unassigned,Unassigned,Unassigned,Unassigned,Unassigned,Unassigned,18S,2b
1115,734e105a0d4dd6e00ca675a35e01e11f,Ocean-lake-2b,61.0,Eukaryota,Unassigned,Unassigned,Unassigned,Unassigned,Unassigned,Unassigned,18S,2b
1116,8b6aeb8def45751002ddc07cad65cb75,Ocean-lake-2b,24.0,Eukaryota,Unassigned,Unassigned,Unassigned,Unassigned,Unassigned,Unassigned,18S,2b
1117,cf680c787b06a4d2cdc41206ab4a53c0,Ocean-lake-2b,38.0,Eukaryota,Unassigned,Unassigned,Unassigned,Unassigned,Unassigned,Unassigned,18S,2b
1118,2e13907fd2da985464517d7368995556,Ocean-lake-2b,30.0,Eukaryota,Unassigned,Unassigned,Unassigned,Unassigned,Unassigned,Unassigned,18S,2b
1119,10211e64ef1e205bf4e74420d9aebcf4,Ocean-lake-2b,27.0,Eukaryota,Unassigned,Unassigned,Unassigned,Unassigned,Unassigned,Unassigned,18S,2b
1120,634234e1100e3650e5586adc97fbf896,Ocean-lake-2b,21.0,Bacteria,Proteobacteria,Gammaproteobacteria,Enterobacterales,Unassigned,Unassigned,Unassigned,18S,2b
1121,43971dfd1e364bd058f9fb7bb48620bd,Ocean-lake-2b,50.0,Eukaryota,Unassigned,Unassigned,Unassigned,Unassigned,Unassigned,Unassigned,18S,2b
1122,86ab0f349721189e69619267611d940e,Ocean-lake-2b,52.0,Eukaryota,Ciliophora,Intramacronucleata,Spirotrichea,Oligotrichia,Unassigned,Unassigned,18S,2b
1123,d5e412859c3150c7b58ecd82be6ab920,Ocean-lake-2b,47.0,Eukaryota,Unassigned,Unassigned,Unassigned,Unassigned,Unassigned,Unassigned,18S,2b
1124,606d80d229e7b28f8fb025414304a9fc,Ocean-lake-2b,11.0,Eukaryota,Chlorophyta,Chlorophyceae,Unassigned,Unassigned,Unassigned,Unassigned,18S,2b
1125,84ada7b042a100757c00a0d366191296,Ocean-lake-2b,25.0,Eukaryota,Ochrophyta,Chrysophyceae,Unassigned,Unassigned,Unassigned,Unassigned,18S,2b
1126,e7ef54a1a9415f3d88fa430107d1cd63,Ocean-lake-2b,14.0,Eukaryota,Unassigned,Unassigned,Unassigned,Unassigned,Unassigned,Unassigned,18S,2b
1127,7961e4b9a6e837222a77346ccbbccec2,Ocean-lake-2b,34.0,Eukaryota,Unassigned,Unassigned,Unassigned,Unassigned,Unassigned,Unassigned,18S,2b
1128,d03d25a5f2ff32f211d164b0ec9e7204,Ocean-lake-2b,15.0,Eukaryota,Unassigned,Unassigned,Unassigned,Unassigned,Unassigned,Unassigned,18S,2b
1129,aae983c32c636aa9ecb82af87e7cfcc6,Ocean-lake-2b,11.0,Eukaryota,Unassigned,Unassigned,Unassigned,Unassigned,Unassigned,Unassigned,18S,2b
1130,2a12208dc448727ec7cde0f6cdf587c7,Ocean-lake-2b,19.0,Eukaryota,Unassigned,Unassigned,Unassigned,Unassigned,Unassigned,Unassigned,18S,2b
1131,df10cc4250c9dd5b011683b5eb36b68f,Ocean-lake-2b,13.0,Eukaryota,Unassigned,Unassigned,Unassigned,Unassigned,Unassigned,Unassigned,18S,2b
1132,e224e58ee0efdfe2e4f4475b12cd662e,Ocean-lake-2b,32.0,Eukaryota,Unassigned,Unassigned,Unassigned,Unassigned,Unassigned,Unassigned,18S,2b
1133,7d14b86a8712a3eea57669e4db769535,Ocean-lake-2b,7.0,Eukaryota,Unassigned,Unassigned,Unassigned,Unassigned,Unassigned,Unassigned,18S,2b
1134,168c6412c74239f42b509db0d4f48179,Ocean-lake-2b,9.0,Eukaryota,Unassigned,Unassigned,Unassigned,Unassigned,Unassigned,Unassigned,18S,2b
1135,53c18b0aaf423d08299b042f3c536fcb,Ocean-lake-2b,25.0,Eukaryota,Ochrophyta,Eustigmatophyceae,Eustigmatales,Eustigmatales,uncultured,Unassigned,18S,2b
1136,3e98f259c6ebd3bc2969b1ddf4bf8aff,Ocean-lake-2b,10.0,Eukaryota,Euglenozoa,Euglenida,Euglenophyceae,Euglenaceae,Euglena,Unassigned,18S,2b
1137,aab7e62a362b20397047dd5d942c5331,Ocean-lake-2b,30.0,Eukaryota,Unassigned,Unassigned,Unassigned,Unassigned,Unassigned,Unassigned,18S,2b
1138,5c9fa1b11ffff450b937a54fc3c4bf48,Ocean-lake-2b,14.0,Eukaryota,Euglenozoa,Kinetoplastea,Unassigned,Unassigned,Unassigned,Unassigned,18S,2b
1139,777a9c1f80b7b889e0d1206c6d07635b,Ocean-lake-2b,21.0,Bacteria,Proteobacteria,Alphaproteobacteria,Unassigned,Unassigned,Unassigned,Unassigned,18S,2b
1140,bce39c483796bd5d13851170c7eedebf,Ocean-lake-2b,49.0,Eukaryota,Unassigned,Unassigned,Unassigned,Unassigned,Unassigned,Unassigned,18S,2b
1141,76202a8cd87cd41d08ae65b2cd37c79a,Ocean-lake-2b,24.0,Eukaryota,Dinoflagellata,Dinophyceae,Unassigned,Unassigned,Unassigned,Unassigned,18S,2b
1142,86d879f5984d156c086f254b403ec010,Ocean-lake-2b,21.0,Eukaryota,Unassigned,Unassigned,Unassigned,Unassigned,Unassigned,Unassigned,18S,2b
1143,303fadfd2b4072262b67769fadfd00e2,Ocean-lake-2b,22.0,Eukaryota,Unassigned,Unassigned,Unassigned,Unassigned,Unassigned,Unassigned,18S,2b
1144,aeabe54d1f5fd3927ca83445360321d7,Ocean-lake-2b,3.0,Bacteria,Gemmatimonadota,BD2-11_terrestrial_group,BD2-11_terrestrial_group,BD2-11_terrestrial_group,BD2-11_terrestrial_group,Unassigned,18S,2b
1145,fee21e7caeca49b5c0b690d31280e5aa,Ocean-lake-2b,31.0,Eukaryota,Unassigned,Unassigned,Unassigned,Unassigned,Unassigned,Unassigned,18S,2b
1146,bfa54a137d4cee7f5250b325378f1e8a,Ocean-lake-2b,7.0,Eukaryota,Unassigned,Unassigned,Unassigned,Unassigned,Unassigned,Unassigned,18S,2b
1147,c9f2826d9f8bb2285090de958740db9f,Ocean-lake-2b,14.0,Eukaryota,Unassigned,Unassigned,Unassigned,Unassigned,Unassigned,Unassigned,18S,2b
1148,23bd22191073d9689eb32b1f8f8ce1ad,Ocean-lake-2b,27.0,Eukaryota,Ciliophora,Intramacronucleata,Spirotrichea,Choreotrichia,Tintinnidium,Unassigned,18S,2b
1149,9e70ddace0d7b13344829818912df3a8,Ocean-lake-2b,39.0,Unassigned,Unassigned,Unassigned,Unassigned,Unassigned,Unassigned,Unassigned,18S,2b
1150,210be746dd9ad44fea1a6008d2748957,Ocean-lake-2b,8.0,Bacteria,Unassigned,Unassigned,Unassigned,Unassigned,Unassigned,Unassigned,18S,2b
1151,f59628b3a2cda269951820fd8389e33f,Ocean-lake-2b,14.0,Eukaryota,Diatomea,Unassigned,Unassigned,Unassigned,Unassigned,Unassigned,18S,2b
1152,3e7c5e8568a3fbbfd325d15ec695ecb6,Ocean-lake-2b,11.0,Bacteria,Proteobacteria,Alphaproteobacteria,Unassigned,Unassigned,Unassigned,Unassigned,18S,2b
1153,a14a000e60f3f29fe436dea1895b0551,Ocean-lake-2b,9.0,Eukaryota,Unassigned,Unassigned,Unassigned,Unassigned,Unassigned,Unassigned,18S,2b
1154,c5ccc792f4d304e2a5c6131a0540bbea,Ocean-lake-2b,21.0,Eukaryota,Cryptophyceae,Cryptophyceae,Cryptomonadales,Cryptomonadales,Unassigned,Unassigned,18S,2b
1155,cc286ddc5b93b1d8fe32d0790bf27a70,Ocean-lake-2b,17.0,Eukaryota,Unassigned,Unassigned,Unassigned,Unassigned,Unassigned,Unassigned,18S,2b
1156,b98d5b4982fa6732f9676b2e06854c88,Ocean-lake-2b,26.0,Eukaryota,Unassigned,Unassigned,Unassigned,Unassigned,Unassigned,Unassigned,18S,2b
1157,404121735b1401cd20f665e51379bba7,Ocean-lake-2b,23.0,Bacteria,Verrucomicrobiota,Verrucomicrobiae,Opitutales,Opitutaceae,Unassigned,Unassigned,18S,2b
1158,b7c5110f4de1dd8a63b38b08afde62d2,Ocean-lake-2b,33.0,Eukaryota,Cercozoa,Imbricatea,Imbricatea,Euglyphida,Euglypha,Unassigned,18S,2b
1159,4ad98155556f467605e6e187a9c9d438,Ocean-lake-2b,57.0,Eukaryota,Dinoflagellata,Dinophyceae,Unassigned,Unassigned,Unassigned,Unassigned,18S,2b
1160,137b0aced186c4c53af41e0846308146,Ocean-lake-2b,12.0,Bacteria,Proteobacteria,Gammaproteobacteria,Unassigned,Unassigned,Unassigned,Unassigned,18S,2b
1161,57ac77cef5ab072b072d69eda7f7e3ae,Ocean-lake-2b,12.0,Eukaryota,Unassigned,Unassigned,Unassigned,Unassigned,Unassigned,Unassigned,18S,2b
1162,25d8157b240c81832b83e57a176e29c2,Ocean-lake-2b,40.0,Eukaryota,Unassigned,Unassigned,Unassigned,Unassigned,Unassigned,Unassigned,18S,2b
1163,88949ceaebc201e0820d9cc2b76c79af,Ocean-lake-2b,12.0,Eukaryota,Euglenozoa,Euglenida,Heteronematina,Heteronematina,Petalomonas,Unassigned,18S,2b
1164,04246a4240fee23bc17b29aaa5365b82,Ocean-lake-2b,24.0,Eukaryota,Unassigned,Unassigned,Unassigned,Unassigned,Unassigned,Unassigned,18S,2b
1165,4582526bea5a23af8d83117da68d5739,Ocean-lake-2b,18.0,Bacteria,Proteobacteria,Gammaproteobacteria,Unassigned,Unassigned,Unassigned,Unassigned,18S,2b
1166,81296e17895413d20120dd12295d12ea,Ocean-lake-2b,22.0,Eukaryota,Unassigned,Unassigned,Unassigned,Unassigned,Unassigned,Unassigned,18S,2b
1167,c0030f4c322d51307052c52be4d3adfa,Ocean-lake-2b,21.0,Eukaryota,Ciliophora,Intramacronucleata,Spirotrichea,Hypotrichia,Unassigned,Unassigned,18S,2b
1168,8d85c3e6f54c17b6d85653ed89b90452,Ocean-lake-2b,10.0,Eukaryota,Euglenozoa,Euglenida,Heteronematina,Heteronematina,Petalomonas,Unassigned,18S,2b
1169,aff6f6b46eef0ddf22a66c97526aff06,Ocean-lake-2b,14.0,Bacteria,Planctomycetota,Planctomycetes,Unassigned,Unassigned,Unassigned,Unassigned,18S,2b
1170,e783960212535fef32e616c5b9ccd72f,Ocean-lake-2b,48.0,Eukaryota,Diatomea,Unassigned,Unassigned,Unassigned,Unassigned,Unassigned,18S,2b
1171,c9634063dc37c16f31d5668e017a84a3,Ocean-lake-2b,30.0,Eukaryota,Unassigned,Unassigned,Unassigned,Unassigned,Unassigned,Unassigned,18S,2b
1172,e9fc18a635177798af581e64d2965b92,Ocean-lake-2b,25.0,Eukaryota,Unassigned,Unassigned,Unassigned,Unassigned,Unassigned,Unassigned,18S,2b
1173,579b2d1db4e1651166c7fd50890a3977,Ocean-lake-2b,24.0,Eukaryota,Unassigned,Unassigned,Unassigned,Unassigned,Unassigned,Unassigned,18S,2b
1174,b24a00210f491976e3d47c1ff93fbfeb,Ocean-lake-2b,20.0,Eukaryota,Unassigned,Unassigned,Unassigned,Unassigned,Unassigned,Unassigned,18S,2b
1175,c1b9c091bbe877ff0183b6dca089222d,Ocean-lake-2b,16.0,Eukaryota,Unassigned,Unassigned,Unassigned,Unassigned,Unassigned,Unassigned,18S,2b
1176,2caa63935097268162e216d72b9b820b,Ocean-lake-2b,23.0,Eukaryota,Unassigned,Unassigned,Unassigned,Unassigned,Unassigned,Unassigned,18S,2b
1177,9fdf77d849eab1a1c9b4ca0ac656ae33,Ocean-lake-2b,15.0,Eukaryota,Unassigned,Unassigned,Unassigned,Unassigned,Unassigned,Unassigned,18S,2b
1178,c381bf315de46f7323df491f3023fce5,Ocean-lake-2b,9.0,Eukaryota,MAST-12,MAST-12C,MAST-12C,MAST-12C,MAST-12C,Unassigned,18S,2b
1179,ff538458707c13776e0067b11931712f,Ocean-lake-2b,11.0,Eukaryota,Unassigned,Unassigned,Unassigned,Unassigned,Unassigned,Unassigned,18S,2b
1180,d6cf1b91f9c2d3d7bdf688fe5c696ea8,Ocean-lake-2b,36.0,Eukaryota,Unassigned,Unassigned,Unassigned,Unassigned,Unassigned,Unassigned,18S,2b
1181,854e9bbedb747884cf9ea4bed69f13b3,Ocean-lake-2b,23.0,Eukaryota,Diatomea,Unassigned,Unassigned,Unassigned,Unassigned,Unassigned,18S,2b
1182,9cd854bc64386505b43f9dd4a07240aa,Ocean-lake-2b,41.0,Eukaryota,Diatomea,Unassigned,Unassigned,Unassigned,Unassigned,Unassigned,18S,2b
1183,ee66129eb23c42954e1a1c9e5f76faed,Ocean-lake-2b,15.0,Eukaryota,Unassigned,Unassigned,Unassigned,Unassigned,Unassigned,Unassigned,18S,2b
1184,70fd5cc8a3cba23184290c56c87cee56,Ocean-lake-2b,19.0,Bacteria,Proteobacteria,Gammaproteobacteria,Unassigned,Unassigned,Unassigned,Unassigned,18S,2b
1185,1c630c8eda457131357f7279ba129399,Ocean-lake-2b,20.0,Eukaryota,Unassigned,Unassigned,Unassigned,Unassigned,Unassigned,Unassigned,18S,2b
1186,63ea7a41fa4a969954c06aae79af1ed0,Ocean-lake-2b,39.0,Eukaryota,Unassigned,Unassigned,Unassigned,Unassigned,Unassigned,Unassigned,18S,2b
1187,8b60e7bea401fbdcb41784453d372389,Ocean-lake-2b,18.0,Eukaryota,Unassigned,Unassigned,Unassigned,Unassigned,Unassigned,Unassigned,18S,2b
1188,9a81874c824eca59a6dfee867d4962a0,Ocean-lake-2b,24.0,Eukaryota,Unassigned,Unassigned,Unassigned,Unassigned,Unassigned,Unassigned,18S,2b
1189,2d77a3e664f5717535308d55c4facb77,Ocean-lake-2b,19.0,Eukaryota,Ascomycota,Dothideomycetes,Capnodiales,Unassigned,Unassigned,Unassigned,18S,2b
1190,48488edab771d5e2c54f8f922dcdde66,Ocean-lake-2b,11.0,Bacteria,Proteobacteria,Gammaproteobacteria,Unassigned,Unassigned,Unassigned,Unassigned,18S,2b
1191,40dbf9288e4e4ea80f1f5e0a9fa0f6bf,Ocean-lake-2b,14.0,Eukaryota,Unassigned,Unassigned,Unassigned,Unassigned,Unassigned,Unassigned,18S,2b
1192,e1fd1121f86ed82fa667684359a0c660,Ocean-lake-2b,14.0,Eukaryota,Unassigned,Unassigned,Unassigned,Unassigned,Unassigned,Unassigned,18S,2b
1193,efb84c7e69424b6f8786bc1ff9faf6ae,Ocean-lake-2b,10.0,Bacteria,Proteobacteria,Gammaproteobacteria,Unassigned,Unassigned,Unassigned,Unassigned,18S,2b
1194,341eb6826121c6f5b8ebdcfb9ea60b21,Ocean-lake-2b,5.0,Eukaryota,Unassigned,Unassigned,Unassigned,Unassigned,Unassigned,Unassigned,18S,2b
1195,f59963191390ce8dc09c695d7d9d9b5a,Ocean-lake-2b,28.0,Eukaryota,Unassigned,Unassigned,Unassigned,Unassigned,Unassigned,Unassigned,18S,2b
1196,5616ca0e46dcbd04ffd07281344d06ec,Ocean-lake-2b,15.0,Eukaryota,Unassigned,Unassigned,Unassigned,Unassigned,Unassigned,Unassigned,18S,2b
1197,4cc82bc413baa868116db5fcaf326442,Ocean-lake-2b,34.0,Eukaryota,Unassigned,Unassigned,Unassigned,Unassigned,Unassigned,Unassigned,18S,2b
1198,71aa09468a6f56d31dcfa3611c6409a3,Ocean-lake-2b,7.0,Eukaryota,Unassigned,Unassigned,Unassigned,Unassigned,Unassigned,Unassigned,18S,2b
1199,c450f174644f6052ffad591dd5523135,Ocean-lake-2b,33.0,Eukaryota,Unassigned,Unassigned,Unassigned,Unassigned,Unassigned,Unassigned,18S,2b
1200,e7e3065c88f6887640e4c29be03f4c3a,Ocean-lake-2b,6.0,Bacteria,Unassigned,Unassigned,Unassigned,Unassigned,Unassigned,Unassigned,18S,2b
1201,25c52ac2b8494ec6e33973ad62da6c78,Ocean-lake-2b,15.0,Eukaryota,Unassigned,Unassigned,Unassigned,Unassigned,Unassigned,Unassigned,18S,2b
1202,a8011e9627d3a63c88a8a3bc2f91ea39,Ocean-lake-2b,30.0,Eukaryota,Unassigned,Unassigned,Unassigned,Unassigned,Unassigned,Unassigned,18S,2b
1203,a2730a7af5c892f33980fc9cb7d1c5bf,Ocean-lake-2b,30.0,Eukaryota,Peronosporomycetes,Peronosporomycetes,Peronosporomycetes,Peronosporomycetes,Unassigned,Unassigned,18S,2b
1204,aea5d93e6e6b77a209f0365d7ea01fc4,Ocean-lake-2b,6.0,Bacteria,Unassigned,Unassigned,Unassigned,Unassigned,Unassigned,Unassigned,18S,2b
1205,d5fcc581fb53e9e27f24c9e8d4cd1413,Ocean-lake-2b,9.0,Eukaryota,Unassigned,Unassigned,Unassigned,Unassigned,Unassigned,Unassigned,18S,2b
1206,5883a03d443cb650e76a5506f873a329,Ocean-lake-2b,10.0,Eukaryota,Unassigned,Unassigned,Unassigned,Unassigned,Unassigned,Unassigned,18S,2b
1207,ed58b4c7018fdad7db2d6c8100a01e2a,Ocean-lake-2b,9.0,Eukaryota,Unassigned,Unassigned,Unassigned,Unassigned,Unassigned,Unassigned,18S,2b
1208,a6505e63ee78341349119353752c8d93,Ocean-lake-2b,10.0,Bacteria,Proteobacteria,Alphaproteobacteria,Unassigned,Unassigned,Unassigned,Unassigned,18S,2b
1209,309c3557860ac913dffefb59bceeb5c6,Ocean-lake-2b,13.0,Eukaryota,Unassigned,Unassigned,Unassigned,Unassigned,Unassigned,Unassigned,18S,2b
1210,82e257b77480ff49019150634656ee36,Ocean-lake-2b,16.0,Eukaryota,Unassigned,Unassigned,Unassigned,Unassigned,Unassigned,Unassigned,18S,2b
1211,0c1dc49c8d2c6ffad35ab32da1d18298,Ocean-lake-2b,27.0,Eukaryota,Unassigned,Unassigned,Unassigned,Unassigned,Unassigned,Unassigned,18S,2b
1212,5a3250e028cdcc2d8933911d4435e005,Ocean-lake-2b,8.0,Bacteria,Unassigned,Unassigned,Unassigned,Unassigned,Unassigned,Unassigned,18S,2b
1213,b9cc45a903671fe84a1f6f6336632693,Ocean-lake-2b,10.0,Eukaryota,Ciliophora,Intramacronucleata,Spirotrichea,Hypotrichia,Neourostylopsis,Unassigned,18S,2b
1214,5cb33623ffa591e04373e07577464d1a,Ocean-lake-2b,26.0,Eukaryota,Unassigned,Unassigned,Unassigned,Unassigned,Unassigned,Unassigned,18S,2b
1215,4ca642d2269716621b88e0aa4f230397,Ocean-lake-2b,9.0,Eukaryota,Unassigned,Unassigned,Unassigned,Unassigned,Unassigned,Unassigned,18S,2b
1216,b83059b4848740a77f7a9a10a13206c7,Ocean-lake-2b,17.0,Eukaryota,Unassigned,Unassigned,Unassigned,Unassigned,Unassigned,Unassigned,18S,2b
1217,b450dd2c4b8ca24fccda0c2ef815bf46,Ocean-lake-2b,24.0,Eukaryota,Unassigned,Unassigned,Unassigned,Unassigned,Unassigned,Unassigned,18S,2b
1218,3d37db8e78acc9f2492a1f8e4e90cf9a,Ocean-lake-2b,11.0,Eukaryota,Unassigned,Unassigned,Unassigned,Unassigned,Unassigned,Unassigned,18S,2b
1219,2e629729ea820d593fd8c9c8ae83858c,Ocean-lake-2b,10.0,Eukaryota,Diatomea,Unassigned,Unassigned,Unassigned,Unassigned,Unassigned,18S,2b
1220,2726d1e1903981e3a62a7c2ca12a8a5b,Ocean-lake-2b,12.0,Eukaryota,Unassigned,Unassigned,Unassigned,Unassigned,Unassigned,Unassigned,18S,2b
1221,3df50256b922b6fcb7615e0da9c86b77,Ocean-lake-2b,23.0,Eukaryota,Myxogastria,Myxogastria,Myxogastria,Myxogastria,Didymium,Unassigned,18S,2b
1222,345ecb9ac4226bdc4c40c7cd34de03c7,Ocean-lake-2b,23.0,Eukaryota,Diatomea,Unassigned,Unassigned,Unassigned,Unassigned,Unassigned,18S,2b
1223,12f4ced0516afc95b84b55c5ab86454a,Ocean-lake-2b,9.0,Eukaryota,Unassigned,Unassigned,Unassigned,Unassigned,Unassigned,Unassigned,18S,2b
1224,2d30cf414344b454d34fd01fc68623a5,Ocean-lake-2b,22.0,Eukaryota,Euglenozoa,Euglenida,Heteronematina,Heteronematina,Petalomonas,Unassigned,18S,2b
1225,a1015cbde724fb663d100b66f73fe105,Ocean-lake-2b,22.0,Eukaryota,Euglenozoa,Diplonemea,Diplonemea,Diplonemea,Diplonema,Unassigned,18S,2b
1226,d68709be98ef5c945ce85b8a4183d5f5,Ocean-lake-2b,22.0,Eukaryota,Unassigned,Unassigned,Unassigned,Unassigned,Unassigned,Unassigned,18S,2b
1227,70ee6a5824e639552c714c9273a3ea69,Ocean-lake-2b,9.0,Eukaryota,Unassigned,Unassigned,Unassigned,Unassigned,Unassigned,Unassigned,18S,2b
1228,b4661b39d02982c74c58287bb7815ab6,Ocean-lake-2b,10.0,Eukaryota,Unassigned,Unassigned,Unassigned,Unassigned,Unassigned,Unassigned,18S,2b
1229,a98bba94d927b086d5f5971836402e0e,Ocean-lake-2b,21.0,Eukaryota,Ascomycota,Unassigned,Unassigned,Unassigned,Unassigned,Unassigned,18S,2b
1230,8b1cd1ebfb048fca502855529b7432bf,Ocean-lake-2b,3.0,Eukaryota,Euglenozoa,Kinetoplastea,Incertae_Sedis,Incertae_Sedis,Hemistasia,Unassigned,18S,2b
1231,df113c0dda4d309e78b9220c4ddb91dc,Ocean-lake-2b,5.0,Eukaryota,Ciliophora,Intramacronucleata,Litostomatea,Haptoria,Unassigned,Unassigned,18S,2b
1232,868e599ed64705d35538132f227f4241,Ocean-lake-2b,11.0,Eukaryota,Unassigned,Unassigned,Unassigned,Unassigned,Unassigned,Unassigned,18S,2b
1233,3b3b9aac1ced899a2bbdf6880697df27,Ocean-lake-2b,20.0,Eukaryota,Unassigned,Unassigned,Unassigned,Unassigned,Unassigned,Unassigned,18S,2b
1234,b27e47c7c148f4457111becdbdf7cfa7,Ocean-lake-2b,20.0,Eukaryota,Diatomea,Unassigned,Unassigned,Unassigned,Unassigned,Unassigned,18S,2b
1235,099370f02db9f2bee4e5c35e13396a8e,Ocean-lake-2b,20.0,Eukaryota,Unassigned,Unassigned,Unassigned,Unassigned,Unassigned,Unassigned,18S,2b
1236,b28ad4dea851ddc87ecb54a638b6b509,Ocean-lake-2b,6.0,Eukaryota,Unassigned,Unassigned,Unassigned,Unassigned,Unassigned,Unassigned,18S,2b
1237,bf341c4473f3550832466f68db43ff66,Ocean-lake-2b,11.0,Eukaryota,Unassigned,Unassigned,Unassigned,Unassigned,Unassigned,Unassigned,18S,2b
1238,e1eca7c5e65caeca17b8ea0c251ebb3b,Ocean-lake-2b,19.0,Eukaryota,Unassigned,Unassigned,Unassigned,Unassigned,Unassigned,Unassigned,18S,2b
1239,97283ea4dbce349a2b8a902f71e62465,Ocean-lake-2b,8.0,Eukaryota,Unassigned,Unassigned,Unassigned,Unassigned,Unassigned,Unassigned,18S,2b
1240,8b402d2b9d4a3d1b73430fe4db8fb45b,Ocean-lake-2b,7.0,Eukaryota,Unassigned,Unassigned,Unassigned,Unassigned,Unassigned,Unassigned,18S,2b
1241,be997b23dfb777515c5e475664bb3841,Ocean-lake-2b,4.0,Eukaryota,Bicosoecida,Bicosoecida,Bicosoecida,Bicosoecida,Unassigned,Unassigned,18S,2b
1242,b31ea9a0c7c45b6dcd693bc25c6c0204,Ocean-lake-2b,10.0,Eukaryota,Unassigned,Unassigned,Unassigned,Unassigned,Unassigned,Unassigned,18S,2b
1243,60696de4b6852aab8d4a8607127f8acb,Ocean-lake-2b,18.0,Eukaryota,Unassigned,Unassigned,Unassigned,Unassigned,Unassigned,Unassigned,18S,2b
1244,798d5afe72b12115b97e01ce9e88c406,Ocean-lake-2b,18.0,Eukaryota,Unassigned,Unassigned,Unassigned,Unassigned,Unassigned,Unassigned,18S,2b
1245,a00072bbebaa4b4bc53f969446d472a9,Ocean-lake-2b,6.0,Eukaryota,Basidiomycota,Agaricomycetes,Unassigned,Unassigned,Unassigned,Unassigned,18S,2b
1246,81e434308ea66c80a1e4d10577918f1b,Ocean-lake-2b,17.0,Eukaryota,Unassigned,Unassigned,Unassigned,Unassigned,Unassigned,Unassigned,18S,2b
1247,38c0c453e9aedc6f2e5897b99871c8a2,Ocean-lake-2b,17.0,Eukaryota,Unassigned,Unassigned,Unassigned,Unassigned,Unassigned,Unassigned,18S,2b
1248,c04ac33f296f625b6fdec897d041bacd,Ocean-lake-2b,17.0,Eukaryota,Unassigned,Unassigned,Unassigned,Unassigned,Unassigned,Unassigned,18S,2b
1249,00cceca3468556608eb73c321e24ed77,Ocean-lake-2b,17.0,Eukaryota,Unassigned,Unassigned,Unassigned,Unassigned,Unassigned,Unassigned,18S,2b
1250,a10651f6cce7a8c1284e72e1e5402840,Ocean-lake-2b,8.0,Eukaryota,Unassigned,Unassigned,Unassigned,Unassigned,Unassigned,Unassigned,18S,2b
1251,49918bbee6c9eee37f75fe83655ea42e,Ocean-lake-2b,8.0,Bacteria,Proteobacteria,Alphaproteobacteria,Unassigned,Unassigned,Unassigned,Unassigned,18S,2b
1252,9f9c3d2804bfe7f78e81d87e8d031f25,Ocean-lake-2b,8.0,Bacteria,Unassigned,Unassigned,Unassigned,Unassigned,Unassigned,Unassigned,18S,2b
1253,d48d9f7569a7e09e56c42b81c67920ba,Ocean-lake-2b,7.0,Eukaryota,Unassigned,Unassigned,Unassigned,Unassigned,Unassigned,Unassigned,18S,2b
1254,67e3c12fce5b86d44983d21e5e53e709,Ocean-lake-2b,16.0,Eukaryota,Unassigned,Unassigned,Unassigned,Unassigned,Unassigned,Unassigned,18S,2b
1255,17c72f5ac6b0065e049835ef52a71810,Ocean-lake-2b,16.0,Eukaryota,Unassigned,Unassigned,Unassigned,Unassigned,Unassigned,Unassigned,18S,2b
1256,31e05164fc9bfb5334ab8ca9e4ca08a4,Ocean-lake-2b,16.0,Eukaryota,Unassigned,Unassigned,Unassigned,Unassigned,Unassigned,Unassigned,18S,2b
1257,711e4b717f6ff5127bfcf13c420cf30b,Ocean-lake-2b,16.0,Eukaryota,Unassigned,Unassigned,Unassigned,Unassigned,Unassigned,Unassigned,18S,2b
1258,da39fdb380a06dee80c1484534be8034,Ocean-lake-2b,7.0,Eukaryota,Unassigned,Unassigned,Unassigned,Unassigned,Unassigned,Unassigned,18S,2b
1259,f49a618e12bbbaa3444c20e2bfda14ed,Ocean-lake-2b,8.0,Eukaryota,Unassigned,Unassigned,Unassigned,Unassigned,Unassigned,Unassigned,18S,2b
1260,0efe3cb1fa0400d73537f70c308edc9d,Ocean-lake-2b,8.0,Bacteria,Proteobacteria,Alphaproteobacteria,Unassigned,Unassigned,Unassigned,Unassigned,18S,2b
1261,2b5ca5a63d24e7ce1187e324f09beb5f,Ocean-lake-2b,15.0,Eukaryota,Unassigned,Unassigned,Unassigned,Unassigned,Unassigned,Unassigned,18S,2b
1262,100e4ba6c53b157e3d5d28ba0f26e7c6,Ocean-lake-2b,14.0,Eukaryota,Unassigned,Unassigned,Unassigned,Unassigned,Unassigned,Unassigned,18S,2b
1263,719d31d24f0c0a0ba4a78c61065985aa,Ocean-lake-2b,14.0,Bacteria,Unassigned,Unassigned,Unassigned,Unassigned,Unassigned,Unassigned,18S,2b
1264,30a0af5246db9c85bcac83159d2af1d7,Ocean-lake-2b,14.0,Eukaryota,Unassigned,Unassigned,Unassigned,Unassigned,Unassigned,Unassigned,18S,2b
1265,fde5551943332237970d812884f6cd2e,Ocean-lake-2b,14.0,Eukaryota,Unassigned,Unassigned,Unassigned,Unassigned,Unassigned,Unassigned,18S,2b
1266,3a61ea590b546074cc32264499eb2376,Ocean-lake-2b,4.0,Eukaryota,Unassigned,Unassigned,Unassigned,Unassigned,Unassigned,Unassigned,18S,2b
1267,3a1e5cbf39bd5643842ee065b6b5dfb7,Ocean-lake-2b,5.0,Eukaryota,Chlorophyta,Unassigned,Unassigned,Unassigned,Unassigned,Unassigned,18S,2b
1268,9ade313caad43b58307a25bc2e19cc2b,Ocean-lake-2b,7.0,Eukaryota,Euglenozoa,Euglenida,Heteronematina,Heteronematina,Petalomonas,Unassigned,18S,2b
1269,925132ac5ec5d2d8290b20c3636f1a84,Ocean-lake-2b,13.0,Eukaryota,Unassigned,Unassigned,Unassigned,Unassigned,Unassigned,Unassigned,18S,2b
1270,242bfba51eb2c4bd90b676a59f45e566,Ocean-lake-2b,13.0,Eukaryota,Unassigned,Unassigned,Unassigned,Unassigned,Unassigned,Unassigned,18S,2b
1271,9e103f4f56a1724ca303f37b9aad889a,Ocean-lake-2b,13.0,Bacteria,Proteobacteria,Gammaproteobacteria,Unassigned,Unassigned,Unassigned,Unassigned,18S,2b
1272,a92bf769974b814b817ddf1be2e2babb,Ocean-lake-2b,13.0,Eukaryota,Cercozoa,Glissomonadida,Glissomonadida,Glissomonadida,uncultured,Unassigned,18S,2b
1273,890269234c117087bf5325014791f3cf,Ocean-lake-2b,13.0,Eukaryota,Unassigned,Unassigned,Unassigned,Unassigned,Unassigned,Unassigned,18S,2b
1274,bdaace3ac7d9848179199ccf5771aef3,Ocean-lake-2b,13.0,Eukaryota,Myxogastria,Myxogastria,Myxogastria,Myxogastria,Stemonitis,Unassigned,18S,2b
1275,69f3f61a8d481408b2119f5b04e1a95a,Ocean-lake-2b,13.0,Eukaryota,Unassigned,Unassigned,Unassigned,Unassigned,Unassigned,Unassigned,18S,2b
1276,b4882155ea5b633c66603519815e4d7c,Ocean-lake-2b,4.0,Eukaryota,Unassigned,Unassigned,Unassigned,Unassigned,Unassigned,Unassigned,18S,2b
1277,716069528dfccd46147b0674877e2763,Ocean-lake-2b,3.0,Eukaryota,Unassigned,Unassigned,Unassigned,Unassigned,Unassigned,Unassigned,18S,2b
1278,1c7aa645b9725fb3e11b6f1b937808fa,Ocean-lake-2b,8.0,Eukaryota,Euglenozoa,Kinetoplastea,Unassigned,Unassigned,Unassigned,Unassigned,18S,2b
1279,36c00a0232d8b7e68560207c4684cd8d,Ocean-lake-2b,12.0,Eukaryota,Unassigned,Unassigned,Unassigned,Unassigned,Unassigned,Unassigned,18S,2b
1280,af77282c5c7a090ffffefdf1c97c0799,Ocean-lake-2b,12.0,Eukaryota,Unassigned,Unassigned,Unassigned,Unassigned,Unassigned,Unassigned,18S,2b
1281,491f693f641dcc138d0d018cce9a3177,Ocean-lake-2b,12.0,Eukaryota,Unassigned,Unassigned,Unassigned,Unassigned,Unassigned,Unassigned,18S,2b
1282,9057cb6f304fb27d4ab04ee07613f0b9,Ocean-lake-2b,12.0,Eukaryota,Unassigned,Unassigned,Unassigned,Unassigned,Unassigned,Unassigned,18S,2b
1283,c8ee5722b08b750b471d9b563e797986,Ocean-lake-2b,12.0,Eukaryota,Arthropoda,Maxillopoda,Unassigned,Unassigned,Unassigned,Unassigned,18S,2b
1284,75d06e1279ae9fa3e127b9ec8e91dedd,Ocean-lake-2b,12.0,Eukaryota,Unassigned,Unassigned,Unassigned,Unassigned,Unassigned,Unassigned,18S,2b
1285,1b10079d7fe957654038e5b6d9492a1b,Ocean-lake-2b,12.0,Eukaryota,MAST-12,MAST-12C,MAST-12C,MAST-12C,MAST-12C,Unassigned,18S,2b
1286,c4347030fcc6b5ff3e5e8c8d7b58ba5e,Ocean-lake-2b,12.0,Eukaryota,Peronosporomycetes,Peronosporomycetes,Peronosporomycetes,Peronosporomycetes,Unassigned,Unassigned,18S,2b
1287,5c45b44fd4fcb96152a7544563f57850,Ocean-lake-2b,12.0,Eukaryota,Diatomea,Unassigned,Unassigned,Unassigned,Unassigned,Unassigned,18S,2b
1288,227996c084ecf7f43a0f1c39e68d4a89,Ocean-lake-2b,11.0,Eukaryota,Ochrophyta,Chrysophyceae,Chromulinales,Chromulinales,JBNA46,Unassigned,18S,2b
1289,cc0b2c1cae5d885e19aefe1ee79d942b,Ocean-lake-2b,11.0,Eukaryota,Holozoa,Choanoflagellida,Codonosigidae,Codonosigidae,Codonosigidae,Unassigned,18S,2b
1290,46b511b514a5831769a21ac79f7269dc,Ocean-lake-2b,11.0,Eukaryota,Ciliophora,Intramacronucleata,Spirotrichea,Oligotrichia,Unassigned,Unassigned,18S,2b
1291,49f1cc51a9e554a52d11fd50501aaec7,Ocean-lake-2b,11.0,Eukaryota,Unassigned,Unassigned,Unassigned,Unassigned,Unassigned,Unassigned,18S,2b
1292,4caf4191f937845dbd80cee357663f72,Ocean-lake-2b,11.0,Eukaryota,Unassigned,Unassigned,Unassigned,Unassigned,Unassigned,Unassigned,18S,2b
1293,89f99fb8b711a7dd69a979a4e248bdac,Ocean-lake-2b,11.0,Eukaryota,Unassigned,Unassigned,Unassigned,Unassigned,Unassigned,Unassigned,18S,2b
1294,2408a71b71916729adb6a092ee121d93,Ocean-lake-2b,11.0,Eukaryota,Unassigned,Unassigned,Unassigned,Unassigned,Unassigned,Unassigned,18S,2b
1295,374807b4f6e8fe70db73aca93ff94029,Ocean-lake-2b,11.0,Eukaryota,Chytridiomycota,Monoblepharidomycetes,Monoblepharidales,Monoblepharidaceae,Monoblepharella,Unassigned,18S,2b
1296,9c4eb162656490ae892916f1d0e276f0,Ocean-lake-2b,11.0,Eukaryota,Peronosporomycetes,Peronosporomycetes,Peronosporomycetes,Peronosporomycetes,Unassigned,Unassigned,18S,2b
1297,6e51d021a4a7b7ba3349096efa9f8939,Ocean-lake-2b,11.0,Eukaryota,Unassigned,Unassigned,Unassigned,Unassigned,Unassigned,Unassigned,18S,2b
1298,cf0122f856368416fb10e6b4531a5af8,Ocean-lake-2b,11.0,Eukaryota,Peronosporomycetes,Peronosporomycetes,Peronosporomycetes,Peronosporomycetes,Unassigned,Unassigned,18S,2b
1299,47ac31f1bd38dcd79a01d9f55ebec8a6,Ocean-lake-2b,11.0,Bacteria,Unassigned,Unassigned,Unassigned,Unassigned,Unassigned,Unassigned,18S,2b
1300,aa617896afbcc04234eae4a0d8f2ef95,Ocean-lake-2b,11.0,Eukaryota,Chlorophyta,Unassigned,Unassigned,Unassigned,Unassigned,Unassigned,18S,2b
1301,ce25c7e404dd2e4320d6a788dd269bdb,Ocean-lake-2b,3.0,Eukaryota,Retaria,Foraminifera,Rotaliida,Unassigned,Unassigned,Unassigned,18S,2b
1302,c2314e53bc6ec3a41c1c187cc2307165,Ocean-lake-2b,10.0,Eukaryota,Unassigned,Unassigned,Unassigned,Unassigned,Unassigned,Unassigned,18S,2b
1303,0d71e661b3904e8de4b8cd37897f01ad,Ocean-lake-2b,10.0,Eukaryota,Unassigned,Unassigned,Unassigned,Unassigned,Unassigned,Unassigned,18S,2b
1304,8545b800f9af3a074d19c099358b7883,Ocean-lake-2b,10.0,Eukaryota,Unassigned,Unassigned,Unassigned,Unassigned,Unassigned,Unassigned,18S,2b
1305,7c82647bd8739d92965989cea6db4359,Ocean-lake-2b,10.0,Eukaryota,MAST-12,MAST-12C,MAST-12C,MAST-12C,MAST-12C,Unassigned,18S,2b
1306,7b433368ecf455dba6edb03cb0d62411,Ocean-lake-2b,9.0,Eukaryota,Unassigned,Unassigned,Unassigned,Unassigned,Unassigned,Unassigned,18S,2b
1307,bd9f2cc3c8474d2d7b6ffc1ec66cb0f0,Ocean-lake-2b,9.0,Eukaryota,Unassigned,Unassigned,Unassigned,Unassigned,Unassigned,Unassigned,18S,2b
1308,c7051d920ed95c0508316334218cbcc9,Ocean-lake-2b,9.0,Eukaryota,Ochrophyta,Eustigmatophyceae,Eustigmatales,Eustigmatales,Unassigned,Unassigned,18S,2b
1309,666053eb0207d194b6a16eca0f6f51cc,Ocean-lake-2b,9.0,Eukaryota,Unassigned,Unassigned,Unassigned,Unassigned,Unassigned,Unassigned,18S,2b
1310,69eef352751ee0f9087e930adb1162eb,Ocean-lake-2b,9.0,Eukaryota,Unassigned,Unassigned,Unassigned,Unassigned,Unassigned,Unassigned,18S,2b
1311,138bcab76d72db1dc01525468711ccdb,Ocean-lake-2b,9.0,Bacteria,Unassigned,Unassigned,Unassigned,Unassigned,Unassigned,Unassigned,18S,2b
1312,fa9a7d59cf5cbe6b018370fa58cc8b13,Ocean-lake-2b,9.0,Eukaryota,Unassigned,Unassigned,Unassigned,Unassigned,Unassigned,Unassigned,18S,2b
1313,2cc394a0b3f645ed9649acd4f7df3bc9,Ocean-lake-2b,9.0,Bacteria,Unassigned,Unassigned,Unassigned,Unassigned,Unassigned,Unassigned,18S,2b
1314,144e1b1b446d4feb8af40e1065728e95,Ocean-lake-2b,9.0,Eukaryota,Unassigned,Unassigned,Unassigned,Unassigned,Unassigned,Unassigned,18S,2b
1315,4d2e6c46a7907166c94de0effa1a35f3,Ocean-lake-2b,9.0,Eukaryota,Unassigned,Unassigned,Unassigned,Unassigned,Unassigned,Unassigned,18S,2b
1316,3c5d67393e34b5c5286c394713ebed48,Ocean-lake-2b,9.0,Eukaryota,Unassigned,Unassigned,Unassigned,Unassigned,Unassigned,Unassigned,18S,2b
1317,699c9975c40393632bd32e7540448a35,Ocean-lake-2b,9.0,Eukaryota,Peronosporomycetes,Peronosporomycetes,Peronosporomycetes,Peronosporomycetes,Unassigned,Unassigned,18S,2b
1318,592d3b5d6144f15e5e18bca5578b626c,Ocean-lake-2b,9.0,Eukaryota,Diatomea,Unassigned,Unassigned,Unassigned,Unassigned,Unassigned,18S,2b
1319,c1768a829f921fb14d4d33c7b64ae085,Ocean-lake-2b,9.0,Eukaryota,Unassigned,Unassigned,Unassigned,Unassigned,Unassigned,Unassigned,18S,2b
1320,3087d19287b71c403cef2123a244a8fa,Ocean-lake-2b,8.0,Eukaryota,Euglenozoa,Kinetoplastea,Neobodonida,Neobodonida,Rhynchomonas,Unassigned,18S,2b
1321,6c83f4593d39d222b34e6992842742e7,Ocean-lake-2b,8.0,Eukaryota,Unassigned,Unassigned,Unassigned,Unassigned,Unassigned,Unassigned,18S,2b
1322,dba9c62e8de80e0ce160ed4e6e7e5c65,Ocean-lake-2b,8.0,Eukaryota,Unassigned,Unassigned,Unassigned,Unassigned,Unassigned,Unassigned,18S,2b
1323,4c6b872693cffa2faeef8d84e1517763,Ocean-lake-2b,8.0,Eukaryota,Chlorophyta,Chlorophyceae,Unassigned,Unassigned,Unassigned,Unassigned,18S,2b
1324,f35137e7ccefd758852f0152daadf605,Ocean-lake-2b,8.0,Eukaryota,Unassigned,Unassigned,Unassigned,Unassigned,Unassigned,Unassigned,18S,2b
1325,9ef75a135557f3dfe06e0a8d531609c6,Ocean-lake-2b,8.0,Eukaryota,Diatomea,Unassigned,Unassigned,Unassigned,Unassigned,Unassigned,18S,2b
1326,31754e440038c2bccfe72a2a6336fcb0,Ocean-lake-2b,8.0,Bacteria,Unassigned,Unassigned,Unassigned,Unassigned,Unassigned,Unassigned,18S,2b
1327,969951a954c2e102483a29248ed2d55c,Ocean-lake-2b,8.0,Eukaryota,Unassigned,Unassigned,Unassigned,Unassigned,Unassigned,Unassigned,18S,2b
1328,558ede75b9163a534bb8321ab12bb6f3,Ocean-lake-2b,8.0,Eukaryota,Unassigned,Unassigned,Unassigned,Unassigned,Unassigned,Unassigned,18S,2b
1329,89c16855e68d9238bb1d1cb13ef81ddc,Ocean-lake-2b,8.0,Eukaryota,Unassigned,Unassigned,Unassigned,Unassigned,Unassigned,Unassigned,18S,2b
1330,1c012956ac4aef9c70be2bfb050e0a93,Ocean-lake-2b,8.0,Eukaryota,Unassigned,Unassigned,Unassigned,Unassigned,Unassigned,Unassigned,18S,2b
1331,0cb66c58182392c707bbe3addbcc90f1,Ocean-lake-2b,8.0,Eukaryota,Unassigned,Unassigned,Unassigned,Unassigned,Unassigned,Unassigned,18S,2b
1332,5760e9e38931de9e15de6da6cf0bc9e1,Ocean-lake-2b,8.0,Eukaryota,Centrohelida,Centrohelida,Centrohelida,Heterophryidae,Chlamydaster,Unassigned,18S,2b
1333,131c416a6fb78a0ccc5a6cc55ef30c99,Ocean-lake-2b,8.0,Eukaryota,Phragmoplastophyta,Embryophyta,Unassigned,Unassigned,Unassigned,Unassigned,18S,2b
1334,240a7a7e77a074b382b0cc4d6cf78cc8,Ocean-lake-2b,7.0,Eukaryota,Unassigned,Unassigned,Unassigned,Unassigned,Unassigned,Unassigned,18S,2b
1335,44101bec85090712d0956bb5afe75cab,Ocean-lake-2b,7.0,Eukaryota,Unassigned,Unassigned,Unassigned,Unassigned,Unassigned,Unassigned,18S,2b
1336,fabbf2a59d0065ef282dc033203bd9d3,Ocean-lake-2b,7.0,Eukaryota,Unassigned,Unassigned,Unassigned,Unassigned,Unassigned,Unassigned,18S,2b
1337,3553e41d42d91a6d4dee0c9638e512e3,Ocean-lake-2b,7.0,Bacteria,Proteobacteria,Gammaproteobacteria,Unassigned,Unassigned,Unassigned,Unassigned,18S,2b
1338,8645dd02ac30daaae06f971024e5bb3f,Ocean-lake-2b,7.0,Eukaryota,Unassigned,Unassigned,Unassigned,Unassigned,Unassigned,Unassigned,18S,2b
1339,9cbd63a2fa8c740ec6c15187f3d4b5fe,Ocean-lake-2b,7.0,Eukaryota,Euglenozoa,Kinetoplastea,Neobodonida,Neobodonida,Neobodo,Unassigned,18S,2b
1340,36919c4aad842ed224509bf54ceff1f1,Ocean-lake-2b,7.0,Eukaryota,Unassigned,Unassigned,Unassigned,Unassigned,Unassigned,Unassigned,18S,2b
1341,312cc96ab147e258d177cba4b01ffd21,Ocean-lake-2b,7.0,Eukaryota,Unassigned,Unassigned,Unassigned,Unassigned,Unassigned,Unassigned,18S,2b
1342,e7345fce4e52893b80ec86dc9071b61e,Ocean-lake-2b,7.0,Eukaryota,Unassigned,Unassigned,Unassigned,Unassigned,Unassigned,Unassigned,18S,2b
1343,9a5089c106e38cfe2ecc717dc2922879,Ocean-lake-2b,7.0,Eukaryota,Unassigned,Unassigned,Unassigned,Unassigned,Unassigned,Unassigned,18S,2b
1344,bbbc5e2f1091eb3caa1e551e4b2ae7ab,Ocean-lake-2b,7.0,Eukaryota,Unassigned,Unassigned,Unassigned,Unassigned,Unassigned,Unassigned,18S,2b
1345,5468a59138271e3320fed98cf00b35ca,Ocean-lake-2b,7.0,Eukaryota,Ascomycota,Unassigned,Unassigned,Unassigned,Unassigned,Unassigned,18S,2b
1346,f152e64115b7a833b3bcbdeb1f5c5c8b,Ocean-lake-2b,7.0,Eukaryota,Euglenozoa,Kinetoplastea,Neobodonida,Neobodonida,Unassigned,Unassigned,18S,2b
1347,e045a42ec0cc28eb7e7562adf1f8e182,Ocean-lake-2b,7.0,Eukaryota,Peronosporomycetes,Peronosporomycetes,Peronosporomycetes,Peronosporomycetes,Unassigned,Unassigned,18S,2b
1348,ddffa687f63b2f124e3ed2f14a52850a,Ocean-lake-2b,7.0,Eukaryota,Unassigned,Unassigned,Unassigned,Unassigned,Unassigned,Unassigned,18S,2b
1349,15cfbb08de360750998b1383b9ff4629,Ocean-lake-2b,6.0,Eukaryota,Unassigned,Unassigned,Unassigned,Unassigned,Unassigned,Unassigned,18S,2b
1350,9b0ae75115eaedf9a69743111e7dc08e,Ocean-lake-2b,6.0,Eukaryota,Unassigned,Unassigned,Unassigned,Unassigned,Unassigned,Unassigned,18S,2b
1351,e19c5ce08b8f0684e71c0eadbda27798,Ocean-lake-2b,6.0,Eukaryota,Unassigned,Unassigned,Unassigned,Unassigned,Unassigned,Unassigned,18S,2b
1352,f942c94fd1742181f57cee4d82f5933e,Ocean-lake-2b,6.0,Eukaryota,Unassigned,Unassigned,Unassigned,Unassigned,Unassigned,Unassigned,18S,2b
1353,ef97bf5b5385f51871edb0cd1e637499,Ocean-lake-2b,6.0,Eukaryota,Unassigned,Unassigned,Unassigned,Unassigned,Unassigned,Unassigned,18S,2b
1354,f4f26d49f5c720e433db5c6e772242ee,Ocean-lake-2b,6.0,Eukaryota,Unassigned,Unassigned,Unassigned,Unassigned,Unassigned,Unassigned,18S,2b
1355,09a2a47d2067ec9f4eb2f066e15d06cc,Ocean-lake-2b,6.0,Eukaryota,Unassigned,Unassigned,Unassigned,Unassigned,Unassigned,Unassigned,18S,2b
1356,c0768ae78b5c518df9a797550cbfd6a2,Ocean-lake-2b,6.0,Eukaryota,Phragmoplastophyta,Embryophyta,Unassigned,Unassigned,Unassigned,Unassigned,18S,2b
1357,e338b20aafe195ce4062743628633223,Ocean-lake-2b,6.0,Eukaryota,Unassigned,Unassigned,Unassigned,Unassigned,Unassigned,Unassigned,18S,2b
1358,5b48c6bcf499d9147edde233d6b1b2ea,Ocean-lake-2b,6.0,Eukaryota,Unassigned,Unassigned,Unassigned,Unassigned,Unassigned,Unassigned,18S,2b
1359,50c93fded613952c008e2fec2a68bfff,Ocean-lake-2b,6.0,Eukaryota,Unassigned,Unassigned,Unassigned,Unassigned,Unassigned,Unassigned,18S,2b
1360,aa531f7135e0ce289f61abafe8bf7a02,Ocean-lake-2b,3.0,Bacteria,Unassigned,Unassigned,Unassigned,Unassigned,Unassigned,Unassigned,18S,2b
1361,0103d7ba4e2f531131ebf15bfbbda792,Ocean-lake-2b,5.0,Eukaryota,Unassigned,Unassigned,Unassigned,Unassigned,Unassigned,Unassigned,18S,2b
1362,bd13add551be0218f8e3b303a22c67f9,Ocean-lake-2b,5.0,Eukaryota,Euglenozoa,Kinetoplastea,Unassigned,Unassigned,Unassigned,Unassigned,18S,2b
1363,445087bbf42ea77b9c56379972dfe733,Ocean-lake-2b,5.0,Eukaryota,Unassigned,Unassigned,Unassigned,Unassigned,Unassigned,Unassigned,18S,2b
1364,3237c5ecf82ecbcf77bef6b3fc7033be,Ocean-lake-2b,5.0,Eukaryota,Unassigned,Unassigned,Unassigned,Unassigned,Unassigned,Unassigned,18S,2b
1365,31054171f01195a685f762bba07eedf4,Ocean-lake-2b,5.0,Eukaryota,Unassigned,Unassigned,Unassigned,Unassigned,Unassigned,Unassigned,18S,2b
1366,aca8dec2a64ebdb16e5af97a355324b3,Ocean-lake-2b,5.0,Eukaryota,Unassigned,Unassigned,Unassigned,Unassigned,Unassigned,Unassigned,18S,2b
1367,19f1ae59f662f742b40fdcab2d0fa70f,Ocean-lake-2b,5.0,Eukaryota,Unassigned,Unassigned,Unassigned,Unassigned,Unassigned,Unassigned,18S,2b
1368,098ac0f12a18186fedebb3b280c7e881,Ocean-lake-2b,4.0,Eukaryota,Unassigned,Unassigned,Unassigned,Unassigned,Unassigned,Unassigned,18S,2b
1369,c2ec87d61fe0fec7f57a21d76b710e97,Ocean-lake-2b,4.0,Eukaryota,Unassigned,Unassigned,Unassigned,Unassigned,Unassigned,Unassigned,18S,2b
1370,e587e28fc795a03a834a993bafe89d81,Ocean-lake-2b,4.0,Eukaryota,Unassigned,Unassigned,Unassigned,Unassigned,Unassigned,Unassigned,18S,2b
1371,71391a7457f90998e00632bb978179da,Ocean-lake-2b,4.0,Eukaryota,Unassigned,Unassigned,Unassigned,Unassigned,Unassigned,Unassigned,18S,2b
1372,e26b34bb8d22c507c1bfdaff7e21df8f,Ocean-lake-2b,3.0,Bacteria,Verrucomicrobiota,Verrucomicrobiae,uncultured,uncultured,uncultured,Unassigned,18S,2b
1373,580f28aa5d1f44a43a6dfff991ec40d1,Ocean-lake-3a,116.0,Eukaryota,Diatomea,Mediophyceae,Mediophyceae,Mediophyceae,Cyclotella,Unassigned,18S,3a
1374,00d87d56475b26569d129f896e82aa2a,Ocean-lake-3a,19670.0,Eukaryota,Unassigned,Unassigned,Unassigned,Unassigned,Unassigned,Unassigned,18S,3a
1375,0f3cd48f1c94814b7154f25164019d34,Ocean-lake-3a,370.0,Eukaryota,Chlorophyta,Unassigned,Unassigned,Unassigned,Unassigned,Unassigned,18S,3a
1376,11b9d90019b1ad2132d54d18269e8cfe,Ocean-lake-3a,2888.0,Eukaryota,Diatomea,Unassigned,Unassigned,Unassigned,Unassigned,Unassigned,18S,3a
1377,4f4c9cb45479dbc207642b01c955e0fa,Ocean-lake-3a,4906.0,Eukaryota,Unassigned,Unassigned,Unassigned,Unassigned,Unassigned,Unassigned,18S,3a
1378,641eb4995a896167800364fac0199771,Ocean-lake-3a,1999.0,Eukaryota,Diatomea,Unassigned,Unassigned,Unassigned,Unassigned,Unassigned,18S,3a
1379,36e18a0abb8e178aacb6b8d60e81cdeb,Ocean-lake-3a,1869.0,Eukaryota,Diatomea,Mediophyceae,Mediophyceae,Mediophyceae,Unassigned,Unassigned,18S,3a
1380,362a6ba72853b7391b69a89202880f19,Ocean-lake-3a,1680.0,Eukaryota,Unassigned,Unassigned,Unassigned,Unassigned,Unassigned,Unassigned,18S,3a
1381,18413b6284bf33c6689416d6fc6156a8,Ocean-lake-3a,527.0,Eukaryota,Arthropoda,Maxillopoda,Unassigned,Unassigned,Unassigned,Unassigned,18S,3a
1382,18a9d6afc3c93243247135d371538854,Ocean-lake-3a,752.0,Eukaryota,Arthropoda,Maxillopoda,Calanoida,Calanoida,Calanoida,Unassigned,18S,3a
1383,9851e629ac302bd5ac2de6dc0f3b8cca,Ocean-lake-3a,4370.0,Eukaryota,Unassigned,Unassigned,Unassigned,Unassigned,Unassigned,Unassigned,18S,3a
1384,c0691781ea88ce1153419a83c817d0ec,Ocean-lake-3a,826.0,Eukaryota,Unassigned,Unassigned,Unassigned,Unassigned,Unassigned,Unassigned,18S,3a
1385,79fc87d51594551637b3c9a1b628b4c8,Ocean-lake-3a,40.0,Eukaryota,Diatomea,Unassigned,Unassigned,Unassigned,Unassigned,Unassigned,18S,3a
1386,d28a43868d75da51cd2bc954d2708d37,Ocean-lake-3a,193.0,Eukaryota,Chlorophyta,Unassigned,Unassigned,Unassigned,Unassigned,Unassigned,18S,3a
1387,9332492778cbdb84fd1d132ba70983f4,Ocean-lake-3a,610.0,Eukaryota,Unassigned,Unassigned,Unassigned,Unassigned,Unassigned,Unassigned,18S,3a
1388,b25479981dec680371abe9f534f783b4,Ocean-lake-3a,264.0,Eukaryota,Cnidaria,Hydrozoa,Narcomedusae,Narcomedusae,Narcomedusae,Unassigned,18S,3a
1389,72baa20d784fde5d3dcb25d911c2e21b,Ocean-lake-3a,8.0,Eukaryota,Ciliophora,Intramacronucleata,Litostomatea,Mesodiniidae,Myrionecta,Unassigned,18S,3a
1390,62824215cd97d2b529c7cf5ae8c2b26c,Ocean-lake-3a,605.0,Eukaryota,Diatomea,Unassigned,Unassigned,Unassigned,Unassigned,Unassigned,18S,3a
1391,54b9cb16e9c28b31d912974a63cda3fa,Ocean-lake-3a,1271.0,Bacteria,Proteobacteria,Alphaproteobacteria,Rhodobacterales,Rhodobacteraceae,Unassigned,Unassigned,18S,3a
1392,bb779716d4afd189826419b97fbd360e,Ocean-lake-3a,435.0,Eukaryota,Cnidaria,Anthozoa,Actiniaria,Actiniaria,Actiniaria,Unassigned,18S,3a
1393,4bd7686246b011632d9ac3ad56fe1340,Ocean-lake-3a,779.0,Eukaryota,Diatomea,Unassigned,Unassigned,Unassigned,Unassigned,Unassigned,18S,3a
1394,e065568334097ec85cc9969e9fcd4c52,Ocean-lake-3a,454.0,Eukaryota,Diatomea,Mediophyceae,Mediophyceae,Mediophyceae,Unassigned,Unassigned,18S,3a
1395,79b80a9e964aa828c2358040d4cd6055,Ocean-lake-3a,715.0,Eukaryota,Diatomea,Unassigned,Unassigned,Unassigned,Unassigned,Unassigned,18S,3a
1396,963dccae77b7bcdbbc801ac2006ea06b,Ocean-lake-3a,209.0,Eukaryota,Chlorophyta,Unassigned,Unassigned,Unassigned,Unassigned,Unassigned,18S,3a
1397,dfeeec98582bbb9b7e5d46ab011ec2f8,Ocean-lake-3a,88.0,Eukaryota,Unassigned,Unassigned,Unassigned,Unassigned,Unassigned,Unassigned,18S,3a
1398,6ff74f833001b8bda3ae466cc74443e2,Ocean-lake-3a,294.0,Eukaryota,Dinoflagellata,Dinophyceae,Unassigned,Unassigned,Unassigned,Unassigned,18S,3a
1399,275d2c56e4eb8e2d2f76ca1c88070ed5,Ocean-lake-3a,379.0,Eukaryota,Diatomea,Unassigned,Unassigned,Unassigned,Unassigned,Unassigned,18S,3a
1400,2e98441c022e12c3684c69120268e659,Ocean-lake-3a,225.0,Eukaryota,Diatomea,Unassigned,Unassigned,Unassigned,Unassigned,Unassigned,18S,3a
1401,2896738f0180cd89b521f067935a907c,Ocean-lake-3a,290.0,Eukaryota,Diatomea,Mediophyceae,Mediophyceae,Mediophyceae,Unassigned,Unassigned,18S,3a
1402,ca468d0ccd3952a9c029ccc6fe1bf866,Ocean-lake-3a,215.0,Eukaryota,Cryptophyceae,Cryptophyceae,Cryptomonadales,Cryptomonadales,Proteomonas,Unassigned,18S,3a
1403,2fbc153fb7151998bd7a89612af7c275,Ocean-lake-3a,376.0,Eukaryota,Diatomea,Mediophyceae,Mediophyceae,Mediophyceae,Cyclotella,Unassigned,18S,3a
1404,270e3ebdba5f2f118a6b44c5196c7927,Ocean-lake-3a,223.0,Eukaryota,Diatomea,Mediophyceae,Mediophyceae,Mediophyceae,Unassigned,Unassigned,18S,3a
1405,2ac05d08c6a1ce3a8e7d895c908446b6,Ocean-lake-3a,415.0,Eukaryota,Diatomea,Unassigned,Unassigned,Unassigned,Unassigned,Unassigned,18S,3a
1406,fe0be9c4c94a2f5b92833a7f3a058f81,Ocean-lake-3a,189.0,Eukaryota,Unassigned,Unassigned,Unassigned,Unassigned,Unassigned,Unassigned,18S,3a
1407,e6778d8c8b656feb62fa1a08d4a415d4,Ocean-lake-3a,181.0,Eukaryota,Diatomea,Mediophyceae,Mediophyceae,Mediophyceae,Cyclotella,Unassigned,18S,3a
1408,b9d316b62c26dd2f707f9268e78d2453,Ocean-lake-3a,211.0,Eukaryota,Unassigned,Unassigned,Unassigned,Unassigned,Unassigned,Unassigned,18S,3a
1409,691d9a9fc06a7ce445c76da37fd37667,Ocean-lake-3a,644.0,Eukaryota,Arthropoda,Merostomata,Xiphosura,Xiphosura,Xiphosura,Unassigned,18S,3a
1410,4315ede208a3a8807e4c801bee149b52,Ocean-lake-3a,188.0,Eukaryota,Unassigned,Unassigned,Unassigned,Unassigned,Unassigned,Unassigned,18S,3a
1411,f67a8366e94d0ce6336da755d4840b1c,Ocean-lake-3a,192.0,Eukaryota,Annelida,Polychaeta,Opheliidae,Opheliidae,Opheliidae,Unassigned,18S,3a
1412,8decf24f3265392ce5db056a8eb384dd,Ocean-lake-3a,9.0,Eukaryota,Unassigned,Unassigned,Unassigned,Unassigned,Unassigned,Unassigned,18S,3a
1413,be10876daf3f0efa3a6b999588d26b1b,Ocean-lake-3a,151.0,Eukaryota,Ochrophyta,Unassigned,Unassigned,Unassigned,Unassigned,Unassigned,18S,3a
1414,77fb44f13e224b10695b3e0393e7e023,Ocean-lake-3a,138.0,Eukaryota,Diatomea,Unassigned,Unassigned,Unassigned,Unassigned,Unassigned,18S,3a
1415,0251cba9d7a557cc834fc529e57abd5a,Ocean-lake-3a,116.0,Eukaryota,Diatomea,Unassigned,Unassigned,Unassigned,Unassigned,Unassigned,18S,3a
1416,35aa7857c08eb30047078a04bb47d264,Ocean-lake-3a,433.0,Eukaryota,Unassigned,Unassigned,Unassigned,Unassigned,Unassigned,Unassigned,18S,3a
1417,d21f58b9cf454b66a69f7f6e1bdb194c,Ocean-lake-3a,68.0,Eukaryota,Chlorophyta,Unassigned,Unassigned,Unassigned,Unassigned,Unassigned,18S,3a
1418,217179b39d45e01a48601fed9babedda,Ocean-lake-3a,167.0,Eukaryota,Diatomea,Unassigned,Unassigned,Unassigned,Unassigned,Unassigned,18S,3a
1419,81f20d82f959f2d49102e82838a5e087,Ocean-lake-3a,303.0,Eukaryota,Unassigned,Unassigned,Unassigned,Unassigned,Unassigned,Unassigned,18S,3a
1420,cc234b4faf915065edcaaaff2d073f75,Ocean-lake-3a,167.0,Eukaryota,Diatomea,Unassigned,Unassigned,Unassigned,Unassigned,Unassigned,18S,3a
1421,283fbd2db78cbc98c7e439b2fd7a50f1,Ocean-lake-3a,181.0,Eukaryota,Diatomea,Unassigned,Unassigned,Unassigned,Unassigned,Unassigned,18S,3a
1422,3d4028354245891607ff9fa5f2672dd0,Ocean-lake-3a,131.0,Eukaryota,Diatomea,Unassigned,Unassigned,Unassigned,Unassigned,Unassigned,18S,3a
1423,2395388649e148e485d91691f96a40ad,Ocean-lake-3a,150.0,Eukaryota,Unassigned,Unassigned,Unassigned,Unassigned,Unassigned,Unassigned,18S,3a
1424,aded8c2b36e9aef098620936415159e5,Ocean-lake-3a,106.0,Eukaryota,Diatomea,Unassigned,Unassigned,Unassigned,Unassigned,Unassigned,18S,3a
1425,0b543c0c40978c7fc40c3c1c3776b91f,Ocean-lake-3a,117.0,Eukaryota,Chlorophyta,Chlorodendrophyceae,Chlorodendrales,Chlorodendrales,Tetraselmis,Unassigned,18S,3a
1426,726847c7fa00c6b6d2967e79d1e9bef7,Ocean-lake-3a,191.0,Eukaryota,Diatomea,Unassigned,Unassigned,Unassigned,Unassigned,Unassigned,18S,3a
1427,51f83732c981b84db35fef1e254fbcc0,Ocean-lake-3a,104.0,Eukaryota,Unassigned,Unassigned,Unassigned,Unassigned,Unassigned,Unassigned,18S,3a
1428,ab94a9797484003f2b4cdeca338c2ea5,Ocean-lake-3a,103.0,Eukaryota,Diatomea,Unassigned,Unassigned,Unassigned,Unassigned,Unassigned,18S,3a
1429,2347494ad514d3dd65dfc64724e87c65,Ocean-lake-3a,114.0,Eukaryota,Unassigned,Unassigned,Unassigned,Unassigned,Unassigned,Unassigned,18S,3a
1430,d15aadc43756db07e4d08c26c22b17d4,Ocean-lake-3a,39.0,Eukaryota,Unassigned,Unassigned,Unassigned,Unassigned,Unassigned,Unassigned,18S,3a
1431,a22f7f13083056f4c8b52d45ac4d2e25,Ocean-lake-3a,123.0,Eukaryota,Cryptophyceae,Cryptophyceae,Cryptomonadales,Cryptomonadales,Geminigera,Unassigned,18S,3a
1432,95cb6db7810c7f942b099fc370041a08,Ocean-lake-3a,128.0,Eukaryota,Diatomea,Unassigned,Unassigned,Unassigned,Unassigned,Unassigned,18S,3a
1433,cc10ece26c54a14f92cbffbca355907b,Ocean-lake-3a,107.0,Eukaryota,Unassigned,Unassigned,Unassigned,Unassigned,Unassigned,Unassigned,18S,3a
1434,a909b738a5c3258bae5f5e042731bf6b,Ocean-lake-3a,71.0,Eukaryota,Diatomea,Unassigned,Unassigned,Unassigned,Unassigned,Unassigned,18S,3a
1435,9c9e5e54672f1a6138df7abb9e93875d,Ocean-lake-3a,148.0,Eukaryota,Ciliophora,Intramacronucleata,Spirotrichea,Oligotrichia,Unassigned,Unassigned,18S,3a
1436,3bdbc0aa2e4a36f0a4cd614286221e40,Ocean-lake-3a,68.0,Eukaryota,Diatomea,Unassigned,Unassigned,Unassigned,Unassigned,Unassigned,18S,3a
1437,49c55ecba1cb9195a85f8c7030ef3baf,Ocean-lake-3a,3.0,Eukaryota,Annelida,Polychaeta,Scolecida,Orbiniidae,Orbiniidae,Unassigned,18S,3a
1438,c296125dd721a933e13cf066d872c672,Ocean-lake-3a,43.0,Eukaryota,Unassigned,Unassigned,Unassigned,Unassigned,Unassigned,Unassigned,18S,3a
1439,9b077f6526cca320cbf5d6c83011de3f,Ocean-lake-3a,159.0,Eukaryota,Unassigned,Unassigned,Unassigned,Unassigned,Unassigned,Unassigned,18S,3a
1440,60a22df06e0f68feda0a0e9c46a7730e,Ocean-lake-3a,146.0,Eukaryota,Unassigned,Unassigned,Unassigned,Unassigned,Unassigned,Unassigned,18S,3a
1441,6944d7fb7815e31542f3848504c27f78,Ocean-lake-3a,37.0,Eukaryota,Chlorophyta,Unassigned,Unassigned,Unassigned,Unassigned,Unassigned,18S,3a
1442,53fd7a7af21f46acf0cf14c981e9b503,Ocean-lake-3a,115.0,Eukaryota,Unassigned,Unassigned,Unassigned,Unassigned,Unassigned,Unassigned,18S,3a
1443,647591d4f18dffc0c4862f4ca5fd7024,Ocean-lake-3a,147.0,Eukaryota,Unassigned,Unassigned,Unassigned,Unassigned,Unassigned,Unassigned,18S,3a
1444,56d853e8fe3407811e24cf56fccabb7d,Ocean-lake-3a,77.0,Eukaryota,Unassigned,Unassigned,Unassigned,Unassigned,Unassigned,Unassigned,18S,3a
1445,fb85370d2ee1191d117480b24ec4df13,Ocean-lake-3a,203.0,Bacteria,Proteobacteria,Gammaproteobacteria,Enterobacterales,Alteromonadaceae,Unassigned,Unassigned,18S,3a
1446,781621b0523875bfe67d3ace738bd570,Ocean-lake-3a,77.0,Eukaryota,Diatomea,Unassigned,Unassigned,Unassigned,Unassigned,Unassigned,18S,3a
1447,11cee1204353cf96fcdcf0ff3418ffbc,Ocean-lake-3a,64.0,Eukaryota,Unassigned,Unassigned,Unassigned,Unassigned,Unassigned,Unassigned,18S,3a
1448,c09b6d24e273ab8419df14fc2bcba46d,Ocean-lake-3a,97.0,Eukaryota,Unassigned,Unassigned,Unassigned,Unassigned,Unassigned,Unassigned,18S,3a
1449,20efebd42c56288df21850cfaf69e787,Ocean-lake-3a,57.0,Eukaryota,Unassigned,Unassigned,Unassigned,Unassigned,Unassigned,Unassigned,18S,3a
1450,6d7718c6544758451d6e0769ac835a7e,Ocean-lake-3a,75.0,Eukaryota,Unassigned,Unassigned,Unassigned,Unassigned,Unassigned,Unassigned,18S,3a
1451,974be076c99ebd02ee65ce57478a8cb0,Ocean-lake-3a,116.0,Eukaryota,Unassigned,Unassigned,Unassigned,Unassigned,Unassigned,Unassigned,18S,3a
1452,a46188e5b3b6038a8378eff6c19967ab,Ocean-lake-3a,50.0,Bacteria,Unassigned,Unassigned,Unassigned,Unassigned,Unassigned,Unassigned,18S,3a
1453,365f979ea81db5428073518e8872b03f,Ocean-lake-3a,57.0,Eukaryota,Diatomea,Unassigned,Unassigned,Unassigned,Unassigned,Unassigned,18S,3a
1454,d0ca69123a1b9666754226bea1215eff,Ocean-lake-3a,33.0,Eukaryota,Unassigned,Unassigned,Unassigned,Unassigned,Unassigned,Unassigned,18S,3a
1455,9f7616a859a2d1715b2dea708bf9fcd9,Ocean-lake-3a,69.0,Eukaryota,Unassigned,Unassigned,Unassigned,Unassigned,Unassigned,Unassigned,18S,3a
1456,2e4e22e0eff8db67bcde1b8163498747,Ocean-lake-3a,87.0,Eukaryota,Diatomea,Unassigned,Unassigned,Unassigned,Unassigned,Unassigned,18S,3a
1457,01af3e8fd35debf1e892d632c9cdb795,Ocean-lake-3a,62.0,Eukaryota,Retaria,Acantharia,Symphyacanthida,Symphyacanthida,Amphibelone,Unassigned,18S,3a
1458,b2aa4b68a1278839ac2a4a1521e72462,Ocean-lake-3a,61.0,Eukaryota,Diatomea,Coscinodiscophytina,Coscinodiscophytina,Rhizosolenids,Rhizosolenids,Unassigned,18S,3a
1459,4abf46c29199a203f7ce0e17c2fffb03,Ocean-lake-3a,41.0,Eukaryota,Unassigned,Unassigned,Unassigned,Unassigned,Unassigned,Unassigned,18S,3a
1460,d8adfe383dfd3881bfd2742df6703089,Ocean-lake-3a,38.0,Eukaryota,Cnidaria,Hydrozoa,Siphonophorae,Siphonophorae,Siphonophorae,Unassigned,18S,3a
1461,98b7212fc91e6325ac261c8e87a56e2f,Ocean-lake-3a,81.0,Eukaryota,Unassigned,Unassigned,Unassigned,Unassigned,Unassigned,Unassigned,18S,3a
1462,b9abfb803ec3e2cdfd390a41368d426f,Ocean-lake-3a,47.0,Eukaryota,Diatomea,Unassigned,Unassigned,Unassigned,Unassigned,Unassigned,18S,3a
1463,3a2f1a61f25a1dfef1d0c14cd247c958,Ocean-lake-3a,65.0,Eukaryota,Unassigned,Unassigned,Unassigned,Unassigned,Unassigned,Unassigned,18S,3a
1464,3017aadae5320315e434f54df8698452,Ocean-lake-3a,72.0,Eukaryota,Unassigned,Unassigned,Unassigned,Unassigned,Unassigned,Unassigned,18S,3a
1465,f2cdc0bb7174e0b780ad6b8a94a4b15b,Ocean-lake-3a,54.0,Eukaryota,Diatomea,Unassigned,Unassigned,Unassigned,Unassigned,Unassigned,18S,3a
1466,3e50694a780ccbc177df1df04ddd1ce0,Ocean-lake-3a,45.0,Eukaryota,Chlorophyta,Chlorodendrophyceae,Chlorodendrales,Chlorodendrales,Tetraselmis,Unassigned,18S,3a
1467,0aca9aac7ec2ce1726f775a805040ee0,Ocean-lake-3a,75.0,Eukaryota,Diatomea,Mediophyceae,Mediophyceae,Mediophyceae,Cyclotella,Unassigned,18S,3a
1468,f89cd0e90a1cc205c79b7060798aff9c,Ocean-lake-3a,190.0,Eukaryota,Unassigned,Unassigned,Unassigned,Unassigned,Unassigned,Unassigned,18S,3a
1469,97b34ae70a4b921496d3218080c7ea75,Ocean-lake-3a,67.0,Eukaryota,Diatomea,Unassigned,Unassigned,Unassigned,Unassigned,Unassigned,18S,3a
1470,106dd66448b5829a997792d0a5c3c4aa,Ocean-lake-3a,52.0,Eukaryota,Diatomea,Mediophyceae,Mediophyceae,Mediophyceae,Skeletonema,Unassigned,18S,3a
1471,97c80167d81ab1bcc475f5011aee7302,Ocean-lake-3a,51.0,Bacteria,Proteobacteria,Alphaproteobacteria,Unassigned,Unassigned,Unassigned,Unassigned,18S,3a
1472,02c42fd93a596100321ed637f47e135b,Ocean-lake-3a,47.0,Eukaryota,Unassigned,Unassigned,Unassigned,Unassigned,Unassigned,Unassigned,18S,3a
1473,6187afeb2eef1ab2bc3f6c1754be38e7,Ocean-lake-3a,25.0,Unassigned,Unassigned,Unassigned,Unassigned,Unassigned,Unassigned,Unassigned,18S,3a
1474,4f7e40136e0b7c860793d4aa3e362f56,Ocean-lake-3a,66.0,Eukaryota,Diatomea,Coscinodiscophytina,Coscinodiscophytina,Rhizosolenids,Pseudosolenia,Unassigned,18S,3a
1475,5b97602b7e1c83af3f5261cf47e95776,Ocean-lake-3a,45.0,Eukaryota,Unassigned,Unassigned,Unassigned,Unassigned,Unassigned,Unassigned,18S,3a
1476,fcc294b12553287370f9e56e915fd030,Ocean-lake-3a,47.0,Eukaryota,Diatomea,Unassigned,Unassigned,Unassigned,Unassigned,Unassigned,18S,3a
1477,334e5de2339d262c5808d6f69073b8a5,Ocean-lake-3a,46.0,Eukaryota,Diatomea,Unassigned,Unassigned,Unassigned,Unassigned,Unassigned,18S,3a
1478,35f6f2227bb71eb4f57e6480450b752d,Ocean-lake-3a,54.0,Eukaryota,Diatomea,Unassigned,Unassigned,Unassigned,Unassigned,Unassigned,18S,3a
1479,c63d2848d13664e2e31df2f0bcb76408,Ocean-lake-3a,111.0,Bacteria,Proteobacteria,Alphaproteobacteria,Rhodobacterales,Rhodobacteraceae,Unassigned,Unassigned,18S,3a
1480,ff6caefb1c34c8f622b8d5872bc060c6,Ocean-lake-3a,25.0,Eukaryota,Chlorophyta,Unassigned,Unassigned,Unassigned,Unassigned,Unassigned,18S,3a
1481,a32c8dee9502a35cca992e660c9bb5b5,Ocean-lake-3a,96.0,Eukaryota,Unassigned,Unassigned,Unassigned,Unassigned,Unassigned,Unassigned,18S,3a
1482,989fa00c5dfe7cb0e30e258de7744c40,Ocean-lake-3a,48.0,Eukaryota,Bicosoecida,Bicosoecida,Bicosoecida,Bicosoecida,Pseudobodo,Unassigned,18S,3a
1483,53054d5e73e6454c4cfb2f85351e5848,Ocean-lake-3a,54.0,Eukaryota,Unassigned,Unassigned,Unassigned,Unassigned,Unassigned,Unassigned,18S,3a
1484,bc2395549ef3db07796d9cf8ef6164af,Ocean-lake-3a,36.0,Eukaryota,Diatomea,Unassigned,Unassigned,Unassigned,Unassigned,Unassigned,18S,3a
1485,538ef8f07ee0440e0b18610178c0c403,Ocean-lake-3a,76.0,Bacteria,Proteobacteria,Gammaproteobacteria,Unassigned,Unassigned,Unassigned,Unassigned,18S,3a
1486,10a30c85a998c88f3ef3acc2adbfcd3b,Ocean-lake-3a,37.0,Eukaryota,Diatomea,Unassigned,Unassigned,Unassigned,Unassigned,Unassigned,18S,3a
1487,bdaa7a559329f9a31e39f3b30c04e192,Ocean-lake-3a,35.0,Eukaryota,Diatomea,Unassigned,Unassigned,Unassigned,Unassigned,Unassigned,18S,3a
1488,d5d7780ebfa0c44e0a3c7c71d3831031,Ocean-lake-3a,38.0,Eukaryota,Unassigned,Unassigned,Unassigned,Unassigned,Unassigned,Unassigned,18S,3a
1489,3c74b9a073d05e062aa6374de7696732,Ocean-lake-3a,30.0,Eukaryota,Ciliophora,Intramacronucleata,Spirotrichea,Choreotrichia,Unassigned,Unassigned,18S,3a
1490,a6b3c37218ad5861af2f417ea00b42f3,Ocean-lake-3a,40.0,Eukaryota,Ochrophyta,Eustigmatophyceae,Eustigmatales,Eustigmatales,uncultured,Unassigned,18S,3a
1491,a3ca09f376f064b70dc42ebf666bcdc0,Ocean-lake-3a,22.0,Eukaryota,Unassigned,Unassigned,Unassigned,Unassigned,Unassigned,Unassigned,18S,3a
1492,b6b217bcc40df52461859f12b9c024e3,Ocean-lake-3a,47.0,Eukaryota,Diatomea,Unassigned,Unassigned,Unassigned,Unassigned,Unassigned,18S,3a
1493,82b94aff0a47c814b473b46cf69fafff,Ocean-lake-3a,116.0,Eukaryota,Unassigned,Unassigned,Unassigned,Unassigned,Unassigned,Unassigned,18S,3a
1494,073895f0679f0fea30d8c5c3d1c5b65c,Ocean-lake-3a,57.0,Eukaryota,Unassigned,Unassigned,Unassigned,Unassigned,Unassigned,Unassigned,18S,3a
1495,7f60766bf4ed882cfe5d5c76ed9bf50f,Ocean-lake-3a,29.0,Eukaryota,Unassigned,Unassigned,Unassigned,Unassigned,Unassigned,Unassigned,18S,3a
1496,ff60e13652434cf6a46245beebd1e877,Ocean-lake-3a,39.0,Eukaryota,Unassigned,Unassigned,Unassigned,Unassigned,Unassigned,Unassigned,18S,3a
1497,31dce81d117265cdf3a7b4e17ae131f9,Ocean-lake-3a,108.0,Bacteria,Proteobacteria,Gammaproteobacteria,Pseudomonadales,SAR86_clade,SAR86_clade,Unassigned,18S,3a
1498,fb05970f3bb5babd5ca5b346f37dfeef,Ocean-lake-3a,41.0,Eukaryota,Unassigned,Unassigned,Unassigned,Unassigned,Unassigned,Unassigned,18S,3a
1499,da236677f023b0003c0649df8d18028a,Ocean-lake-3a,23.0,Eukaryota,Unassigned,Unassigned,Unassigned,Unassigned,Unassigned,Unassigned,18S,3a
1500,4a929a614855bd7bdf56a201a94b0a26,Ocean-lake-3a,26.0,Eukaryota,Unassigned,Unassigned,Unassigned,Unassigned,Unassigned,Unassigned,18S,3a
1501,23d04994fb56c784b5691b3ce6ba35da,Ocean-lake-3a,70.0,Bacteria,Proteobacteria,Gammaproteobacteria,Unassigned,Unassigned,Unassigned,Unassigned,18S,3a
1502,40ff3250a93e19687f5f5e22a0787e3f,Ocean-lake-3a,26.0,Eukaryota,Diatomea,Coscinodiscophytina,Fragilariales,Fragilariales,Unassigned,Unassigned,18S,3a
1503,205e62482fdd490bce1674333e5bd919,Ocean-lake-3a,41.0,Eukaryota,Diatomea,Unassigned,Unassigned,Unassigned,Unassigned,Unassigned,18S,3a
1504,c258c5fc831ea7b6cdc5889222975e7b,Ocean-lake-3a,5.0,Eukaryota,Diatomea,Coscinodiscophytina,Coscinodiscophytina,Rhizosolenids,Leptocylindrus,Unassigned,18S,3a
1505,40c54c0c0de51abf7d876cea685775fe,Ocean-lake-3a,63.0,Eukaryota,Peronosporomycetes,Peronosporomycetes,Peronosporomycetes,Peronosporomycetes,Halodaphnea,Unassigned,18S,3a
1506,f7f7dfd7639624e66aae62979750b8a4,Ocean-lake-3a,60.0,Eukaryota,Annelida,Polychaeta,Unassigned,Unassigned,Unassigned,Unassigned,18S,3a
1507,d08201f309fb4908ece0c935dfa3e274,Ocean-lake-3a,38.0,Eukaryota,Diatomea,Unassigned,Unassigned,Unassigned,Unassigned,Unassigned,18S,3a
1508,2dbde7a1c78ee975d5e67dc932f8b965,Ocean-lake-3a,18.0,Eukaryota,Cercozoa,Thecofilosea,Cryomonadida,Ventrifissuridae,Ventrifissuridae,Unassigned,18S,3a
1509,e28818612a826be0a9e0f34489f4848d,Ocean-lake-3a,30.0,Eukaryota,Unassigned,Unassigned,Unassigned,Unassigned,Unassigned,Unassigned,18S,3a
1510,e34523527dbc02f206e9d409398c73a9,Ocean-lake-3a,30.0,Eukaryota,Unassigned,Unassigned,Unassigned,Unassigned,Unassigned,Unassigned,18S,3a
1511,f4697b6cd0bee3ad346dd522776eb9b1,Ocean-lake-3a,22.0,Eukaryota,Unassigned,Unassigned,Unassigned,Unassigned,Unassigned,Unassigned,18S,3a
1512,fa07fcc379f26ae17d5ea71e179b5ccd,Ocean-lake-3a,52.0,Eukaryota,Unassigned,Unassigned,Unassigned,Unassigned,Unassigned,Unassigned,18S,3a
1513,fb2b5c7b73a9527ba27d5373371111af,Ocean-lake-3a,41.0,Bacteria,Proteobacteria,Alphaproteobacteria,Sphingomonadales,Sphingomonadaceae,Sphingomicrobium,Unassigned,18S,3a
1514,cea8da62b66111692906a62a52521f78,Ocean-lake-3a,37.0,Eukaryota,Cercozoa,Imbricatea,Imbricatea,Euglyphida,Paulinella,Unassigned,18S,3a
1515,ed943e9133847e51c4b0061e5f1721f6,Ocean-lake-3a,61.0,Bacteria,Proteobacteria,Gammaproteobacteria,Unassigned,Unassigned,Unassigned,Unassigned,18S,3a
1516,70dd2a09989ff1898c331b1cf09b9137,Ocean-lake-3a,25.0,Eukaryota,Unassigned,Unassigned,Unassigned,Unassigned,Unassigned,Unassigned,18S,3a
1517,c4132c596c616eb1280b20b5b0e998b2,Ocean-lake-3a,19.0,Eukaryota,Diatomea,Unassigned,Unassigned,Unassigned,Unassigned,Unassigned,18S,3a
1518,4099471fc161aedb6e8a58d615b3aa3e,Ocean-lake-3a,12.0,Bacteria,Unassigned,Unassigned,Unassigned,Unassigned,Unassigned,Unassigned,18S,3a
1519,43feea33c1f7adba3d238c0fdb5065d0,Ocean-lake-3a,43.0,Bacteria,Proteobacteria,Alphaproteobacteria,Rhodobacterales,Rhodobacteraceae,Unassigned,Unassigned,18S,3a
1520,58c65ba3e5b806f187e1ec9b3a3a3d98,Ocean-lake-3a,42.0,Eukaryota,Ciliophora,Intramacronucleata,Spirotrichea,Oligotrichia,Unassigned,Unassigned,18S,3a
1521,4ac25f29637868cf9bef2685db3f5d81,Ocean-lake-3a,31.0,Eukaryota,Diatomea,Coscinodiscophytina,Coscinodiscophytina,Rhizosolenids,Rhizosolenia,Unassigned,18S,3a
1522,0d6e18392b1d4f338ba03b0022bcf7a0,Ocean-lake-3a,21.0,Eukaryota,Unassigned,Unassigned,Unassigned,Unassigned,Unassigned,Unassigned,18S,3a
1523,a98ed4751ae339c0fa53d42f1aef6f87,Ocean-lake-3a,25.0,Eukaryota,Cercozoa,Ascetosporea,Ascetosporea,Paradiniidae,Paradinium,Unassigned,18S,3a
1524,19d375f72095180c8cd10c7f6399c77d,Ocean-lake-3a,39.0,Eukaryota,Picozoa,Picomonadida,Picomonadidae,Picomonadidae,Picomonas,Unassigned,18S,3a
1525,831042d43a62cee36263ebc6a34bb942,Ocean-lake-3a,17.0,Eukaryota,Ciliophora,Intramacronucleata,Spirotrichea,Oligotrichia,Unassigned,Unassigned,18S,3a
1526,08cf9126869d9d1b384dea29f44200c1,Ocean-lake-3a,21.0,Eukaryota,Diatomea,Coscinodiscophytina,Fragilariales,Fragilariales,Unassigned,Unassigned,18S,3a
1527,688721b3c4e81f7df13237d1ce551cef,Ocean-lake-3a,73.0,Bacteria,Proteobacteria,Alphaproteobacteria,Unassigned,Unassigned,Unassigned,Unassigned,18S,3a
1528,16d3b3761f9e1e7d262d229bae93b0cf,Ocean-lake-3a,23.0,Eukaryota,Dinoflagellata,Dinoflagellata,Noctilucales,Noctilucales,Noctilucales,Unassigned,18S,3a
1529,6520fe007c3a6710dd82d3d4aad7d089,Ocean-lake-3a,28.0,Eukaryota,Unassigned,Unassigned,Unassigned,Unassigned,Unassigned,Unassigned,18S,3a
1530,7b3f685bbc8c7e9fef5c94ad790a0225,Ocean-lake-3a,8.0,Eukaryota,Mollusca,Bivalvia,Veneroida,Veneroida,Veneroida,Unassigned,18S,3a
1531,a4d8d52b4af5169a83bc12959d37162c,Ocean-lake-3a,44.0,Bacteria,Proteobacteria,Gammaproteobacteria,Unassigned,Unassigned,Unassigned,Unassigned,18S,3a
1532,fe5b0a885ec633d255285d8331253f6b,Ocean-lake-3a,26.0,Eukaryota,Unassigned,Unassigned,Unassigned,Unassigned,Unassigned,Unassigned,18S,3a
1533,8fb87671da3d67b6fbf9aeb8bc0622c2,Ocean-lake-3a,12.0,Eukaryota,Unassigned,Unassigned,Unassigned,Unassigned,Unassigned,Unassigned,18S,3a
1534,6f2126e4f91213fba85cb322c1db8aec,Ocean-lake-3a,19.0,Eukaryota,Diatomea,Unassigned,Unassigned,Unassigned,Unassigned,Unassigned,18S,3a
1535,748dfc6cc1e5cece4b004f38b3d20829,Ocean-lake-3a,32.0,Eukaryota,Diatomea,Coscinodiscophytina,Fragilariales,Fragilariales,Unassigned,Unassigned,18S,3a
1536,18962b9db25f52b51e048967ef122ef2,Ocean-lake-3a,26.0,Eukaryota,Unassigned,Unassigned,Unassigned,Unassigned,Unassigned,Unassigned,18S,3a
1537,02849e987055db30c9e0f9dd02a1ea33,Ocean-lake-3a,22.0,Eukaryota,Prymnesiophyceae,Prymnesiophyceae,Prymnesiales,Prymnesiales,Chrysocampanula,Unassigned,18S,3a
1538,9a34ef2b5ad0e4ff10483be9ade5206e,Ocean-lake-3a,38.0,Eukaryota,Unassigned,Unassigned,Unassigned,Unassigned,Unassigned,Unassigned,18S,3a
1539,abf807116cb32d4623726b388d3d54ea,Ocean-lake-3a,38.0,Eukaryota,Unassigned,Unassigned,Unassigned,Unassigned,Unassigned,Unassigned,18S,3a
1540,10cbcca6ee1f1d2b75277b2be0e9def2,Ocean-lake-3a,7.0,Eukaryota,Unassigned,Unassigned,Unassigned,Unassigned,Unassigned,Unassigned,18S,3a
1541,405174a49e21e51589d7c7ac30bfe626,Ocean-lake-3a,33.0,Eukaryota,Cercozoa,Thecofilosea,Unassigned,Unassigned,Unassigned,Unassigned,18S,3a
1542,0bd6e3d5857171d66084a8b322e85e21,Ocean-lake-3a,51.0,Eukaryota,Unassigned,Unassigned,Unassigned,Unassigned,Unassigned,Unassigned,18S,3a
1543,eb8b4d845f69f391ba639e66820949c5,Ocean-lake-3a,27.0,Eukaryota,Unassigned,Unassigned,Unassigned,Unassigned,Unassigned,Unassigned,18S,3a
1544,830298cf0c4970d2e3b49dd2a691f8f0,Ocean-lake-3a,21.0,Eukaryota,Diatomea,Unassigned,Unassigned,Unassigned,Unassigned,Unassigned,18S,3a
1545,adfb183f61a218dad135e01f6f3104be,Ocean-lake-3a,109.0,Eukaryota,Bryozoa,Gymnolaemata,Cheilostomatida,Cheilostomatida,Cheilostomatida,Unassigned,18S,3a
1546,926f295f464a26e5227920197e8d7ab3,Ocean-lake-3a,16.0,Eukaryota,Unassigned,Unassigned,Unassigned,Unassigned,Unassigned,Unassigned,18S,3a
1547,5a75eb579151bbae15bc5b3b58ec7d68,Ocean-lake-3a,24.0,Eukaryota,Ciliophora,Intramacronucleata,Spirotrichea,Oligotrichia,Unassigned,Unassigned,18S,3a
1548,f9394690025f82d04b0be168aebe305e,Ocean-lake-3a,24.0,Eukaryota,Ochrophyta,Eustigmatophyceae,Eustigmatales,Eustigmatales,uncultured,Unassigned,18S,3a
1549,73ff17898358065ea2c5c31e53468c0f,Ocean-lake-3a,57.0,Bacteria,Proteobacteria,Gammaproteobacteria,Unassigned,Unassigned,Unassigned,Unassigned,18S,3a
1550,7903c9c69eb7a917078a071ac3db489b,Ocean-lake-3a,31.0,Eukaryota,Unassigned,Unassigned,Unassigned,Unassigned,Unassigned,Unassigned,18S,3a
1551,29f122d70f4659e6dade1ed8d4e7a073,Ocean-lake-3a,94.0,Eukaryota,Mollusca,Bivalvia,Mytiloida,Mytiloida,Mytiloida,Unassigned,18S,3a
1552,1f9e19a51b72c9452270f84426c8238a,Ocean-lake-3a,15.0,Eukaryota,Unassigned,Unassigned,Unassigned,Unassigned,Unassigned,Unassigned,18S,3a
1553,a39019ddde89cfb02db4ea61d3a98955,Ocean-lake-3a,7.0,Eukaryota,Unassigned,Unassigned,Unassigned,Unassigned,Unassigned,Unassigned,18S,3a
1554,982fba1aa6a351beaad126b922f5d314,Ocean-lake-3a,22.0,Eukaryota,Unassigned,Unassigned,Unassigned,Unassigned,Unassigned,Unassigned,18S,3a
1555,f5ab2baedf87cabe61c8aae21f3cd486,Ocean-lake-3a,22.0,Eukaryota,Unassigned,Unassigned,Unassigned,Unassigned,Unassigned,Unassigned,18S,3a
1556,ebc7678c6bf57b985f718b981c4f1246,Ocean-lake-3a,21.0,Eukaryota,Chlorophyta,Clade_VII,Subclade_A,Subclade_A,Subclade_A,Unassigned,18S,3a
1557,7000993fd9eb088fc5ca6ff8bca4f824,Ocean-lake-3a,10.0,Eukaryota,Chlorophyta,Ulvophyceae,Oltmansiellopsidales,Oltmansiellopsidales,Oltmannsiellopsis,Unassigned,18S,3a
1558,842fb2909f45613af5ce787385eb9f3b,Ocean-lake-3a,33.0,Eukaryota,Unassigned,Unassigned,Unassigned,Unassigned,Unassigned,Unassigned,18S,3a
1559,8b26794279b88ecaee90e8bc7659606b,Ocean-lake-3a,44.0,Eukaryota,Unassigned,Unassigned,Unassigned,Unassigned,Unassigned,Unassigned,18S,3a
1560,8ae8a8d7aaa07d5d0246a9c923f470c6,Ocean-lake-3a,32.0,Eukaryota,Ciliophora,Intramacronucleata,Conthreep,Oligohymenophorea,Unassigned,Unassigned,18S,3a
1561,f335ee61260ab4871d985ee0cc85a47d,Ocean-lake-3a,26.0,Eukaryota,Unassigned,Unassigned,Unassigned,Unassigned,Unassigned,Unassigned,18S,3a
1562,232a78151983e14cc421a2e0b895c78a,Ocean-lake-3a,28.0,Eukaryota,Unassigned,Unassigned,Unassigned,Unassigned,Unassigned,Unassigned,18S,3a
1563,2247d9c17231ded4b8e89a483a1eff15,Ocean-lake-3a,23.0,Eukaryota,Diatomea,Unassigned,Unassigned,Unassigned,Unassigned,Unassigned,18S,3a
1564,af0299692961660b4fc16268e748adfb,Ocean-lake-3a,23.0,Eukaryota,Unassigned,Unassigned,Unassigned,Unassigned,Unassigned,Unassigned,18S,3a
1565,c821728a8cfed500f5a9156f7c7bd12d,Ocean-lake-3a,22.0,Eukaryota,Unassigned,Unassigned,Unassigned,Unassigned,Unassigned,Unassigned,18S,3a
1566,30243b57c3c6d8d528a68746f742fd6d,Ocean-lake-3a,21.0,Eukaryota,Unassigned,Unassigned,Unassigned,Unassigned,Unassigned,Unassigned,18S,3a
1567,a7dbbf6f60968c0e8ba19ea1458cb485,Ocean-lake-3a,25.0,Eukaryota,Unassigned,Unassigned,Unassigned,Unassigned,Unassigned,Unassigned,18S,3a
1568,ac4f68450a8292e041019d21f45eae33,Ocean-lake-3a,24.0,Eukaryota,Unassigned,Unassigned,Unassigned,Unassigned,Unassigned,Unassigned,18S,3a
1569,4a4b3d4e5dc4dd60f989f011730d7701,Ocean-lake-3a,21.0,Eukaryota,Diatomea,Unassigned,Unassigned,Unassigned,Unassigned,Unassigned,18S,3a
1570,aac019cfaa4a5d07996ade3cc0423947,Ocean-lake-3a,7.0,Eukaryota,Ciliophora,Intramacronucleata,Spirotrichea,Choreotrichia,Unassigned,Unassigned,18S,3a
1571,b8f14125af6eb22cd41bd27b49f6ffb4,Ocean-lake-3a,11.0,Eukaryota,Diatomea,Unassigned,Unassigned,Unassigned,Unassigned,Unassigned,18S,3a
1572,0169457b358d783ea17c5fbe2ef0070c,Ocean-lake-3a,34.0,Bacteria,Proteobacteria,Gammaproteobacteria,Unassigned,Unassigned,Unassigned,Unassigned,18S,3a
1573,3082d9efce69facac36f94f507f35cbc,Ocean-lake-3a,19.0,Eukaryota,Euglenozoa,Kinetoplastea,Unassigned,Unassigned,Unassigned,Unassigned,18S,3a
1574,58f1e891814913a2c5ed389524b6c885,Ocean-lake-3a,19.0,Eukaryota,Unassigned,Unassigned,Unassigned,Unassigned,Unassigned,Unassigned,18S,3a
1575,645a6a0000a0f2e93912cc9fb4521e6e,Ocean-lake-3a,17.0,Eukaryota,Diatomea,Unassigned,Unassigned,Unassigned,Unassigned,Unassigned,18S,3a
1576,9049c8713f2987629b597da83cb05c05,Ocean-lake-3a,6.0,Eukaryota,Unassigned,Unassigned,Unassigned,Unassigned,Unassigned,Unassigned,18S,3a
1577,ff148e5d517445240a0fff273275e5d4,Ocean-lake-3a,24.0,Eukaryota,Unassigned,Unassigned,Unassigned,Unassigned,Unassigned,Unassigned,18S,3a
1578,8c57a37db63e0855742f9f5b9e446503,Ocean-lake-3a,28.0,Eukaryota,Unassigned,Unassigned,Unassigned,Unassigned,Unassigned,Unassigned,18S,3a
1579,49c88659b4a6a28d2ca4913177d701b2,Ocean-lake-3a,12.0,Eukaryota,Chlorophyta,Unassigned,Unassigned,Unassigned,Unassigned,Unassigned,18S,3a
1580,91842611ba85f6da6b09df8a1e999a24,Ocean-lake-3a,20.0,Unassigned,Unassigned,Unassigned,Unassigned,Unassigned,Unassigned,Unassigned,18S,3a
1581,770a12f9a251dcae3815ca82a8593582,Ocean-lake-3a,10.0,Eukaryota,Chlorophyta,Unassigned,Unassigned,Unassigned,Unassigned,Unassigned,18S,3a
1582,5c83542621dd6e423cdd4682ace12b46,Ocean-lake-3a,17.0,Eukaryota,Unassigned,Unassigned,Unassigned,Unassigned,Unassigned,Unassigned,18S,3a
1583,c914471c1790a110910f6d0f2908eaaa,Ocean-lake-3a,13.0,Eukaryota,Diatomea,Unassigned,Unassigned,Unassigned,Unassigned,Unassigned,18S,3a
1584,0347e53c2c6dc6d87c5cdf270ee939a4,Ocean-lake-3a,15.0,Eukaryota,Diatomea,Unassigned,Unassigned,Unassigned,Unassigned,Unassigned,18S,3a
1585,88c6bba68a8bade52f712d8ea1640d60,Ocean-lake-3a,32.0,Eukaryota,Diatomea,Unassigned,Unassigned,Unassigned,Unassigned,Unassigned,18S,3a
1586,86aacffec1e6f4dcc67b47131f2caee1,Ocean-lake-3a,28.0,Bacteria,Unassigned,Unassigned,Unassigned,Unassigned,Unassigned,Unassigned,18S,3a
1587,e7bdea5cc251a237de8dba89514c0853,Ocean-lake-3a,14.0,Eukaryota,Ciliophora,Intramacronucleata,Spirotrichea,Choreotrichia,Tintinnopsis,Unassigned,18S,3a
1588,ce36252ca8d01b6b76af92b7a7d9f90e,Ocean-lake-3a,10.0,Eukaryota,Unassigned,Unassigned,Unassigned,Unassigned,Unassigned,Unassigned,18S,3a
1589,5be9b2294c10424d50a623ea092f5d00,Ocean-lake-3a,46.0,Eukaryota,Unassigned,Unassigned,Unassigned,Unassigned,Unassigned,Unassigned,18S,3a
1590,0dd0157c7dd219a21251aa263a0bf4e8,Ocean-lake-3a,44.0,Eukaryota,Unassigned,Unassigned,Unassigned,Unassigned,Unassigned,Unassigned,18S,3a
1591,0083243bd2f164384b92b8ec11550890,Ocean-lake-3a,17.0,Eukaryota,Unassigned,Unassigned,Unassigned,Unassigned,Unassigned,Unassigned,18S,3a
1592,5d4515cf788a4619f73c80ead9ee5ce1,Ocean-lake-3a,33.0,Eukaryota,Arthropoda,Maxillopoda,Unassigned,Unassigned,Unassigned,Unassigned,18S,3a
1593,b0932edfec7c87fa707fc64ca6a0663b,Ocean-lake-3a,19.0,Eukaryota,Unassigned,Unassigned,Unassigned,Unassigned,Unassigned,Unassigned,18S,3a
1594,9b52e16534ffe0b072c631246003703e,Ocean-lake-3a,18.0,Eukaryota,Diatomea,Unassigned,Unassigned,Unassigned,Unassigned,Unassigned,18S,3a
1595,34da0158836ed2aee3bf64827224d2fc,Ocean-lake-3a,21.0,Eukaryota,Diatomea,Unassigned,Unassigned,Unassigned,Unassigned,Unassigned,18S,3a
1596,8baf0148e7e021d5e80f3224c65dea03,Ocean-lake-3a,28.0,Eukaryota,Diatomea,Unassigned,Unassigned,Unassigned,Unassigned,Unassigned,18S,3a
1597,35e5ac153dae0bc247b26464f28b1ce4,Ocean-lake-3a,21.0,Eukaryota,Unassigned,Unassigned,Unassigned,Unassigned,Unassigned,Unassigned,18S,3a
1598,3047e8c161d466d043c3b76564d79732,Ocean-lake-3a,22.0,Eukaryota,MAST-4,MAST-4,MAST-4,MAST-4,MAST-4,Unassigned,18S,3a
1599,cd4fbcaddc20316d84db9149966fa0ae,Ocean-lake-3a,18.0,Eukaryota,Ciliophora,Intramacronucleata,Spirotrichea,Choreotrichia,Unassigned,Unassigned,18S,3a
1600,145a886544f6280ca0051d05485d2290,Ocean-lake-3a,17.0,Eukaryota,Unassigned,Unassigned,Unassigned,Unassigned,Unassigned,Unassigned,18S,3a
1601,11c23c80f80018e10eae0f156a9603c5,Ocean-lake-3a,26.0,Eukaryota,Unassigned,Unassigned,Unassigned,Unassigned,Unassigned,Unassigned,18S,3a
1602,5f1cf8e2895fbf91e050b49be127aa08,Ocean-lake-3a,42.0,Bacteria,Proteobacteria,Alphaproteobacteria,Rhodobacterales,Rhodobacteraceae,Unassigned,Unassigned,18S,3a
1603,9b40406d985003fa4782c9df71564d08,Ocean-lake-3a,24.0,Eukaryota,Diatomea,Unassigned,Unassigned,Unassigned,Unassigned,Unassigned,18S,3a
1604,7479c4498436f21ce2a86528e6bfe65f,Ocean-lake-3a,11.0,Eukaryota,Unassigned,Unassigned,Unassigned,Unassigned,Unassigned,Unassigned,18S,3a
1605,946242b87c14e11288b117ead6a519cd,Ocean-lake-3a,17.0,Eukaryota,Diatomea,Unassigned,Unassigned,Unassigned,Unassigned,Unassigned,18S,3a
1606,a35be9124f9ef8a823eeffc523d5d280,Ocean-lake-3a,14.0,Eukaryota,Unassigned,Unassigned,Unassigned,Unassigned,Unassigned,Unassigned,18S,3a
1607,656f2607dbc88e04609e73b7cc30f414,Ocean-lake-3a,23.0,Eukaryota,Unassigned,Unassigned,Unassigned,Unassigned,Unassigned,Unassigned,18S,3a
1608,69b394852b7d33e50fafcfb475c9995f,Ocean-lake-3a,20.0,Eukaryota,Unassigned,Unassigned,Unassigned,Unassigned,Unassigned,Unassigned,18S,3a
1609,b3f276a1cf8486eab437dfdd46eac67f,Ocean-lake-3a,11.0,Eukaryota,Prymnesiophyceae,Prymnesiophyceae,Prymnesiales,Prymnesiales,OLI51059,Unassigned,18S,3a
1610,8f4b9861420fa5e624f8f90be57f03c9,Ocean-lake-3a,11.0,Eukaryota,Unassigned,Unassigned,Unassigned,Unassigned,Unassigned,Unassigned,18S,3a
1611,67e256efd6446d279e6b028687e8b2c6,Ocean-lake-3a,7.0,Eukaryota,Ciliophora,Intramacronucleata,Spirotrichea,Choreotrichia,Unassigned,Unassigned,18S,3a
1612,1e37cdbcf4429904e9eee1856993e366,Ocean-lake-3a,8.0,Eukaryota,Unassigned,Unassigned,Unassigned,Unassigned,Unassigned,Unassigned,18S,3a
1613,7e3cb034989c2c5bf242be3fd430fb8d,Ocean-lake-3a,15.0,Eukaryota,Diatomea,Coscinodiscophytina,Coscinodiscophytina,Corethrids,Corethron,Unassigned,18S,3a
1614,02f00ed1ae154705ddcc41afa05672f1,Ocean-lake-3a,67.0,Bacteria,Proteobacteria,Alphaproteobacteria,Rhodobacterales,Rhodobacteraceae,Poseidonocella,Unassigned,18S,3a
1615,a996d513e90a3fb1e942a97324f5c634,Ocean-lake-3a,38.0,Eukaryota,Unassigned,Unassigned,Unassigned,Unassigned,Unassigned,Unassigned,18S,3a
1616,600528dfdd9b22abe00e6ff67acb3e41,Ocean-lake-3a,10.0,Eukaryota,Diatomea,Coscinodiscophytina,Coscinodiscophytina,Rhizosolenids,Rhizosolenids,Unassigned,18S,3a
1617,c5fd6d2eea9c024d057ebb8af9ded807,Ocean-lake-3a,12.0,Eukaryota,Unassigned,Unassigned,Unassigned,Unassigned,Unassigned,Unassigned,18S,3a
1618,cac7b3251c3be35c909255b6c7a16d62,Ocean-lake-3a,18.0,Eukaryota,Unassigned,Unassigned,Unassigned,Unassigned,Unassigned,Unassigned,18S,3a
1619,1b3deb211f3a9d0faab6729c5a5736ad,Ocean-lake-3a,11.0,Eukaryota,Unassigned,Unassigned,Unassigned,Unassigned,Unassigned,Unassigned,18S,3a
1620,a0df0cf63206a232207632c85d3e6c49,Ocean-lake-3a,11.0,Eukaryota,Unassigned,Unassigned,Unassigned,Unassigned,Unassigned,Unassigned,18S,3a
1621,268359e1ebf96fc4a5a4c583eee6a3d0,Ocean-lake-3a,45.0,Eukaryota,Unassigned,Unassigned,Unassigned,Unassigned,Unassigned,Unassigned,18S,3a
1622,f92a0d91dce73fa11a6dc2d2b2109a70,Ocean-lake-3a,43.0,Eukaryota,Ciliophora,Intramacronucleata,Spirotrichea,Choreotrichia,Steenstrupiella,Unassigned,18S,3a
1623,e497f12612bcfc6c33e0988f2dee3bae,Ocean-lake-3a,14.0,Eukaryota,Unassigned,Unassigned,Unassigned,Unassigned,Unassigned,Unassigned,18S,3a
1624,48655fd46548befbe07236b79d7da82e,Ocean-lake-3a,28.0,Bacteria,Proteobacteria,Alphaproteobacteria,Unassigned,Unassigned,Unassigned,Unassigned,18S,3a
1625,7d22ded5f142d87265ed739e5b1e4405,Ocean-lake-3a,17.0,Eukaryota,Dinoflagellata,Incertae_Sedis,Incertae_Sedis,Incertae_Sedis,Haplozoon,Unassigned,18S,3a
1626,261acf8d8e0dcdef07e8fe8adb33bcf0,Ocean-lake-3a,9.0,Eukaryota,Unassigned,Unassigned,Unassigned,Unassigned,Unassigned,Unassigned,18S,3a
1627,101e2d8d8e874a81b387d4d7927290fb,Ocean-lake-3a,8.0,Eukaryota,Unassigned,Unassigned,Unassigned,Unassigned,Unassigned,Unassigned,18S,3a
1628,287f46c114725c75b1961932adaf3004,Ocean-lake-3a,19.0,Eukaryota,Unassigned,Unassigned,Unassigned,Unassigned,Unassigned,Unassigned,18S,3a
1629,97f998d83098015d4e97deb8a58f04ae,Ocean-lake-3a,26.0,Eukaryota,Unassigned,Unassigned,Unassigned,Unassigned,Unassigned,Unassigned,18S,3a
1630,a77c4881e22d0610511920b2ab38c732,Ocean-lake-3a,43.0,Bacteria,Proteobacteria,Alphaproteobacteria,SAR11_clade,Clade_I,Unassigned,Unassigned,18S,3a
1631,9c8ea8f01d14bd6630fe7352dda92fb8,Ocean-lake-3a,24.0,Eukaryota,Diatomea,Unassigned,Unassigned,Unassigned,Unassigned,Unassigned,18S,3a
1632,fc00605959e7ec8e1b8692c344043cc1,Ocean-lake-3a,5.0,Eukaryota,Unassigned,Unassigned,Unassigned,Unassigned,Unassigned,Unassigned,18S,3a
1633,3707dc26e0b13afb2b8fa9e95c1c2c33,Ocean-lake-3a,12.0,Eukaryota,Diatomea,Unassigned,Unassigned,Unassigned,Unassigned,Unassigned,18S,3a
1634,bb9bdb77465d2c66540801efc6fca513,Ocean-lake-3a,9.0,Eukaryota,Diatomea,Unassigned,Unassigned,Unassigned,Unassigned,Unassigned,18S,3a
1635,e32d08aa4137a7b3968c6da141c9e5da,Ocean-lake-3a,4.0,Eukaryota,Unassigned,Unassigned,Unassigned,Unassigned,Unassigned,Unassigned,18S,3a
1636,b58a6459e16858d9790533bb467c4ad2,Ocean-lake-3a,25.0,Bacteria,Proteobacteria,Alphaproteobacteria,Unassigned,Unassigned,Unassigned,Unassigned,18S,3a
1637,44c36dec867dbfdb81e60a0987b8ba39,Ocean-lake-3a,13.0,Eukaryota,Unassigned,Unassigned,Unassigned,Unassigned,Unassigned,Unassigned,18S,3a
1638,5a6a2c31031e78d75f989d3d47d12a08,Ocean-lake-3a,12.0,Eukaryota,Unassigned,Unassigned,Unassigned,Unassigned,Unassigned,Unassigned,18S,3a
1639,ee9b7b3598c401bb02a885a2ea803b08,Ocean-lake-3a,6.0,Eukaryota,Ciliophora,Intramacronucleata,Conthreep,Oligohymenophorea,Unassigned,Unassigned,18S,3a
1640,1034e24f7448912df8099a7ee5fbb51a,Ocean-lake-3a,19.0,Eukaryota,Unassigned,Unassigned,Unassigned,Unassigned,Unassigned,Unassigned,18S,3a
1641,9c607c1a08c9d87f6bcde89e3f88d3d0,Ocean-lake-3a,14.0,Eukaryota,Unassigned,Unassigned,Unassigned,Unassigned,Unassigned,Unassigned,18S,3a
1642,2e316e9e5ff557502ce7c08d6df8bf1d,Ocean-lake-3a,9.0,Eukaryota,Unassigned,Unassigned,Unassigned,Unassigned,Unassigned,Unassigned,18S,3a
1643,cfe036987aef2e1b3d8b87af09f484fd,Ocean-lake-3a,35.0,Bacteria,Proteobacteria,Gammaproteobacteria,Unassigned,Unassigned,Unassigned,Unassigned,18S,3a
1644,e7827ad578f057ed1f8c9176152788cf,Ocean-lake-3a,17.0,Bacteria,Proteobacteria,Alphaproteobacteria,Unassigned,Unassigned,Unassigned,Unassigned,18S,3a
1645,5677a9ef57660fdaf68a176be2e85c45,Ocean-lake-3a,15.0,Eukaryota,Unassigned,Unassigned,Unassigned,Unassigned,Unassigned,Unassigned,18S,3a
1646,39d9bb299d9c704895c06503677db982,Ocean-lake-3a,12.0,Eukaryota,Unassigned,Unassigned,Unassigned,Unassigned,Unassigned,Unassigned,18S,3a
1647,c1fa18a9d880ee7babc246809ea5d43e,Ocean-lake-3a,44.0,Eukaryota,Unassigned,Unassigned,Unassigned,Unassigned,Unassigned,Unassigned,18S,3a
1648,a27f1be8dbdd0c549048a3ea8d517038,Ocean-lake-3a,19.0,Eukaryota,Unassigned,Unassigned,Unassigned,Unassigned,Unassigned,Unassigned,18S,3a
1649,50ef80f0193bdb81e481fff3b7767df0,Ocean-lake-3a,12.0,Eukaryota,Cercozoa,Thecofilosea,Cryomonadida,Protaspidae,Protaspis,Unassigned,18S,3a
1650,a6f9355ab252e1e9d091c33b0b6fa1ad,Ocean-lake-3a,5.0,Eukaryota,Unassigned,Unassigned,Unassigned,Unassigned,Unassigned,Unassigned,18S,3a
1651,fc40523ff0999ac976bf18fbfcfbd957,Ocean-lake-3a,20.0,Eukaryota,Unassigned,Unassigned,Unassigned,Unassigned,Unassigned,Unassigned,18S,3a
1652,32f1467b52f4bc9f5bc9e81f636c59ab,Ocean-lake-3a,17.0,Eukaryota,Unassigned,Unassigned,Unassigned,Unassigned,Unassigned,Unassigned,18S,3a
1653,38738014a1a3e61b7be5175ebe0978ca,Ocean-lake-3a,12.0,Eukaryota,Unassigned,Unassigned,Unassigned,Unassigned,Unassigned,Unassigned,18S,3a
1654,6a28649494eea4abcc27a8f00662f3a0,Ocean-lake-3a,23.0,Eukaryota,Unassigned,Unassigned,Unassigned,Unassigned,Unassigned,Unassigned,18S,3a
1655,44adad88a8d630c2c0e3f2b9ce4ebcd3,Ocean-lake-3a,15.0,Eukaryota,Unassigned,Unassigned,Unassigned,Unassigned,Unassigned,Unassigned,18S,3a
1656,ca6d355a737ee7f040278c30c994b2e6,Ocean-lake-3a,12.0,Eukaryota,Unassigned,Unassigned,Unassigned,Unassigned,Unassigned,Unassigned,18S,3a
1657,72a13b7409d1f9143dfa14177e799ce1,Ocean-lake-3a,18.0,Eukaryota,Unassigned,Unassigned,Unassigned,Unassigned,Unassigned,Unassigned,18S,3a
1658,c4692cd1713ecfd4bf53208b36e3b4c5,Ocean-lake-3a,12.0,Eukaryota,Unassigned,Unassigned,Unassigned,Unassigned,Unassigned,Unassigned,18S,3a
1659,1ac086ce66620d6570cbd77618c96327,Ocean-lake-3a,8.0,Eukaryota,Unassigned,Unassigned,Unassigned,Unassigned,Unassigned,Unassigned,18S,3a
1660,bfa8a765f1230c07bb3b831988d9eb2f,Ocean-lake-3a,19.0,Eukaryota,Unassigned,Unassigned,Unassigned,Unassigned,Unassigned,Unassigned,18S,3a
1661,4db248007a68dfa37a36867c725b194c,Ocean-lake-3a,17.0,Eukaryota,Unassigned,Unassigned,Unassigned,Unassigned,Unassigned,Unassigned,18S,3a
1662,49f26802e1191074623240976202cbca,Ocean-lake-3a,16.0,Eukaryota,Diatomea,Unassigned,Unassigned,Unassigned,Unassigned,Unassigned,18S,3a
1663,6a91708105bd59e27b6e282d038647dd,Ocean-lake-3a,15.0,Eukaryota,Diatomea,Unassigned,Unassigned,Unassigned,Unassigned,Unassigned,18S,3a
1664,dc4e42088043846b2023e9fb1315f3e8,Ocean-lake-3a,13.0,Eukaryota,Unassigned,Unassigned,Unassigned,Unassigned,Unassigned,Unassigned,18S,3a
1665,5ab886cbb97e7ba9bb42ff8042c7ccf0,Ocean-lake-3a,10.0,Eukaryota,Unassigned,Unassigned,Unassigned,Unassigned,Unassigned,Unassigned,18S,3a
1666,a1347d7c5056d10e52e1e2165c18d75d,Ocean-lake-3a,16.0,Bacteria,Proteobacteria,Alphaproteobacteria,Unassigned,Unassigned,Unassigned,Unassigned,18S,3a
1667,b6d61455660aecea794d88d1bd7f1c4e,Ocean-lake-3a,19.0,Bacteria,Proteobacteria,Alphaproteobacteria,Unassigned,Unassigned,Unassigned,Unassigned,18S,3a
1668,4523bea9b146f7879cb37f6be9a2c358,Ocean-lake-3a,16.0,Eukaryota,Unassigned,Unassigned,Unassigned,Unassigned,Unassigned,Unassigned,18S,3a
1669,e47fd834d4ba1919b89201a2765d99dc,Ocean-lake-3a,10.0,Eukaryota,Unassigned,Unassigned,Unassigned,Unassigned,Unassigned,Unassigned,18S,3a
1670,eeda4089c33d78896b96ca861dd1721a,Ocean-lake-3a,16.0,Eukaryota,Unassigned,Unassigned,Unassigned,Unassigned,Unassigned,Unassigned,18S,3a
1671,87d359c37b8332e71d684ac03bbc2091,Ocean-lake-3a,15.0,Eukaryota,Diatomea,Unassigned,Unassigned,Unassigned,Unassigned,Unassigned,18S,3a
1672,b8e96732501c4b7f3b2a16ee08baec34,Ocean-lake-3a,5.0,Eukaryota,Unassigned,Unassigned,Unassigned,Unassigned,Unassigned,Unassigned,18S,3a
1673,67667396efde285aca0770466335697e,Ocean-lake-3a,46.0,Eukaryota,Unassigned,Unassigned,Unassigned,Unassigned,Unassigned,Unassigned,18S,3a
1674,7f663ed7274d344ce4bb08c497ce947d,Ocean-lake-3a,25.0,Eukaryota,Unassigned,Unassigned,Unassigned,Unassigned,Unassigned,Unassigned,18S,3a
1675,a45af21a4496f30a98792474db630e03,Ocean-lake-3a,16.0,Eukaryota,Euglenozoa,Diplonemea,Diplonemea,Diplonemea,Rhynchopus,Unassigned,18S,3a
1676,f4c1a7414034679b6e3a480a1120b91b,Ocean-lake-3a,14.0,Eukaryota,Unassigned,Unassigned,Unassigned,Unassigned,Unassigned,Unassigned,18S,3a
1677,9abb46034153a3cfa48c0836df4f6f04,Ocean-lake-3a,13.0,Eukaryota,Unassigned,Unassigned,Unassigned,Unassigned,Unassigned,Unassigned,18S,3a
1678,4dfdc55109935c9e5d4b1ede0eea4867,Ocean-lake-3a,16.0,Eukaryota,Unassigned,Unassigned,Unassigned,Unassigned,Unassigned,Unassigned,18S,3a
1679,ef426a305cceaf03d505bc23bd561a81,Ocean-lake-3a,17.0,Bacteria,Campylobacterota,Campylobacteria,Campylobacterales,Sulfurimonadaceae,Sulfurimonas,Unassigned,18S,3a
1680,35c8c3540a978924cd4b61193c6a668c,Ocean-lake-3a,15.0,Eukaryota,Unassigned,Unassigned,Unassigned,Unassigned,Unassigned,Unassigned,18S,3a
1681,ae52b6b8a8ac7182b08aee4bc1a54161,Ocean-lake-3a,23.0,Eukaryota,Diatomea,Mediophyceae,Mediophyceae,Mediophyceae,Cyclotella,Unassigned,18S,3a
1682,2247b8c99a73e51fbba4f8e9b3d0be37,Ocean-lake-3a,16.0,Eukaryota,Unassigned,Unassigned,Unassigned,Unassigned,Unassigned,Unassigned,18S,3a
1683,c11fd2fb6130d401f827d872491869df,Ocean-lake-3a,5.0,Eukaryota,Unassigned,Unassigned,Unassigned,Unassigned,Unassigned,Unassigned,18S,3a
1684,e66b7071885495d23c269ba155164cdb,Ocean-lake-3a,8.0,Eukaryota,MAST-11,MAST-11,MAST-11,MAST-11,MAST-11,Unassigned,18S,3a
1685,790920cbe7b52a08e9a2b92ee9a59f8e,Ocean-lake-3a,8.0,Eukaryota,Unassigned,Unassigned,Unassigned,Unassigned,Unassigned,Unassigned,18S,3a
1686,23e23b1b3302f2d998c4e940e8cff13b,Ocean-lake-3a,7.0,Eukaryota,Unassigned,Unassigned,Unassigned,Unassigned,Unassigned,Unassigned,18S,3a
1687,f59298fe69161195e7644d28803862f5,Ocean-lake-3a,5.0,Eukaryota,Unassigned,Unassigned,Unassigned,Unassigned,Unassigned,Unassigned,18S,3a
1688,ab0dacf7d29f3540a1ef767c2444242f,Ocean-lake-3a,11.0,Eukaryota,Protalveolata,Syndiniales,Syndiniales,Syndiniales,Duboscquella,Unassigned,18S,3a
1689,033a8f25ebbbe33d17f5e27ce8f80ee8,Ocean-lake-3a,9.0,Bacteria,Proteobacteria,Alphaproteobacteria,Unassigned,Unassigned,Unassigned,Unassigned,18S,3a
1690,480d3808c72625aae0b1105e51dd01a7,Ocean-lake-3a,6.0,Eukaryota,Unassigned,Unassigned,Unassigned,Unassigned,Unassigned,Unassigned,18S,3a
1691,fee21e7caeca49b5c0b690d31280e5aa,Ocean-lake-3a,9.0,Eukaryota,Unassigned,Unassigned,Unassigned,Unassigned,Unassigned,Unassigned,18S,3a
1692,5d576efb9c3ab408073a93d8825fae11,Ocean-lake-3a,6.0,Eukaryota,Chlorophyta,Unassigned,Unassigned,Unassigned,Unassigned,Unassigned,18S,3a
1693,4b92856c9be63bda72391a99a3b31ec9,Ocean-lake-3a,33.0,Eukaryota,Mollusca,Gastropoda,Caenogastropoda,Caenogastropoda,Caenogastropoda,Unassigned,18S,3a
1694,a7fb5f1d7787b192ba4add18a180649b,Ocean-lake-3a,14.0,Eukaryota,Unassigned,Unassigned,Unassigned,Unassigned,Unassigned,Unassigned,18S,3a
1695,c172394bbe2faf9f8545346ec8478089,Ocean-lake-3a,7.0,Eukaryota,Unassigned,Unassigned,Unassigned,Unassigned,Unassigned,Unassigned,18S,3a
1696,ce61988c45618cb0f79d80807c9b88a9,Ocean-lake-3a,5.0,Eukaryota,Unassigned,Unassigned,Unassigned,Unassigned,Unassigned,Unassigned,18S,3a
1697,8fffca76ee0bcb16ef1c8e4ac2b7ea3e,Ocean-lake-3a,9.0,Eukaryota,Unassigned,Unassigned,Unassigned,Unassigned,Unassigned,Unassigned,18S,3a
1698,396884ee1713f8e928d898c3aa96644a,Ocean-lake-3a,15.0,Eukaryota,Cercozoa,Imbricatea,Imbricatea,Euglyphida,Paulinella,Unassigned,18S,3a
1699,18cf1d4fe4df0977de740f45398824d7,Ocean-lake-3a,13.0,Eukaryota,Mollusca,Bivalvia,Veneroida,Veneroida,Veneroida,Unassigned,18S,3a
1700,f742d5961eed862b0ac311c27f65cccf,Ocean-lake-3a,8.0,Eukaryota,Diatomea,Unassigned,Unassigned,Unassigned,Unassigned,Unassigned,18S,3a
1701,5e3bd9ad02ed16ff51af1d67980143a2,Ocean-lake-3a,8.0,Eukaryota,Unassigned,Unassigned,Unassigned,Unassigned,Unassigned,Unassigned,18S,3a
1702,777da1204eadaba25311dbce10ba1ca0,Ocean-lake-3a,8.0,Eukaryota,Diatomea,Unassigned,Unassigned,Unassigned,Unassigned,Unassigned,18S,3a
1703,a1f3a21dbb899df46989abbe73b9dd8e,Ocean-lake-3a,11.0,Eukaryota,Unassigned,Unassigned,Unassigned,Unassigned,Unassigned,Unassigned,18S,3a
1704,1690138952324a44c68fb7d8a5689f25,Ocean-lake-3a,10.0,Eukaryota,Unassigned,Unassigned,Unassigned,Unassigned,Unassigned,Unassigned,18S,3a
1705,f59628b3a2cda269951820fd8389e33f,Ocean-lake-3a,10.0,Eukaryota,Diatomea,Unassigned,Unassigned,Unassigned,Unassigned,Unassigned,18S,3a
1706,c00e8a75f148c9736510cd42fa738f9d,Ocean-lake-3a,5.0,Eukaryota,Unassigned,Unassigned,Unassigned,Unassigned,Unassigned,Unassigned,18S,3a
1707,0382da67bd9048897ff6d8dde0e90523,Ocean-lake-3a,25.0,Bacteria,Proteobacteria,Gammaproteobacteria,Unassigned,Unassigned,Unassigned,Unassigned,18S,3a
1708,858ae6c8eb1987ee49bca512d68b8ee6,Ocean-lake-3a,7.0,Eukaryota,Unassigned,Unassigned,Unassigned,Unassigned,Unassigned,Unassigned,18S,3a
1709,1adb080527f1a466d7ae7c43fbaa3aa5,Ocean-lake-3a,25.0,Eukaryota,Unassigned,Unassigned,Unassigned,Unassigned,Unassigned,Unassigned,18S,3a
1710,4ba56b8d13cf57866bac80c7f9ed4bf6,Ocean-lake-3a,5.0,Eukaryota,Protalveolata,Colpodellida,Colpodellida,Colpodellida,Voromonas,Unassigned,18S,3a
1711,4ce1df289294631406a9c7306ec6e1ef,Ocean-lake-3a,10.0,Eukaryota,Unassigned,Unassigned,Unassigned,Unassigned,Unassigned,Unassigned,18S,3a
1712,b556d2f95efc662b83372573ab3bd113,Ocean-lake-3a,9.0,Eukaryota,Ciliophora,Intramacronucleata,Spirotrichea,Oligotrichia,Unassigned,Unassigned,18S,3a
1713,465c2a9e08f6dba1f1f351c53a3f3d4a,Ocean-lake-3a,12.0,Eukaryota,Unassigned,Unassigned,Unassigned,Unassigned,Unassigned,Unassigned,18S,3a
1714,21bb9b396f102575bfdda529270edd26,Ocean-lake-3a,5.0,Eukaryota,Unassigned,Unassigned,Unassigned,Unassigned,Unassigned,Unassigned,18S,3a
1715,0d9c38912c5e408ae4268ec19c59c61b,Ocean-lake-3a,11.0,Eukaryota,Unassigned,Unassigned,Unassigned,Unassigned,Unassigned,Unassigned,18S,3a
1716,62283a15c9f42635f0312610c9b30b77,Ocean-lake-3a,9.0,Eukaryota,Diatomea,Unassigned,Unassigned,Unassigned,Unassigned,Unassigned,18S,3a
1717,3e767d597d1dda74ec7684dd19127e01,Ocean-lake-3a,6.0,Eukaryota,Unassigned,Unassigned,Unassigned,Unassigned,Unassigned,Unassigned,18S,3a
1718,4dd6399f5471cd351f00d03a9fbc923f,Ocean-lake-3a,14.0,Eukaryota,Unassigned,Unassigned,Unassigned,Unassigned,Unassigned,Unassigned,18S,3a
1719,6b366fbf8e0fd798747ceb0af4871668,Ocean-lake-3a,13.0,Eukaryota,Cercozoa,Chlorarachniophyta,Chlorarachniophyta,Chlorarachniophyta,Chlorarachnion,Unassigned,18S,3a
1720,8885304b83f358a320301d96757d2272,Ocean-lake-3a,12.0,Eukaryota,Unassigned,Unassigned,Unassigned,Unassigned,Unassigned,Unassigned,18S,3a
1721,de5c24643df6bba91b1a176fb1b89f57,Ocean-lake-3a,12.0,Eukaryota,Unassigned,Unassigned,Unassigned,Unassigned,Unassigned,Unassigned,18S,3a
1722,6194f628bf8ed010efbbb0f16b4bac40,Ocean-lake-3a,11.0,Eukaryota,Unassigned,Unassigned,Unassigned,Unassigned,Unassigned,Unassigned,18S,3a
1723,aa59b06f38255fe9d0e002cd3355bb35,Ocean-lake-3a,6.0,Eukaryota,Unassigned,Unassigned,Unassigned,Unassigned,Unassigned,Unassigned,18S,3a
1724,4aeb20087699daaf20c1a1ff753bf67c,Ocean-lake-3a,22.0,Eukaryota,Unassigned,Unassigned,Unassigned,Unassigned,Unassigned,Unassigned,18S,3a
1725,91298a184ed774dc7a47ac40fa857772,Ocean-lake-3a,15.0,Bacteria,Proteobacteria,Gammaproteobacteria,Enterobacterales,Alteromonadaceae,Unassigned,Unassigned,18S,3a
1726,68a1f3e7733b188c00ef9faa2c2480eb,Ocean-lake-3a,8.0,Eukaryota,Unassigned,Unassigned,Unassigned,Unassigned,Unassigned,Unassigned,18S,3a
1727,200ace0c37c61692dd90ef58e439433b,Ocean-lake-3a,8.0,Eukaryota,Unassigned,Unassigned,Unassigned,Unassigned,Unassigned,Unassigned,18S,3a
1728,7d2e424f26c10b8e6d64425357534847,Ocean-lake-3a,7.0,Eukaryota,Unassigned,Unassigned,Unassigned,Unassigned,Unassigned,Unassigned,18S,3a
1729,dacc39a6f261f9dd5262d28991e8abea,Ocean-lake-3a,5.0,Eukaryota,Chlorophyta,Chlorophyceae,Unassigned,Unassigned,Unassigned,Unassigned,18S,3a
1730,35742d28a8ebc5f8402220e68db8a437,Ocean-lake-3a,16.0,Bacteria,Proteobacteria,Gammaproteobacteria,Pseudomonadales,Unassigned,Unassigned,Unassigned,18S,3a
1731,437df53f06531c61da50f2d7aa36f512,Ocean-lake-3a,5.0,Eukaryota,Unassigned,Unassigned,Unassigned,Unassigned,Unassigned,Unassigned,18S,3a
1732,12e6b5f34e7d4249429d6d67ed9311dd,Ocean-lake-3a,48.0,Bacteria,Proteobacteria,Alphaproteobacteria,Rhodobacterales,Rhodobacteraceae,Unassigned,Unassigned,18S,3a
1733,84cb56d6f7bba40c8d263ed997332ca4,Ocean-lake-3a,28.0,Eukaryota,Bicosoecida,Bicosoecida,Bicosoecida,Bicosoecida,Pseudobodo,Unassigned,18S,3a
1734,c53a5ff75595b97c40ef438ebc249210,Ocean-lake-3a,19.0,Bacteria,Proteobacteria,Alphaproteobacteria,Rhodobacterales,Rhodobacteraceae,Unassigned,Unassigned,18S,3a
1735,7cb0c4a401545503e398d36dd03cdf55,Ocean-lake-3a,7.0,Eukaryota,Unassigned,Unassigned,Unassigned,Unassigned,Unassigned,Unassigned,18S,3a
1736,3c3c499eae9ef044610b6cf49ca683cf,Ocean-lake-3a,12.0,Eukaryota,Unassigned,Unassigned,Unassigned,Unassigned,Unassigned,Unassigned,18S,3a
1737,ee3f343e5394ecd18b2e646d95e7718f,Ocean-lake-3a,11.0,Eukaryota,Unassigned,Unassigned,Unassigned,Unassigned,Unassigned,Unassigned,18S,3a
1738,d7fc77741bc2f8704f8c537e882dc5a1,Ocean-lake-3a,6.0,Unassigned,Unassigned,Unassigned,Unassigned,Unassigned,Unassigned,Unassigned,18S,3a
1739,730c3f6113e854e32488d2c8e2a351a2,Ocean-lake-3a,4.0,Eukaryota,Unassigned,Unassigned,Unassigned,Unassigned,Unassigned,Unassigned,18S,3a
1740,5ef571218a68d61b42ec1f25fa8a4d18,Ocean-lake-3a,13.0,Eukaryota,Unassigned,Unassigned,Unassigned,Unassigned,Unassigned,Unassigned,18S,3a
1741,3c5cf4981b38cfafc2622d9c95cf4321,Ocean-lake-3a,9.0,Eukaryota,Unassigned,Unassigned,Unassigned,Unassigned,Unassigned,Unassigned,18S,3a
1742,3d02ebf575d9d01eb6a262b81fb83432,Ocean-lake-3a,6.0,Bacteria,Proteobacteria,Alphaproteobacteria,Unassigned,Unassigned,Unassigned,Unassigned,18S,3a
1743,e4cf82bf556c447b4f27264c33019025,Ocean-lake-3a,6.0,Eukaryota,Unassigned,Unassigned,Unassigned,Unassigned,Unassigned,Unassigned,18S,3a
1744,8ee875c1113b2d390389c173ce2ab00c,Ocean-lake-3a,9.0,Eukaryota,Unassigned,Unassigned,Unassigned,Unassigned,Unassigned,Unassigned,18S,3a
1745,c31cf0bea43d34e6b7a1982f454dd1f7,Ocean-lake-3a,5.0,Eukaryota,Unassigned,Unassigned,Unassigned,Unassigned,Unassigned,Unassigned,18S,3a
1746,75fe23a37f364881d2c43a7746d42bf3,Ocean-lake-3a,2.0,Eukaryota,Unassigned,Unassigned,Unassigned,Unassigned,Unassigned,Unassigned,18S,3a
1747,e318c36ba6e06bc5d73f9ccfe3a03712,Ocean-lake-3a,8.0,Eukaryota,Chlorophyta,Prasinophytae,Pseudoscourfieldiales,Pseudoscourfieldiales,Pycnococcus,Unassigned,18S,3a
1748,680d9d0cbb0d1cf03f27bbf43fbe0a09,Ocean-lake-3a,7.0,Eukaryota,Ochrophyta,Dictyochophyceae,Pedinellales,Pedinellales,Unassigned,Unassigned,18S,3a
1749,b91e7cd2576f6a30d5c4b494ed6b3d87,Ocean-lake-3a,5.0,Eukaryota,Unassigned,Unassigned,Unassigned,Unassigned,Unassigned,Unassigned,18S,3a
1750,7811d390f04811092bc84be0f87a6108,Ocean-lake-3a,21.0,Bacteria,Proteobacteria,Alphaproteobacteria,Rhodobacterales,Rhodobacteraceae,Unassigned,Unassigned,18S,3a
1751,82a931f2c8d25b37eef1a68b61b900cc,Ocean-lake-3a,21.0,Eukaryota,Unassigned,Unassigned,Unassigned,Unassigned,Unassigned,Unassigned,18S,3a
1752,06082b5683ea353df19e6e65872d125b,Ocean-lake-3a,13.0,Eukaryota,Unassigned,Unassigned,Unassigned,Unassigned,Unassigned,Unassigned,18S,3a
1753,b423fec42415d8ecd892d640a9a38716,Ocean-lake-3a,7.0,Eukaryota,Unassigned,Unassigned,Unassigned,Unassigned,Unassigned,Unassigned,18S,3a
1754,2bcd8dc5ec020c0aeaa53e24a6481755,Ocean-lake-3a,4.0,Eukaryota,Unassigned,Unassigned,Unassigned,Unassigned,Unassigned,Unassigned,18S,3a
1755,2fbea89a36dcec3eb30590f07a4f8bc2,Ocean-lake-3a,5.0,Eukaryota,Unassigned,Unassigned,Unassigned,Unassigned,Unassigned,Unassigned,18S,3a
1756,a37489b5c934cb152d81f68d5281701c,Ocean-lake-3a,6.0,Eukaryota,Unassigned,Unassigned,Unassigned,Unassigned,Unassigned,Unassigned,18S,3a
1757,f3710a1c1856bf5d344d59cbb3558829,Ocean-lake-3a,4.0,Eukaryota,Unassigned,Unassigned,Unassigned,Unassigned,Unassigned,Unassigned,18S,3a
1758,f4c1d161c2f28e12412d57b1d655ae5c,Ocean-lake-3a,10.0,Eukaryota,Unassigned,Unassigned,Unassigned,Unassigned,Unassigned,Unassigned,18S,3a
1759,abeb45696ffa389adb076016c28cd066,Ocean-lake-3a,15.0,Eukaryota,Unassigned,Unassigned,Unassigned,Unassigned,Unassigned,Unassigned,18S,3a
1760,7a2e8eef148cca752b43b8a1b2ce0a89,Ocean-lake-3a,14.0,Bacteria,Proteobacteria,Alphaproteobacteria,Rhodobacterales,Rhodobacteraceae,Unassigned,Unassigned,18S,3a
1761,ee8ac094838ab79685596ab084eb4452,Ocean-lake-3a,5.0,Eukaryota,Unassigned,Unassigned,Unassigned,Unassigned,Unassigned,Unassigned,18S,3a
1762,293a0ba12fce1407abc3f2cf43af4d86,Ocean-lake-3a,10.0,Eukaryota,Unassigned,Unassigned,Unassigned,Unassigned,Unassigned,Unassigned,18S,3a
1763,f34ac54a9caba74052e3e1151fa8eeba,Ocean-lake-3a,8.0,Eukaryota,Unassigned,Unassigned,Unassigned,Unassigned,Unassigned,Unassigned,18S,3a
1764,2904dc615f7dd2c53636ffa265a29248,Ocean-lake-3a,18.0,Bacteria,Acidobacteriota,Holophagae,Acanthopleuribacterales,Acanthopleuribacteraceae,Acanthopleuribacter,Unassigned,18S,3a
1765,5259447d71249ee1e34f254d112e219b,Ocean-lake-3a,10.0,Eukaryota,Unassigned,Unassigned,Unassigned,Unassigned,Unassigned,Unassigned,18S,3a
1766,9f4391deb6df8957462c63db89df4bd0,Ocean-lake-3a,8.0,Eukaryota,Unassigned,Unassigned,Unassigned,Unassigned,Unassigned,Unassigned,18S,3a
1767,43d096c767baae4759715e3c5f6ae07b,Ocean-lake-3a,8.0,Eukaryota,Unassigned,Unassigned,Unassigned,Unassigned,Unassigned,Unassigned,18S,3a
1768,da36d333e3302d05b295fb961cc0ced9,Ocean-lake-3a,8.0,Eukaryota,Unassigned,Unassigned,Unassigned,Unassigned,Unassigned,Unassigned,18S,3a
1769,4b7335dae30f29b90eaadd729f644f97,Ocean-lake-3a,8.0,Eukaryota,Euglenozoa,Euglenida,Heteronematina,Heteronematina,Petalomonas,Unassigned,18S,3a
1770,e60d24861ba225f5a9e60a5d39e7c3c0,Ocean-lake-3a,7.0,Eukaryota,Unassigned,Unassigned,Unassigned,Unassigned,Unassigned,Unassigned,18S,3a
1771,7a32323d59c48113269c2fd070a5f79c,Ocean-lake-3a,3.0,Eukaryota,Unassigned,Unassigned,Unassigned,Unassigned,Unassigned,Unassigned,18S,3a
1772,558b3776af2b43a5cfa18a892a79e2ba,Ocean-lake-3a,15.0,Eukaryota,Unassigned,Unassigned,Unassigned,Unassigned,Unassigned,Unassigned,18S,3a
1773,5e5d499c3f67b590ed965184dca0be8b,Ocean-lake-3a,8.0,Eukaryota,Unassigned,Unassigned,Unassigned,Unassigned,Unassigned,Unassigned,18S,3a
1774,d09d7e28c41d68364281aa6165f0275e,Ocean-lake-3a,14.0,Bacteria,Proteobacteria,Gammaproteobacteria,Unassigned,Unassigned,Unassigned,Unassigned,18S,3a
1775,d7fb6590271c662391a3ceb918c76c15,Ocean-lake-3a,11.0,Eukaryota,Unassigned,Unassigned,Unassigned,Unassigned,Unassigned,Unassigned,18S,3a
1776,a184275bf86b7d08ab224e78820c89d8,Ocean-lake-3a,6.0,Eukaryota,Unassigned,Unassigned,Unassigned,Unassigned,Unassigned,Unassigned,18S,3a
1777,d5ec59ccefb3a28b3095345cc094dc57,Ocean-lake-3a,5.0,Eukaryota,Unassigned,Unassigned,Unassigned,Unassigned,Unassigned,Unassigned,18S,3a
1778,6c23a44b175d2d2d3519bb282dfecb9d,Ocean-lake-3a,11.0,Eukaryota,Diatomea,Unassigned,Unassigned,Unassigned,Unassigned,Unassigned,18S,3a
1779,3697e77eb8741319023fd600a0728195,Ocean-lake-3a,10.0,Eukaryota,Unassigned,Unassigned,Unassigned,Unassigned,Unassigned,Unassigned,18S,3a
1780,b92942f7b88a6b26ab83289ce051bff5,Ocean-lake-3a,9.0,Eukaryota,Diatomea,Unassigned,Unassigned,Unassigned,Unassigned,Unassigned,18S,3a
1781,a34a7704b7e84d88515057ee92828b0d,Ocean-lake-3a,8.0,Eukaryota,Unassigned,Unassigned,Unassigned,Unassigned,Unassigned,Unassigned,18S,3a
1782,afe9fda54b1edcbb1a660f95f3c86ec2,Ocean-lake-3a,17.0,Eukaryota,Cercozoa,Granofilosea,Granofilosea,Granofilosea,Massisteria,Unassigned,18S,3a
1783,1174e066351a57eac5e5399ad1b30649,Ocean-lake-3a,10.0,Eukaryota,Unassigned,Unassigned,Unassigned,Unassigned,Unassigned,Unassigned,18S,3a
1784,199d2b1894941a74ff9036443f393a10,Ocean-lake-3a,9.0,Eukaryota,Unassigned,Unassigned,Unassigned,Unassigned,Unassigned,Unassigned,18S,3a
1785,138055b000f64ff977e556b99c53edbc,Ocean-lake-3a,6.0,Unassigned,Unassigned,Unassigned,Unassigned,Unassigned,Unassigned,Unassigned,18S,3a
1786,55924afc1e50f7e4d52e9617eb5ac6d5,Ocean-lake-3a,4.0,Eukaryota,Unassigned,Unassigned,Unassigned,Unassigned,Unassigned,Unassigned,18S,3a
1787,fb3e43358b0602f9402e5e5a1f1a0df6,Ocean-lake-3a,4.0,Eukaryota,Unassigned,Unassigned,Unassigned,Unassigned,Unassigned,Unassigned,18S,3a
1788,6d126b46811df601dce91beb4c88b74f,Ocean-lake-3a,6.0,Bacteria,Proteobacteria,Alphaproteobacteria,Unassigned,Unassigned,Unassigned,Unassigned,18S,3a
1789,dcc31f3dd686aa21ca723ec152978eec,Ocean-lake-3a,13.0,Eukaryota,Unassigned,Unassigned,Unassigned,Unassigned,Unassigned,Unassigned,18S,3a
1790,73795d77bc2fa9f323626cfcc8c225d2,Ocean-lake-3a,3.0,Eukaryota,Unassigned,Unassigned,Unassigned,Unassigned,Unassigned,Unassigned,18S,3a
1791,b28f0085cd8535086249d3432b4d4e33,Ocean-lake-3a,18.0,Bacteria,Proteobacteria,Gammaproteobacteria,Unassigned,Unassigned,Unassigned,Unassigned,18S,3a
1792,7c6c4d8817992035093eab11d8eef8cc,Ocean-lake-3a,12.0,Eukaryota,Unassigned,Unassigned,Unassigned,Unassigned,Unassigned,Unassigned,18S,3a
1793,074d481823c37b805792ddf84141a5be,Ocean-lake-3a,6.0,Bacteria,Planctomycetota,Planctomycetes,Planctomycetales,Unassigned,Unassigned,Unassigned,18S,3a
1794,4725788cf0b5e0a3e62435ee4b2507df,Ocean-lake-3a,4.0,Eukaryota,Unassigned,Unassigned,Unassigned,Unassigned,Unassigned,Unassigned,18S,3a
1795,370d03b2d25068adf69197f54a9608ac,Ocean-lake-3a,12.0,Eukaryota,Unassigned,Unassigned,Unassigned,Unassigned,Unassigned,Unassigned,18S,3a
1796,a28ae963c17c76638b8680531ed6f582,Ocean-lake-3a,10.0,Eukaryota,Unassigned,Unassigned,Unassigned,Unassigned,Unassigned,Unassigned,18S,3a
1797,44005602adf2683b6510b2984637d75b,Ocean-lake-3a,6.0,Eukaryota,Unassigned,Unassigned,Unassigned,Unassigned,Unassigned,Unassigned,18S,3a
1798,585753171f6ca618a9b3c43716b35c5e,Ocean-lake-3a,4.0,Eukaryota,Unassigned,Unassigned,Unassigned,Unassigned,Unassigned,Unassigned,18S,3a
1799,9319e192b358647c3fa41be1e4c3c70d,Ocean-lake-3a,3.0,Eukaryota,Unassigned,Unassigned,Unassigned,Unassigned,Unassigned,Unassigned,18S,3a
1800,3ab341398fecaf9b1e00eb86c0c01b66,Ocean-lake-3a,14.0,Bacteria,Unassigned,Unassigned,Unassigned,Unassigned,Unassigned,Unassigned,18S,3a
1801,93a0b348fcf20f345b3d1551ddb147e5,Ocean-lake-3a,8.0,Eukaryota,Unassigned,Unassigned,Unassigned,Unassigned,Unassigned,Unassigned,18S,3a
1802,c17b1c04e75edaf896eb46e7ff391873,Ocean-lake-3a,7.0,Eukaryota,Unassigned,Unassigned,Unassigned,Unassigned,Unassigned,Unassigned,18S,3a
1803,e52c4d0255bc0c3727703f8f9a1e1e59,Ocean-lake-3a,6.0,Eukaryota,Unassigned,Unassigned,Unassigned,Unassigned,Unassigned,Unassigned,18S,3a
1804,a8266f8d79ad86062f2e6f23513ef702,Ocean-lake-3a,4.0,Eukaryota,Unassigned,Unassigned,Unassigned,Unassigned,Unassigned,Unassigned,18S,3a
1805,300e041a81372b0096e157b5724ffc49,Ocean-lake-3a,7.0,Eukaryota,Unassigned,Unassigned,Unassigned,Unassigned,Unassigned,Unassigned,18S,3a
1806,a092b4a68bafd2534844841208b10a13,Ocean-lake-3a,5.0,Eukaryota,Unassigned,Unassigned,Unassigned,Unassigned,Unassigned,Unassigned,18S,3a
1807,c40896e33e3bc61d28595bed074c3fb7,Ocean-lake-3a,5.0,Eukaryota,Unassigned,Unassigned,Unassigned,Unassigned,Unassigned,Unassigned,18S,3a
1808,70ee6a5824e639552c714c9273a3ea69,Ocean-lake-3a,7.0,Eukaryota,Unassigned,Unassigned,Unassigned,Unassigned,Unassigned,Unassigned,18S,3a
1809,248f9708679743190b17e3e09a880166,Ocean-lake-3a,10.0,Bacteria,Proteobacteria,Alphaproteobacteria,Rhodobacterales,Rhodobacteraceae,Unassigned,Unassigned,18S,3a
1810,e17398f3d2727ceca9a65df864638641,Ocean-lake-3a,8.0,Eukaryota,Unassigned,Unassigned,Unassigned,Unassigned,Unassigned,Unassigned,18S,3a
1811,4d6ffed90f01bc0fe8b5bbf2c0c1a069,Ocean-lake-3a,5.0,Eukaryota,Unassigned,Unassigned,Unassigned,Unassigned,Unassigned,Unassigned,18S,3a
1812,e3a7bc7f0348274d19febe60bef66e1b,Ocean-lake-3a,11.0,Eukaryota,Unassigned,Unassigned,Unassigned,Unassigned,Unassigned,Unassigned,18S,3a
1813,b4ba4cde80ec0042babb0c46644c6f8d,Ocean-lake-3a,11.0,Bacteria,Gemmatimonadota,PAUC43f_marine_benthic_group,PAUC43f_marine_benthic_group,PAUC43f_marine_benthic_group,PAUC43f_marine_benthic_group,Unassigned,18S,3a
1814,7730cd93b8ad2a3fe6a0086395fa4556,Ocean-lake-3a,2.0,Eukaryota,Unassigned,Unassigned,Unassigned,Unassigned,Unassigned,Unassigned,18S,3a
1815,dd827a6ce2dccbe654048ff363e69646,Ocean-lake-3a,10.0,Eukaryota,Unassigned,Unassigned,Unassigned,Unassigned,Unassigned,Unassigned,18S,3a
1816,853e6cd5a8af1c80c44fa8c5b2615025,Ocean-lake-3a,8.0,Eukaryota,Diatomea,Coscinodiscophytina,Coscinodiscophytina,Coscinodiscophytina,Coscinodiscophytina,Unassigned,18S,3a
1817,dd46ed926bd43532cd1e10e1ba62d358,Ocean-lake-3a,8.0,Eukaryota,Unassigned,Unassigned,Unassigned,Unassigned,Unassigned,Unassigned,18S,3a
1818,83aa5f7273a754f28e7dd7c845c125a3,Ocean-lake-3a,6.0,Eukaryota,Unassigned,Unassigned,Unassigned,Unassigned,Unassigned,Unassigned,18S,3a
1819,41c48baf3e2e78f8d38c96312a3742dc,Ocean-lake-3a,5.0,Eukaryota,Unassigned,Unassigned,Unassigned,Unassigned,Unassigned,Unassigned,18S,3a
1820,8aad893927c7c01a28e89424ab0a9fdb,Ocean-lake-3a,5.0,Eukaryota,Unassigned,Unassigned,Unassigned,Unassigned,Unassigned,Unassigned,18S,3a
1821,685f723b30a534c501d89355cf3c259a,Ocean-lake-3a,5.0,Eukaryota,Unassigned,Unassigned,Unassigned,Unassigned,Unassigned,Unassigned,18S,3a
1822,260b02f3efaf3fe0ad0618540ffd3ade,Ocean-lake-3a,9.0,Eukaryota,Unassigned,Unassigned,Unassigned,Unassigned,Unassigned,Unassigned,18S,3a
1823,151f047d76502281052d03abc5a06589,Ocean-lake-3a,9.0,Eukaryota,Unassigned,Unassigned,Unassigned,Unassigned,Unassigned,Unassigned,18S,3a
1824,75f8b24daefa4ad08a6005b863acf24c,Ocean-lake-3a,9.0,Eukaryota,Unassigned,Unassigned,Unassigned,Unassigned,Unassigned,Unassigned,18S,3a
1825,39339eba57752421c30d9455c76c51e9,Ocean-lake-3a,8.0,Unassigned,Unassigned,Unassigned,Unassigned,Unassigned,Unassigned,Unassigned,18S,3a
1826,e4ecad34d89d857d40948f08489d66c8,Ocean-lake-3a,5.0,Eukaryota,Unassigned,Unassigned,Unassigned,Unassigned,Unassigned,Unassigned,18S,3a
1827,b1212708b973b1e8c5c394c8f3ba96d6,Ocean-lake-3a,5.0,Eukaryota,Unassigned,Unassigned,Unassigned,Unassigned,Unassigned,Unassigned,18S,3a
1828,e8d508b25f8eabd50c680c2c18ca7369,Ocean-lake-3a,4.0,Eukaryota,Unassigned,Unassigned,Unassigned,Unassigned,Unassigned,Unassigned,18S,3a
1829,9f783cb8bd957dda2f447cb777f6d97f,Ocean-lake-3a,17.0,Eukaryota,Unassigned,Unassigned,Unassigned,Unassigned,Unassigned,Unassigned,18S,3a
1830,883a93eebd230fbd94601c52ef6e9fa4,Ocean-lake-3a,7.0,Eukaryota,Ciliophora,Intramacronucleata,Spirotrichea,Choreotrichia,Unassigned,Unassigned,18S,3a
1831,cb6a4bd4d8615670334ac9d4531b24b9,Ocean-lake-3a,6.0,Eukaryota,Holozoa,Choanoflagellida,Acanthoecida,Stephanoecidae,Bicosta,Unassigned,18S,3a
1832,c9eb490e690bb08e04f02568fe963508,Ocean-lake-3a,9.0,Eukaryota,Unassigned,Unassigned,Unassigned,Unassigned,Unassigned,Unassigned,18S,3a
1833,1e966eac008d89667aec709b577bdd25,Ocean-lake-3a,6.0,Eukaryota,Unassigned,Unassigned,Unassigned,Unassigned,Unassigned,Unassigned,18S,3a
1834,0ee0094089c1c74f03549ddac2d6fd4a,Ocean-lake-3a,4.0,Eukaryota,Unassigned,Unassigned,Unassigned,Unassigned,Unassigned,Unassigned,18S,3a
1835,47f35a0fb95ed75ed01a59cf99c0273c,Ocean-lake-3a,2.0,Eukaryota,Unassigned,Unassigned,Unassigned,Unassigned,Unassigned,Unassigned,18S,3a
1836,e72156ee583ddb2902c075155829fe3c,Ocean-lake-3a,9.0,Eukaryota,Unassigned,Unassigned,Unassigned,Unassigned,Unassigned,Unassigned,18S,3a
1837,9022555718315626e23a315df5847bd2,Ocean-lake-3a,8.0,Eukaryota,Unassigned,Unassigned,Unassigned,Unassigned,Unassigned,Unassigned,18S,3a
1838,77c9807af82eeea524de84df7e85bb57,Ocean-lake-3a,7.0,Bacteria,Unassigned,Unassigned,Unassigned,Unassigned,Unassigned,Unassigned,18S,3a
1839,0aa262199d866954bcb811514d955f36,Ocean-lake-3a,5.0,Eukaryota,Ciliophora,Intramacronucleata,Conthreep,Oligohymenophorea,Unassigned,Unassigned,18S,3a
1840,a5cc6610b726d0476be10aa442dcb028,Ocean-lake-3a,4.0,Eukaryota,Cercozoa,Chlorarachniophyta,Chlorarachniophyta,Chlorarachniophyta,Minorisa,Unassigned,18S,3a
1841,dd9a0cbc2736ed1473ff08466ab6464a,Ocean-lake-3a,14.0,Eukaryota,Unassigned,Unassigned,Unassigned,Unassigned,Unassigned,Unassigned,18S,3a
1842,f5b6ce8e8e19a9b41153ed94e1bbf7ad,Ocean-lake-3a,14.0,Eukaryota,Euglenozoa,Kinetoplastea,Neobodonida,Neobodonida,Rhynchomonas,Unassigned,18S,3a
1843,73014386f28ea48f50716fa320bda5f7,Ocean-lake-3a,9.0,Eukaryota,Unassigned,Unassigned,Unassigned,Unassigned,Unassigned,Unassigned,18S,3a
1844,fa9bb296c1539ce88b097f1422d22830,Ocean-lake-3a,9.0,Eukaryota,Cercozoa,Granofilosea,Granofilosea,Granofilosea,Massisteria,Unassigned,18S,3a
1845,482460bc3bc13d273c9ac889177907cf,Ocean-lake-3a,9.0,Eukaryota,Unassigned,Unassigned,Unassigned,Unassigned,Unassigned,Unassigned,18S,3a
1846,4072b0afb48f9a732cd31089c8f3a7c1,Ocean-lake-3a,8.0,Bacteria,Unassigned,Unassigned,Unassigned,Unassigned,Unassigned,Unassigned,18S,3a
1847,b4882155ea5b633c66603519815e4d7c,Ocean-lake-3a,9.0,Eukaryota,Unassigned,Unassigned,Unassigned,Unassigned,Unassigned,Unassigned,18S,3a
1848,9938d558c02648f90e23681311977a4d,Ocean-lake-3a,13.0,Bacteria,Unassigned,Unassigned,Unassigned,Unassigned,Unassigned,Unassigned,18S,3a
1849,48cf0542feb2928808379c35983e11e5,Ocean-lake-3a,13.0,Eukaryota,Unassigned,Unassigned,Unassigned,Unassigned,Unassigned,Unassigned,18S,3a
1850,0f4a6086ff746ebcc19e99326cde7a97,Ocean-lake-3a,6.0,Eukaryota,Unassigned,Unassigned,Unassigned,Unassigned,Unassigned,Unassigned,18S,3a
1851,dfa951b8f3ddef21eac20ddf4e5c89aa,Ocean-lake-3a,6.0,Eukaryota,Unassigned,Unassigned,Unassigned,Unassigned,Unassigned,Unassigned,18S,3a
1852,b458c2871b0699bc3681fc242d73e3d9,Ocean-lake-3a,4.0,Eukaryota,Unassigned,Unassigned,Unassigned,Unassigned,Unassigned,Unassigned,18S,3a
1853,dfa7fcd9572b0a4bacc5c16d1bdabf52,Ocean-lake-3a,3.0,Eukaryota,Unassigned,Unassigned,Unassigned,Unassigned,Unassigned,Unassigned,18S,3a
1854,5d444067dccf54037abff41380475f7b,Ocean-lake-3a,12.0,Bacteria,Campylobacterota,Campylobacteria,Campylobacterales,Arcobacteraceae,Unassigned,Unassigned,18S,3a
1855,3f40092764d57f8e646e5e9645e5b174,Ocean-lake-3a,12.0,Eukaryota,Unassigned,Unassigned,Unassigned,Unassigned,Unassigned,Unassigned,18S,3a
1856,52db4589aa65388cf4c6923d737d7589,Ocean-lake-3a,12.0,Eukaryota,Unassigned,Unassigned,Unassigned,Unassigned,Unassigned,Unassigned,18S,3a
1857,11bab044775c1ea81edfb04a0d4b7445,Ocean-lake-3a,7.0,Eukaryota,Unassigned,Unassigned,Unassigned,Unassigned,Unassigned,Unassigned,18S,3a
1858,fa471912c04b1dfa774b5d622906dcfe,Ocean-lake-3a,5.0,Eukaryota,Unassigned,Unassigned,Unassigned,Unassigned,Unassigned,Unassigned,18S,3a
1859,27e69d06b90b20b7fae4c965cbb1e02d,Ocean-lake-3a,5.0,Eukaryota,Unassigned,Unassigned,Unassigned,Unassigned,Unassigned,Unassigned,18S,3a
1860,5e5566183f0d6d3165ea2ba829b2946a,Ocean-lake-3a,5.0,Eukaryota,Unassigned,Unassigned,Unassigned,Unassigned,Unassigned,Unassigned,18S,3a
1861,167fc625d2b647f782970068dff20d10,Ocean-lake-3a,4.0,Eukaryota,Unassigned,Unassigned,Unassigned,Unassigned,Unassigned,Unassigned,18S,3a
1862,c8038d7c3bfaa5cf1581918cf06029e5,Ocean-lake-3a,4.0,Eukaryota,Unassigned,Unassigned,Unassigned,Unassigned,Unassigned,Unassigned,18S,3a
1863,3e20e1989456ba4d1cd9898fd868eb78,Ocean-lake-3a,4.0,Eukaryota,Unassigned,Unassigned,Unassigned,Unassigned,Unassigned,Unassigned,18S,3a
1864,9e251db5a70d1672d4dfe284d5d683e8,Ocean-lake-3a,2.0,Eukaryota,Amoebozoa,Tubulinea,Euamoebida,Euamoebida,Euamoebida,Unassigned,18S,3a
1865,9bfafa6e0db5ce424588a4cedf35cde5,Ocean-lake-3a,10.0,Bacteria,Unassigned,Unassigned,Unassigned,Unassigned,Unassigned,Unassigned,18S,3a
1866,65936e2578c6fd28a714bc150cba8293,Ocean-lake-3a,10.0,Eukaryota,Unassigned,Unassigned,Unassigned,Unassigned,Unassigned,Unassigned,18S,3a
1867,f4861c87b618589b533741a65b7773b9,Ocean-lake-3a,10.0,Eukaryota,Unassigned,Unassigned,Unassigned,Unassigned,Unassigned,Unassigned,18S,3a
1868,7e648d83c9b3cec2494e17653ed82acc,Ocean-lake-3a,10.0,Bacteria,Unassigned,Unassigned,Unassigned,Unassigned,Unassigned,Unassigned,18S,3a
1869,6d2d7d68b1b2092893aa2f1cd3cfe800,Ocean-lake-3a,10.0,Bacteria,Unassigned,Unassigned,Unassigned,Unassigned,Unassigned,Unassigned,18S,3a
1870,73d0c0b3432cf09ff80a53bb0bf9358a,Ocean-lake-3a,10.0,Eukaryota,Unassigned,Unassigned,Unassigned,Unassigned,Unassigned,Unassigned,18S,3a
1871,be9cc7b3a5632973d658897e0f0c81fa,Ocean-lake-3a,10.0,Bacteria,Acidobacteriota,Thermoanaerobaculia,Thermoanaerobaculales,Thermoanaerobaculaceae,Subgroup_23,Unassigned,18S,3a
1872,d350e94870f2310ded5e3df240bb6ebb,Ocean-lake-3a,10.0,Eukaryota,Unassigned,Unassigned,Unassigned,Unassigned,Unassigned,Unassigned,18S,3a
1873,38162ab6214271e2d7d8059b3118fab9,Ocean-lake-3a,5.0,Eukaryota,Unassigned,Unassigned,Unassigned,Unassigned,Unassigned,Unassigned,18S,3a
1874,648792ec1181b4295a8296c5ad837b27,Ocean-lake-3a,5.0,Eukaryota,Unassigned,Unassigned,Unassigned,Unassigned,Unassigned,Unassigned,18S,3a
1875,e243cf7d34a792f25bf231c01178d399,Ocean-lake-3a,5.0,Bacteria,Unassigned,Unassigned,Unassigned,Unassigned,Unassigned,Unassigned,18S,3a
1876,fe80eac47102e7b0550d5c85f4e616f6,Ocean-lake-3a,5.0,Eukaryota,Unassigned,Unassigned,Unassigned,Unassigned,Unassigned,Unassigned,18S,3a
1877,5ae8ecd136de8899022e6cf0215eba7b,Ocean-lake-3a,5.0,Eukaryota,Unassigned,Unassigned,Unassigned,Unassigned,Unassigned,Unassigned,18S,3a
1878,d08d0f131bfd6e1b18cd4f2c981038c1,Ocean-lake-3a,4.0,Eukaryota,Euglenozoa,Euglenida,Heteronematina,Heteronematina,Petalomonas,Unassigned,18S,3a
1879,8cf08f38137631920635481db3c2a363,Ocean-lake-3a,9.0,Eukaryota,Unassigned,Unassigned,Unassigned,Unassigned,Unassigned,Unassigned,18S,3a
1880,41154192a17ddbdfa522c28ea690a01c,Ocean-lake-3a,5.0,Eukaryota,Unassigned,Unassigned,Unassigned,Unassigned,Unassigned,Unassigned,18S,3a
1881,0db6bf4666bc9272fd481dd3523e337b,Ocean-lake-3a,8.0,Eukaryota,Cnidaria,Anthozoa,Octocorallia,Octocorallia,Octocorallia,Unassigned,18S,3a
1882,4f8adaf97bd328e9f92605c796e5e535,Ocean-lake-3a,8.0,Eukaryota,Unassigned,Unassigned,Unassigned,Unassigned,Unassigned,Unassigned,18S,3a
1883,559f38cfd39d36188f3c80824ab82c4d,Ocean-lake-3a,5.0,Eukaryota,Unassigned,Unassigned,Unassigned,Unassigned,Unassigned,Unassigned,18S,3a
1884,746f1e86822bcb89a7e70232ebfdf026,Ocean-lake-3a,4.0,Eukaryota,Unassigned,Unassigned,Unassigned,Unassigned,Unassigned,Unassigned,18S,3a
1885,1e4817b708d423aae8285f5b12d1eb27,Ocean-lake-3a,3.0,Eukaryota,Unassigned,Unassigned,Unassigned,Unassigned,Unassigned,Unassigned,18S,3a
1886,cf1d00e2d84cd719ad4279409a0b4193,Ocean-lake-3a,3.0,Eukaryota,Unassigned,Unassigned,Unassigned,Unassigned,Unassigned,Unassigned,18S,3a
1887,0fcf3c183c62a613b1df188e9dc98ccf,Ocean-lake-3a,2.0,Eukaryota,Unassigned,Unassigned,Unassigned,Unassigned,Unassigned,Unassigned,18S,3a
1888,9423a744f546411230bb97ffd9696919,Ocean-lake-3a,7.0,Eukaryota,Unassigned,Unassigned,Unassigned,Unassigned,Unassigned,Unassigned,18S,3a
1889,b6ac9c38219e6f656fab7e577a03e6cc,Ocean-lake-3a,7.0,Eukaryota,Unassigned,Unassigned,Unassigned,Unassigned,Unassigned,Unassigned,18S,3a
1890,2aa2360b23e88f1840285f6f209d7db0,Ocean-lake-3a,4.0,Eukaryota,Unassigned,Unassigned,Unassigned,Unassigned,Unassigned,Unassigned,18S,3a
1891,9a9f2c0a2d233dddbc08452fd4668d7b,Ocean-lake-3a,3.0,Eukaryota,Unassigned,Unassigned,Unassigned,Unassigned,Unassigned,Unassigned,18S,3a
1892,d470980a02d6b4c4d14d6ea05daa96e4,Ocean-lake-3a,3.0,Eukaryota,Unassigned,Unassigned,Unassigned,Unassigned,Unassigned,Unassigned,18S,3a
1893,21453d9aff4be5313999f4e98c1816dc,Ocean-lake-3a,6.0,Eukaryota,Unassigned,Unassigned,Unassigned,Unassigned,Unassigned,Unassigned,18S,3a
1894,48989f8353c121b19ab2a838dfdddf2b,Ocean-lake-3a,6.0,Eukaryota,Unassigned,Unassigned,Unassigned,Unassigned,Unassigned,Unassigned,18S,3a
1895,776856cf481e28ad1b54cb29006a2d2e,Ocean-lake-3a,6.0,Unassigned,Unassigned,Unassigned,Unassigned,Unassigned,Unassigned,Unassigned,18S,3a
1896,77c6d5048a64ca034b8f719b1172dd8e,Ocean-lake-3a,6.0,Eukaryota,Unassigned,Unassigned,Unassigned,Unassigned,Unassigned,Unassigned,18S,3a
1897,7234322667bc0abfdb5b16c88c2230bf,Ocean-lake-3a,6.0,Eukaryota,Unassigned,Unassigned,Unassigned,Unassigned,Unassigned,Unassigned,18S,3a
1898,6c8a9cf85abe9a31bcef0ca6d3e7bd14,Ocean-lake-3a,6.0,Eukaryota,Unassigned,Unassigned,Unassigned,Unassigned,Unassigned,Unassigned,18S,3a
1899,16dc227854a9c90dd2ddf7628fa85a3e,Ocean-lake-3a,6.0,Eukaryota,Euglenozoa,Diplonemea,Diplonemea,Diplonemea,Rhynchopus,Unassigned,18S,3a
1900,e9b649070287edad7c02ec74057c1337,Ocean-lake-3a,6.0,Eukaryota,Unassigned,Unassigned,Unassigned,Unassigned,Unassigned,Unassigned,18S,3a
1901,b34279288f645a77e4bdd3c7c3913615,Ocean-lake-3a,6.0,Eukaryota,Unassigned,Unassigned,Unassigned,Unassigned,Unassigned,Unassigned,18S,3a
1902,5577ec0e6dd7cc4bd93e715f2d2e75a2,Ocean-lake-3a,6.0,Eukaryota,Unassigned,Unassigned,Unassigned,Unassigned,Unassigned,Unassigned,18S,3a
1903,0c05f01b0e062e4873487979e36ad6bb,Ocean-lake-3a,6.0,Eukaryota,Unassigned,Unassigned,Unassigned,Unassigned,Unassigned,Unassigned,18S,3a
1904,f4d357f838414b157d34b257ddf8930a,Ocean-lake-3a,5.0,Eukaryota,Unassigned,Unassigned,Unassigned,Unassigned,Unassigned,Unassigned,18S,3a
1905,3b7c5751893f8f8ef480aa69b131de6c,Ocean-lake-3a,5.0,Eukaryota,Euglenozoa,Euglenida,Heteronematina,Heteronematina,Petalomonas,Unassigned,18S,3a
1906,f678c1bd50e29bbc22d4df9ac6883c50,Ocean-lake-3a,5.0,Eukaryota,Unassigned,Unassigned,Unassigned,Unassigned,Unassigned,Unassigned,18S,3a
1907,ab6f3d8fd7f40c7401372053932f97cf,Ocean-lake-3a,5.0,Eukaryota,Peronosporomycetes,Peronosporomycetes,Peronosporomycetes,Peronosporomycetes,Unassigned,Unassigned,18S,3a
1908,403d0af4ae5ed42aa4007a03fee962de,Ocean-lake-3a,5.0,Eukaryota,Retaria,Foraminifera,Rotaliida,Unassigned,Unassigned,Unassigned,18S,3a
1909,573fe417255b3caf6e60aa776211caf3,Ocean-lake-3a,5.0,Bacteria,Acidobacteriota,Subgroup_26,Subgroup_26,Subgroup_26,Subgroup_26,Unassigned,18S,3a
1910,ea374eb9f4360c69108c9b639bd3f94c,Ocean-lake-3a,5.0,Eukaryota,Unassigned,Unassigned,Unassigned,Unassigned,Unassigned,Unassigned,18S,3a
1911,47be0a43e2a15a2d459dcf7a033da5b6,Ocean-lake-3a,5.0,Eukaryota,Unassigned,Unassigned,Unassigned,Unassigned,Unassigned,Unassigned,18S,3a
1912,b88db4cbd7f56d108e3e683d11be2f18,Ocean-lake-3a,5.0,Eukaryota,Unassigned,Unassigned,Unassigned,Unassigned,Unassigned,Unassigned,18S,3a
1913,db2971890216102b5b5b445e43aa60ac,Ocean-lake-3a,5.0,Eukaryota,Unassigned,Unassigned,Unassigned,Unassigned,Unassigned,Unassigned,18S,3a
1914,54feea4dfa5557bfcc371fe561890ac7,Ocean-lake-3a,5.0,Eukaryota,Unassigned,Unassigned,Unassigned,Unassigned,Unassigned,Unassigned,18S,3a
1915,0548449db4990af2da378fae2be3a2cd,Ocean-lake-3a,5.0,Eukaryota,Unassigned,Unassigned,Unassigned,Unassigned,Unassigned,Unassigned,18S,3a
1916,13473f5161f68775b68deec39cd7d71f,Ocean-lake-3a,5.0,Eukaryota,Unassigned,Unassigned,Unassigned,Unassigned,Unassigned,Unassigned,18S,3a
1917,3d1338fdb991e7d13897700e42dc6b05,Ocean-lake-3a,5.0,Eukaryota,Unassigned,Unassigned,Unassigned,Unassigned,Unassigned,Unassigned,18S,3a
1918,75d843b420b3545fecab10de1d6be693,Ocean-lake-3a,5.0,Bacteria,Unassigned,Unassigned,Unassigned,Unassigned,Unassigned,Unassigned,18S,3a
1919,31cd50fa8b0afc287c329efa2a27c3eb,Ocean-lake-3a,4.0,Unassigned,Unassigned,Unassigned,Unassigned,Unassigned,Unassigned,Unassigned,18S,3a
1920,d0c228e8035656e0198c26ddab988942,Ocean-lake-3a,4.0,Eukaryota,Unassigned,Unassigned,Unassigned,Unassigned,Unassigned,Unassigned,18S,3a
1921,19ddbbe2e8a09de9ec385d5dc6f05c00,Ocean-lake-3a,4.0,Unassigned,Unassigned,Unassigned,Unassigned,Unassigned,Unassigned,Unassigned,18S,3a
1922,0d52857033f86d661281a1f73d2c5579,Ocean-lake-3a,4.0,Eukaryota,Unassigned,Unassigned,Unassigned,Unassigned,Unassigned,Unassigned,18S,3a
1923,913bd9ca4fe93c67276636657d74f699,Ocean-lake-3a,4.0,Eukaryota,Unassigned,Unassigned,Unassigned,Unassigned,Unassigned,Unassigned,18S,3a
1924,538d9d9ac7833c84fbcabf3d45d06b6c,Ocean-lake-3a,4.0,Eukaryota,Unassigned,Unassigned,Unassigned,Unassigned,Unassigned,Unassigned,18S,3a
1925,fd2ef8ab4c24e60195a71965174c67db,Ocean-lake-3a,4.0,Eukaryota,Unassigned,Unassigned,Unassigned,Unassigned,Unassigned,Unassigned,18S,3a
1926,afd2e798cd1afec408e203efa8e422ac,Ocean-lake-3a,4.0,Eukaryota,Unassigned,Unassigned,Unassigned,Unassigned,Unassigned,Unassigned,18S,3a
1927,1792eb63d29a093d537a0b7196108a8a,Ocean-lake-3a,4.0,Eukaryota,Unassigned,Unassigned,Unassigned,Unassigned,Unassigned,Unassigned,18S,3a
1928,6ba4341bbe8e5b46c219ad78faac53a5,Ocean-lake-3a,4.0,Eukaryota,Unassigned,Unassigned,Unassigned,Unassigned,Unassigned,Unassigned,18S,3a
1929,474c52591784dbda6f313a5a2023b748,Ocean-lake-3a,4.0,Eukaryota,Unassigned,Unassigned,Unassigned,Unassigned,Unassigned,Unassigned,18S,3a
1930,04db253da615e4c57e6d76488eaf87be,Ocean-lake-3a,2.0,Eukaryota,Unassigned,Unassigned,Unassigned,Unassigned,Unassigned,Unassigned,18S,3a
1931,b450cff5474c29e96c3aab7c90737eae,Ocean-lake-3a,3.0,Bacteria,Unassigned,Unassigned,Unassigned,Unassigned,Unassigned,Unassigned,18S,3a
1932,bd5f1dad1de4c5ece7a6b47464cf6a9a,Ocean-lake-3a,3.0,Bacteria,Verrucomicrobiota,Kiritimatiellae,Kiritimatiellales,Kiritimatiellaceae,uncultured,Unassigned,18S,3a
1933,e8beceda58e467397adaefb2b5e9106d,Ocean-lake-3a,3.0,Eukaryota,Unassigned,Unassigned,Unassigned,Unassigned,Unassigned,Unassigned,18S,3a
1934,b74896b8f8064e44b4a33edd3c8e9267,Ocean-lake-3a,3.0,Eukaryota,Unassigned,Unassigned,Unassigned,Unassigned,Unassigned,Unassigned,18S,3a
1935,b3412346e030637458642e24782e892b,Ocean-lake-3a,3.0,Eukaryota,Unassigned,Unassigned,Unassigned,Unassigned,Unassigned,Unassigned,18S,3a
1936,ce3e57f865c966136055f4937f33c219,Ocean-lake-3a,2.0,Eukaryota,Unassigned,Unassigned,Unassigned,Unassigned,Unassigned,Unassigned,18S,3a
1937,d1489a5de57c98fd81115cf7eb90a0e5,Ocean-lake-3a,2.0,Eukaryota,Unassigned,Unassigned,Unassigned,Unassigned,Unassigned,Unassigned,18S,3a
1938,d18c5b7fb51a02bf77168ba8b9fad606,Ocean-lake-3a,2.0,Eukaryota,Unassigned,Unassigned,Unassigned,Unassigned,Unassigned,Unassigned,18S,3a
1939,cf2283ae8ae1c4bfbd534152652bfa7d,Ocean-lake-3a,2.0,Eukaryota,Ciliophora,Intramacronucleata,Spirotrichea,Euplotia,Aspidisca,Unassigned,18S,3a
1940,9915bfc7d2c5da81ea155245581d6641,Ocean-lake-3a,2.0,Eukaryota,Unassigned,Unassigned,Unassigned,Unassigned,Unassigned,Unassigned,18S,3a
1941,7db25f65146c89ed3d3cf3ac65f363dd,Ocean-lake-3a,2.0,Eukaryota,Unassigned,Unassigned,Unassigned,Unassigned,Unassigned,Unassigned,18S,3a
1942,580f28aa5d1f44a43a6dfff991ec40d1,Ocean-lake-3b,144.0,Eukaryota,Diatomea,Mediophyceae,Mediophyceae,Mediophyceae,Cyclotella,Unassigned,18S,3b
1943,00d87d56475b26569d129f896e82aa2a,Ocean-lake-3b,30384.0,Eukaryota,Unassigned,Unassigned,Unassigned,Unassigned,Unassigned,Unassigned,18S,3b
1944,0f3cd48f1c94814b7154f25164019d34,Ocean-lake-3b,709.0,Eukaryota,Chlorophyta,Unassigned,Unassigned,Unassigned,Unassigned,Unassigned,18S,3b
1945,11b9d90019b1ad2132d54d18269e8cfe,Ocean-lake-3b,4531.0,Eukaryota,Diatomea,Unassigned,Unassigned,Unassigned,Unassigned,Unassigned,18S,3b
1946,4f4c9cb45479dbc207642b01c955e0fa,Ocean-lake-3b,7588.0,Eukaryota,Unassigned,Unassigned,Unassigned,Unassigned,Unassigned,Unassigned,18S,3b
1947,641eb4995a896167800364fac0199771,Ocean-lake-3b,2801.0,Eukaryota,Diatomea,Unassigned,Unassigned,Unassigned,Unassigned,Unassigned,18S,3b
1948,36e18a0abb8e178aacb6b8d60e81cdeb,Ocean-lake-3b,2929.0,Eukaryota,Diatomea,Mediophyceae,Mediophyceae,Mediophyceae,Unassigned,Unassigned,18S,3b
1949,362a6ba72853b7391b69a89202880f19,Ocean-lake-3b,2874.0,Eukaryota,Unassigned,Unassigned,Unassigned,Unassigned,Unassigned,Unassigned,18S,3b
1950,18413b6284bf33c6689416d6fc6156a8,Ocean-lake-3b,805.0,Eukaryota,Arthropoda,Maxillopoda,Unassigned,Unassigned,Unassigned,Unassigned,18S,3b
1951,18a9d6afc3c93243247135d371538854,Ocean-lake-3b,1103.0,Eukaryota,Arthropoda,Maxillopoda,Calanoida,Calanoida,Calanoida,Unassigned,18S,3b
1952,12a76450d16948a8424ab366731f715d,Ocean-lake-3b,37.0,Eukaryota,Ciliophora,Intramacronucleata,Spirotrichea,Oligotrichia,Unassigned,Unassigned,18S,3b
1953,9851e629ac302bd5ac2de6dc0f3b8cca,Ocean-lake-3b,6717.0,Eukaryota,Unassigned,Unassigned,Unassigned,Unassigned,Unassigned,Unassigned,18S,3b
1954,c0691781ea88ce1153419a83c817d0ec,Ocean-lake-3b,1247.0,Eukaryota,Unassigned,Unassigned,Unassigned,Unassigned,Unassigned,Unassigned,18S,3b
1955,79fc87d51594551637b3c9a1b628b4c8,Ocean-lake-3b,89.0,Eukaryota,Diatomea,Unassigned,Unassigned,Unassigned,Unassigned,Unassigned,18S,3b
1956,d28a43868d75da51cd2bc954d2708d37,Ocean-lake-3b,272.0,Eukaryota,Chlorophyta,Unassigned,Unassigned,Unassigned,Unassigned,Unassigned,18S,3b
1957,9332492778cbdb84fd1d132ba70983f4,Ocean-lake-3b,876.0,Eukaryota,Unassigned,Unassigned,Unassigned,Unassigned,Unassigned,Unassigned,18S,3b
1958,b25479981dec680371abe9f534f783b4,Ocean-lake-3b,380.0,Eukaryota,Cnidaria,Hydrozoa,Narcomedusae,Narcomedusae,Narcomedusae,Unassigned,18S,3b
1959,72baa20d784fde5d3dcb25d911c2e21b,Ocean-lake-3b,27.0,Eukaryota,Ciliophora,Intramacronucleata,Litostomatea,Mesodiniidae,Myrionecta,Unassigned,18S,3b
1960,62824215cd97d2b529c7cf5ae8c2b26c,Ocean-lake-3b,887.0,Eukaryota,Diatomea,Unassigned,Unassigned,Unassigned,Unassigned,Unassigned,18S,3b
1961,54b9cb16e9c28b31d912974a63cda3fa,Ocean-lake-3b,1855.0,Bacteria,Proteobacteria,Alphaproteobacteria,Rhodobacterales,Rhodobacteraceae,Unassigned,Unassigned,18S,3b
1962,bb779716d4afd189826419b97fbd360e,Ocean-lake-3b,751.0,Eukaryota,Cnidaria,Anthozoa,Actiniaria,Actiniaria,Actiniaria,Unassigned,18S,3b
1963,4bd7686246b011632d9ac3ad56fe1340,Ocean-lake-3b,919.0,Eukaryota,Diatomea,Unassigned,Unassigned,Unassigned,Unassigned,Unassigned,18S,3b
1964,e065568334097ec85cc9969e9fcd4c52,Ocean-lake-3b,701.0,Eukaryota,Diatomea,Mediophyceae,Mediophyceae,Mediophyceae,Unassigned,Unassigned,18S,3b
1965,79b80a9e964aa828c2358040d4cd6055,Ocean-lake-3b,1190.0,Eukaryota,Diatomea,Unassigned,Unassigned,Unassigned,Unassigned,Unassigned,18S,3b
1966,963dccae77b7bcdbbc801ac2006ea06b,Ocean-lake-3b,345.0,Eukaryota,Chlorophyta,Unassigned,Unassigned,Unassigned,Unassigned,Unassigned,18S,3b
1967,dfeeec98582bbb9b7e5d46ab011ec2f8,Ocean-lake-3b,149.0,Eukaryota,Unassigned,Unassigned,Unassigned,Unassigned,Unassigned,Unassigned,18S,3b
1968,6ff74f833001b8bda3ae466cc74443e2,Ocean-lake-3b,337.0,Eukaryota,Dinoflagellata,Dinophyceae,Unassigned,Unassigned,Unassigned,Unassigned,18S,3b
1969,275d2c56e4eb8e2d2f76ca1c88070ed5,Ocean-lake-3b,576.0,Eukaryota,Diatomea,Unassigned,Unassigned,Unassigned,Unassigned,Unassigned,18S,3b
1970,2e98441c022e12c3684c69120268e659,Ocean-lake-3b,385.0,Eukaryota,Diatomea,Unassigned,Unassigned,Unassigned,Unassigned,Unassigned,18S,3b
1971,2896738f0180cd89b521f067935a907c,Ocean-lake-3b,434.0,Eukaryota,Diatomea,Mediophyceae,Mediophyceae,Mediophyceae,Unassigned,Unassigned,18S,3b
1972,ca468d0ccd3952a9c029ccc6fe1bf866,Ocean-lake-3b,302.0,Eukaryota,Cryptophyceae,Cryptophyceae,Cryptomonadales,Cryptomonadales,Proteomonas,Unassigned,18S,3b
1973,2fbc153fb7151998bd7a89612af7c275,Ocean-lake-3b,496.0,Eukaryota,Diatomea,Mediophyceae,Mediophyceae,Mediophyceae,Cyclotella,Unassigned,18S,3b
1974,c0052a2c8816af3e266a88509e677647,Ocean-lake-3b,48.0,Eukaryota,Cryptophyceae,Cryptophyceae,Cryptomonadales,Cryptomonadales,Unassigned,Unassigned,18S,3b
1975,270e3ebdba5f2f118a6b44c5196c7927,Ocean-lake-3b,372.0,Eukaryota,Diatomea,Mediophyceae,Mediophyceae,Mediophyceae,Unassigned,Unassigned,18S,3b
1976,2ac05d08c6a1ce3a8e7d895c908446b6,Ocean-lake-3b,588.0,Eukaryota,Diatomea,Unassigned,Unassigned,Unassigned,Unassigned,Unassigned,18S,3b
1977,fe0be9c4c94a2f5b92833a7f3a058f81,Ocean-lake-3b,288.0,Eukaryota,Unassigned,Unassigned,Unassigned,Unassigned,Unassigned,Unassigned,18S,3b
1978,e6778d8c8b656feb62fa1a08d4a415d4,Ocean-lake-3b,287.0,Eukaryota,Diatomea,Mediophyceae,Mediophyceae,Mediophyceae,Cyclotella,Unassigned,18S,3b
1979,b9d316b62c26dd2f707f9268e78d2453,Ocean-lake-3b,283.0,Eukaryota,Unassigned,Unassigned,Unassigned,Unassigned,Unassigned,Unassigned,18S,3b
1980,691d9a9fc06a7ce445c76da37fd37667,Ocean-lake-3b,1023.0,Eukaryota,Arthropoda,Merostomata,Xiphosura,Xiphosura,Xiphosura,Unassigned,18S,3b
1981,4315ede208a3a8807e4c801bee149b52,Ocean-lake-3b,368.0,Eukaryota,Unassigned,Unassigned,Unassigned,Unassigned,Unassigned,Unassigned,18S,3b
1982,f67a8366e94d0ce6336da755d4840b1c,Ocean-lake-3b,279.0,Eukaryota,Annelida,Polychaeta,Opheliidae,Opheliidae,Opheliidae,Unassigned,18S,3b
1983,8decf24f3265392ce5db056a8eb384dd,Ocean-lake-3b,18.0,Eukaryota,Unassigned,Unassigned,Unassigned,Unassigned,Unassigned,Unassigned,18S,3b
1984,be10876daf3f0efa3a6b999588d26b1b,Ocean-lake-3b,194.0,Eukaryota,Ochrophyta,Unassigned,Unassigned,Unassigned,Unassigned,Unassigned,18S,3b
1985,77fb44f13e224b10695b3e0393e7e023,Ocean-lake-3b,187.0,Eukaryota,Diatomea,Unassigned,Unassigned,Unassigned,Unassigned,Unassigned,18S,3b
1986,0251cba9d7a557cc834fc529e57abd5a,Ocean-lake-3b,229.0,Eukaryota,Diatomea,Unassigned,Unassigned,Unassigned,Unassigned,Unassigned,18S,3b
1987,35aa7857c08eb30047078a04bb47d264,Ocean-lake-3b,633.0,Eukaryota,Unassigned,Unassigned,Unassigned,Unassigned,Unassigned,Unassigned,18S,3b
1988,d21f58b9cf454b66a69f7f6e1bdb194c,Ocean-lake-3b,95.0,Eukaryota,Chlorophyta,Unassigned,Unassigned,Unassigned,Unassigned,Unassigned,18S,3b
1989,217179b39d45e01a48601fed9babedda,Ocean-lake-3b,291.0,Eukaryota,Diatomea,Unassigned,Unassigned,Unassigned,Unassigned,Unassigned,18S,3b
1990,81f20d82f959f2d49102e82838a5e087,Ocean-lake-3b,503.0,Eukaryota,Unassigned,Unassigned,Unassigned,Unassigned,Unassigned,Unassigned,18S,3b
1991,cc234b4faf915065edcaaaff2d073f75,Ocean-lake-3b,254.0,Eukaryota,Diatomea,Unassigned,Unassigned,Unassigned,Unassigned,Unassigned,18S,3b
1992,283fbd2db78cbc98c7e439b2fd7a50f1,Ocean-lake-3b,234.0,Eukaryota,Diatomea,Unassigned,Unassigned,Unassigned,Unassigned,Unassigned,18S,3b
1993,3d4028354245891607ff9fa5f2672dd0,Ocean-lake-3b,171.0,Eukaryota,Diatomea,Unassigned,Unassigned,Unassigned,Unassigned,Unassigned,18S,3b
1994,2395388649e148e485d91691f96a40ad,Ocean-lake-3b,203.0,Eukaryota,Unassigned,Unassigned,Unassigned,Unassigned,Unassigned,Unassigned,18S,3b
1995,aded8c2b36e9aef098620936415159e5,Ocean-lake-3b,195.0,Eukaryota,Diatomea,Unassigned,Unassigned,Unassigned,Unassigned,Unassigned,18S,3b
1996,0b543c0c40978c7fc40c3c1c3776b91f,Ocean-lake-3b,159.0,Eukaryota,Chlorophyta,Chlorodendrophyceae,Chlorodendrales,Chlorodendrales,Tetraselmis,Unassigned,18S,3b
1997,726847c7fa00c6b6d2967e79d1e9bef7,Ocean-lake-3b,230.0,Eukaryota,Diatomea,Unassigned,Unassigned,Unassigned,Unassigned,Unassigned,18S,3b
1998,51f83732c981b84db35fef1e254fbcc0,Ocean-lake-3b,212.0,Eukaryota,Unassigned,Unassigned,Unassigned,Unassigned,Unassigned,Unassigned,18S,3b
1999,ab94a9797484003f2b4cdeca338c2ea5,Ocean-lake-3b,152.0,Eukaryota,Diatomea,Unassigned,Unassigned,Unassigned,Unassigned,Unassigned,18S,3b
2000,2347494ad514d3dd65dfc64724e87c65,Ocean-lake-3b,205.0,Eukaryota,Unassigned,Unassigned,Unassigned,Unassigned,Unassigned,Unassigned,18S,3b
2001,d15aadc43756db07e4d08c26c22b17d4,Ocean-lake-3b,92.0,Eukaryota,Unassigned,Unassigned,Unassigned,Unassigned,Unassigned,Unassigned,18S,3b
2002,a22f7f13083056f4c8b52d45ac4d2e25,Ocean-lake-3b,146.0,Eukaryota,Cryptophyceae,Cryptophyceae,Cryptomonadales,Cryptomonadales,Geminigera,Unassigned,18S,3b
2003,95cb6db7810c7f942b099fc370041a08,Ocean-lake-3b,191.0,Eukaryota,Diatomea,Unassigned,Unassigned,Unassigned,Unassigned,Unassigned,18S,3b
2004,cc10ece26c54a14f92cbffbca355907b,Ocean-lake-3b,166.0,Eukaryota,Unassigned,Unassigned,Unassigned,Unassigned,Unassigned,Unassigned,18S,3b
2005,a909b738a5c3258bae5f5e042731bf6b,Ocean-lake-3b,120.0,Eukaryota,Diatomea,Unassigned,Unassigned,Unassigned,Unassigned,Unassigned,18S,3b
2006,9c9e5e54672f1a6138df7abb9e93875d,Ocean-lake-3b,150.0,Eukaryota,Ciliophora,Intramacronucleata,Spirotrichea,Oligotrichia,Unassigned,Unassigned,18S,3b
2007,3bdbc0aa2e4a36f0a4cd614286221e40,Ocean-lake-3b,111.0,Eukaryota,Diatomea,Unassigned,Unassigned,Unassigned,Unassigned,Unassigned,18S,3b
2008,49c55ecba1cb9195a85f8c7030ef3baf,Ocean-lake-3b,3.0,Eukaryota,Annelida,Polychaeta,Scolecida,Orbiniidae,Orbiniidae,Unassigned,18S,3b
2009,c296125dd721a933e13cf066d872c672,Ocean-lake-3b,63.0,Eukaryota,Unassigned,Unassigned,Unassigned,Unassigned,Unassigned,Unassigned,18S,3b
2010,9b077f6526cca320cbf5d6c83011de3f,Ocean-lake-3b,215.0,Eukaryota,Unassigned,Unassigned,Unassigned,Unassigned,Unassigned,Unassigned,18S,3b
2011,60a22df06e0f68feda0a0e9c46a7730e,Ocean-lake-3b,341.0,Eukaryota,Unassigned,Unassigned,Unassigned,Unassigned,Unassigned,Unassigned,18S,3b
2012,6944d7fb7815e31542f3848504c27f78,Ocean-lake-3b,75.0,Eukaryota,Chlorophyta,Unassigned,Unassigned,Unassigned,Unassigned,Unassigned,18S,3b
2013,53fd7a7af21f46acf0cf14c981e9b503,Ocean-lake-3b,231.0,Eukaryota,Unassigned,Unassigned,Unassigned,Unassigned,Unassigned,Unassigned,18S,3b
2014,647591d4f18dffc0c4862f4ca5fd7024,Ocean-lake-3b,281.0,Eukaryota,Unassigned,Unassigned,Unassigned,Unassigned,Unassigned,Unassigned,18S,3b
2015,56d853e8fe3407811e24cf56fccabb7d,Ocean-lake-3b,99.0,Eukaryota,Unassigned,Unassigned,Unassigned,Unassigned,Unassigned,Unassigned,18S,3b
2016,fb85370d2ee1191d117480b24ec4df13,Ocean-lake-3b,308.0,Bacteria,Proteobacteria,Gammaproteobacteria,Enterobacterales,Alteromonadaceae,Unassigned,Unassigned,18S,3b
2017,781621b0523875bfe67d3ace738bd570,Ocean-lake-3b,96.0,Eukaryota,Diatomea,Unassigned,Unassigned,Unassigned,Unassigned,Unassigned,18S,3b
2018,11cee1204353cf96fcdcf0ff3418ffbc,Ocean-lake-3b,119.0,Eukaryota,Unassigned,Unassigned,Unassigned,Unassigned,Unassigned,Unassigned,18S,3b
2019,c09b6d24e273ab8419df14fc2bcba46d,Ocean-lake-3b,168.0,Eukaryota,Unassigned,Unassigned,Unassigned,Unassigned,Unassigned,Unassigned,18S,3b
2020,20efebd42c56288df21850cfaf69e787,Ocean-lake-3b,175.0,Eukaryota,Unassigned,Unassigned,Unassigned,Unassigned,Unassigned,Unassigned,18S,3b
2021,6d7718c6544758451d6e0769ac835a7e,Ocean-lake-3b,109.0,Eukaryota,Unassigned,Unassigned,Unassigned,Unassigned,Unassigned,Unassigned,18S,3b
2022,974be076c99ebd02ee65ce57478a8cb0,Ocean-lake-3b,191.0,Eukaryota,Unassigned,Unassigned,Unassigned,Unassigned,Unassigned,Unassigned,18S,3b
2023,a46188e5b3b6038a8378eff6c19967ab,Ocean-lake-3b,77.0,Bacteria,Unassigned,Unassigned,Unassigned,Unassigned,Unassigned,Unassigned,18S,3b
2024,365f979ea81db5428073518e8872b03f,Ocean-lake-3b,92.0,Eukaryota,Diatomea,Unassigned,Unassigned,Unassigned,Unassigned,Unassigned,18S,3b
2025,d0ca69123a1b9666754226bea1215eff,Ocean-lake-3b,47.0,Eukaryota,Unassigned,Unassigned,Unassigned,Unassigned,Unassigned,Unassigned,18S,3b
2026,9f7616a859a2d1715b2dea708bf9fcd9,Ocean-lake-3b,97.0,Eukaryota,Unassigned,Unassigned,Unassigned,Unassigned,Unassigned,Unassigned,18S,3b
2027,2e4e22e0eff8db67bcde1b8163498747,Ocean-lake-3b,96.0,Eukaryota,Diatomea,Unassigned,Unassigned,Unassigned,Unassigned,Unassigned,18S,3b
2028,01af3e8fd35debf1e892d632c9cdb795,Ocean-lake-3b,71.0,Eukaryota,Retaria,Acantharia,Symphyacanthida,Symphyacanthida,Amphibelone,Unassigned,18S,3b
2029,b2aa4b68a1278839ac2a4a1521e72462,Ocean-lake-3b,92.0,Eukaryota,Diatomea,Coscinodiscophytina,Coscinodiscophytina,Rhizosolenids,Rhizosolenids,Unassigned,18S,3b
2030,4abf46c29199a203f7ce0e17c2fffb03,Ocean-lake-3b,61.0,Eukaryota,Unassigned,Unassigned,Unassigned,Unassigned,Unassigned,Unassigned,18S,3b
2031,d8adfe383dfd3881bfd2742df6703089,Ocean-lake-3b,66.0,Eukaryota,Cnidaria,Hydrozoa,Siphonophorae,Siphonophorae,Siphonophorae,Unassigned,18S,3b
2032,82b2475c2da6e342c50e4e18b2c7afb0,Ocean-lake-3b,79.0,Eukaryota,Diatomea,Mediophyceae,Mediophyceae,Mediophyceae,Cyclotella,Unassigned,18S,3b
2033,98b7212fc91e6325ac261c8e87a56e2f,Ocean-lake-3b,125.0,Eukaryota,Unassigned,Unassigned,Unassigned,Unassigned,Unassigned,Unassigned,18S,3b
2034,b9abfb803ec3e2cdfd390a41368d426f,Ocean-lake-3b,100.0,Eukaryota,Diatomea,Unassigned,Unassigned,Unassigned,Unassigned,Unassigned,18S,3b
2035,3a2f1a61f25a1dfef1d0c14cd247c958,Ocean-lake-3b,90.0,Eukaryota,Unassigned,Unassigned,Unassigned,Unassigned,Unassigned,Unassigned,18S,3b
2036,3017aadae5320315e434f54df8698452,Ocean-lake-3b,82.0,Eukaryota,Unassigned,Unassigned,Unassigned,Unassigned,Unassigned,Unassigned,18S,3b
2037,f2cdc0bb7174e0b780ad6b8a94a4b15b,Ocean-lake-3b,91.0,Eukaryota,Diatomea,Unassigned,Unassigned,Unassigned,Unassigned,Unassigned,18S,3b
2038,3e50694a780ccbc177df1df04ddd1ce0,Ocean-lake-3b,76.0,Eukaryota,Chlorophyta,Chlorodendrophyceae,Chlorodendrales,Chlorodendrales,Tetraselmis,Unassigned,18S,3b
2039,0aca9aac7ec2ce1726f775a805040ee0,Ocean-lake-3b,85.0,Eukaryota,Diatomea,Mediophyceae,Mediophyceae,Mediophyceae,Cyclotella,Unassigned,18S,3b
2040,f89cd0e90a1cc205c79b7060798aff9c,Ocean-lake-3b,277.0,Eukaryota,Unassigned,Unassigned,Unassigned,Unassigned,Unassigned,Unassigned,18S,3b
2041,97b34ae70a4b921496d3218080c7ea75,Ocean-lake-3b,83.0,Eukaryota,Diatomea,Unassigned,Unassigned,Unassigned,Unassigned,Unassigned,18S,3b
2042,106dd66448b5829a997792d0a5c3c4aa,Ocean-lake-3b,67.0,Eukaryota,Diatomea,Mediophyceae,Mediophyceae,Mediophyceae,Skeletonema,Unassigned,18S,3b
2043,97c80167d81ab1bcc475f5011aee7302,Ocean-lake-3b,42.0,Bacteria,Proteobacteria,Alphaproteobacteria,Unassigned,Unassigned,Unassigned,Unassigned,18S,3b
2044,02c42fd93a596100321ed637f47e135b,Ocean-lake-3b,74.0,Eukaryota,Unassigned,Unassigned,Unassigned,Unassigned,Unassigned,Unassigned,18S,3b
2045,6187afeb2eef1ab2bc3f6c1754be38e7,Ocean-lake-3b,47.0,Unassigned,Unassigned,Unassigned,Unassigned,Unassigned,Unassigned,Unassigned,18S,3b
2046,4f7e40136e0b7c860793d4aa3e362f56,Ocean-lake-3b,59.0,Eukaryota,Diatomea,Coscinodiscophytina,Coscinodiscophytina,Rhizosolenids,Pseudosolenia,Unassigned,18S,3b
2047,5b97602b7e1c83af3f5261cf47e95776,Ocean-lake-3b,92.0,Eukaryota,Unassigned,Unassigned,Unassigned,Unassigned,Unassigned,Unassigned,18S,3b
2048,fcc294b12553287370f9e56e915fd030,Ocean-lake-3b,83.0,Eukaryota,Diatomea,Unassigned,Unassigned,Unassigned,Unassigned,Unassigned,18S,3b
2049,334e5de2339d262c5808d6f69073b8a5,Ocean-lake-3b,61.0,Eukaryota,Diatomea,Unassigned,Unassigned,Unassigned,Unassigned,Unassigned,18S,3b
2050,35f6f2227bb71eb4f57e6480450b752d,Ocean-lake-3b,76.0,Eukaryota,Diatomea,Unassigned,Unassigned,Unassigned,Unassigned,Unassigned,18S,3b
2051,c63d2848d13664e2e31df2f0bcb76408,Ocean-lake-3b,129.0,Bacteria,Proteobacteria,Alphaproteobacteria,Rhodobacterales,Rhodobacteraceae,Unassigned,Unassigned,18S,3b
2052,29546e6d23de2be23ed0d92cceab9e7f,Ocean-lake-3b,17.0,Eukaryota,Unassigned,Unassigned,Unassigned,Unassigned,Unassigned,Unassigned,18S,3b
2053,ff6caefb1c34c8f622b8d5872bc060c6,Ocean-lake-3b,57.0,Eukaryota,Chlorophyta,Unassigned,Unassigned,Unassigned,Unassigned,Unassigned,18S,3b
2054,a32c8dee9502a35cca992e660c9bb5b5,Ocean-lake-3b,107.0,Eukaryota,Unassigned,Unassigned,Unassigned,Unassigned,Unassigned,Unassigned,18S,3b
2055,989fa00c5dfe7cb0e30e258de7744c40,Ocean-lake-3b,74.0,Eukaryota,Bicosoecida,Bicosoecida,Bicosoecida,Bicosoecida,Pseudobodo,Unassigned,18S,3b
2056,53054d5e73e6454c4cfb2f85351e5848,Ocean-lake-3b,54.0,Eukaryota,Unassigned,Unassigned,Unassigned,Unassigned,Unassigned,Unassigned,18S,3b
2057,bc2395549ef3db07796d9cf8ef6164af,Ocean-lake-3b,86.0,Eukaryota,Diatomea,Unassigned,Unassigned,Unassigned,Unassigned,Unassigned,18S,3b
2058,538ef8f07ee0440e0b18610178c0c403,Ocean-lake-3b,121.0,Bacteria,Proteobacteria,Gammaproteobacteria,Unassigned,Unassigned,Unassigned,Unassigned,18S,3b
2059,10a30c85a998c88f3ef3acc2adbfcd3b,Ocean-lake-3b,61.0,Eukaryota,Diatomea,Unassigned,Unassigned,Unassigned,Unassigned,Unassigned,18S,3b
2060,bdaa7a559329f9a31e39f3b30c04e192,Ocean-lake-3b,60.0,Eukaryota,Diatomea,Unassigned,Unassigned,Unassigned,Unassigned,Unassigned,18S,3b
2061,d5d7780ebfa0c44e0a3c7c71d3831031,Ocean-lake-3b,61.0,Eukaryota,Unassigned,Unassigned,Unassigned,Unassigned,Unassigned,Unassigned,18S,3b
2062,3c74b9a073d05e062aa6374de7696732,Ocean-lake-3b,65.0,Eukaryota,Ciliophora,Intramacronucleata,Spirotrichea,Choreotrichia,Unassigned,Unassigned,18S,3b
2063,a6b3c37218ad5861af2f417ea00b42f3,Ocean-lake-3b,52.0,Eukaryota,Ochrophyta,Eustigmatophyceae,Eustigmatales,Eustigmatales,uncultured,Unassigned,18S,3b
2064,a3ca09f376f064b70dc42ebf666bcdc0,Ocean-lake-3b,34.0,Eukaryota,Unassigned,Unassigned,Unassigned,Unassigned,Unassigned,Unassigned,18S,3b
2065,b6b217bcc40df52461859f12b9c024e3,Ocean-lake-3b,50.0,Eukaryota,Diatomea,Unassigned,Unassigned,Unassigned,Unassigned,Unassigned,18S,3b
2066,82b94aff0a47c814b473b46cf69fafff,Ocean-lake-3b,191.0,Eukaryota,Unassigned,Unassigned,Unassigned,Unassigned,Unassigned,Unassigned,18S,3b
2067,073895f0679f0fea30d8c5c3d1c5b65c,Ocean-lake-3b,123.0,Eukaryota,Unassigned,Unassigned,Unassigned,Unassigned,Unassigned,Unassigned,18S,3b
2068,7f60766bf4ed882cfe5d5c76ed9bf50f,Ocean-lake-3b,64.0,Eukaryota,Unassigned,Unassigned,Unassigned,Unassigned,Unassigned,Unassigned,18S,3b
2069,ff60e13652434cf6a46245beebd1e877,Ocean-lake-3b,30.0,Eukaryota,Unassigned,Unassigned,Unassigned,Unassigned,Unassigned,Unassigned,18S,3b
2070,31dce81d117265cdf3a7b4e17ae131f9,Ocean-lake-3b,153.0,Bacteria,Proteobacteria,Gammaproteobacteria,Pseudomonadales,SAR86_clade,SAR86_clade,Unassigned,18S,3b
2071,fb05970f3bb5babd5ca5b346f37dfeef,Ocean-lake-3b,63.0,Eukaryota,Unassigned,Unassigned,Unassigned,Unassigned,Unassigned,Unassigned,18S,3b
2072,da236677f023b0003c0649df8d18028a,Ocean-lake-3b,47.0,Eukaryota,Unassigned,Unassigned,Unassigned,Unassigned,Unassigned,Unassigned,18S,3b
2073,4a929a614855bd7bdf56a201a94b0a26,Ocean-lake-3b,62.0,Eukaryota,Unassigned,Unassigned,Unassigned,Unassigned,Unassigned,Unassigned,18S,3b
2074,23d04994fb56c784b5691b3ce6ba35da,Ocean-lake-3b,88.0,Bacteria,Proteobacteria,Gammaproteobacteria,Unassigned,Unassigned,Unassigned,Unassigned,18S,3b
2075,40ff3250a93e19687f5f5e22a0787e3f,Ocean-lake-3b,36.0,Eukaryota,Diatomea,Coscinodiscophytina,Fragilariales,Fragilariales,Unassigned,Unassigned,18S,3b
2076,205e62482fdd490bce1674333e5bd919,Ocean-lake-3b,63.0,Eukaryota,Diatomea,Unassigned,Unassigned,Unassigned,Unassigned,Unassigned,18S,3b
2077,e552abede033bb3167d2dee6622203ee,Ocean-lake-3b,8.0,Eukaryota,Unassigned,Unassigned,Unassigned,Unassigned,Unassigned,Unassigned,18S,3b
2078,c258c5fc831ea7b6cdc5889222975e7b,Ocean-lake-3b,12.0,Eukaryota,Diatomea,Coscinodiscophytina,Coscinodiscophytina,Rhizosolenids,Leptocylindrus,Unassigned,18S,3b
2079,40c54c0c0de51abf7d876cea685775fe,Ocean-lake-3b,92.0,Eukaryota,Peronosporomycetes,Peronosporomycetes,Peronosporomycetes,Peronosporomycetes,Halodaphnea,Unassigned,18S,3b
2080,f7f7dfd7639624e66aae62979750b8a4,Ocean-lake-3b,97.0,Eukaryota,Annelida,Polychaeta,Unassigned,Unassigned,Unassigned,Unassigned,18S,3b
2081,d08201f309fb4908ece0c935dfa3e274,Ocean-lake-3b,40.0,Eukaryota,Diatomea,Unassigned,Unassigned,Unassigned,Unassigned,Unassigned,18S,3b
2082,2dbde7a1c78ee975d5e67dc932f8b965,Ocean-lake-3b,40.0,Eukaryota,Cercozoa,Thecofilosea,Cryomonadida,Ventrifissuridae,Ventrifissuridae,Unassigned,18S,3b
2083,e28818612a826be0a9e0f34489f4848d,Ocean-lake-3b,63.0,Eukaryota,Unassigned,Unassigned,Unassigned,Unassigned,Unassigned,Unassigned,18S,3b
2084,e34523527dbc02f206e9d409398c73a9,Ocean-lake-3b,36.0,Eukaryota,Unassigned,Unassigned,Unassigned,Unassigned,Unassigned,Unassigned,18S,3b
2085,f4697b6cd0bee3ad346dd522776eb9b1,Ocean-lake-3b,41.0,Eukaryota,Unassigned,Unassigned,Unassigned,Unassigned,Unassigned,Unassigned,18S,3b
2086,fa07fcc379f26ae17d5ea71e179b5ccd,Ocean-lake-3b,76.0,Eukaryota,Unassigned,Unassigned,Unassigned,Unassigned,Unassigned,Unassigned,18S,3b
2087,fb2b5c7b73a9527ba27d5373371111af,Ocean-lake-3b,47.0,Bacteria,Proteobacteria,Alphaproteobacteria,Sphingomonadales,Sphingomonadaceae,Sphingomicrobium,Unassigned,18S,3b
2088,cea8da62b66111692906a62a52521f78,Ocean-lake-3b,31.0,Eukaryota,Cercozoa,Imbricatea,Imbricatea,Euglyphida,Paulinella,Unassigned,18S,3b
2089,ed943e9133847e51c4b0061e5f1721f6,Ocean-lake-3b,96.0,Bacteria,Proteobacteria,Gammaproteobacteria,Unassigned,Unassigned,Unassigned,Unassigned,18S,3b
2090,70dd2a09989ff1898c331b1cf09b9137,Ocean-lake-3b,40.0,Eukaryota,Unassigned,Unassigned,Unassigned,Unassigned,Unassigned,Unassigned,18S,3b
2091,c4132c596c616eb1280b20b5b0e998b2,Ocean-lake-3b,23.0,Eukaryota,Diatomea,Unassigned,Unassigned,Unassigned,Unassigned,Unassigned,18S,3b
2092,4099471fc161aedb6e8a58d615b3aa3e,Ocean-lake-3b,26.0,Bacteria,Unassigned,Unassigned,Unassigned,Unassigned,Unassigned,Unassigned,18S,3b
2093,43feea33c1f7adba3d238c0fdb5065d0,Ocean-lake-3b,85.0,Bacteria,Proteobacteria,Alphaproteobacteria,Rhodobacterales,Rhodobacteraceae,Unassigned,Unassigned,18S,3b
2094,58c65ba3e5b806f187e1ec9b3a3a3d98,Ocean-lake-3b,42.0,Eukaryota,Ciliophora,Intramacronucleata,Spirotrichea,Oligotrichia,Unassigned,Unassigned,18S,3b
2095,4ac25f29637868cf9bef2685db3f5d81,Ocean-lake-3b,43.0,Eukaryota,Diatomea,Coscinodiscophytina,Coscinodiscophytina,Rhizosolenids,Rhizosolenia,Unassigned,18S,3b
2096,0d6e18392b1d4f338ba03b0022bcf7a0,Ocean-lake-3b,60.0,Eukaryota,Unassigned,Unassigned,Unassigned,Unassigned,Unassigned,Unassigned,18S,3b
2097,a98ed4751ae339c0fa53d42f1aef6f87,Ocean-lake-3b,35.0,Eukaryota,Cercozoa,Ascetosporea,Ascetosporea,Paradiniidae,Paradinium,Unassigned,18S,3b
2098,19d375f72095180c8cd10c7f6399c77d,Ocean-lake-3b,42.0,Eukaryota,Picozoa,Picomonadida,Picomonadidae,Picomonadidae,Picomonas,Unassigned,18S,3b
2099,831042d43a62cee36263ebc6a34bb942,Ocean-lake-3b,19.0,Eukaryota,Ciliophora,Intramacronucleata,Spirotrichea,Oligotrichia,Unassigned,Unassigned,18S,3b
2100,3e98a9ad9b52ef09e5dbe52d743c4b83,Ocean-lake-3b,38.0,Eukaryota,Dinoflagellata,Dinophyceae,Unassigned,Unassigned,Unassigned,Unassigned,18S,3b
2101,08cf9126869d9d1b384dea29f44200c1,Ocean-lake-3b,34.0,Eukaryota,Diatomea,Coscinodiscophytina,Fragilariales,Fragilariales,Unassigned,Unassigned,18S,3b
2102,688721b3c4e81f7df13237d1ce551cef,Ocean-lake-3b,98.0,Bacteria,Proteobacteria,Alphaproteobacteria,Unassigned,Unassigned,Unassigned,Unassigned,18S,3b
2103,16d3b3761f9e1e7d262d229bae93b0cf,Ocean-lake-3b,56.0,Eukaryota,Dinoflagellata,Dinoflagellata,Noctilucales,Noctilucales,Noctilucales,Unassigned,18S,3b
2104,6520fe007c3a6710dd82d3d4aad7d089,Ocean-lake-3b,49.0,Eukaryota,Unassigned,Unassigned,Unassigned,Unassigned,Unassigned,Unassigned,18S,3b
2105,7b3f685bbc8c7e9fef5c94ad790a0225,Ocean-lake-3b,33.0,Eukaryota,Mollusca,Bivalvia,Veneroida,Veneroida,Veneroida,Unassigned,18S,3b
2106,a4d8d52b4af5169a83bc12959d37162c,Ocean-lake-3b,88.0,Bacteria,Proteobacteria,Gammaproteobacteria,Unassigned,Unassigned,Unassigned,Unassigned,18S,3b
2107,fe5b0a885ec633d255285d8331253f6b,Ocean-lake-3b,21.0,Eukaryota,Unassigned,Unassigned,Unassigned,Unassigned,Unassigned,Unassigned,18S,3b
2108,8fb87671da3d67b6fbf9aeb8bc0622c2,Ocean-lake-3b,10.0,Eukaryota,Unassigned,Unassigned,Unassigned,Unassigned,Unassigned,Unassigned,18S,3b
2109,6f2126e4f91213fba85cb322c1db8aec,Ocean-lake-3b,15.0,Eukaryota,Diatomea,Unassigned,Unassigned,Unassigned,Unassigned,Unassigned,18S,3b
2110,748dfc6cc1e5cece4b004f38b3d20829,Ocean-lake-3b,51.0,Eukaryota,Diatomea,Coscinodiscophytina,Fragilariales,Fragilariales,Unassigned,Unassigned,18S,3b
2111,18962b9db25f52b51e048967ef122ef2,Ocean-lake-3b,49.0,Eukaryota,Unassigned,Unassigned,Unassigned,Unassigned,Unassigned,Unassigned,18S,3b
2112,02849e987055db30c9e0f9dd02a1ea33,Ocean-lake-3b,50.0,Eukaryota,Prymnesiophyceae,Prymnesiophyceae,Prymnesiales,Prymnesiales,Chrysocampanula,Unassigned,18S,3b
2113,9a34ef2b5ad0e4ff10483be9ade5206e,Ocean-lake-3b,68.0,Eukaryota,Unassigned,Unassigned,Unassigned,Unassigned,Unassigned,Unassigned,18S,3b
2114,abf807116cb32d4623726b388d3d54ea,Ocean-lake-3b,41.0,Eukaryota,Unassigned,Unassigned,Unassigned,Unassigned,Unassigned,Unassigned,18S,3b
2115,10cbcca6ee1f1d2b75277b2be0e9def2,Ocean-lake-3b,28.0,Eukaryota,Unassigned,Unassigned,Unassigned,Unassigned,Unassigned,Unassigned,18S,3b
2116,709b80b3c3292d53e5624206a5a6ec46,Ocean-lake-3b,37.0,Eukaryota,Ciliophora,Intramacronucleata,Spirotrichea,Oligotrichia,Unassigned,Unassigned,18S,3b
2117,405174a49e21e51589d7c7ac30bfe626,Ocean-lake-3b,47.0,Eukaryota,Cercozoa,Thecofilosea,Unassigned,Unassigned,Unassigned,Unassigned,18S,3b
2118,0bd6e3d5857171d66084a8b322e85e21,Ocean-lake-3b,67.0,Eukaryota,Unassigned,Unassigned,Unassigned,Unassigned,Unassigned,Unassigned,18S,3b
2119,eb8b4d845f69f391ba639e66820949c5,Ocean-lake-3b,40.0,Eukaryota,Unassigned,Unassigned,Unassigned,Unassigned,Unassigned,Unassigned,18S,3b
2120,830298cf0c4970d2e3b49dd2a691f8f0,Ocean-lake-3b,30.0,Eukaryota,Diatomea,Unassigned,Unassigned,Unassigned,Unassigned,Unassigned,18S,3b
2121,adfb183f61a218dad135e01f6f3104be,Ocean-lake-3b,79.0,Eukaryota,Bryozoa,Gymnolaemata,Cheilostomatida,Cheilostomatida,Cheilostomatida,Unassigned,18S,3b
2122,926f295f464a26e5227920197e8d7ab3,Ocean-lake-3b,42.0,Eukaryota,Unassigned,Unassigned,Unassigned,Unassigned,Unassigned,Unassigned,18S,3b
2123,5a75eb579151bbae15bc5b3b58ec7d68,Ocean-lake-3b,29.0,Eukaryota,Ciliophora,Intramacronucleata,Spirotrichea,Oligotrichia,Unassigned,Unassigned,18S,3b
2124,f9394690025f82d04b0be168aebe305e,Ocean-lake-3b,24.0,Eukaryota,Ochrophyta,Eustigmatophyceae,Eustigmatales,Eustigmatales,uncultured,Unassigned,18S,3b
2125,73ff17898358065ea2c5c31e53468c0f,Ocean-lake-3b,52.0,Bacteria,Proteobacteria,Gammaproteobacteria,Unassigned,Unassigned,Unassigned,Unassigned,18S,3b
2126,7903c9c69eb7a917078a071ac3db489b,Ocean-lake-3b,41.0,Eukaryota,Unassigned,Unassigned,Unassigned,Unassigned,Unassigned,Unassigned,18S,3b
2127,29f122d70f4659e6dade1ed8d4e7a073,Ocean-lake-3b,90.0,Eukaryota,Mollusca,Bivalvia,Mytiloida,Mytiloida,Mytiloida,Unassigned,18S,3b
2128,1f9e19a51b72c9452270f84426c8238a,Ocean-lake-3b,30.0,Eukaryota,Unassigned,Unassigned,Unassigned,Unassigned,Unassigned,Unassigned,18S,3b
2129,a39019ddde89cfb02db4ea61d3a98955,Ocean-lake-3b,16.0,Eukaryota,Unassigned,Unassigned,Unassigned,Unassigned,Unassigned,Unassigned,18S,3b
2130,982fba1aa6a351beaad126b922f5d314,Ocean-lake-3b,40.0,Eukaryota,Unassigned,Unassigned,Unassigned,Unassigned,Unassigned,Unassigned,18S,3b
2131,f5ab2baedf87cabe61c8aae21f3cd486,Ocean-lake-3b,31.0,Eukaryota,Unassigned,Unassigned,Unassigned,Unassigned,Unassigned,Unassigned,18S,3b
2132,ebc7678c6bf57b985f718b981c4f1246,Ocean-lake-3b,13.0,Eukaryota,Chlorophyta,Clade_VII,Subclade_A,Subclade_A,Subclade_A,Unassigned,18S,3b
2133,7000993fd9eb088fc5ca6ff8bca4f824,Ocean-lake-3b,10.0,Eukaryota,Chlorophyta,Ulvophyceae,Oltmansiellopsidales,Oltmansiellopsidales,Oltmannsiellopsis,Unassigned,18S,3b
2134,fa2c49c292ec1f8967f1e2e261da2acd,Ocean-lake-3b,22.0,Eukaryota,Diatomea,Unassigned,Unassigned,Unassigned,Unassigned,Unassigned,18S,3b
2135,842fb2909f45613af5ce787385eb9f3b,Ocean-lake-3b,51.0,Eukaryota,Unassigned,Unassigned,Unassigned,Unassigned,Unassigned,Unassigned,18S,3b
2136,8b26794279b88ecaee90e8bc7659606b,Ocean-lake-3b,52.0,Eukaryota,Unassigned,Unassigned,Unassigned,Unassigned,Unassigned,Unassigned,18S,3b
2137,8ae8a8d7aaa07d5d0246a9c923f470c6,Ocean-lake-3b,30.0,Eukaryota,Ciliophora,Intramacronucleata,Conthreep,Oligohymenophorea,Unassigned,Unassigned,18S,3b
2138,f335ee61260ab4871d985ee0cc85a47d,Ocean-lake-3b,24.0,Eukaryota,Unassigned,Unassigned,Unassigned,Unassigned,Unassigned,Unassigned,18S,3b
2139,232a78151983e14cc421a2e0b895c78a,Ocean-lake-3b,30.0,Eukaryota,Unassigned,Unassigned,Unassigned,Unassigned,Unassigned,Unassigned,18S,3b
2140,2247d9c17231ded4b8e89a483a1eff15,Ocean-lake-3b,45.0,Eukaryota,Diatomea,Unassigned,Unassigned,Unassigned,Unassigned,Unassigned,18S,3b
2141,af0299692961660b4fc16268e748adfb,Ocean-lake-3b,21.0,Eukaryota,Unassigned,Unassigned,Unassigned,Unassigned,Unassigned,Unassigned,18S,3b
2142,c821728a8cfed500f5a9156f7c7bd12d,Ocean-lake-3b,38.0,Eukaryota,Unassigned,Unassigned,Unassigned,Unassigned,Unassigned,Unassigned,18S,3b
2143,30243b57c3c6d8d528a68746f742fd6d,Ocean-lake-3b,33.0,Eukaryota,Unassigned,Unassigned,Unassigned,Unassigned,Unassigned,Unassigned,18S,3b
2144,a7dbbf6f60968c0e8ba19ea1458cb485,Ocean-lake-3b,32.0,Eukaryota,Unassigned,Unassigned,Unassigned,Unassigned,Unassigned,Unassigned,18S,3b
2145,0b6af8660f0ae04eaf12b1f333bb5c2e,Ocean-lake-3b,25.0,Eukaryota,Unassigned,Unassigned,Unassigned,Unassigned,Unassigned,Unassigned,18S,3b
2146,ac4f68450a8292e041019d21f45eae33,Ocean-lake-3b,55.0,Eukaryota,Unassigned,Unassigned,Unassigned,Unassigned,Unassigned,Unassigned,18S,3b
2147,4a4b3d4e5dc4dd60f989f011730d7701,Ocean-lake-3b,43.0,Eukaryota,Diatomea,Unassigned,Unassigned,Unassigned,Unassigned,Unassigned,18S,3b
2148,aac019cfaa4a5d07996ade3cc0423947,Ocean-lake-3b,10.0,Eukaryota,Ciliophora,Intramacronucleata,Spirotrichea,Choreotrichia,Unassigned,Unassigned,18S,3b
2149,b8f14125af6eb22cd41bd27b49f6ffb4,Ocean-lake-3b,27.0,Eukaryota,Diatomea,Unassigned,Unassigned,Unassigned,Unassigned,Unassigned,18S,3b
2150,0169457b358d783ea17c5fbe2ef0070c,Ocean-lake-3b,42.0,Bacteria,Proteobacteria,Gammaproteobacteria,Unassigned,Unassigned,Unassigned,Unassigned,18S,3b
2151,3082d9efce69facac36f94f507f35cbc,Ocean-lake-3b,29.0,Eukaryota,Euglenozoa,Kinetoplastea,Unassigned,Unassigned,Unassigned,Unassigned,18S,3b
2152,58f1e891814913a2c5ed389524b6c885,Ocean-lake-3b,17.0,Eukaryota,Unassigned,Unassigned,Unassigned,Unassigned,Unassigned,Unassigned,18S,3b
2153,645a6a0000a0f2e93912cc9fb4521e6e,Ocean-lake-3b,15.0,Eukaryota,Diatomea,Unassigned,Unassigned,Unassigned,Unassigned,Unassigned,18S,3b
2154,9049c8713f2987629b597da83cb05c05,Ocean-lake-3b,13.0,Eukaryota,Unassigned,Unassigned,Unassigned,Unassigned,Unassigned,Unassigned,18S,3b
2155,ff148e5d517445240a0fff273275e5d4,Ocean-lake-3b,23.0,Eukaryota,Unassigned,Unassigned,Unassigned,Unassigned,Unassigned,Unassigned,18S,3b
2156,8c57a37db63e0855742f9f5b9e446503,Ocean-lake-3b,24.0,Eukaryota,Unassigned,Unassigned,Unassigned,Unassigned,Unassigned,Unassigned,18S,3b
2157,49c88659b4a6a28d2ca4913177d701b2,Ocean-lake-3b,25.0,Eukaryota,Chlorophyta,Unassigned,Unassigned,Unassigned,Unassigned,Unassigned,18S,3b
2158,91842611ba85f6da6b09df8a1e999a24,Ocean-lake-3b,44.0,Unassigned,Unassigned,Unassigned,Unassigned,Unassigned,Unassigned,Unassigned,18S,3b
2159,4dc290fb83d6d0ed0e2e27a24401d00c,Ocean-lake-3b,28.0,Eukaryota,Unassigned,Unassigned,Unassigned,Unassigned,Unassigned,Unassigned,18S,3b
2160,770a12f9a251dcae3815ca82a8593582,Ocean-lake-3b,16.0,Eukaryota,Chlorophyta,Unassigned,Unassigned,Unassigned,Unassigned,Unassigned,18S,3b
2161,5c83542621dd6e423cdd4682ace12b46,Ocean-lake-3b,32.0,Eukaryota,Unassigned,Unassigned,Unassigned,Unassigned,Unassigned,Unassigned,18S,3b
2162,c914471c1790a110910f6d0f2908eaaa,Ocean-lake-3b,37.0,Eukaryota,Diatomea,Unassigned,Unassigned,Unassigned,Unassigned,Unassigned,18S,3b
2163,0347e53c2c6dc6d87c5cdf270ee939a4,Ocean-lake-3b,23.0,Eukaryota,Diatomea,Unassigned,Unassigned,Unassigned,Unassigned,Unassigned,18S,3b
2164,a9197b3982e0ec09f5bd91772b7df722,Ocean-lake-3b,37.0,Eukaryota,Unassigned,Unassigned,Unassigned,Unassigned,Unassigned,Unassigned,18S,3b
2165,88c6bba68a8bade52f712d8ea1640d60,Ocean-lake-3b,18.0,Eukaryota,Diatomea,Unassigned,Unassigned,Unassigned,Unassigned,Unassigned,18S,3b
2166,86aacffec1e6f4dcc67b47131f2caee1,Ocean-lake-3b,32.0,Bacteria,Unassigned,Unassigned,Unassigned,Unassigned,Unassigned,Unassigned,18S,3b
2167,e7bdea5cc251a237de8dba89514c0853,Ocean-lake-3b,13.0,Eukaryota,Ciliophora,Intramacronucleata,Spirotrichea,Choreotrichia,Tintinnopsis,Unassigned,18S,3b
2168,ce36252ca8d01b6b76af92b7a7d9f90e,Ocean-lake-3b,10.0,Eukaryota,Unassigned,Unassigned,Unassigned,Unassigned,Unassigned,Unassigned,18S,3b
2169,5be9b2294c10424d50a623ea092f5d00,Ocean-lake-3b,46.0,Eukaryota,Unassigned,Unassigned,Unassigned,Unassigned,Unassigned,Unassigned,18S,3b
2170,0dd0157c7dd219a21251aa263a0bf4e8,Ocean-lake-3b,43.0,Eukaryota,Unassigned,Unassigned,Unassigned,Unassigned,Unassigned,Unassigned,18S,3b
2171,0083243bd2f164384b92b8ec11550890,Ocean-lake-3b,20.0,Eukaryota,Unassigned,Unassigned,Unassigned,Unassigned,Unassigned,Unassigned,18S,3b
2172,5d4515cf788a4619f73c80ead9ee5ce1,Ocean-lake-3b,98.0,Eukaryota,Arthropoda,Maxillopoda,Unassigned,Unassigned,Unassigned,Unassigned,18S,3b
2173,b0932edfec7c87fa707fc64ca6a0663b,Ocean-lake-3b,22.0,Eukaryota,Unassigned,Unassigned,Unassigned,Unassigned,Unassigned,Unassigned,18S,3b
2174,9b52e16534ffe0b072c631246003703e,Ocean-lake-3b,24.0,Eukaryota,Diatomea,Unassigned,Unassigned,Unassigned,Unassigned,Unassigned,18S,3b
2175,34da0158836ed2aee3bf64827224d2fc,Ocean-lake-3b,23.0,Eukaryota,Diatomea,Unassigned,Unassigned,Unassigned,Unassigned,Unassigned,18S,3b
2176,35e5ac153dae0bc247b26464f28b1ce4,Ocean-lake-3b,18.0,Eukaryota,Unassigned,Unassigned,Unassigned,Unassigned,Unassigned,Unassigned,18S,3b
2177,3047e8c161d466d043c3b76564d79732,Ocean-lake-3b,15.0,Eukaryota,MAST-4,MAST-4,MAST-4,MAST-4,MAST-4,Unassigned,18S,3b
2178,cd4fbcaddc20316d84db9149966fa0ae,Ocean-lake-3b,11.0,Eukaryota,Ciliophora,Intramacronucleata,Spirotrichea,Choreotrichia,Unassigned,Unassigned,18S,3b
2179,145a886544f6280ca0051d05485d2290,Ocean-lake-3b,33.0,Eukaryota,Unassigned,Unassigned,Unassigned,Unassigned,Unassigned,Unassigned,18S,3b
2180,11c23c80f80018e10eae0f156a9603c5,Ocean-lake-3b,30.0,Eukaryota,Unassigned,Unassigned,Unassigned,Unassigned,Unassigned,Unassigned,18S,3b
2181,5f1cf8e2895fbf91e050b49be127aa08,Ocean-lake-3b,46.0,Bacteria,Proteobacteria,Alphaproteobacteria,Rhodobacterales,Rhodobacteraceae,Unassigned,Unassigned,18S,3b
2182,9b40406d985003fa4782c9df71564d08,Ocean-lake-3b,36.0,Eukaryota,Diatomea,Unassigned,Unassigned,Unassigned,Unassigned,Unassigned,18S,3b
2183,7479c4498436f21ce2a86528e6bfe65f,Ocean-lake-3b,12.0,Eukaryota,Unassigned,Unassigned,Unassigned,Unassigned,Unassigned,Unassigned,18S,3b
2184,946242b87c14e11288b117ead6a519cd,Ocean-lake-3b,12.0,Eukaryota,Diatomea,Unassigned,Unassigned,Unassigned,Unassigned,Unassigned,18S,3b
2185,a35be9124f9ef8a823eeffc523d5d280,Ocean-lake-3b,31.0,Eukaryota,Unassigned,Unassigned,Unassigned,Unassigned,Unassigned,Unassigned,18S,3b
2186,656f2607dbc88e04609e73b7cc30f414,Ocean-lake-3b,19.0,Eukaryota,Unassigned,Unassigned,Unassigned,Unassigned,Unassigned,Unassigned,18S,3b
2187,69b394852b7d33e50fafcfb475c9995f,Ocean-lake-3b,36.0,Eukaryota,Unassigned,Unassigned,Unassigned,Unassigned,Unassigned,Unassigned,18S,3b
2188,b3f276a1cf8486eab437dfdd46eac67f,Ocean-lake-3b,17.0,Eukaryota,Prymnesiophyceae,Prymnesiophyceae,Prymnesiales,Prymnesiales,OLI51059,Unassigned,18S,3b
2189,ebdba2cad3c1bbc50bdc0a3d7882240e,Ocean-lake-3b,38.0,Eukaryota,Unassigned,Unassigned,Unassigned,Unassigned,Unassigned,Unassigned,18S,3b
2190,7cc8683c62d8460436e413da115eccce,Ocean-lake-3b,52.0,Eukaryota,Unassigned,Unassigned,Unassigned,Unassigned,Unassigned,Unassigned,18S,3b
2191,c38365bbd92aa7b0d8a13b6bdca5777d,Ocean-lake-3b,33.0,Eukaryota,Unassigned,Unassigned,Unassigned,Unassigned,Unassigned,Unassigned,18S,3b
2192,8f4b9861420fa5e624f8f90be57f03c9,Ocean-lake-3b,20.0,Eukaryota,Unassigned,Unassigned,Unassigned,Unassigned,Unassigned,Unassigned,18S,3b
2193,67e256efd6446d279e6b028687e8b2c6,Ocean-lake-3b,21.0,Eukaryota,Ciliophora,Intramacronucleata,Spirotrichea,Choreotrichia,Unassigned,Unassigned,18S,3b
2194,1e37cdbcf4429904e9eee1856993e366,Ocean-lake-3b,12.0,Eukaryota,Unassigned,Unassigned,Unassigned,Unassigned,Unassigned,Unassigned,18S,3b
2195,7e3cb034989c2c5bf242be3fd430fb8d,Ocean-lake-3b,21.0,Eukaryota,Diatomea,Coscinodiscophytina,Coscinodiscophytina,Corethrids,Corethron,Unassigned,18S,3b
2196,24bf4bac256bc6017a118581ce5c3593,Ocean-lake-3b,29.0,Eukaryota,MAST-3,MAST-3J,MAST-3J,MAST-3J,MAST-3J,Unassigned,18S,3b
2197,d2b343bc16687a8b0c7a5e03c3388c3f,Ocean-lake-3b,24.0,Eukaryota,Diatomea,Unassigned,Unassigned,Unassigned,Unassigned,Unassigned,18S,3b
2198,02f00ed1ae154705ddcc41afa05672f1,Ocean-lake-3b,46.0,Bacteria,Proteobacteria,Alphaproteobacteria,Rhodobacterales,Rhodobacteraceae,Poseidonocella,Unassigned,18S,3b
2199,a996d513e90a3fb1e942a97324f5c634,Ocean-lake-3b,75.0,Eukaryota,Unassigned,Unassigned,Unassigned,Unassigned,Unassigned,Unassigned,18S,3b
2200,600528dfdd9b22abe00e6ff67acb3e41,Ocean-lake-3b,11.0,Eukaryota,Diatomea,Coscinodiscophytina,Coscinodiscophytina,Rhizosolenids,Rhizosolenids,Unassigned,18S,3b
2201,c5fd6d2eea9c024d057ebb8af9ded807,Ocean-lake-3b,38.0,Eukaryota,Unassigned,Unassigned,Unassigned,Unassigned,Unassigned,Unassigned,18S,3b
2202,a7adfea6f15ad17933fa7647584a1c8c,Ocean-lake-3b,40.0,Eukaryota,Diatomea,Unassigned,Unassigned,Unassigned,Unassigned,Unassigned,18S,3b
2203,cac7b3251c3be35c909255b6c7a16d62,Ocean-lake-3b,26.0,Eukaryota,Unassigned,Unassigned,Unassigned,Unassigned,Unassigned,Unassigned,18S,3b
2204,1b3deb211f3a9d0faab6729c5a5736ad,Ocean-lake-3b,30.0,Eukaryota,Unassigned,Unassigned,Unassigned,Unassigned,Unassigned,Unassigned,18S,3b
2205,333c3a034e61e39847d66dae15eefc19,Ocean-lake-3b,23.0,Eukaryota,Diatomea,Unassigned,Unassigned,Unassigned,Unassigned,Unassigned,18S,3b
2206,268359e1ebf96fc4a5a4c583eee6a3d0,Ocean-lake-3b,63.0,Eukaryota,Unassigned,Unassigned,Unassigned,Unassigned,Unassigned,Unassigned,18S,3b
2207,f92a0d91dce73fa11a6dc2d2b2109a70,Ocean-lake-3b,32.0,Eukaryota,Ciliophora,Intramacronucleata,Spirotrichea,Choreotrichia,Steenstrupiella,Unassigned,18S,3b
2208,e497f12612bcfc6c33e0988f2dee3bae,Ocean-lake-3b,33.0,Eukaryota,Unassigned,Unassigned,Unassigned,Unassigned,Unassigned,Unassigned,18S,3b
2209,48655fd46548befbe07236b79d7da82e,Ocean-lake-3b,31.0,Bacteria,Proteobacteria,Alphaproteobacteria,Unassigned,Unassigned,Unassigned,Unassigned,18S,3b
2210,7d22ded5f142d87265ed739e5b1e4405,Ocean-lake-3b,16.0,Eukaryota,Dinoflagellata,Incertae_Sedis,Incertae_Sedis,Incertae_Sedis,Haplozoon,Unassigned,18S,3b
2211,261acf8d8e0dcdef07e8fe8adb33bcf0,Ocean-lake-3b,30.0,Eukaryota,Unassigned,Unassigned,Unassigned,Unassigned,Unassigned,Unassigned,18S,3b
2212,101e2d8d8e874a81b387d4d7927290fb,Ocean-lake-3b,11.0,Eukaryota,Unassigned,Unassigned,Unassigned,Unassigned,Unassigned,Unassigned,18S,3b
2213,287f46c114725c75b1961932adaf3004,Ocean-lake-3b,32.0,Eukaryota,Unassigned,Unassigned,Unassigned,Unassigned,Unassigned,Unassigned,18S,3b
2214,97f998d83098015d4e97deb8a58f04ae,Ocean-lake-3b,55.0,Eukaryota,Unassigned,Unassigned,Unassigned,Unassigned,Unassigned,Unassigned,18S,3b
2215,2ae0584128f2c2b2f95faa54e3daf147,Ocean-lake-3b,30.0,Eukaryota,Unassigned,Unassigned,Unassigned,Unassigned,Unassigned,Unassigned,18S,3b
2216,a77c4881e22d0610511920b2ab38c732,Ocean-lake-3b,36.0,Bacteria,Proteobacteria,Alphaproteobacteria,SAR11_clade,Clade_I,Unassigned,Unassigned,18S,3b
2217,fc00605959e7ec8e1b8692c344043cc1,Ocean-lake-3b,21.0,Eukaryota,Unassigned,Unassigned,Unassigned,Unassigned,Unassigned,Unassigned,18S,3b
2218,e3436b4841e9742907a148d4beed43b4,Ocean-lake-3b,30.0,Eukaryota,Diatomea,Unassigned,Unassigned,Unassigned,Unassigned,Unassigned,18S,3b
2219,ff110533eb8cfc1968aadf6067b2d424,Ocean-lake-3b,6.0,Eukaryota,Unassigned,Unassigned,Unassigned,Unassigned,Unassigned,Unassigned,18S,3b
2220,3707dc26e0b13afb2b8fa9e95c1c2c33,Ocean-lake-3b,50.0,Eukaryota,Diatomea,Unassigned,Unassigned,Unassigned,Unassigned,Unassigned,18S,3b
2221,995426c667aa423c9e4e887d2a4c2a71,Ocean-lake-3b,14.0,Eukaryota,Prymnesiophyceae,Prymnesiophyceae,Prymnesiophyceae,Prymnesiophyceae,Phaeocystis,Unassigned,18S,3b
2222,bb9bdb77465d2c66540801efc6fca513,Ocean-lake-3b,9.0,Eukaryota,Diatomea,Unassigned,Unassigned,Unassigned,Unassigned,Unassigned,18S,3b
2223,e32d08aa4137a7b3968c6da141c9e5da,Ocean-lake-3b,17.0,Eukaryota,Unassigned,Unassigned,Unassigned,Unassigned,Unassigned,Unassigned,18S,3b
2224,58c9afaa8a601ee356f45226f5e15dba,Ocean-lake-3b,22.0,Eukaryota,Unassigned,Unassigned,Unassigned,Unassigned,Unassigned,Unassigned,18S,3b
2225,b58a6459e16858d9790533bb467c4ad2,Ocean-lake-3b,36.0,Bacteria,Proteobacteria,Alphaproteobacteria,Unassigned,Unassigned,Unassigned,Unassigned,18S,3b
2226,44c36dec867dbfdb81e60a0987b8ba39,Ocean-lake-3b,10.0,Eukaryota,Unassigned,Unassigned,Unassigned,Unassigned,Unassigned,Unassigned,18S,3b
2227,5a6a2c31031e78d75f989d3d47d12a08,Ocean-lake-3b,12.0,Eukaryota,Unassigned,Unassigned,Unassigned,Unassigned,Unassigned,Unassigned,18S,3b
2228,ee9b7b3598c401bb02a885a2ea803b08,Ocean-lake-3b,11.0,Eukaryota,Ciliophora,Intramacronucleata,Conthreep,Oligohymenophorea,Unassigned,Unassigned,18S,3b
2229,1034e24f7448912df8099a7ee5fbb51a,Ocean-lake-3b,20.0,Eukaryota,Unassigned,Unassigned,Unassigned,Unassigned,Unassigned,Unassigned,18S,3b
2230,9c607c1a08c9d87f6bcde89e3f88d3d0,Ocean-lake-3b,15.0,Eukaryota,Unassigned,Unassigned,Unassigned,Unassigned,Unassigned,Unassigned,18S,3b
2231,2e316e9e5ff557502ce7c08d6df8bf1d,Ocean-lake-3b,15.0,Eukaryota,Unassigned,Unassigned,Unassigned,Unassigned,Unassigned,Unassigned,18S,3b
2232,cfe036987aef2e1b3d8b87af09f484fd,Ocean-lake-3b,44.0,Bacteria,Proteobacteria,Gammaproteobacteria,Unassigned,Unassigned,Unassigned,Unassigned,18S,3b
2233,e7827ad578f057ed1f8c9176152788cf,Ocean-lake-3b,26.0,Bacteria,Proteobacteria,Alphaproteobacteria,Unassigned,Unassigned,Unassigned,Unassigned,18S,3b
2234,5677a9ef57660fdaf68a176be2e85c45,Ocean-lake-3b,26.0,Eukaryota,Unassigned,Unassigned,Unassigned,Unassigned,Unassigned,Unassigned,18S,3b
2235,39d9bb299d9c704895c06503677db982,Ocean-lake-3b,11.0,Eukaryota,Unassigned,Unassigned,Unassigned,Unassigned,Unassigned,Unassigned,18S,3b
2236,fcb99e123a7a44867c1c277f8f99bc90,Ocean-lake-3b,25.0,Eukaryota,Unassigned,Unassigned,Unassigned,Unassigned,Unassigned,Unassigned,18S,3b
2237,c1fa18a9d880ee7babc246809ea5d43e,Ocean-lake-3b,48.0,Eukaryota,Unassigned,Unassigned,Unassigned,Unassigned,Unassigned,Unassigned,18S,3b
2238,a27f1be8dbdd0c549048a3ea8d517038,Ocean-lake-3b,21.0,Eukaryota,Unassigned,Unassigned,Unassigned,Unassigned,Unassigned,Unassigned,18S,3b
2239,50ef80f0193bdb81e481fff3b7767df0,Ocean-lake-3b,13.0,Eukaryota,Cercozoa,Thecofilosea,Cryomonadida,Protaspidae,Protaspis,Unassigned,18S,3b
2240,5d8b52d27e7ebc69cbd6d5e5a7cded5a,Ocean-lake-3b,18.0,Eukaryota,Diatomea,Unassigned,Unassigned,Unassigned,Unassigned,Unassigned,18S,3b
2241,a6f9355ab252e1e9d091c33b0b6fa1ad,Ocean-lake-3b,13.0,Eukaryota,Unassigned,Unassigned,Unassigned,Unassigned,Unassigned,Unassigned,18S,3b
2242,32f1467b52f4bc9f5bc9e81f636c59ab,Ocean-lake-3b,22.0,Eukaryota,Unassigned,Unassigned,Unassigned,Unassigned,Unassigned,Unassigned,18S,3b
2243,38738014a1a3e61b7be5175ebe0978ca,Ocean-lake-3b,36.0,Eukaryota,Unassigned,Unassigned,Unassigned,Unassigned,Unassigned,Unassigned,18S,3b
2244,ec828b6df9fc265b2c264a60040b7e9c,Ocean-lake-3b,11.0,Eukaryota,Unassigned,Unassigned,Unassigned,Unassigned,Unassigned,Unassigned,18S,3b
2245,44adad88a8d630c2c0e3f2b9ce4ebcd3,Ocean-lake-3b,22.0,Eukaryota,Unassigned,Unassigned,Unassigned,Unassigned,Unassigned,Unassigned,18S,3b
2246,978769721a5e5f908656b9583cc33ee0,Ocean-lake-3b,29.0,Eukaryota,Diatomea,Unassigned,Unassigned,Unassigned,Unassigned,Unassigned,18S,3b
2247,72a13b7409d1f9143dfa14177e799ce1,Ocean-lake-3b,31.0,Eukaryota,Unassigned,Unassigned,Unassigned,Unassigned,Unassigned,Unassigned,18S,3b
2248,c4692cd1713ecfd4bf53208b36e3b4c5,Ocean-lake-3b,6.0,Eukaryota,Unassigned,Unassigned,Unassigned,Unassigned,Unassigned,Unassigned,18S,3b
2249,1ac086ce66620d6570cbd77618c96327,Ocean-lake-3b,10.0,Eukaryota,Unassigned,Unassigned,Unassigned,Unassigned,Unassigned,Unassigned,18S,3b
2250,7bea45939861b75cd92ae88f9ac91703,Ocean-lake-3b,17.0,Eukaryota,Unassigned,Unassigned,Unassigned,Unassigned,Unassigned,Unassigned,18S,3b
2251,bfa8a765f1230c07bb3b831988d9eb2f,Ocean-lake-3b,45.0,Eukaryota,Unassigned,Unassigned,Unassigned,Unassigned,Unassigned,Unassigned,18S,3b
2252,4db248007a68dfa37a36867c725b194c,Ocean-lake-3b,28.0,Eukaryota,Unassigned,Unassigned,Unassigned,Unassigned,Unassigned,Unassigned,18S,3b
2253,49f26802e1191074623240976202cbca,Ocean-lake-3b,16.0,Eukaryota,Diatomea,Unassigned,Unassigned,Unassigned,Unassigned,Unassigned,18S,3b
2254,6a91708105bd59e27b6e282d038647dd,Ocean-lake-3b,18.0,Eukaryota,Diatomea,Unassigned,Unassigned,Unassigned,Unassigned,Unassigned,18S,3b
2255,dc4e42088043846b2023e9fb1315f3e8,Ocean-lake-3b,8.0,Eukaryota,Unassigned,Unassigned,Unassigned,Unassigned,Unassigned,Unassigned,18S,3b
2256,5ab886cbb97e7ba9bb42ff8042c7ccf0,Ocean-lake-3b,9.0,Eukaryota,Unassigned,Unassigned,Unassigned,Unassigned,Unassigned,Unassigned,18S,3b
2257,84b7799e8a6b11ab95bd228b5288f297,Ocean-lake-3b,21.0,Eukaryota,Unassigned,Unassigned,Unassigned,Unassigned,Unassigned,Unassigned,18S,3b
2258,3dc1b5f08422078ed27eabde3dd1f4e2,Ocean-lake-3b,19.0,Eukaryota,Diatomea,Unassigned,Unassigned,Unassigned,Unassigned,Unassigned,18S,3b
2259,2d0033291748029da7b299ce96edaed3,Ocean-lake-3b,11.0,Eukaryota,Prymnesiophyceae,Unassigned,Unassigned,Unassigned,Unassigned,Unassigned,18S,3b
2260,a1347d7c5056d10e52e1e2165c18d75d,Ocean-lake-3b,21.0,Bacteria,Proteobacteria,Alphaproteobacteria,Unassigned,Unassigned,Unassigned,Unassigned,18S,3b
2261,1b4b4126ef74a85ea7893bbbfa429d8e,Ocean-lake-3b,19.0,Eukaryota,Unassigned,Unassigned,Unassigned,Unassigned,Unassigned,Unassigned,18S,3b
2262,b6d61455660aecea794d88d1bd7f1c4e,Ocean-lake-3b,19.0,Bacteria,Proteobacteria,Alphaproteobacteria,Unassigned,Unassigned,Unassigned,Unassigned,18S,3b
2263,4523bea9b146f7879cb37f6be9a2c358,Ocean-lake-3b,31.0,Eukaryota,Unassigned,Unassigned,Unassigned,Unassigned,Unassigned,Unassigned,18S,3b
2264,e47fd834d4ba1919b89201a2765d99dc,Ocean-lake-3b,21.0,Eukaryota,Unassigned,Unassigned,Unassigned,Unassigned,Unassigned,Unassigned,18S,3b
2265,eeda4089c33d78896b96ca861dd1721a,Ocean-lake-3b,21.0,Eukaryota,Unassigned,Unassigned,Unassigned,Unassigned,Unassigned,Unassigned,18S,3b
2266,87d359c37b8332e71d684ac03bbc2091,Ocean-lake-3b,10.0,Eukaryota,Diatomea,Unassigned,Unassigned,Unassigned,Unassigned,Unassigned,18S,3b
2267,b8e96732501c4b7f3b2a16ee08baec34,Ocean-lake-3b,22.0,Eukaryota,Unassigned,Unassigned,Unassigned,Unassigned,Unassigned,Unassigned,18S,3b
2268,67667396efde285aca0770466335697e,Ocean-lake-3b,29.0,Eukaryota,Unassigned,Unassigned,Unassigned,Unassigned,Unassigned,Unassigned,18S,3b
2269,7f663ed7274d344ce4bb08c497ce947d,Ocean-lake-3b,26.0,Eukaryota,Unassigned,Unassigned,Unassigned,Unassigned,Unassigned,Unassigned,18S,3b
2270,a45af21a4496f30a98792474db630e03,Ocean-lake-3b,12.0,Eukaryota,Euglenozoa,Diplonemea,Diplonemea,Diplonemea,Rhynchopus,Unassigned,18S,3b
2271,9abb46034153a3cfa48c0836df4f6f04,Ocean-lake-3b,10.0,Eukaryota,Unassigned,Unassigned,Unassigned,Unassigned,Unassigned,Unassigned,18S,3b
2272,4dfdc55109935c9e5d4b1ede0eea4867,Ocean-lake-3b,14.0,Eukaryota,Unassigned,Unassigned,Unassigned,Unassigned,Unassigned,Unassigned,18S,3b
2273,6af03a653ce4350a309d3bd329d3aa03,Ocean-lake-3b,74.0,Eukaryota,Unassigned,Unassigned,Unassigned,Unassigned,Unassigned,Unassigned,18S,3b
2274,ef426a305cceaf03d505bc23bd561a81,Ocean-lake-3b,36.0,Bacteria,Campylobacterota,Campylobacteria,Campylobacterales,Sulfurimonadaceae,Sulfurimonas,Unassigned,18S,3b
2275,35c8c3540a978924cd4b61193c6a668c,Ocean-lake-3b,10.0,Eukaryota,Unassigned,Unassigned,Unassigned,Unassigned,Unassigned,Unassigned,18S,3b
2276,a14f6becb478515db424c49b63af9caf,Ocean-lake-3b,17.0,Eukaryota,Unassigned,Unassigned,Unassigned,Unassigned,Unassigned,Unassigned,18S,3b
2277,e794401d8fb4c8e24075393d0ad055bd,Ocean-lake-3b,47.0,Bacteria,Proteobacteria,Alphaproteobacteria,Rhodobacterales,Rhodobacteraceae,Unassigned,Unassigned,18S,3b
2278,631cf9e8748f034b3364d70bb36aaf16,Ocean-lake-3b,22.0,Eukaryota,Unassigned,Unassigned,Unassigned,Unassigned,Unassigned,Unassigned,18S,3b
2279,2247b8c99a73e51fbba4f8e9b3d0be37,Ocean-lake-3b,22.0,Eukaryota,Unassigned,Unassigned,Unassigned,Unassigned,Unassigned,Unassigned,18S,3b
2280,c11fd2fb6130d401f827d872491869df,Ocean-lake-3b,9.0,Eukaryota,Unassigned,Unassigned,Unassigned,Unassigned,Unassigned,Unassigned,18S,3b
2281,e66b7071885495d23c269ba155164cdb,Ocean-lake-3b,12.0,Eukaryota,MAST-11,MAST-11,MAST-11,MAST-11,MAST-11,Unassigned,18S,3b
2282,790920cbe7b52a08e9a2b92ee9a59f8e,Ocean-lake-3b,23.0,Eukaryota,Unassigned,Unassigned,Unassigned,Unassigned,Unassigned,Unassigned,18S,3b
2283,23e23b1b3302f2d998c4e940e8cff13b,Ocean-lake-3b,22.0,Eukaryota,Unassigned,Unassigned,Unassigned,Unassigned,Unassigned,Unassigned,18S,3b
2284,f59298fe69161195e7644d28803862f5,Ocean-lake-3b,7.0,Eukaryota,Unassigned,Unassigned,Unassigned,Unassigned,Unassigned,Unassigned,18S,3b
2285,aeabe54d1f5fd3927ca83445360321d7,Ocean-lake-3b,31.0,Bacteria,Gemmatimonadota,BD2-11_terrestrial_group,BD2-11_terrestrial_group,BD2-11_terrestrial_group,BD2-11_terrestrial_group,Unassigned,18S,3b
2286,ab0dacf7d29f3540a1ef767c2444242f,Ocean-lake-3b,10.0,Eukaryota,Protalveolata,Syndiniales,Syndiniales,Syndiniales,Duboscquella,Unassigned,18S,3b
2287,033a8f25ebbbe33d17f5e27ce8f80ee8,Ocean-lake-3b,25.0,Bacteria,Proteobacteria,Alphaproteobacteria,Unassigned,Unassigned,Unassigned,Unassigned,18S,3b
2288,480d3808c72625aae0b1105e51dd01a7,Ocean-lake-3b,16.0,Eukaryota,Unassigned,Unassigned,Unassigned,Unassigned,Unassigned,Unassigned,18S,3b
2289,fee21e7caeca49b5c0b690d31280e5aa,Ocean-lake-3b,14.0,Eukaryota,Unassigned,Unassigned,Unassigned,Unassigned,Unassigned,Unassigned,18S,3b
2290,5d576efb9c3ab408073a93d8825fae11,Ocean-lake-3b,13.0,Eukaryota,Chlorophyta,Unassigned,Unassigned,Unassigned,Unassigned,Unassigned,18S,3b
2291,4b92856c9be63bda72391a99a3b31ec9,Ocean-lake-3b,34.0,Eukaryota,Mollusca,Gastropoda,Caenogastropoda,Caenogastropoda,Caenogastropoda,Unassigned,18S,3b
2292,a7fb5f1d7787b192ba4add18a180649b,Ocean-lake-3b,35.0,Eukaryota,Unassigned,Unassigned,Unassigned,Unassigned,Unassigned,Unassigned,18S,3b
2293,190c155265cb1f34ea1ea26b5693dcfe,Ocean-lake-3b,14.0,Eukaryota,Unassigned,Unassigned,Unassigned,Unassigned,Unassigned,Unassigned,18S,3b
2294,ce61988c45618cb0f79d80807c9b88a9,Ocean-lake-3b,8.0,Eukaryota,Unassigned,Unassigned,Unassigned,Unassigned,Unassigned,Unassigned,18S,3b
2295,8fffca76ee0bcb16ef1c8e4ac2b7ea3e,Ocean-lake-3b,17.0,Eukaryota,Unassigned,Unassigned,Unassigned,Unassigned,Unassigned,Unassigned,18S,3b
2296,396884ee1713f8e928d898c3aa96644a,Ocean-lake-3b,7.0,Eukaryota,Cercozoa,Imbricatea,Imbricatea,Euglyphida,Paulinella,Unassigned,18S,3b
2297,18cf1d4fe4df0977de740f45398824d7,Ocean-lake-3b,13.0,Eukaryota,Mollusca,Bivalvia,Veneroida,Veneroida,Veneroida,Unassigned,18S,3b
2298,f742d5961eed862b0ac311c27f65cccf,Ocean-lake-3b,10.0,Eukaryota,Diatomea,Unassigned,Unassigned,Unassigned,Unassigned,Unassigned,18S,3b
2299,5e3bd9ad02ed16ff51af1d67980143a2,Ocean-lake-3b,18.0,Eukaryota,Unassigned,Unassigned,Unassigned,Unassigned,Unassigned,Unassigned,18S,3b
2300,777da1204eadaba25311dbce10ba1ca0,Ocean-lake-3b,17.0,Eukaryota,Diatomea,Unassigned,Unassigned,Unassigned,Unassigned,Unassigned,18S,3b
2301,a0fb4c06bc207ddc6fece3c6498a9b08,Ocean-lake-3b,24.0,Eukaryota,Ciliophora,Intramacronucleata,Spirotrichea,Euplotia,Euplotes,Unassigned,18S,3b
2302,1d593e51b079b158167f8376e6767507,Ocean-lake-3b,13.0,Eukaryota,Prymnesiophyceae,Unassigned,Unassigned,Unassigned,Unassigned,Unassigned,18S,3b
2303,1690138952324a44c68fb7d8a5689f25,Ocean-lake-3b,17.0,Eukaryota,Unassigned,Unassigned,Unassigned,Unassigned,Unassigned,Unassigned,18S,3b
2304,090f720e89aa01be296da2ef10cfc974,Ocean-lake-3b,15.0,Eukaryota,Diatomea,Unassigned,Unassigned,Unassigned,Unassigned,Unassigned,18S,3b
2305,205b305aa8577d3e7fd5a3bc4622312f,Ocean-lake-3b,14.0,Eukaryota,Dinoflagellata,Dinophyceae,Unassigned,Unassigned,Unassigned,Unassigned,18S,3b
2306,7869e685cb70e032773c9ab2d747f3f4,Ocean-lake-3b,8.0,Eukaryota,Unassigned,Unassigned,Unassigned,Unassigned,Unassigned,Unassigned,18S,3b
2307,0382da67bd9048897ff6d8dde0e90523,Ocean-lake-3b,35.0,Bacteria,Proteobacteria,Gammaproteobacteria,Unassigned,Unassigned,Unassigned,Unassigned,18S,3b
2308,858ae6c8eb1987ee49bca512d68b8ee6,Ocean-lake-3b,13.0,Eukaryota,Unassigned,Unassigned,Unassigned,Unassigned,Unassigned,Unassigned,18S,3b
2309,cc1d8ceb303a8c97f1c7171fe8891153,Ocean-lake-3b,12.0,Eukaryota,Amoebozoa,Discosea,Dactylopodida,Dactylopodida,Parvamoeba,Unassigned,18S,3b
2310,1adb080527f1a466d7ae7c43fbaa3aa5,Ocean-lake-3b,14.0,Eukaryota,Unassigned,Unassigned,Unassigned,Unassigned,Unassigned,Unassigned,18S,3b
2311,4ba56b8d13cf57866bac80c7f9ed4bf6,Ocean-lake-3b,23.0,Eukaryota,Protalveolata,Colpodellida,Colpodellida,Colpodellida,Voromonas,Unassigned,18S,3b
2312,4ce1df289294631406a9c7306ec6e1ef,Ocean-lake-3b,19.0,Eukaryota,Unassigned,Unassigned,Unassigned,Unassigned,Unassigned,Unassigned,18S,3b
2313,48cc4cb3346254de5cf15ff84e23cdbd,Ocean-lake-3b,31.0,Eukaryota,Unassigned,Unassigned,Unassigned,Unassigned,Unassigned,Unassigned,18S,3b
2314,3851e1c2f548886d9efd1b164d1d2de0,Ocean-lake-3b,19.0,Eukaryota,Unassigned,Unassigned,Unassigned,Unassigned,Unassigned,Unassigned,18S,3b
2315,b556d2f95efc662b83372573ab3bd113,Ocean-lake-3b,11.0,Eukaryota,Ciliophora,Intramacronucleata,Spirotrichea,Oligotrichia,Unassigned,Unassigned,18S,3b
2316,34658e3c2a24829c1dfe2b95abf059b8,Ocean-lake-3b,20.0,Eukaryota,Unassigned,Unassigned,Unassigned,Unassigned,Unassigned,Unassigned,18S,3b
2317,15aba17a8ce19d14c2268862c7855843,Ocean-lake-3b,20.0,Eukaryota,Unassigned,Unassigned,Unassigned,Unassigned,Unassigned,Unassigned,18S,3b
2318,465c2a9e08f6dba1f1f351c53a3f3d4a,Ocean-lake-3b,21.0,Eukaryota,Unassigned,Unassigned,Unassigned,Unassigned,Unassigned,Unassigned,18S,3b
2319,0d9c38912c5e408ae4268ec19c59c61b,Ocean-lake-3b,9.0,Eukaryota,Unassigned,Unassigned,Unassigned,Unassigned,Unassigned,Unassigned,18S,3b
2320,62283a15c9f42635f0312610c9b30b77,Ocean-lake-3b,18.0,Eukaryota,Diatomea,Unassigned,Unassigned,Unassigned,Unassigned,Unassigned,18S,3b
2321,a570ddedffb799f408c4a3b97ac2fed8,Ocean-lake-3b,5.0,Eukaryota,Unassigned,Unassigned,Unassigned,Unassigned,Unassigned,Unassigned,18S,3b
2322,4c156f14fd5913af51b163568ad3aaf2,Ocean-lake-3b,14.0,Eukaryota,Unassigned,Unassigned,Unassigned,Unassigned,Unassigned,Unassigned,18S,3b
2323,4dd6399f5471cd351f00d03a9fbc923f,Ocean-lake-3b,19.0,Eukaryota,Unassigned,Unassigned,Unassigned,Unassigned,Unassigned,Unassigned,18S,3b
2324,8885304b83f358a320301d96757d2272,Ocean-lake-3b,11.0,Eukaryota,Unassigned,Unassigned,Unassigned,Unassigned,Unassigned,Unassigned,18S,3b
2325,de5c24643df6bba91b1a176fb1b89f57,Ocean-lake-3b,20.0,Eukaryota,Unassigned,Unassigned,Unassigned,Unassigned,Unassigned,Unassigned,18S,3b
2326,6194f628bf8ed010efbbb0f16b4bac40,Ocean-lake-3b,9.0,Eukaryota,Unassigned,Unassigned,Unassigned,Unassigned,Unassigned,Unassigned,18S,3b
2327,aa59b06f38255fe9d0e002cd3355bb35,Ocean-lake-3b,18.0,Eukaryota,Unassigned,Unassigned,Unassigned,Unassigned,Unassigned,Unassigned,18S,3b
2328,91298a184ed774dc7a47ac40fa857772,Ocean-lake-3b,36.0,Bacteria,Proteobacteria,Gammaproteobacteria,Enterobacterales,Alteromonadaceae,Unassigned,Unassigned,18S,3b
2329,6e86838be84a5142b12380df0dfa3c99,Ocean-lake-3b,8.0,Eukaryota,Unassigned,Unassigned,Unassigned,Unassigned,Unassigned,Unassigned,18S,3b
2330,68a1f3e7733b188c00ef9faa2c2480eb,Ocean-lake-3b,7.0,Eukaryota,Unassigned,Unassigned,Unassigned,Unassigned,Unassigned,Unassigned,18S,3b
2331,200ace0c37c61692dd90ef58e439433b,Ocean-lake-3b,12.0,Eukaryota,Unassigned,Unassigned,Unassigned,Unassigned,Unassigned,Unassigned,18S,3b
2332,7d2e424f26c10b8e6d64425357534847,Ocean-lake-3b,8.0,Eukaryota,Unassigned,Unassigned,Unassigned,Unassigned,Unassigned,Unassigned,18S,3b
2333,dacc39a6f261f9dd5262d28991e8abea,Ocean-lake-3b,11.0,Eukaryota,Chlorophyta,Chlorophyceae,Unassigned,Unassigned,Unassigned,Unassigned,18S,3b
2334,35742d28a8ebc5f8402220e68db8a437,Ocean-lake-3b,33.0,Bacteria,Proteobacteria,Gammaproteobacteria,Pseudomonadales,Unassigned,Unassigned,Unassigned,18S,3b
2335,437df53f06531c61da50f2d7aa36f512,Ocean-lake-3b,11.0,Eukaryota,Unassigned,Unassigned,Unassigned,Unassigned,Unassigned,Unassigned,18S,3b
2336,24bfdbbdb08b71e928ecfb09588b9c94,Ocean-lake-3b,15.0,Eukaryota,Unassigned,Unassigned,Unassigned,Unassigned,Unassigned,Unassigned,18S,3b
2337,84cb56d6f7bba40c8d263ed997332ca4,Ocean-lake-3b,20.0,Eukaryota,Bicosoecida,Bicosoecida,Bicosoecida,Bicosoecida,Pseudobodo,Unassigned,18S,3b
2338,c53a5ff75595b97c40ef438ebc249210,Ocean-lake-3b,29.0,Bacteria,Proteobacteria,Alphaproteobacteria,Rhodobacterales,Rhodobacteraceae,Unassigned,Unassigned,18S,3b
2339,7cb0c4a401545503e398d36dd03cdf55,Ocean-lake-3b,6.0,Eukaryota,Unassigned,Unassigned,Unassigned,Unassigned,Unassigned,Unassigned,18S,3b
2340,e50b4fe40fdd4f75033ae3291b4ef4ed,Ocean-lake-3b,4.0,Eukaryota,Unassigned,Unassigned,Unassigned,Unassigned,Unassigned,Unassigned,18S,3b
2341,3c3c499eae9ef044610b6cf49ca683cf,Ocean-lake-3b,7.0,Eukaryota,Unassigned,Unassigned,Unassigned,Unassigned,Unassigned,Unassigned,18S,3b
2342,ee3f343e5394ecd18b2e646d95e7718f,Ocean-lake-3b,29.0,Eukaryota,Unassigned,Unassigned,Unassigned,Unassigned,Unassigned,Unassigned,18S,3b
2343,d7fc77741bc2f8704f8c537e882dc5a1,Ocean-lake-3b,10.0,Unassigned,Unassigned,Unassigned,Unassigned,Unassigned,Unassigned,Unassigned,18S,3b
2344,730c3f6113e854e32488d2c8e2a351a2,Ocean-lake-3b,13.0,Eukaryota,Unassigned,Unassigned,Unassigned,Unassigned,Unassigned,Unassigned,18S,3b
2345,d5872a99684e015f1ea7bd9a5ea9ec57,Ocean-lake-3b,17.0,Eukaryota,Chlorophyta,Prasinophytae,Pseudoscourfieldiales,Pseudoscourfieldiales,Pycnococcus,Unassigned,18S,3b
2346,3c5cf4981b38cfafc2622d9c95cf4321,Ocean-lake-3b,11.0,Eukaryota,Unassigned,Unassigned,Unassigned,Unassigned,Unassigned,Unassigned,18S,3b
2347,3d02ebf575d9d01eb6a262b81fb83432,Ocean-lake-3b,20.0,Bacteria,Proteobacteria,Alphaproteobacteria,Unassigned,Unassigned,Unassigned,Unassigned,18S,3b
2348,e4cf82bf556c447b4f27264c33019025,Ocean-lake-3b,8.0,Eukaryota,Unassigned,Unassigned,Unassigned,Unassigned,Unassigned,Unassigned,18S,3b
2349,26edc127c8f86624bf3daf6a25ca56f8,Ocean-lake-3b,19.0,Eukaryota,Unassigned,Unassigned,Unassigned,Unassigned,Unassigned,Unassigned,18S,3b
2350,82b23f25d0ae9b348c795d2f0db0eefb,Ocean-lake-3b,4.0,Eukaryota,Unassigned,Unassigned,Unassigned,Unassigned,Unassigned,Unassigned,18S,3b
2351,8ee875c1113b2d390389c173ce2ab00c,Ocean-lake-3b,9.0,Eukaryota,Unassigned,Unassigned,Unassigned,Unassigned,Unassigned,Unassigned,18S,3b
2352,75fe23a37f364881d2c43a7746d42bf3,Ocean-lake-3b,6.0,Eukaryota,Unassigned,Unassigned,Unassigned,Unassigned,Unassigned,Unassigned,18S,3b
2353,7a2121e0697c687cd1fde791084d4b11,Ocean-lake-3b,15.0,Eukaryota,Unassigned,Unassigned,Unassigned,Unassigned,Unassigned,Unassigned,18S,3b
2354,593e3921f078adc38ae405cfe9021a82,Ocean-lake-3b,14.0,Eukaryota,Unassigned,Unassigned,Unassigned,Unassigned,Unassigned,Unassigned,18S,3b
2355,680d9d0cbb0d1cf03f27bbf43fbe0a09,Ocean-lake-3b,5.0,Eukaryota,Ochrophyta,Dictyochophyceae,Pedinellales,Pedinellales,Unassigned,Unassigned,18S,3b
2356,b91e7cd2576f6a30d5c4b494ed6b3d87,Ocean-lake-3b,12.0,Eukaryota,Unassigned,Unassigned,Unassigned,Unassigned,Unassigned,Unassigned,18S,3b
2357,06b6ffdde4fa6fa4242d24efb711b400,Ocean-lake-3b,16.0,Eukaryota,Unassigned,Unassigned,Unassigned,Unassigned,Unassigned,Unassigned,18S,3b
2358,0d0ab8dbd74790df9a43333e6e55aae2,Ocean-lake-3b,7.0,Eukaryota,Pavlovophyceae,Pavlovophyceae,Pavlovophyceae,Pavlovophyceae,Unassigned,Unassigned,18S,3b
2359,7811d390f04811092bc84be0f87a6108,Ocean-lake-3b,21.0,Bacteria,Proteobacteria,Alphaproteobacteria,Rhodobacterales,Rhodobacteraceae,Unassigned,Unassigned,18S,3b
2360,82a931f2c8d25b37eef1a68b61b900cc,Ocean-lake-3b,21.0,Eukaryota,Unassigned,Unassigned,Unassigned,Unassigned,Unassigned,Unassigned,18S,3b
2361,06082b5683ea353df19e6e65872d125b,Ocean-lake-3b,29.0,Eukaryota,Unassigned,Unassigned,Unassigned,Unassigned,Unassigned,Unassigned,18S,3b
2362,b423fec42415d8ecd892d640a9a38716,Ocean-lake-3b,14.0,Eukaryota,Unassigned,Unassigned,Unassigned,Unassigned,Unassigned,Unassigned,18S,3b
2363,2bcd8dc5ec020c0aeaa53e24a6481755,Ocean-lake-3b,18.0,Eukaryota,Unassigned,Unassigned,Unassigned,Unassigned,Unassigned,Unassigned,18S,3b
2364,6a2439cea0c7e31d99bd023c618f2d12,Ocean-lake-3b,10.0,Eukaryota,Unassigned,Unassigned,Unassigned,Unassigned,Unassigned,Unassigned,18S,3b
2365,afcfd826056d0acc39de1647cae0f819,Ocean-lake-3b,9.0,Eukaryota,Unassigned,Unassigned,Unassigned,Unassigned,Unassigned,Unassigned,18S,3b
2366,929667bb23ece42686336f311089ea58,Ocean-lake-3b,27.0,Bacteria,Proteobacteria,Gammaproteobacteria,Unassigned,Unassigned,Unassigned,Unassigned,18S,3b
2367,8082ba5e9dd32fe8a95299608d86cb72,Ocean-lake-3b,16.0,Bacteria,Proteobacteria,Gammaproteobacteria,Unassigned,Unassigned,Unassigned,Unassigned,18S,3b
2368,aa0ebb7ad2342212d92e7d34730f109b,Ocean-lake-3b,15.0,Eukaryota,Euglenozoa,Euglenida,Heteronematina,Heteronematina,Petalomonas,Unassigned,18S,3b
2369,3aabc34a22288c9e28176e3cf7fdb1c2,Ocean-lake-3b,16.0,Eukaryota,Unassigned,Unassigned,Unassigned,Unassigned,Unassigned,Unassigned,18S,3b
2370,8a6f3fde185e19a38f99196325af874d,Ocean-lake-3b,12.0,Eukaryota,Unassigned,Unassigned,Unassigned,Unassigned,Unassigned,Unassigned,18S,3b
2371,bd0d655d0b2463d76ca0146aa9096ee1,Ocean-lake-3b,9.0,Eukaryota,Unassigned,Unassigned,Unassigned,Unassigned,Unassigned,Unassigned,18S,3b
2372,a7f1d2e1f133fad85ea4bc171eeb8653,Ocean-lake-3b,9.0,Eukaryota,Unassigned,Unassigned,Unassigned,Unassigned,Unassigned,Unassigned,18S,3b
2373,a37489b5c934cb152d81f68d5281701c,Ocean-lake-3b,19.0,Eukaryota,Unassigned,Unassigned,Unassigned,Unassigned,Unassigned,Unassigned,18S,3b
2374,f3710a1c1856bf5d344d59cbb3558829,Ocean-lake-3b,9.0,Eukaryota,Unassigned,Unassigned,Unassigned,Unassigned,Unassigned,Unassigned,18S,3b
2375,48f7566154185f806ff47eccbb89c2e7,Ocean-lake-3b,38.0,Bacteria,Proteobacteria,Alphaproteobacteria,Unassigned,Unassigned,Unassigned,Unassigned,18S,3b
2376,c1fc0a0c669f2f10bf698e0d25f2c53b,Ocean-lake-3b,23.0,Eukaryota,Unassigned,Unassigned,Unassigned,Unassigned,Unassigned,Unassigned,18S,3b
2377,331893aac8e7909c789e4d66a991ae28,Ocean-lake-3b,13.0,Eukaryota,Peronosporomycetes,Peronosporomycetes,Peronosporomycetes,Peronosporomycetes,Unassigned,Unassigned,18S,3b
2378,f4c1d161c2f28e12412d57b1d655ae5c,Ocean-lake-3b,6.0,Eukaryota,Unassigned,Unassigned,Unassigned,Unassigned,Unassigned,Unassigned,18S,3b
2379,abeb45696ffa389adb076016c28cd066,Ocean-lake-3b,22.0,Eukaryota,Unassigned,Unassigned,Unassigned,Unassigned,Unassigned,Unassigned,18S,3b
2380,7a2e8eef148cca752b43b8a1b2ce0a89,Ocean-lake-3b,23.0,Bacteria,Proteobacteria,Alphaproteobacteria,Rhodobacterales,Rhodobacteraceae,Unassigned,Unassigned,18S,3b
2381,ee8ac094838ab79685596ab084eb4452,Ocean-lake-3b,8.0,Eukaryota,Unassigned,Unassigned,Unassigned,Unassigned,Unassigned,Unassigned,18S,3b
2382,bb8f33ffde64c98d9ad351c4b63a3c4a,Ocean-lake-3b,7.0,Eukaryota,Unassigned,Unassigned,Unassigned,Unassigned,Unassigned,Unassigned,18S,3b
2383,7a9b5fc74bc6dfcf9a087f6a2e20b64b,Ocean-lake-3b,21.0,Eukaryota,Unassigned,Unassigned,Unassigned,Unassigned,Unassigned,Unassigned,18S,3b
2384,293a0ba12fce1407abc3f2cf43af4d86,Ocean-lake-3b,25.0,Eukaryota,Unassigned,Unassigned,Unassigned,Unassigned,Unassigned,Unassigned,18S,3b
2385,2904dc615f7dd2c53636ffa265a29248,Ocean-lake-3b,16.0,Bacteria,Acidobacteriota,Holophagae,Acanthopleuribacterales,Acanthopleuribacteraceae,Acanthopleuribacter,Unassigned,18S,3b
2386,5259447d71249ee1e34f254d112e219b,Ocean-lake-3b,12.0,Eukaryota,Unassigned,Unassigned,Unassigned,Unassigned,Unassigned,Unassigned,18S,3b
2387,9f4391deb6df8957462c63db89df4bd0,Ocean-lake-3b,9.0,Eukaryota,Unassigned,Unassigned,Unassigned,Unassigned,Unassigned,Unassigned,18S,3b
2388,43d096c767baae4759715e3c5f6ae07b,Ocean-lake-3b,7.0,Eukaryota,Unassigned,Unassigned,Unassigned,Unassigned,Unassigned,Unassigned,18S,3b
2389,da36d333e3302d05b295fb961cc0ced9,Ocean-lake-3b,12.0,Eukaryota,Unassigned,Unassigned,Unassigned,Unassigned,Unassigned,Unassigned,18S,3b
2390,33dbf8cc092f7701dae607237c854648,Ocean-lake-3b,34.0,Eukaryota,Unassigned,Unassigned,Unassigned,Unassigned,Unassigned,Unassigned,18S,3b
2391,ab84fcdeb99025200d71c829cd6f08c1,Ocean-lake-3b,9.0,Eukaryota,Unassigned,Unassigned,Unassigned,Unassigned,Unassigned,Unassigned,18S,3b
2392,24af696ca21bab1d20e32ae650f49ebb,Ocean-lake-3b,6.0,Eukaryota,Unassigned,Unassigned,Unassigned,Unassigned,Unassigned,Unassigned,18S,3b
2393,4b7335dae30f29b90eaadd729f644f97,Ocean-lake-3b,9.0,Eukaryota,Euglenozoa,Euglenida,Heteronematina,Heteronematina,Petalomonas,Unassigned,18S,3b
2394,e60d24861ba225f5a9e60a5d39e7c3c0,Ocean-lake-3b,8.0,Eukaryota,Unassigned,Unassigned,Unassigned,Unassigned,Unassigned,Unassigned,18S,3b
2395,107cb22841e1ea9aa74ee0019f47460f,Ocean-lake-3b,22.0,Eukaryota,Unassigned,Unassigned,Unassigned,Unassigned,Unassigned,Unassigned,18S,3b
2396,0718eac9b69a3004ee61cbc109ec5054,Ocean-lake-3b,9.0,Eukaryota,Euglenozoa,Kinetoplastea,Unassigned,Unassigned,Unassigned,Unassigned,18S,3b
2397,7ebd2f63f2f5f8c47d6afefdb4d139e4,Ocean-lake-3b,6.0,Eukaryota,Unassigned,Unassigned,Unassigned,Unassigned,Unassigned,Unassigned,18S,3b
2398,fd2c2e1d8780fb7bc6c8f02a356456aa,Ocean-lake-3b,5.0,Eukaryota,MAST-1,MAST-1C,MAST-1C,MAST-1C,MAST-1C,Unassigned,18S,3b
2399,558b3776af2b43a5cfa18a892a79e2ba,Ocean-lake-3b,17.0,Eukaryota,Unassigned,Unassigned,Unassigned,Unassigned,Unassigned,Unassigned,18S,3b
2400,41a88b836629e283b37193a109741a65,Ocean-lake-3b,17.0,Eukaryota,Unassigned,Unassigned,Unassigned,Unassigned,Unassigned,Unassigned,18S,3b
2401,d93d0980a0038faa56d86b095351387e,Ocean-lake-3b,4.0,Eukaryota,Unassigned,Unassigned,Unassigned,Unassigned,Unassigned,Unassigned,18S,3b
2402,d09d7e28c41d68364281aa6165f0275e,Ocean-lake-3b,11.0,Bacteria,Proteobacteria,Gammaproteobacteria,Unassigned,Unassigned,Unassigned,Unassigned,18S,3b
2403,d7fb6590271c662391a3ceb918c76c15,Ocean-lake-3b,6.0,Eukaryota,Unassigned,Unassigned,Unassigned,Unassigned,Unassigned,Unassigned,18S,3b
2404,a184275bf86b7d08ab224e78820c89d8,Ocean-lake-3b,7.0,Eukaryota,Unassigned,Unassigned,Unassigned,Unassigned,Unassigned,Unassigned,18S,3b
2405,d5ec59ccefb3a28b3095345cc094dc57,Ocean-lake-3b,7.0,Eukaryota,Unassigned,Unassigned,Unassigned,Unassigned,Unassigned,Unassigned,18S,3b
2406,ecbf9d649a14423b9edea528078a87e1,Ocean-lake-3b,7.0,Eukaryota,Ochrophyta,Raphidophyceae,Chattonellales,Chattonellales,Heterosigma,Unassigned,18S,3b
2407,6c23a44b175d2d2d3519bb282dfecb9d,Ocean-lake-3b,19.0,Eukaryota,Diatomea,Unassigned,Unassigned,Unassigned,Unassigned,Unassigned,18S,3b
2408,b05b858d6670843891f878679a57ff00,Ocean-lake-3b,12.0,Eukaryota,Ciliophora,Intramacronucleata,Spirotrichea,Oligotrichia,Unassigned,Unassigned,18S,3b
2409,5414dc03335fa7b9a5f01d2cb723a68a,Ocean-lake-3b,7.0,Eukaryota,Unassigned,Unassigned,Unassigned,Unassigned,Unassigned,Unassigned,18S,3b
2410,76314e7aba3d034b1c7d253da8158245,Ocean-lake-3b,5.0,Eukaryota,Unassigned,Unassigned,Unassigned,Unassigned,Unassigned,Unassigned,18S,3b
2411,93deaec06f167ed06a33b90bf78aab96,Ocean-lake-3b,3.0,Eukaryota,Unassigned,Unassigned,Unassigned,Unassigned,Unassigned,Unassigned,18S,3b
2412,afe9fda54b1edcbb1a660f95f3c86ec2,Ocean-lake-3b,12.0,Eukaryota,Cercozoa,Granofilosea,Granofilosea,Granofilosea,Massisteria,Unassigned,18S,3b
2413,1174e066351a57eac5e5399ad1b30649,Ocean-lake-3b,6.0,Eukaryota,Unassigned,Unassigned,Unassigned,Unassigned,Unassigned,Unassigned,18S,3b
2414,199d2b1894941a74ff9036443f393a10,Ocean-lake-3b,12.0,Eukaryota,Unassigned,Unassigned,Unassigned,Unassigned,Unassigned,Unassigned,18S,3b
2415,138055b000f64ff977e556b99c53edbc,Ocean-lake-3b,4.0,Unassigned,Unassigned,Unassigned,Unassigned,Unassigned,Unassigned,Unassigned,18S,3b
2416,55924afc1e50f7e4d52e9617eb5ac6d5,Ocean-lake-3b,7.0,Eukaryota,Unassigned,Unassigned,Unassigned,Unassigned,Unassigned,Unassigned,18S,3b
2417,d77c2714f29e8213b7456c0d9c3bce32,Ocean-lake-3b,16.0,Eukaryota,MAST-2,MAST-2,MAST-2,MAST-2,MAST-2,Unassigned,18S,3b
2418,432026cbbeab3e57ece9a5808232b3a8,Ocean-lake-3b,14.0,Eukaryota,Ciliophora,Intramacronucleata,Spirotrichea,Oligotrichia,Unassigned,Unassigned,18S,3b
2419,55251928923e0fbf59477d0a7220fc74,Ocean-lake-3b,8.0,Eukaryota,Unassigned,Unassigned,Unassigned,Unassigned,Unassigned,Unassigned,18S,3b
2420,6d126b46811df601dce91beb4c88b74f,Ocean-lake-3b,5.0,Bacteria,Proteobacteria,Alphaproteobacteria,Unassigned,Unassigned,Unassigned,Unassigned,18S,3b
2421,73795d77bc2fa9f323626cfcc8c225d2,Ocean-lake-3b,6.0,Eukaryota,Unassigned,Unassigned,Unassigned,Unassigned,Unassigned,Unassigned,18S,3b
2422,eb8a6e1b05fb428070c674646043210e,Ocean-lake-3b,28.0,Eukaryota,Unassigned,Unassigned,Unassigned,Unassigned,Unassigned,Unassigned,18S,3b
2423,7c6c4d8817992035093eab11d8eef8cc,Ocean-lake-3b,6.0,Eukaryota,Unassigned,Unassigned,Unassigned,Unassigned,Unassigned,Unassigned,18S,3b
2424,074d481823c37b805792ddf84141a5be,Ocean-lake-3b,12.0,Bacteria,Planctomycetota,Planctomycetes,Planctomycetales,Unassigned,Unassigned,Unassigned,18S,3b
2425,4725788cf0b5e0a3e62435ee4b2507df,Ocean-lake-3b,11.0,Eukaryota,Unassigned,Unassigned,Unassigned,Unassigned,Unassigned,Unassigned,18S,3b
2426,370d03b2d25068adf69197f54a9608ac,Ocean-lake-3b,14.0,Eukaryota,Unassigned,Unassigned,Unassigned,Unassigned,Unassigned,Unassigned,18S,3b
2427,a28ae963c17c76638b8680531ed6f582,Ocean-lake-3b,16.0,Eukaryota,Unassigned,Unassigned,Unassigned,Unassigned,Unassigned,Unassigned,18S,3b
2428,9319e192b358647c3fa41be1e4c3c70d,Ocean-lake-3b,14.0,Eukaryota,Unassigned,Unassigned,Unassigned,Unassigned,Unassigned,Unassigned,18S,3b
2429,001ada8ae6f0ba719e2f19332773c591,Ocean-lake-3b,26.0,Eukaryota,Unassigned,Unassigned,Unassigned,Unassigned,Unassigned,Unassigned,18S,3b
2430,2cb011db38cf67e6f5b72a13b7343c62,Ocean-lake-3b,15.0,Bacteria,Proteobacteria,Gammaproteobacteria,Unassigned,Unassigned,Unassigned,Unassigned,18S,3b
2431,21ee9450dbb05a3c023630e4657526e3,Ocean-lake-3b,14.0,Bacteria,Unassigned,Unassigned,Unassigned,Unassigned,Unassigned,Unassigned,18S,3b
2432,575c6d0958196da3613339fe7ec9737e,Ocean-lake-3b,9.0,Eukaryota,Unassigned,Unassigned,Unassigned,Unassigned,Unassigned,Unassigned,18S,3b
2433,7531ae98c035e9a8222af675d8ac177e,Ocean-lake-3b,7.0,Eukaryota,Unassigned,Unassigned,Unassigned,Unassigned,Unassigned,Unassigned,18S,3b
2434,88985adc5044495d944432a7cc421a05,Ocean-lake-3b,6.0,Eukaryota,Unassigned,Unassigned,Unassigned,Unassigned,Unassigned,Unassigned,18S,3b
2435,3ab341398fecaf9b1e00eb86c0c01b66,Ocean-lake-3b,11.0,Bacteria,Unassigned,Unassigned,Unassigned,Unassigned,Unassigned,Unassigned,18S,3b
2436,e52c4d0255bc0c3727703f8f9a1e1e59,Ocean-lake-3b,4.0,Eukaryota,Unassigned,Unassigned,Unassigned,Unassigned,Unassigned,Unassigned,18S,3b
2437,c989896655675167ce9ff66acbad59f5,Ocean-lake-3b,15.0,Eukaryota,Euglenozoa,Kinetoplastea,Neobodonida,Neobodonida,Rhynchomonas,Unassigned,18S,3b
2438,0a8a9a4152fcffd686df3532adcfdcfb,Ocean-lake-3b,10.0,Eukaryota,Unassigned,Unassigned,Unassigned,Unassigned,Unassigned,Unassigned,18S,3b
2439,b733bb8df1ad3a9f928ff4061efeb082,Ocean-lake-3b,7.0,Eukaryota,Unassigned,Unassigned,Unassigned,Unassigned,Unassigned,Unassigned,18S,3b
2440,bb7eaa3b1dd8f4acf7d550fd6d94520b,Ocean-lake-3b,7.0,Eukaryota,Unassigned,Unassigned,Unassigned,Unassigned,Unassigned,Unassigned,18S,3b
2441,7c4f9a3075d093818ccab3738fce6609,Ocean-lake-3b,5.0,Eukaryota,Unassigned,Unassigned,Unassigned,Unassigned,Unassigned,Unassigned,18S,3b
2442,a8266f8d79ad86062f2e6f23513ef702,Ocean-lake-3b,7.0,Eukaryota,Unassigned,Unassigned,Unassigned,Unassigned,Unassigned,Unassigned,18S,3b
2443,7e7027a64dab33dcaa9f0e4e8ccc577a,Ocean-lake-3b,16.0,Eukaryota,Unassigned,Unassigned,Unassigned,Unassigned,Unassigned,Unassigned,18S,3b
2444,bbcb4dd8541133b289b30a5f3b5bda33,Ocean-lake-3b,11.0,Eukaryota,Unassigned,Unassigned,Unassigned,Unassigned,Unassigned,Unassigned,18S,3b
2445,df62619edccf179c0395f3b49c3ebcee,Ocean-lake-3b,9.0,Bacteria,Verrucomicrobiota,Verrucomicrobiae,Unassigned,Unassigned,Unassigned,Unassigned,18S,3b
2446,f182c50f7e67837caac02f5d4f010f97,Ocean-lake-3b,23.0,Eukaryota,Unassigned,Unassigned,Unassigned,Unassigned,Unassigned,Unassigned,18S,3b
2447,19bdd576558208f478cfa10712c80cac,Ocean-lake-3b,18.0,Bacteria,Campylobacterota,Campylobacteria,Campylobacterales,Arcobacteraceae,Unassigned,Unassigned,18S,3b
2448,b68a0a2e36de2c21550ba449d237fd5e,Ocean-lake-3b,13.0,Eukaryota,Unassigned,Unassigned,Unassigned,Unassigned,Unassigned,Unassigned,18S,3b
2449,cca64896fddbd8ab29a54480c8ad3522,Ocean-lake-3b,12.0,Bacteria,Unassigned,Unassigned,Unassigned,Unassigned,Unassigned,Unassigned,18S,3b
2450,b8e162210f110df01f4d7d3d71e9ea19,Ocean-lake-3b,7.0,Eukaryota,Ochrophyta,Unassigned,Unassigned,Unassigned,Unassigned,Unassigned,18S,3b
2451,a5474dfa421cb324519203600b91c4c7,Ocean-lake-3b,6.0,Eukaryota,Unassigned,Unassigned,Unassigned,Unassigned,Unassigned,Unassigned,18S,3b
2452,248f9708679743190b17e3e09a880166,Ocean-lake-3b,12.0,Bacteria,Proteobacteria,Alphaproteobacteria,Rhodobacterales,Rhodobacteraceae,Unassigned,Unassigned,18S,3b
2453,e17398f3d2727ceca9a65df864638641,Ocean-lake-3b,14.0,Eukaryota,Unassigned,Unassigned,Unassigned,Unassigned,Unassigned,Unassigned,18S,3b
2454,4d6ffed90f01bc0fe8b5bbf2c0c1a069,Ocean-lake-3b,7.0,Eukaryota,Unassigned,Unassigned,Unassigned,Unassigned,Unassigned,Unassigned,18S,3b
2455,827231582bb9222925cd43978d5a9820,Ocean-lake-3b,7.0,Eukaryota,Unassigned,Unassigned,Unassigned,Unassigned,Unassigned,Unassigned,18S,3b
2456,7730cd93b8ad2a3fe6a0086395fa4556,Ocean-lake-3b,4.0,Eukaryota,Unassigned,Unassigned,Unassigned,Unassigned,Unassigned,Unassigned,18S,3b
2457,642ce5de54e1637383fb7be9e1dc4be8,Ocean-lake-3b,21.0,Bacteria,Unassigned,Unassigned,Unassigned,Unassigned,Unassigned,Unassigned,18S,3b
2458,1600cd866f1cc9c3033c19ba5c6e0756,Ocean-lake-3b,11.0,Eukaryota,Unassigned,Unassigned,Unassigned,Unassigned,Unassigned,Unassigned,18S,3b
2459,3078c86413da5902557d7b4b2d8e2cd5,Ocean-lake-3b,7.0,Eukaryota,Annelida,Polychaeta,Spionida,Spionida,Spionida,Unassigned,18S,3b
2460,dd827a6ce2dccbe654048ff363e69646,Ocean-lake-3b,10.0,Eukaryota,Unassigned,Unassigned,Unassigned,Unassigned,Unassigned,Unassigned,18S,3b
2461,853e6cd5a8af1c80c44fa8c5b2615025,Ocean-lake-3b,12.0,Eukaryota,Diatomea,Coscinodiscophytina,Coscinodiscophytina,Coscinodiscophytina,Coscinodiscophytina,Unassigned,18S,3b
2462,83aa5f7273a754f28e7dd7c845c125a3,Ocean-lake-3b,14.0,Eukaryota,Unassigned,Unassigned,Unassigned,Unassigned,Unassigned,Unassigned,18S,3b
2463,33c47d76e75e7295ce7605632d11c937,Ocean-lake-3b,20.0,Bacteria,Unassigned,Unassigned,Unassigned,Unassigned,Unassigned,Unassigned,18S,3b
2464,b25b30945efc9cf57595af5ccb0cf090,Ocean-lake-3b,20.0,Eukaryota,Unassigned,Unassigned,Unassigned,Unassigned,Unassigned,Unassigned,18S,3b
2465,412cad716dea90972bdecd6440fcd0dd,Ocean-lake-3b,12.0,Eukaryota,Euglenozoa,Diplonemea,Diplonemea,Diplonemea,Rhynchopus,Unassigned,18S,3b
2466,86000a713339a9bc40c19973f73c67e2,Ocean-lake-3b,7.0,Eukaryota,Unassigned,Unassigned,Unassigned,Unassigned,Unassigned,Unassigned,18S,3b
2467,685f723b30a534c501d89355cf3c259a,Ocean-lake-3b,7.0,Eukaryota,Unassigned,Unassigned,Unassigned,Unassigned,Unassigned,Unassigned,18S,3b
2468,9b2c931479f4f3b01369116520e11252,Ocean-lake-3b,19.0,Eukaryota,Unassigned,Unassigned,Unassigned,Unassigned,Unassigned,Unassigned,18S,3b
2469,bdf2f5cc0b68abccf9ebbb894e2fa7b1,Ocean-lake-3b,6.0,Eukaryota,Unassigned,Unassigned,Unassigned,Unassigned,Unassigned,Unassigned,18S,3b
2470,51363a9d949ef5951064bc1902a7f86d,Ocean-lake-3b,6.0,Eukaryota,Unassigned,Unassigned,Unassigned,Unassigned,Unassigned,Unassigned,18S,3b
2471,440d8a750d498cb810d806eead850b92,Ocean-lake-3b,4.0,Eukaryota,Unassigned,Unassigned,Unassigned,Unassigned,Unassigned,Unassigned,18S,3b
2472,260b02f3efaf3fe0ad0618540ffd3ade,Ocean-lake-3b,9.0,Eukaryota,Unassigned,Unassigned,Unassigned,Unassigned,Unassigned,Unassigned,18S,3b
2473,151f047d76502281052d03abc5a06589,Ocean-lake-3b,9.0,Eukaryota,Unassigned,Unassigned,Unassigned,Unassigned,Unassigned,Unassigned,18S,3b
2474,75f8b24daefa4ad08a6005b863acf24c,Ocean-lake-3b,9.0,Eukaryota,Unassigned,Unassigned,Unassigned,Unassigned,Unassigned,Unassigned,18S,3b
2475,39339eba57752421c30d9455c76c51e9,Ocean-lake-3b,2.0,Unassigned,Unassigned,Unassigned,Unassigned,Unassigned,Unassigned,Unassigned,18S,3b
2476,e4ecad34d89d857d40948f08489d66c8,Ocean-lake-3b,6.0,Eukaryota,Unassigned,Unassigned,Unassigned,Unassigned,Unassigned,Unassigned,18S,3b
2477,dc9130c89bdd0f9034d33c60fb76d9b8,Ocean-lake-3b,18.0,Eukaryota,Diatomea,Unassigned,Unassigned,Unassigned,Unassigned,Unassigned,18S,3b
2478,15a06a39a3d303e97fdb897795453493,Ocean-lake-3b,8.0,Eukaryota,Apicomplexa,Novel_Apicomplexa_Class_1,Novel_Apicomplexa_Class_1,Novel_Apicomplexa_Class_1,Novel_Apicomplexa_Class_1,Unassigned,18S,3b
2479,dd7b8336fa1c8e27739951961a6ba170,Ocean-lake-3b,8.0,Eukaryota,Unassigned,Unassigned,Unassigned,Unassigned,Unassigned,Unassigned,18S,3b
2480,d60b43f982769c4b9380fbfeb3dc8097,Ocean-lake-3b,8.0,Eukaryota,Unassigned,Unassigned,Unassigned,Unassigned,Unassigned,Unassigned,18S,3b
2481,b3d72a7e9a7ea7c8bef9773269db6a1e,Ocean-lake-3b,8.0,Eukaryota,Unassigned,Unassigned,Unassigned,Unassigned,Unassigned,Unassigned,18S,3b
2482,a665c07a0f44fe56473af40e589dbf8e,Ocean-lake-3b,5.0,Eukaryota,Unassigned,Unassigned,Unassigned,Unassigned,Unassigned,Unassigned,18S,3b
2483,883a93eebd230fbd94601c52ef6e9fa4,Ocean-lake-3b,10.0,Eukaryota,Ciliophora,Intramacronucleata,Spirotrichea,Choreotrichia,Unassigned,Unassigned,18S,3b
2484,490d0a51d526979f3de8a6087d3de1b6,Ocean-lake-3b,17.0,Eukaryota,Diatomea,Unassigned,Unassigned,Unassigned,Unassigned,Unassigned,18S,3b
2485,8ec33a4b142b40fa0bcc98fb4e86b10d,Ocean-lake-3b,17.0,Bacteria,Unassigned,Unassigned,Unassigned,Unassigned,Unassigned,Unassigned,18S,3b
2486,35a5059878d7b4b11ded91876cf19347,Ocean-lake-3b,10.0,Eukaryota,Unassigned,Unassigned,Unassigned,Unassigned,Unassigned,Unassigned,18S,3b
2487,1b3ef6b97081fd18e076fbe00c5fb619,Ocean-lake-3b,7.0,Eukaryota,Unassigned,Unassigned,Unassigned,Unassigned,Unassigned,Unassigned,18S,3b
2488,e14ee96d29d3f2f738d8753c118a3f8c,Ocean-lake-3b,7.0,Eukaryota,Unassigned,Unassigned,Unassigned,Unassigned,Unassigned,Unassigned,18S,3b
2489,f763aaa00d323b6182b685b676b99299,Ocean-lake-3b,6.0,Eukaryota,Unassigned,Unassigned,Unassigned,Unassigned,Unassigned,Unassigned,18S,3b
2490,fb0aabb750347e0886cdbce049bf339a,Ocean-lake-3b,5.0,Eukaryota,Unassigned,Unassigned,Unassigned,Unassigned,Unassigned,Unassigned,18S,3b
2491,1e966eac008d89667aec709b577bdd25,Ocean-lake-3b,2.0,Eukaryota,Unassigned,Unassigned,Unassigned,Unassigned,Unassigned,Unassigned,18S,3b
2492,0ee0094089c1c74f03549ddac2d6fd4a,Ocean-lake-3b,4.0,Eukaryota,Unassigned,Unassigned,Unassigned,Unassigned,Unassigned,Unassigned,18S,3b
2493,47f35a0fb95ed75ed01a59cf99c0273c,Ocean-lake-3b,10.0,Eukaryota,Unassigned,Unassigned,Unassigned,Unassigned,Unassigned,Unassigned,18S,3b
2494,1d51f4bcff0cb82beb59b95094e064ea,Ocean-lake-3b,16.0,Bacteria,Proteobacteria,Alphaproteobacteria,Unassigned,Unassigned,Unassigned,Unassigned,18S,3b
2495,57d9a8f6455205908ee63c662ff458a0,Ocean-lake-3b,7.0,Eukaryota,Unassigned,Unassigned,Unassigned,Unassigned,Unassigned,Unassigned,18S,3b
2496,e72156ee583ddb2902c075155829fe3c,Ocean-lake-3b,6.0,Eukaryota,Unassigned,Unassigned,Unassigned,Unassigned,Unassigned,Unassigned,18S,3b
2497,77c9807af82eeea524de84df7e85bb57,Ocean-lake-3b,8.0,Bacteria,Unassigned,Unassigned,Unassigned,Unassigned,Unassigned,Unassigned,18S,3b
2498,0aa262199d866954bcb811514d955f36,Ocean-lake-3b,10.0,Eukaryota,Ciliophora,Intramacronucleata,Conthreep,Oligohymenophorea,Unassigned,Unassigned,18S,3b
2499,cc0db572ffb7791678dcb3f9d491d343,Ocean-lake-3b,15.0,Eukaryota,Unassigned,Unassigned,Unassigned,Unassigned,Unassigned,Unassigned,18S,3b
2500,c60b1c0c6188baefad59a266bb9b0657,Ocean-lake-3b,9.0,Eukaryota,Unassigned,Unassigned,Unassigned,Unassigned,Unassigned,Unassigned,18S,3b
2501,cca34026c439da5a991d6b9c4d55e138,Ocean-lake-3b,7.0,Eukaryota,Unassigned,Unassigned,Unassigned,Unassigned,Unassigned,Unassigned,18S,3b
2502,db6cbf0a50dbdbb789b3301db4d6486c,Ocean-lake-3b,5.0,Eukaryota,Unassigned,Unassigned,Unassigned,Unassigned,Unassigned,Unassigned,18S,3b
2503,c57b699d153eca0f2504fb5f1c2883d2,Ocean-lake-3b,2.0,Unassigned,Unassigned,Unassigned,Unassigned,Unassigned,Unassigned,Unassigned,18S,3b
2504,482460bc3bc13d273c9ac889177907cf,Ocean-lake-3b,5.0,Eukaryota,Unassigned,Unassigned,Unassigned,Unassigned,Unassigned,Unassigned,18S,3b
2505,44deabeca0435400a9e2671393286a93,Ocean-lake-3b,14.0,Eukaryota,Diatomea,Unassigned,Unassigned,Unassigned,Unassigned,Unassigned,18S,3b
2506,56cb83d5db1784dfe089b6d2542180b0,Ocean-lake-3b,14.0,Eukaryota,Unassigned,Unassigned,Unassigned,Unassigned,Unassigned,Unassigned,18S,3b
2507,348765bfb7973cbb4b624f996558ad8e,Ocean-lake-3b,14.0,Eukaryota,Unassigned,Unassigned,Unassigned,Unassigned,Unassigned,Unassigned,18S,3b
2508,48e8c0fcf2bd02b6c0a61602d9f10639,Ocean-lake-3b,14.0,Eukaryota,Euglenozoa,Diplonemea,Diplonemea,Diplonemea,Rhynchopus,Unassigned,18S,3b
2509,6626b5d1d5c65308a2a835cbc10b1e98,Ocean-lake-3b,8.0,Eukaryota,Unassigned,Unassigned,Unassigned,Unassigned,Unassigned,Unassigned,18S,3b
2510,30e60e47c1c105fc427e2c8f1f77f1e8,Ocean-lake-3b,7.0,Eukaryota,Unassigned,Unassigned,Unassigned,Unassigned,Unassigned,Unassigned,18S,3b
2511,90a6b56b25665721b2f2b5f0ec444899,Ocean-lake-3b,7.0,Eukaryota,Unassigned,Unassigned,Unassigned,Unassigned,Unassigned,Unassigned,18S,3b
2512,1690134d73477da11efcdadd2d63ebc6,Ocean-lake-3b,7.0,Eukaryota,Ciliophora,Intramacronucleata,Conthreep,Colpodea,Aristerostoma,Unassigned,18S,3b
2513,069ec039f5f2c93516582b30de2e8d21,Ocean-lake-3b,5.0,Eukaryota,Unassigned,Unassigned,Unassigned,Unassigned,Unassigned,Unassigned,18S,3b
2514,0e591c3637b423bc3296dc0b85a7f1c8,Ocean-lake-3b,5.0,Eukaryota,Unassigned,Unassigned,Unassigned,Unassigned,Unassigned,Unassigned,18S,3b
2515,79d7dcd11a581cd753ee823654301948,Ocean-lake-3b,5.0,Eukaryota,Unassigned,Unassigned,Unassigned,Unassigned,Unassigned,Unassigned,18S,3b
2516,d78f0e3346f34979f298e807af5bbf02,Ocean-lake-3b,3.0,Eukaryota,Chlorophyta,Prasinophytae,Prasinococcales,Prasinococcales,Prasinococcus,Unassigned,18S,3b
2517,0f4a6086ff746ebcc19e99326cde7a97,Ocean-lake-3b,7.0,Eukaryota,Unassigned,Unassigned,Unassigned,Unassigned,Unassigned,Unassigned,18S,3b
2518,dfa951b8f3ddef21eac20ddf4e5c89aa,Ocean-lake-3b,7.0,Eukaryota,Unassigned,Unassigned,Unassigned,Unassigned,Unassigned,Unassigned,18S,3b
2519,b458c2871b0699bc3681fc242d73e3d9,Ocean-lake-3b,9.0,Eukaryota,Unassigned,Unassigned,Unassigned,Unassigned,Unassigned,Unassigned,18S,3b
2520,711fef25e2d4e44b6bf52e1b83473973,Ocean-lake-3b,13.0,Eukaryota,Unassigned,Unassigned,Unassigned,Unassigned,Unassigned,Unassigned,18S,3b
2521,b1b75e762245f74d18fd62c658df4755,Ocean-lake-3b,13.0,Eukaryota,Unassigned,Unassigned,Unassigned,Unassigned,Unassigned,Unassigned,18S,3b
2522,fee61d67adcfd47d2549facdb73e1cce,Ocean-lake-3b,13.0,Eukaryota,Diatomea,Unassigned,Unassigned,Unassigned,Unassigned,Unassigned,18S,3b
2523,298754e511b1d98091a9fbdde21992f1,Ocean-lake-3b,13.0,Eukaryota,Unassigned,Unassigned,Unassigned,Unassigned,Unassigned,Unassigned,18S,3b
2524,11aa037e3ba3455ad3613029a6f81c6b,Ocean-lake-3b,13.0,Eukaryota,MAST-7,MAST-7D,MAST-7D,MAST-7D,MAST-7D,Unassigned,18S,3b
2525,15983a57574743700ae73693545af5be,Ocean-lake-3b,8.0,Eukaryota,Unassigned,Unassigned,Unassigned,Unassigned,Unassigned,Unassigned,18S,3b
2526,a5534a77c195e18df83136e5b6c82353,Ocean-lake-3b,7.0,Eukaryota,Unassigned,Unassigned,Unassigned,Unassigned,Unassigned,Unassigned,18S,3b
2527,b7977b6778796df1055b4102139c6c45,Ocean-lake-3b,7.0,Eukaryota,Unassigned,Unassigned,Unassigned,Unassigned,Unassigned,Unassigned,18S,3b
2528,33ed6f68b05f39be2c30b68a1c9ecb64,Ocean-lake-3b,6.0,Eukaryota,Incertae_Sedis,Incertae_Sedis,Incertae_Sedis,Incertae_Sedis,Palpitomonas,Unassigned,18S,3b
2529,9b7c9ef469088fa9fbffdc01ed60eebe,Ocean-lake-3b,6.0,Eukaryota,Unassigned,Unassigned,Unassigned,Unassigned,Unassigned,Unassigned,18S,3b
2530,302d665374996b81ddc8a396689a1b7e,Ocean-lake-3b,6.0,Eukaryota,Unassigned,Unassigned,Unassigned,Unassigned,Unassigned,Unassigned,18S,3b
2531,11bab044775c1ea81edfb04a0d4b7445,Ocean-lake-3b,5.0,Eukaryota,Unassigned,Unassigned,Unassigned,Unassigned,Unassigned,Unassigned,18S,3b
2532,ae8a345da6b8e4914324151020c4a9d7,Ocean-lake-3b,12.0,Eukaryota,Unassigned,Unassigned,Unassigned,Unassigned,Unassigned,Unassigned,18S,3b
2533,cff547105301d03cd48581e0564f5b68,Ocean-lake-3b,12.0,Bacteria,Proteobacteria,Alphaproteobacteria,Unassigned,Unassigned,Unassigned,Unassigned,18S,3b
2534,03a3931f0505102970811a03eb55fbcd,Ocean-lake-3b,12.0,Eukaryota,Unassigned,Unassigned,Unassigned,Unassigned,Unassigned,Unassigned,18S,3b
2535,d139ca840e98ffb6979e44d3145f07c2,Ocean-lake-3b,12.0,Bacteria,Proteobacteria,Alphaproteobacteria,Unassigned,Unassigned,Unassigned,Unassigned,18S,3b
2536,6480b25d6fb74d804a08095ae2b0c514,Ocean-lake-3b,6.0,Eukaryota,Unassigned,Unassigned,Unassigned,Unassigned,Unassigned,Unassigned,18S,3b
2537,5e5566183f0d6d3165ea2ba829b2946a,Ocean-lake-3b,6.0,Eukaryota,Unassigned,Unassigned,Unassigned,Unassigned,Unassigned,Unassigned,18S,3b
2538,9e251db5a70d1672d4dfe284d5d683e8,Ocean-lake-3b,5.0,Eukaryota,Amoebozoa,Tubulinea,Euamoebida,Euamoebida,Euamoebida,Unassigned,18S,3b
2539,6f56a52e85141ce4bc4c25d183f7201d,Ocean-lake-3b,11.0,Bacteria,Verrucomicrobiota,Verrucomicrobiae,Opitutales,Puniceicoccaceae,Verruc-01,Unassigned,18S,3b
2540,1526581eb113668981e71b7bf0dcc890,Ocean-lake-3b,11.0,Eukaryota,Diatomea,Unassigned,Unassigned,Unassigned,Unassigned,Unassigned,18S,3b
2541,2ea840cb2bb04e3e840211f3119f99f3,Ocean-lake-3b,11.0,Eukaryota,Unassigned,Unassigned,Unassigned,Unassigned,Unassigned,Unassigned,18S,3b
2542,59258596d1f2bdc91b74bcefdb9bcb75,Ocean-lake-3b,11.0,Bacteria,Desulfobacterota,Desulfuromonadia,Desulfuromonadales,Unassigned,Unassigned,Unassigned,18S,3b
2543,59dcdfd59edf790d3f3f1d6ee4568906,Ocean-lake-3b,11.0,Bacteria,Unassigned,Unassigned,Unassigned,Unassigned,Unassigned,Unassigned,18S,3b
2544,7b78b3fe9f0bf22949d1c2fb2200ecc9,Ocean-lake-3b,7.0,Eukaryota,Unassigned,Unassigned,Unassigned,Unassigned,Unassigned,Unassigned,18S,3b
2545,3475b98cb02b5268fab46b9e73842a9f,Ocean-lake-3b,7.0,Eukaryota,Unassigned,Unassigned,Unassigned,Unassigned,Unassigned,Unassigned,18S,3b
2546,3bfe5b67ae63f88caad09d7d13c93c09,Ocean-lake-3b,7.0,Eukaryota,Unassigned,Unassigned,Unassigned,Unassigned,Unassigned,Unassigned,18S,3b
2547,4fc00b927ce5da763b036db9a20c246f,Ocean-lake-3b,6.0,Eukaryota,Unassigned,Unassigned,Unassigned,Unassigned,Unassigned,Unassigned,18S,3b
2548,0a7aa37e12ece3aaebbcf8b84c9b1e31,Ocean-lake-3b,6.0,Eukaryota,Unassigned,Unassigned,Unassigned,Unassigned,Unassigned,Unassigned,18S,3b
2549,557704606d0239c7f3af6daf07d2013f,Ocean-lake-3b,5.0,Eukaryota,Unassigned,Unassigned,Unassigned,Unassigned,Unassigned,Unassigned,18S,3b
2550,0a04f5c37a64d758c373a9174131a7d7,Ocean-lake-3b,4.0,Eukaryota,Unassigned,Unassigned,Unassigned,Unassigned,Unassigned,Unassigned,18S,3b
2551,0605d560e935ef25f45ad8e1d4f5db81,Ocean-lake-3b,3.0,Eukaryota,Unassigned,Unassigned,Unassigned,Unassigned,Unassigned,Unassigned,18S,3b
2552,0aeeb949d479de84d56b9f06275092f1,Ocean-lake-3b,10.0,Eukaryota,Amoebozoa,Discosea,Dactylopodida,Dactylopodida,Parvamoeba,Unassigned,18S,3b
2553,4b754ba82de05e92de17d9d628d92846,Ocean-lake-3b,10.0,Eukaryota,Unassigned,Unassigned,Unassigned,Unassigned,Unassigned,Unassigned,18S,3b
2554,a2b09bc6ae52ca334862c0280369dc28,Ocean-lake-3b,10.0,Bacteria,Proteobacteria,Gammaproteobacteria,Unassigned,Unassigned,Unassigned,Unassigned,18S,3b
2555,d4fd28a32a8343fe14e2314024ca3a73,Ocean-lake-3b,10.0,Bacteria,Proteobacteria,Alphaproteobacteria,Unassigned,Unassigned,Unassigned,Unassigned,18S,3b
2556,94b075484196591d1160a734bd3d7547,Ocean-lake-3b,10.0,Eukaryota,Unassigned,Unassigned,Unassigned,Unassigned,Unassigned,Unassigned,18S,3b
2557,77e5b3e0ff68f3df8c8aa33024606fb6,Ocean-lake-3b,6.0,Eukaryota,Unassigned,Unassigned,Unassigned,Unassigned,Unassigned,Unassigned,18S,3b
2558,6e6893e629ae4e1d475e539f42e29597,Ocean-lake-3b,5.0,Eukaryota,Unassigned,Unassigned,Unassigned,Unassigned,Unassigned,Unassigned,18S,3b
2559,7aa18244ac797317f11c356e34cd8143,Ocean-lake-3b,3.0,Unassigned,Unassigned,Unassigned,Unassigned,Unassigned,Unassigned,Unassigned,18S,3b
2560,41154192a17ddbdfa522c28ea690a01c,Ocean-lake-3b,4.0,Eukaryota,Unassigned,Unassigned,Unassigned,Unassigned,Unassigned,Unassigned,18S,3b
2561,dacc601f4272536aa692dfd2dece28d5,Ocean-lake-3b,9.0,Eukaryota,Unassigned,Unassigned,Unassigned,Unassigned,Unassigned,Unassigned,18S,3b
2562,8dea32fdd0063c0762eab7f539ba5d6e,Ocean-lake-3b,9.0,Eukaryota,Unassigned,Unassigned,Unassigned,Unassigned,Unassigned,Unassigned,18S,3b
2563,0870d57a11f719364559c06ffe7b808a,Ocean-lake-3b,9.0,Eukaryota,Unassigned,Unassigned,Unassigned,Unassigned,Unassigned,Unassigned,18S,3b
2564,0c943d2bbafcd5518eddbb28f6aeca4f,Ocean-lake-3b,9.0,Eukaryota,Unassigned,Unassigned,Unassigned,Unassigned,Unassigned,Unassigned,18S,3b
2565,bc659685a6adf9cb1f06d7f0ca2d3f0c,Ocean-lake-3b,9.0,Eukaryota,Unassigned,Unassigned,Unassigned,Unassigned,Unassigned,Unassigned,18S,3b
2566,05889e84485bd28095d2644a7ac31505,Ocean-lake-3b,9.0,Eukaryota,Unassigned,Unassigned,Unassigned,Unassigned,Unassigned,Unassigned,18S,3b
2567,0705bc2723a04aed2d51b79caa5a88a5,Ocean-lake-3b,5.0,Eukaryota,Unassigned,Unassigned,Unassigned,Unassigned,Unassigned,Unassigned,18S,3b
2568,2597ab9220eee7d7575630c0bc778d6d,Ocean-lake-3b,4.0,Eukaryota,Unassigned,Unassigned,Unassigned,Unassigned,Unassigned,Unassigned,18S,3b
2569,48a366c2451711b85464150efcaa082b,Ocean-lake-3b,4.0,Eukaryota,Unassigned,Unassigned,Unassigned,Unassigned,Unassigned,Unassigned,18S,3b
2570,cf1d00e2d84cd719ad4279409a0b4193,Ocean-lake-3b,5.0,Eukaryota,Unassigned,Unassigned,Unassigned,Unassigned,Unassigned,Unassigned,18S,3b
2571,0fcf3c183c62a613b1df188e9dc98ccf,Ocean-lake-3b,6.0,Eukaryota,Unassigned,Unassigned,Unassigned,Unassigned,Unassigned,Unassigned,18S,3b
2572,4838192baaa77ac8fc93fcf7e9651dde,Ocean-lake-3b,8.0,Eukaryota,Unassigned,Unassigned,Unassigned,Unassigned,Unassigned,Unassigned,18S,3b
2573,e5bec77ed893ca580a0edae6fed2e83c,Ocean-lake-3b,8.0,Eukaryota,Unassigned,Unassigned,Unassigned,Unassigned,Unassigned,Unassigned,18S,3b
2574,ff25079e03de58cc1a17b98a8328faf3,Ocean-lake-3b,8.0,Eukaryota,Cnidaria,Anthozoa,Actiniaria,Actiniaria,Actiniaria,Unassigned,18S,3b
2575,20280e7592121063d5e54092bbcdf192,Ocean-lake-3b,8.0,Eukaryota,Unassigned,Unassigned,Unassigned,Unassigned,Unassigned,Unassigned,18S,3b
2576,a22fa4e17519e847243b3a2fe9e8c84b,Ocean-lake-3b,8.0,Eukaryota,Unassigned,Unassigned,Unassigned,Unassigned,Unassigned,Unassigned,18S,3b
2577,1d910a77fc373a01c41b989836e2b4f3,Ocean-lake-3b,8.0,Eukaryota,Unassigned,Unassigned,Unassigned,Unassigned,Unassigned,Unassigned,18S,3b
2578,56095ac7bba34a68454615515bcbb714,Ocean-lake-3b,8.0,Eukaryota,Unassigned,Unassigned,Unassigned,Unassigned,Unassigned,Unassigned,18S,3b
2579,6487a5a409978995e92a9e70f9281d12,Ocean-lake-3b,8.0,Eukaryota,Unassigned,Unassigned,Unassigned,Unassigned,Unassigned,Unassigned,18S,3b
2580,d77a6e5fffd79b8828f6e0e1567d3f83,Ocean-lake-3b,8.0,Eukaryota,Unassigned,Unassigned,Unassigned,Unassigned,Unassigned,Unassigned,18S,3b
2581,7fbfc7c8fe4f781a3a528826eaf739f7,Ocean-lake-3b,8.0,Eukaryota,Unassigned,Unassigned,Unassigned,Unassigned,Unassigned,Unassigned,18S,3b
2582,773a68483f43693684062fff2a62555e,Ocean-lake-3b,8.0,Eukaryota,Unassigned,Unassigned,Unassigned,Unassigned,Unassigned,Unassigned,18S,3b
2583,3bedb039006122c388d838e78423aab0,Ocean-lake-3b,8.0,Eukaryota,Unassigned,Unassigned,Unassigned,Unassigned,Unassigned,Unassigned,18S,3b
2584,9d142c99fdfba31b4f8331e9e598d168,Ocean-lake-3b,8.0,Eukaryota,Unassigned,Unassigned,Unassigned,Unassigned,Unassigned,Unassigned,18S,3b
2585,47484f43ba8af97889f8b56bb5b0f758,Ocean-lake-3b,8.0,Eukaryota,Unassigned,Unassigned,Unassigned,Unassigned,Unassigned,Unassigned,18S,3b
2586,be31aa8091887ba3c694de89db8da954,Ocean-lake-3b,4.0,Eukaryota,Unassigned,Unassigned,Unassigned,Unassigned,Unassigned,Unassigned,18S,3b
2587,432879af2b1577ab873974148bd99ef0,Ocean-lake-3b,7.0,Eukaryota,Unassigned,Unassigned,Unassigned,Unassigned,Unassigned,Unassigned,18S,3b
2588,b308fcff1a279860736cf4e85b58fdc8,Ocean-lake-3b,7.0,Eukaryota,Unassigned,Unassigned,Unassigned,Unassigned,Unassigned,Unassigned,18S,3b
2589,4d5693a1c0465b9e02450b1714321db9,Ocean-lake-3b,7.0,Eukaryota,Unassigned,Unassigned,Unassigned,Unassigned,Unassigned,Unassigned,18S,3b
2590,322006d23b73203aecc59649c27fdd5b,Ocean-lake-3b,7.0,Eukaryota,Diatomea,Unassigned,Unassigned,Unassigned,Unassigned,Unassigned,18S,3b
2591,58336b2e13279ec5b0107efa2635c393,Ocean-lake-3b,7.0,Bacteria,Unassigned,Unassigned,Unassigned,Unassigned,Unassigned,Unassigned,18S,3b
2592,211fba793ca85486ef962085f742a804,Ocean-lake-3b,7.0,Eukaryota,Unassigned,Unassigned,Unassigned,Unassigned,Unassigned,Unassigned,18S,3b
2593,3cb53ce5e340602ce6110d5eff174711,Ocean-lake-3b,7.0,Eukaryota,Unassigned,Unassigned,Unassigned,Unassigned,Unassigned,Unassigned,18S,3b
2594,781fa1ef72bc700f666f54b4e1a88281,Ocean-lake-3b,7.0,Eukaryota,Unassigned,Unassigned,Unassigned,Unassigned,Unassigned,Unassigned,18S,3b
2595,dec357536c7f7eb43a1e1137dc82e118,Ocean-lake-3b,7.0,Bacteria,Proteobacteria,Alphaproteobacteria,Unassigned,Unassigned,Unassigned,Unassigned,18S,3b
2596,bb0bbcc1007362641f7cfdc8d9e8ae85,Ocean-lake-3b,7.0,Eukaryota,Unassigned,Unassigned,Unassigned,Unassigned,Unassigned,Unassigned,18S,3b
2597,f10a2aa550482e73dc536f304360956f,Ocean-lake-3b,7.0,Eukaryota,Euglenozoa,Diplonemea,Diplonemea,Diplonemea,Rhynchopus,Unassigned,18S,3b
2598,7504da70bde3ffe820eea9a8eb4b919d,Ocean-lake-3b,7.0,Eukaryota,Unassigned,Unassigned,Unassigned,Unassigned,Unassigned,Unassigned,18S,3b
2599,d2ed16c31f384229659cd9193b9f177d,Ocean-lake-3b,7.0,Eukaryota,Unassigned,Unassigned,Unassigned,Unassigned,Unassigned,Unassigned,18S,3b
2600,8d8e3a12db1ac95501a1b58529ffafb6,Ocean-lake-3b,4.0,Eukaryota,Unassigned,Unassigned,Unassigned,Unassigned,Unassigned,Unassigned,18S,3b
2601,8434f86e9a809ae900cac1b004796c0b,Ocean-lake-3b,4.0,Eukaryota,Unassigned,Unassigned,Unassigned,Unassigned,Unassigned,Unassigned,18S,3b
2602,038eeb3b893240d375ccd064fcda9811,Ocean-lake-3b,3.0,Eukaryota,Chlorophyta,Ulvophyceae,Unassigned,Unassigned,Unassigned,Unassigned,18S,3b
2603,042dc16f9764daf7f3fbb327a3adb034,Ocean-lake-3b,2.0,Eukaryota,Unassigned,Unassigned,Unassigned,Unassigned,Unassigned,Unassigned,18S,3b
2604,44fe5e75641cbd3787d922e2014516da,Ocean-lake-3b,6.0,Eukaryota,Unassigned,Unassigned,Unassigned,Unassigned,Unassigned,Unassigned,18S,3b
2605,c12ecc877b731e306b1777b42db0621a,Ocean-lake-3b,6.0,Eukaryota,Unassigned,Unassigned,Unassigned,Unassigned,Unassigned,Unassigned,18S,3b
2606,3f7a69f11111e12bc418cfae3b733ef5,Ocean-lake-3b,6.0,Eukaryota,Unassigned,Unassigned,Unassigned,Unassigned,Unassigned,Unassigned,18S,3b
2607,09d738d650cd351cefd2acf08e57a012,Ocean-lake-3b,6.0,Eukaryota,Unassigned,Unassigned,Unassigned,Unassigned,Unassigned,Unassigned,18S,3b
2608,734c42fe964f7d0b4d909baf75b4f420,Ocean-lake-3b,6.0,Eukaryota,Unassigned,Unassigned,Unassigned,Unassigned,Unassigned,Unassigned,18S,3b
2609,51b896e3caa9caee8bf8424f86f3b883,Ocean-lake-3b,6.0,Eukaryota,Unassigned,Unassigned,Unassigned,Unassigned,Unassigned,Unassigned,18S,3b
2610,ebf660ed482d0522044f762e71b7ab37,Ocean-lake-3b,6.0,Eukaryota,Unassigned,Unassigned,Unassigned,Unassigned,Unassigned,Unassigned,18S,3b
2611,480415199fa8deb73e68d9190f9fa68f,Ocean-lake-3b,6.0,Eukaryota,Unassigned,Unassigned,Unassigned,Unassigned,Unassigned,Unassigned,18S,3b
2612,fe013b01fba92ad7629c182f36b888a8,Ocean-lake-3b,6.0,Eukaryota,Unassigned,Unassigned,Unassigned,Unassigned,Unassigned,Unassigned,18S,3b
2613,578929be6a74317e50a2361e572e6832,Ocean-lake-3b,6.0,Eukaryota,Unassigned,Unassigned,Unassigned,Unassigned,Unassigned,Unassigned,18S,3b
2614,4e6749877583307d4c58d99fc6771e3e,Ocean-lake-3b,6.0,Eukaryota,Unassigned,Unassigned,Unassigned,Unassigned,Unassigned,Unassigned,18S,3b
2615,838f72f0ae558d1dc824d4f9a86b818e,Ocean-lake-3b,6.0,Eukaryota,Ciliophora,Intramacronucleata,Spirotrichea,Spirotrichea,Protocruzia,Unassigned,18S,3b
2616,56f3f23a62db55808b388ef675536c0c,Ocean-lake-3b,6.0,Eukaryota,Euglenozoa,Diplonemea,Diplonemea,Diplonemea,Rhynchopus,Unassigned,18S,3b
2617,1889482723131a338200deea8d331192,Ocean-lake-3b,6.0,Eukaryota,Unassigned,Unassigned,Unassigned,Unassigned,Unassigned,Unassigned,18S,3b
2618,87cf096a3010978b36c9b6dc5496fdf1,Ocean-lake-3b,4.0,Eukaryota,Unassigned,Unassigned,Unassigned,Unassigned,Unassigned,Unassigned,18S,3b
2619,431bf1b52556519be0a71c90c6bf2664,Ocean-lake-3b,5.0,Eukaryota,Unassigned,Unassigned,Unassigned,Unassigned,Unassigned,Unassigned,18S,3b
2620,1c954ea8a1207dedd837aae7180e371e,Ocean-lake-3b,5.0,Eukaryota,Unassigned,Unassigned,Unassigned,Unassigned,Unassigned,Unassigned,18S,3b
2621,8030f3ce595ae570c0f1515fa20a7fef,Ocean-lake-3b,5.0,Eukaryota,Unassigned,Unassigned,Unassigned,Unassigned,Unassigned,Unassigned,18S,3b
2622,a04dcd085d74ef5f0dc858976796054a,Ocean-lake-3b,5.0,Eukaryota,Unassigned,Unassigned,Unassigned,Unassigned,Unassigned,Unassigned,18S,3b
2623,6d208b64e76192dc7ffb725d0568a49e,Ocean-lake-3b,5.0,Eukaryota,Unassigned,Unassigned,Unassigned,Unassigned,Unassigned,Unassigned,18S,3b
2624,dfe2da212b39f41ae2c4a776bfdc4d74,Ocean-lake-3b,5.0,Bacteria,Planctomycetota,Phycisphaerae,Phycisphaerales,Phycisphaeraceae,Phycisphaera,Unassigned,18S,3b
2625,882d8eff3ddd6d04d49f335ed0d7c754,Ocean-lake-3b,5.0,Eukaryota,Unassigned,Unassigned,Unassigned,Unassigned,Unassigned,Unassigned,18S,3b
2626,ba2dac5e5bd6c4028529028a9f9434c1,Ocean-lake-3b,5.0,Eukaryota,Unassigned,Unassigned,Unassigned,Unassigned,Unassigned,Unassigned,18S,3b
2627,af85f17bfbac4c6962fdf950b8523522,Ocean-lake-3b,5.0,Eukaryota,Nematozoa,Chromadorea,Monhysterida,Monhysterida,Monhysterida,Unassigned,18S,3b
2628,9b54b1ad6d7c69f75d6e4d842233d9c3,Ocean-lake-3b,5.0,Eukaryota,Amoebozoa,Tubulinea,Euamoebida,Euamoebida,Hartmannella,Unassigned,18S,3b
2629,30f3a378f23f6d59a5f06f4ad7a0a4cb,Ocean-lake-3b,5.0,Eukaryota,Unassigned,Unassigned,Unassigned,Unassigned,Unassigned,Unassigned,18S,3b
2630,4c6f0240a6564f630d57e629523fda4f,Ocean-lake-3b,5.0,Eukaryota,Unassigned,Unassigned,Unassigned,Unassigned,Unassigned,Unassigned,18S,3b
2631,dd295ff07348a2c17ca6688a343fdd63,Ocean-lake-3b,5.0,Eukaryota,Ochrophyta,Phaeophyceae,Ectocarpales,Ectocarpales,Unassigned,Unassigned,18S,3b
2632,9f0ce2d91eb7fae71a10a27490b51ed6,Ocean-lake-3b,5.0,Eukaryota,Unassigned,Unassigned,Unassigned,Unassigned,Unassigned,Unassigned,18S,3b
2633,0f224ce2af1f0f89f6f70b39c48e57dc,Ocean-lake-3b,5.0,Eukaryota,Unassigned,Unassigned,Unassigned,Unassigned,Unassigned,Unassigned,18S,3b
2634,ef6244effaaf207ac5722ac028c28459,Ocean-lake-3b,5.0,Eukaryota,Euglenozoa,Euglenida,Heteronematina,Heteronematina,Petalomonas,Unassigned,18S,3b
2635,a0e6ad06d92dbdc7de855819b7015856,Ocean-lake-3b,5.0,Eukaryota,Unassigned,Unassigned,Unassigned,Unassigned,Unassigned,Unassigned,18S,3b
2636,b466ada8a7491607196acc78a2322eda,Ocean-lake-3b,5.0,Eukaryota,Unassigned,Unassigned,Unassigned,Unassigned,Unassigned,Unassigned,18S,3b
2637,9b4d9c0f7b0119f7b490545c20365abd,Ocean-lake-3b,5.0,Bacteria,Acidobacteriota,Holophagae,Subgroup_7,Subgroup_7,Subgroup_7,Unassigned,18S,3b
2638,384520566e87953b8ac60dee98fea154,Ocean-lake-3b,5.0,Eukaryota,Unassigned,Unassigned,Unassigned,Unassigned,Unassigned,Unassigned,18S,3b
2639,10f4fb0d5904313ebd3c396ec158767e,Ocean-lake-3b,5.0,Eukaryota,Unassigned,Unassigned,Unassigned,Unassigned,Unassigned,Unassigned,18S,3b
2640,de639011d942f767b9fac5dc71ddb03d,Ocean-lake-3b,5.0,Bacteria,Unassigned,Unassigned,Unassigned,Unassigned,Unassigned,Unassigned,18S,3b
2641,bcaa457d42a9d69e15139c6b72120164,Ocean-lake-3b,5.0,Eukaryota,Unassigned,Unassigned,Unassigned,Unassigned,Unassigned,Unassigned,18S,3b
2642,9bc8af1a77201db1cb5faa1d1012f4ef,Ocean-lake-3b,3.0,Eukaryota,Unassigned,Unassigned,Unassigned,Unassigned,Unassigned,Unassigned,18S,3b
2643,7f8cde84613ecf241de49ab67972f515,Ocean-lake-3b,4.0,Eukaryota,Unassigned,Unassigned,Unassigned,Unassigned,Unassigned,Unassigned,18S,3b
2644,784375371f2de80166c32a63ad78b179,Ocean-lake-3b,4.0,Eukaryota,Unassigned,Unassigned,Unassigned,Unassigned,Unassigned,Unassigned,18S,3b
2645,b2badb4161a48ef895c3e1eb2fe74293,Ocean-lake-3b,4.0,Eukaryota,Unassigned,Unassigned,Unassigned,Unassigned,Unassigned,Unassigned,18S,3b
2646,111ba913b0315ca5fa7086c7c6eadf2a,Ocean-lake-3b,4.0,Eukaryota,Unassigned,Unassigned,Unassigned,Unassigned,Unassigned,Unassigned,18S,3b
2647,5408a95cd92eb9878abd91ee0e84c184,Ocean-lake-3b,4.0,Eukaryota,Unassigned,Unassigned,Unassigned,Unassigned,Unassigned,Unassigned,18S,3b
2648,85119eb924b071bc6a24dffe0f116e67,Ocean-lake-3b,4.0,Eukaryota,Unassigned,Unassigned,Unassigned,Unassigned,Unassigned,Unassigned,18S,3b
2649,1090ccc7eeedff34b25668c5a83aa7e2,Ocean-lake-3b,4.0,Eukaryota,Unassigned,Unassigned,Unassigned,Unassigned,Unassigned,Unassigned,18S,3b
2650,56876ac94494ff48a1dc89ccdd9beb2b,Ocean-lake-3b,4.0,Eukaryota,Unassigned,Unassigned,Unassigned,Unassigned,Unassigned,Unassigned,18S,3b
2651,c8066d6e39e120b7d79adfdf3631670f,Ocean-lake-3b,4.0,Eukaryota,Unassigned,Unassigned,Unassigned,Unassigned,Unassigned,Unassigned,18S,3b
2652,3c7a15f79a9072f8eebd1f0491b65ca9,Ocean-lake-3b,4.0,Eukaryota,Unassigned,Unassigned,Unassigned,Unassigned,Unassigned,Unassigned,18S,3b
2653,e77b84f08bcdbed4d8f7fbd1d50e6ca7,Ocean-lake-3b,4.0,Eukaryota,Unassigned,Unassigned,Unassigned,Unassigned,Unassigned,Unassigned,18S,3b
2654,a79cd66714db3d6bfc075efd7a1fe36e,Ocean-lake-3b,4.0,Eukaryota,Unassigned,Unassigned,Unassigned,Unassigned,Unassigned,Unassigned,18S,3b
2655,1810d193df384c164d688c410e72b136,Ocean-lake-3b,4.0,Eukaryota,Unassigned,Unassigned,Unassigned,Unassigned,Unassigned,Unassigned,18S,3b
2656,9951b421070d1f37ce689444d5cb5feb,Ocean-lake-3b,4.0,Eukaryota,Unassigned,Unassigned,Unassigned,Unassigned,Unassigned,Unassigned,18S,3b
2657,b40c9e7ca20c4cc34de997bef311a00e,Ocean-lake-3b,4.0,Eukaryota,Unassigned,Unassigned,Unassigned,Unassigned,Unassigned,Unassigned,18S,3b
2658,71a8e8fad333b416804e194daddec52d,Ocean-lake-3b,4.0,Eukaryota,Diatomea,Mediophyceae,Mediophyceae,Mediophyceae,Helicotheca,Unassigned,18S,3b
2659,021f8ac0bbc28a7ed846680cff597ff3,Ocean-lake-3b,3.0,Eukaryota,Unassigned,Unassigned,Unassigned,Unassigned,Unassigned,Unassigned,18S,3b
2660,1fcdc091e80e8b40c3d627a1d251ef16,Ocean-lake-3b,3.0,Eukaryota,Unassigned,Unassigned,Unassigned,Unassigned,Unassigned,Unassigned,18S,3b
2661,c22f8bfc4cbf9a3fe9153378838d20fd,Ocean-lake-3b,3.0,Eukaryota,Unassigned,Unassigned,Unassigned,Unassigned,Unassigned,Unassigned,18S,3b
2662,b936869067e3394f6468964ea77d3ce5,Ocean-lake-3b,3.0,Eukaryota,Unassigned,Unassigned,Unassigned,Unassigned,Unassigned,Unassigned,18S,3b
2663,8b522bac68cbb8e5cd33774e5f4b1bf1,Ocean-lake-3b,3.0,Eukaryota,Euglenozoa,Euglenida,Heteronematina,Heteronematina,Petalomonas,Unassigned,18S,3b
2664,5564efbfe3951cbc48d11e8505a937d6,Ocean-lake-3b,3.0,Bacteria,Unassigned,Unassigned,Unassigned,Unassigned,Unassigned,Unassigned,18S,3b
2665,e11c8b0d15a14c1e3e1a716d8e32e47a,Ocean-lake-3b,3.0,Eukaryota,Unassigned,Unassigned,Unassigned,Unassigned,Unassigned,Unassigned,18S,3b
2666,87cb665414cbbce75d5156f43efb85f6,Ocean-lake-3b,3.0,Eukaryota,Unassigned,Unassigned,Unassigned,Unassigned,Unassigned,Unassigned,18S,3b
2667,da84d68a95a2cdfc0011fa2b64ec025e,Ocean-lake-3b,3.0,Eukaryota,Unassigned,Unassigned,Unassigned,Unassigned,Unassigned,Unassigned,18S,3b
2668,2a699cf4310db66130436af43ee3e343,Ocean-lake-3b,3.0,Eukaryota,Unassigned,Unassigned,Unassigned,Unassigned,Unassigned,Unassigned,18S,3b
2669,5773aa0527f3762002f5940c1055bb97,Ocean-lake-3b,3.0,Eukaryota,Unassigned,Unassigned,Unassigned,Unassigned,Unassigned,Unassigned,18S,3b
2670,dbb60070731531ededca98f803b05f9c,Ocean-lake-3b,3.0,Eukaryota,Unassigned,Unassigned,Unassigned,Unassigned,Unassigned,Unassigned,18S,3b
2671,ee98d125ed68660b56e60699e3872610,Ocean-lake-3b,3.0,Eukaryota,Retaria,Foraminifera,Rotaliida,Rotaliidae,Ammonia,Unassigned,18S,3b
2672,57c98d4dd29bc2bf331b0b77fa50ad85,Ocean-lake-3b,3.0,Bacteria,Unassigned,Unassigned,Unassigned,Unassigned,Unassigned,Unassigned,18S,3b
2673,6b5bd93742ec89a832a20a21e1febb5e,Ocean-lake-3b,3.0,Eukaryota,Unassigned,Unassigned,Unassigned,Unassigned,Unassigned,Unassigned,18S,3b
2674,c67c86f0bc72aeee8973a995ad34a6b9,Ocean-lake-3b,3.0,Eukaryota,Unassigned,Unassigned,Unassigned,Unassigned,Unassigned,Unassigned,18S,3b
2675,d2d671191bdd42d6ab5452baa294e86b,Ocean-lake-3b,3.0,Eukaryota,Unassigned,Unassigned,Unassigned,Unassigned,Unassigned,Unassigned,18S,3b
2676,9aee9ae7d89bd7b300b2c2f5979c5414,Ocean-lake-3b,3.0,Eukaryota,Unassigned,Unassigned,Unassigned,Unassigned,Unassigned,Unassigned,18S,3b
2677,f93999946efbd585d750f147f050fe86,Ocean-lake-3b,3.0,Bacteria,Unassigned,Unassigned,Unassigned,Unassigned,Unassigned,Unassigned,18S,3b
2678,90094d94869c4a5479c86f5e83e1221e,Ocean-lake-3b,3.0,Eukaryota,Apicomplexa,Conoidasida,Gregarinasina,Eugregarinorida,Lankesteria,Unassigned,18S,3b
2679,a516e1c42f4105221e73e59501d256ee,Ocean-lake-3b,2.0,Eukaryota,Unassigned,Unassigned,Unassigned,Unassigned,Unassigned,Unassigned,18S,3b
2680,dc7b03072c8caafa7c3560ad43053c74,Ocean-lake-3b,2.0,Eukaryota,Unassigned,Unassigned,Unassigned,Unassigned,Unassigned,Unassigned,18S,3b
2681,83e6568bd67d410253a5c52f0a50a57d,Ocean-lake-3b,2.0,Eukaryota,Unassigned,Unassigned,Unassigned,Unassigned,Unassigned,Unassigned,18S,3b
2682,23daaa913c7a34108a1e39b6f2b4e96e,Ocean-lake-3b,2.0,Eukaryota,Unassigned,Unassigned,Unassigned,Unassigned,Unassigned,Unassigned,18S,3b
2683,3ef3fb2ce69d8b83a8bddfad5dd20b01,Ocean-lake-3b,1.0,Eukaryota,Unassigned,Unassigned,Unassigned,Unassigned,Unassigned,Unassigned,18S,3b
2684,580f28aa5d1f44a43a6dfff991ec40d1,Ocean-lake-4a,83.0,Eukaryota,Diatomea,Mediophyceae,Mediophyceae,Mediophyceae,Cyclotella,Unassigned,18S,4a
2685,00d87d56475b26569d129f896e82aa2a,Ocean-lake-4a,4731.0,Eukaryota,Unassigned,Unassigned,Unassigned,Unassigned,Unassigned,Unassigned,18S,4a
2686,0f3cd48f1c94814b7154f25164019d34,Ocean-lake-4a,986.0,Eukaryota,Chlorophyta,Unassigned,Unassigned,Unassigned,Unassigned,Unassigned,18S,4a
2687,11b9d90019b1ad2132d54d18269e8cfe,Ocean-lake-4a,5830.0,Eukaryota,Diatomea,Unassigned,Unassigned,Unassigned,Unassigned,Unassigned,18S,4a
2688,4f4c9cb45479dbc207642b01c955e0fa,Ocean-lake-4a,3741.0,Eukaryota,Unassigned,Unassigned,Unassigned,Unassigned,Unassigned,Unassigned,18S,4a
2689,641eb4995a896167800364fac0199771,Ocean-lake-4a,4745.0,Eukaryota,Diatomea,Unassigned,Unassigned,Unassigned,Unassigned,Unassigned,18S,4a
2690,36e18a0abb8e178aacb6b8d60e81cdeb,Ocean-lake-4a,4435.0,Eukaryota,Diatomea,Mediophyceae,Mediophyceae,Mediophyceae,Unassigned,Unassigned,18S,4a
2691,362a6ba72853b7391b69a89202880f19,Ocean-lake-4a,4507.0,Eukaryota,Unassigned,Unassigned,Unassigned,Unassigned,Unassigned,Unassigned,18S,4a
2692,18413b6284bf33c6689416d6fc6156a8,Ocean-lake-4a,5843.0,Eukaryota,Arthropoda,Maxillopoda,Unassigned,Unassigned,Unassigned,Unassigned,18S,4a
2693,18a9d6afc3c93243247135d371538854,Ocean-lake-4a,4568.0,Eukaryota,Arthropoda,Maxillopoda,Calanoida,Calanoida,Calanoida,Unassigned,18S,4a
2694,12a76450d16948a8424ab366731f715d,Ocean-lake-4a,75.0,Eukaryota,Ciliophora,Intramacronucleata,Spirotrichea,Oligotrichia,Unassigned,Unassigned,18S,4a
2695,9851e629ac302bd5ac2de6dc0f3b8cca,Ocean-lake-4a,82.0,Eukaryota,Unassigned,Unassigned,Unassigned,Unassigned,Unassigned,Unassigned,18S,4a
2696,c0691781ea88ce1153419a83c817d0ec,Ocean-lake-4a,5190.0,Eukaryota,Unassigned,Unassigned,Unassigned,Unassigned,Unassigned,Unassigned,18S,4a
2697,79fc87d51594551637b3c9a1b628b4c8,Ocean-lake-4a,72.0,Eukaryota,Diatomea,Unassigned,Unassigned,Unassigned,Unassigned,Unassigned,18S,4a
2698,d28a43868d75da51cd2bc954d2708d37,Ocean-lake-4a,438.0,Eukaryota,Chlorophyta,Unassigned,Unassigned,Unassigned,Unassigned,Unassigned,18S,4a
2699,5cf8c03e23441ef96ea64d4f8b542ff3,Ocean-lake-4a,17.0,Eukaryota,Diatomea,Mediophyceae,Mediophyceae,Mediophyceae,Cyclotella,Unassigned,18S,4a
2700,9332492778cbdb84fd1d132ba70983f4,Ocean-lake-4a,3561.0,Eukaryota,Unassigned,Unassigned,Unassigned,Unassigned,Unassigned,Unassigned,18S,4a
2701,b25479981dec680371abe9f534f783b4,Ocean-lake-4a,2689.0,Eukaryota,Cnidaria,Hydrozoa,Narcomedusae,Narcomedusae,Narcomedusae,Unassigned,18S,4a
2702,72baa20d784fde5d3dcb25d911c2e21b,Ocean-lake-4a,51.0,Eukaryota,Ciliophora,Intramacronucleata,Litostomatea,Mesodiniidae,Myrionecta,Unassigned,18S,4a
2703,62824215cd97d2b529c7cf5ae8c2b26c,Ocean-lake-4a,1889.0,Eukaryota,Diatomea,Unassigned,Unassigned,Unassigned,Unassigned,Unassigned,18S,4a
2704,54b9cb16e9c28b31d912974a63cda3fa,Ocean-lake-4a,1366.0,Bacteria,Proteobacteria,Alphaproteobacteria,Rhodobacterales,Rhodobacteraceae,Unassigned,Unassigned,18S,4a
2705,bb779716d4afd189826419b97fbd360e,Ocean-lake-4a,2032.0,Eukaryota,Cnidaria,Anthozoa,Actiniaria,Actiniaria,Actiniaria,Unassigned,18S,4a
2706,4bd7686246b011632d9ac3ad56fe1340,Ocean-lake-4a,1200.0,Eukaryota,Diatomea,Unassigned,Unassigned,Unassigned,Unassigned,Unassigned,18S,4a
2707,e065568334097ec85cc9969e9fcd4c52,Ocean-lake-4a,906.0,Eukaryota,Diatomea,Mediophyceae,Mediophyceae,Mediophyceae,Unassigned,Unassigned,18S,4a
2708,79b80a9e964aa828c2358040d4cd6055,Ocean-lake-4a,1331.0,Eukaryota,Diatomea,Unassigned,Unassigned,Unassigned,Unassigned,Unassigned,18S,4a
2709,963dccae77b7bcdbbc801ac2006ea06b,Ocean-lake-4a,513.0,Eukaryota,Chlorophyta,Unassigned,Unassigned,Unassigned,Unassigned,Unassigned,18S,4a
2710,dfeeec98582bbb9b7e5d46ab011ec2f8,Ocean-lake-4a,1326.0,Eukaryota,Unassigned,Unassigned,Unassigned,Unassigned,Unassigned,Unassigned,18S,4a
2711,6ff74f833001b8bda3ae466cc74443e2,Ocean-lake-4a,1096.0,Eukaryota,Dinoflagellata,Dinophyceae,Unassigned,Unassigned,Unassigned,Unassigned,18S,4a
2712,275d2c56e4eb8e2d2f76ca1c88070ed5,Ocean-lake-4a,902.0,Eukaryota,Diatomea,Unassigned,Unassigned,Unassigned,Unassigned,Unassigned,18S,4a
2713,4bd35bdafb83c7036b00c35b95d62155,Ocean-lake-4a,986.0,Eukaryota,Unassigned,Unassigned,Unassigned,Unassigned,Unassigned,Unassigned,18S,4a
2714,2e98441c022e12c3684c69120268e659,Ocean-lake-4a,754.0,Eukaryota,Diatomea,Unassigned,Unassigned,Unassigned,Unassigned,Unassigned,18S,4a
2715,2896738f0180cd89b521f067935a907c,Ocean-lake-4a,639.0,Eukaryota,Diatomea,Mediophyceae,Mediophyceae,Mediophyceae,Unassigned,Unassigned,18S,4a
2716,ca468d0ccd3952a9c029ccc6fe1bf866,Ocean-lake-4a,720.0,Eukaryota,Cryptophyceae,Cryptophyceae,Cryptomonadales,Cryptomonadales,Proteomonas,Unassigned,18S,4a
2717,2fbc153fb7151998bd7a89612af7c275,Ocean-lake-4a,477.0,Eukaryota,Diatomea,Mediophyceae,Mediophyceae,Mediophyceae,Cyclotella,Unassigned,18S,4a
2718,c0052a2c8816af3e266a88509e677647,Ocean-lake-4a,97.0,Eukaryota,Cryptophyceae,Cryptophyceae,Cryptomonadales,Cryptomonadales,Unassigned,Unassigned,18S,4a
2719,270e3ebdba5f2f118a6b44c5196c7927,Ocean-lake-4a,667.0,Eukaryota,Diatomea,Mediophyceae,Mediophyceae,Mediophyceae,Unassigned,Unassigned,18S,4a
2720,2ac05d08c6a1ce3a8e7d895c908446b6,Ocean-lake-4a,398.0,Eukaryota,Diatomea,Unassigned,Unassigned,Unassigned,Unassigned,Unassigned,18S,4a
2721,fe0be9c4c94a2f5b92833a7f3a058f81,Ocean-lake-4a,567.0,Eukaryota,Unassigned,Unassigned,Unassigned,Unassigned,Unassigned,Unassigned,18S,4a
2722,e6778d8c8b656feb62fa1a08d4a415d4,Ocean-lake-4a,589.0,Eukaryota,Diatomea,Mediophyceae,Mediophyceae,Mediophyceae,Cyclotella,Unassigned,18S,4a
2723,b9d316b62c26dd2f707f9268e78d2453,Ocean-lake-4a,583.0,Eukaryota,Unassigned,Unassigned,Unassigned,Unassigned,Unassigned,Unassigned,18S,4a
2724,691d9a9fc06a7ce445c76da37fd37667,Ocean-lake-4a,10.0,Eukaryota,Arthropoda,Merostomata,Xiphosura,Xiphosura,Xiphosura,Unassigned,18S,4a
2725,4315ede208a3a8807e4c801bee149b52,Ocean-lake-4a,632.0,Eukaryota,Unassigned,Unassigned,Unassigned,Unassigned,Unassigned,Unassigned,18S,4a
2726,f67a8366e94d0ce6336da755d4840b1c,Ocean-lake-4a,489.0,Eukaryota,Annelida,Polychaeta,Opheliidae,Opheliidae,Opheliidae,Unassigned,18S,4a
2727,8decf24f3265392ce5db056a8eb384dd,Ocean-lake-4a,772.0,Eukaryota,Unassigned,Unassigned,Unassigned,Unassigned,Unassigned,Unassigned,18S,4a
2728,be10876daf3f0efa3a6b999588d26b1b,Ocean-lake-4a,571.0,Eukaryota,Ochrophyta,Unassigned,Unassigned,Unassigned,Unassigned,Unassigned,18S,4a
2729,0bb0d1fef309c2f5741c8c3169811956,Ocean-lake-4a,723.0,Eukaryota,Cnidaria,Anthozoa,Actiniaria,Actiniaria,Actiniaria,Unassigned,18S,4a
2730,77fb44f13e224b10695b3e0393e7e023,Ocean-lake-4a,488.0,Eukaryota,Diatomea,Unassigned,Unassigned,Unassigned,Unassigned,Unassigned,18S,4a
2731,0251cba9d7a557cc834fc529e57abd5a,Ocean-lake-4a,566.0,Eukaryota,Diatomea,Unassigned,Unassigned,Unassigned,Unassigned,Unassigned,18S,4a
2732,35aa7857c08eb30047078a04bb47d264,Ocean-lake-4a,248.0,Eukaryota,Unassigned,Unassigned,Unassigned,Unassigned,Unassigned,Unassigned,18S,4a
2733,aa15a9057145927bd63020eb35e3ce89,Ocean-lake-4a,665.0,Eukaryota,Mollusca,Gastropoda,Heterobranchia,Heterobranchia,Heterobranchia,Unassigned,18S,4a
2734,d21f58b9cf454b66a69f7f6e1bdb194c,Ocean-lake-4a,238.0,Eukaryota,Chlorophyta,Unassigned,Unassigned,Unassigned,Unassigned,Unassigned,18S,4a
2735,217179b39d45e01a48601fed9babedda,Ocean-lake-4a,463.0,Eukaryota,Diatomea,Unassigned,Unassigned,Unassigned,Unassigned,Unassigned,18S,4a
2736,81f20d82f959f2d49102e82838a5e087,Ocean-lake-4a,281.0,Eukaryota,Unassigned,Unassigned,Unassigned,Unassigned,Unassigned,Unassigned,18S,4a
2737,cc234b4faf915065edcaaaff2d073f75,Ocean-lake-4a,406.0,Eukaryota,Diatomea,Unassigned,Unassigned,Unassigned,Unassigned,Unassigned,18S,4a
2738,283fbd2db78cbc98c7e439b2fd7a50f1,Ocean-lake-4a,390.0,Eukaryota,Diatomea,Unassigned,Unassigned,Unassigned,Unassigned,Unassigned,18S,4a
2739,3d4028354245891607ff9fa5f2672dd0,Ocean-lake-4a,421.0,Eukaryota,Diatomea,Unassigned,Unassigned,Unassigned,Unassigned,Unassigned,18S,4a
2740,2395388649e148e485d91691f96a40ad,Ocean-lake-4a,363.0,Eukaryota,Unassigned,Unassigned,Unassigned,Unassigned,Unassigned,Unassigned,18S,4a
2741,aded8c2b36e9aef098620936415159e5,Ocean-lake-4a,410.0,Eukaryota,Diatomea,Unassigned,Unassigned,Unassigned,Unassigned,Unassigned,18S,4a
2742,0b543c0c40978c7fc40c3c1c3776b91f,Ocean-lake-4a,461.0,Eukaryota,Chlorophyta,Chlorodendrophyceae,Chlorodendrales,Chlorodendrales,Tetraselmis,Unassigned,18S,4a
2743,726847c7fa00c6b6d2967e79d1e9bef7,Ocean-lake-4a,341.0,Eukaryota,Diatomea,Unassigned,Unassigned,Unassigned,Unassigned,Unassigned,18S,4a
2744,51f83732c981b84db35fef1e254fbcc0,Ocean-lake-4a,377.0,Eukaryota,Unassigned,Unassigned,Unassigned,Unassigned,Unassigned,Unassigned,18S,4a
2745,9c7cbfdec9ab9111530b3e293a65f5ba,Ocean-lake-4a,558.0,Eukaryota,Arthropoda,Maxillopoda,Unassigned,Unassigned,Unassigned,Unassigned,18S,4a
2746,ab94a9797484003f2b4cdeca338c2ea5,Ocean-lake-4a,364.0,Eukaryota,Diatomea,Unassigned,Unassigned,Unassigned,Unassigned,Unassigned,18S,4a
2747,e4b0e84a8adc341edc92edfe98736607,Ocean-lake-4a,7.0,Eukaryota,Unassigned,Unassigned,Unassigned,Unassigned,Unassigned,Unassigned,18S,4a
2748,2347494ad514d3dd65dfc64724e87c65,Ocean-lake-4a,325.0,Eukaryota,Unassigned,Unassigned,Unassigned,Unassigned,Unassigned,Unassigned,18S,4a
2749,d15aadc43756db07e4d08c26c22b17d4,Ocean-lake-4a,408.0,Eukaryota,Unassigned,Unassigned,Unassigned,Unassigned,Unassigned,Unassigned,18S,4a
2750,a22f7f13083056f4c8b52d45ac4d2e25,Ocean-lake-4a,400.0,Eukaryota,Cryptophyceae,Cryptophyceae,Cryptomonadales,Cryptomonadales,Geminigera,Unassigned,18S,4a
2751,99e7d6aa29edda081eddeb3b2e06f3e2,Ocean-lake-4a,46.0,Eukaryota,Unassigned,Unassigned,Unassigned,Unassigned,Unassigned,Unassigned,18S,4a
2752,95cb6db7810c7f942b099fc370041a08,Ocean-lake-4a,263.0,Eukaryota,Diatomea,Unassigned,Unassigned,Unassigned,Unassigned,Unassigned,18S,4a
2753,cc10ece26c54a14f92cbffbca355907b,Ocean-lake-4a,330.0,Eukaryota,Unassigned,Unassigned,Unassigned,Unassigned,Unassigned,Unassigned,18S,4a
2754,a909b738a5c3258bae5f5e042731bf6b,Ocean-lake-4a,331.0,Eukaryota,Diatomea,Unassigned,Unassigned,Unassigned,Unassigned,Unassigned,18S,4a
2755,9c9e5e54672f1a6138df7abb9e93875d,Ocean-lake-4a,271.0,Eukaryota,Ciliophora,Intramacronucleata,Spirotrichea,Oligotrichia,Unassigned,Unassigned,18S,4a
2756,3bdbc0aa2e4a36f0a4cd614286221e40,Ocean-lake-4a,356.0,Eukaryota,Diatomea,Unassigned,Unassigned,Unassigned,Unassigned,Unassigned,18S,4a
2757,49c55ecba1cb9195a85f8c7030ef3baf,Ocean-lake-4a,392.0,Eukaryota,Annelida,Polychaeta,Scolecida,Orbiniidae,Orbiniidae,Unassigned,18S,4a
2758,c296125dd721a933e13cf066d872c672,Ocean-lake-4a,344.0,Eukaryota,Unassigned,Unassigned,Unassigned,Unassigned,Unassigned,Unassigned,18S,4a
2759,9b077f6526cca320cbf5d6c83011de3f,Ocean-lake-4a,179.0,Eukaryota,Unassigned,Unassigned,Unassigned,Unassigned,Unassigned,Unassigned,18S,4a
2760,60a22df06e0f68feda0a0e9c46a7730e,Ocean-lake-4a,139.0,Eukaryota,Unassigned,Unassigned,Unassigned,Unassigned,Unassigned,Unassigned,18S,4a
2761,6944d7fb7815e31542f3848504c27f78,Ocean-lake-4a,156.0,Eukaryota,Chlorophyta,Unassigned,Unassigned,Unassigned,Unassigned,Unassigned,18S,4a
2762,53fd7a7af21f46acf0cf14c981e9b503,Ocean-lake-4a,175.0,Eukaryota,Unassigned,Unassigned,Unassigned,Unassigned,Unassigned,Unassigned,18S,4a
2763,647591d4f18dffc0c4862f4ca5fd7024,Ocean-lake-4a,140.0,Eukaryota,Unassigned,Unassigned,Unassigned,Unassigned,Unassigned,Unassigned,18S,4a
2764,56d853e8fe3407811e24cf56fccabb7d,Ocean-lake-4a,300.0,Eukaryota,Unassigned,Unassigned,Unassigned,Unassigned,Unassigned,Unassigned,18S,4a
2765,fb85370d2ee1191d117480b24ec4df13,Ocean-lake-4a,119.0,Bacteria,Proteobacteria,Gammaproteobacteria,Enterobacterales,Alteromonadaceae,Unassigned,Unassigned,18S,4a
2766,781621b0523875bfe67d3ace738bd570,Ocean-lake-4a,226.0,Eukaryota,Diatomea,Unassigned,Unassigned,Unassigned,Unassigned,Unassigned,18S,4a
2767,73ad7a2023674652c7ad4118b70ff5ca,Ocean-lake-4a,259.0,Eukaryota,Unassigned,Unassigned,Unassigned,Unassigned,Unassigned,Unassigned,18S,4a
2768,11cee1204353cf96fcdcf0ff3418ffbc,Ocean-lake-4a,209.0,Eukaryota,Unassigned,Unassigned,Unassigned,Unassigned,Unassigned,Unassigned,18S,4a
2769,c09b6d24e273ab8419df14fc2bcba46d,Ocean-lake-4a,192.0,Eukaryota,Unassigned,Unassigned,Unassigned,Unassigned,Unassigned,Unassigned,18S,4a
2770,20efebd42c56288df21850cfaf69e787,Ocean-lake-4a,222.0,Eukaryota,Unassigned,Unassigned,Unassigned,Unassigned,Unassigned,Unassigned,18S,4a
2771,6d7718c6544758451d6e0769ac835a7e,Ocean-lake-4a,211.0,Eukaryota,Unassigned,Unassigned,Unassigned,Unassigned,Unassigned,Unassigned,18S,4a
2772,0e570dde32288c8c6ad72cde66d87438,Ocean-lake-4a,10.0,Eukaryota,Euglenozoa,Euglenida,Heteronematina,Heteronematina,Petalomonas,Unassigned,18S,4a
2773,974be076c99ebd02ee65ce57478a8cb0,Ocean-lake-4a,208.0,Eukaryota,Unassigned,Unassigned,Unassigned,Unassigned,Unassigned,Unassigned,18S,4a
2774,30b584a72230e0f21ea9cf611787b638,Ocean-lake-4a,303.0,Eukaryota,Unassigned,Unassigned,Unassigned,Unassigned,Unassigned,Unassigned,18S,4a
2775,a46188e5b3b6038a8378eff6c19967ab,Ocean-lake-4a,90.0,Bacteria,Unassigned,Unassigned,Unassigned,Unassigned,Unassigned,Unassigned,18S,4a
2776,365f979ea81db5428073518e8872b03f,Ocean-lake-4a,212.0,Eukaryota,Diatomea,Unassigned,Unassigned,Unassigned,Unassigned,Unassigned,18S,4a
2777,d0ca69123a1b9666754226bea1215eff,Ocean-lake-4a,299.0,Eukaryota,Unassigned,Unassigned,Unassigned,Unassigned,Unassigned,Unassigned,18S,4a
2778,9f7616a859a2d1715b2dea708bf9fcd9,Ocean-lake-4a,177.0,Eukaryota,Unassigned,Unassigned,Unassigned,Unassigned,Unassigned,Unassigned,18S,4a
2779,2e4e22e0eff8db67bcde1b8163498747,Ocean-lake-4a,213.0,Eukaryota,Diatomea,Unassigned,Unassigned,Unassigned,Unassigned,Unassigned,18S,4a
2780,01af3e8fd35debf1e892d632c9cdb795,Ocean-lake-4a,220.0,Eukaryota,Retaria,Acantharia,Symphyacanthida,Symphyacanthida,Amphibelone,Unassigned,18S,4a
2781,b2aa4b68a1278839ac2a4a1521e72462,Ocean-lake-4a,185.0,Eukaryota,Diatomea,Coscinodiscophytina,Coscinodiscophytina,Rhizosolenids,Rhizosolenids,Unassigned,18S,4a
2782,4abf46c29199a203f7ce0e17c2fffb03,Ocean-lake-4a,222.0,Eukaryota,Unassigned,Unassigned,Unassigned,Unassigned,Unassigned,Unassigned,18S,4a
2783,d8adfe383dfd3881bfd2742df6703089,Ocean-lake-4a,217.0,Eukaryota,Cnidaria,Hydrozoa,Siphonophorae,Siphonophorae,Siphonophorae,Unassigned,18S,4a
2784,82b2475c2da6e342c50e4e18b2c7afb0,Ocean-lake-4a,210.0,Eukaryota,Diatomea,Mediophyceae,Mediophyceae,Mediophyceae,Cyclotella,Unassigned,18S,4a
2785,a64a3e85c617df959c370cb96a46537f,Ocean-lake-4a,4.0,Eukaryota,Unassigned,Unassigned,Unassigned,Unassigned,Unassigned,Unassigned,18S,4a
2786,98b7212fc91e6325ac261c8e87a56e2f,Ocean-lake-4a,161.0,Eukaryota,Unassigned,Unassigned,Unassigned,Unassigned,Unassigned,Unassigned,18S,4a
2787,2a045120aa60bea7e74c5e54fe203b9a,Ocean-lake-4a,236.0,Eukaryota,Unassigned,Unassigned,Unassigned,Unassigned,Unassigned,Unassigned,18S,4a
2788,b9abfb803ec3e2cdfd390a41368d426f,Ocean-lake-4a,172.0,Eukaryota,Diatomea,Unassigned,Unassigned,Unassigned,Unassigned,Unassigned,18S,4a
2789,3a2f1a61f25a1dfef1d0c14cd247c958,Ocean-lake-4a,141.0,Eukaryota,Unassigned,Unassigned,Unassigned,Unassigned,Unassigned,Unassigned,18S,4a
2790,3017aadae5320315e434f54df8698452,Ocean-lake-4a,134.0,Eukaryota,Unassigned,Unassigned,Unassigned,Unassigned,Unassigned,Unassigned,18S,4a
2791,f2cdc0bb7174e0b780ad6b8a94a4b15b,Ocean-lake-4a,144.0,Eukaryota,Diatomea,Unassigned,Unassigned,Unassigned,Unassigned,Unassigned,18S,4a
2792,3e50694a780ccbc177df1df04ddd1ce0,Ocean-lake-4a,213.0,Eukaryota,Chlorophyta,Chlorodendrophyceae,Chlorodendrales,Chlorodendrales,Tetraselmis,Unassigned,18S,4a
2793,7a36dee4892696d8480326ca0ac88086,Ocean-lake-4a,26.0,Eukaryota,Ciliophora,Intramacronucleata,Conthreep,Oligohymenophorea,Unassigned,Unassigned,18S,4a
2794,0aca9aac7ec2ce1726f775a805040ee0,Ocean-lake-4a,105.0,Eukaryota,Diatomea,Mediophyceae,Mediophyceae,Mediophyceae,Cyclotella,Unassigned,18S,4a
2795,97b34ae70a4b921496d3218080c7ea75,Ocean-lake-4a,113.0,Eukaryota,Diatomea,Unassigned,Unassigned,Unassigned,Unassigned,Unassigned,18S,4a
2796,106dd66448b5829a997792d0a5c3c4aa,Ocean-lake-4a,126.0,Eukaryota,Diatomea,Mediophyceae,Mediophyceae,Mediophyceae,Skeletonema,Unassigned,18S,4a
2797,02c42fd93a596100321ed637f47e135b,Ocean-lake-4a,115.0,Eukaryota,Unassigned,Unassigned,Unassigned,Unassigned,Unassigned,Unassigned,18S,4a
2798,6187afeb2eef1ab2bc3f6c1754be38e7,Ocean-lake-4a,164.0,Unassigned,Unassigned,Unassigned,Unassigned,Unassigned,Unassigned,Unassigned,18S,4a
2799,74dbceefa2c6a8c1bcb9d4ef024323b1,Ocean-lake-4a,10.0,Eukaryota,Unassigned,Unassigned,Unassigned,Unassigned,Unassigned,Unassigned,18S,4a
2800,4f7e40136e0b7c860793d4aa3e362f56,Ocean-lake-4a,138.0,Eukaryota,Diatomea,Coscinodiscophytina,Coscinodiscophytina,Rhizosolenids,Pseudosolenia,Unassigned,18S,4a
2801,5b97602b7e1c83af3f5261cf47e95776,Ocean-lake-4a,110.0,Eukaryota,Unassigned,Unassigned,Unassigned,Unassigned,Unassigned,Unassigned,18S,4a
2802,fcc294b12553287370f9e56e915fd030,Ocean-lake-4a,97.0,Eukaryota,Diatomea,Unassigned,Unassigned,Unassigned,Unassigned,Unassigned,18S,4a
2803,334e5de2339d262c5808d6f69073b8a5,Ocean-lake-4a,131.0,Eukaryota,Diatomea,Unassigned,Unassigned,Unassigned,Unassigned,Unassigned,18S,4a
2804,35f6f2227bb71eb4f57e6480450b752d,Ocean-lake-4a,113.0,Eukaryota,Diatomea,Unassigned,Unassigned,Unassigned,Unassigned,Unassigned,18S,4a
2805,c63d2848d13664e2e31df2f0bcb76408,Ocean-lake-4a,76.0,Bacteria,Proteobacteria,Alphaproteobacteria,Rhodobacterales,Rhodobacteraceae,Unassigned,Unassigned,18S,4a
2806,29546e6d23de2be23ed0d92cceab9e7f,Ocean-lake-4a,168.0,Eukaryota,Unassigned,Unassigned,Unassigned,Unassigned,Unassigned,Unassigned,18S,4a
2807,ff6caefb1c34c8f622b8d5872bc060c6,Ocean-lake-4a,94.0,Eukaryota,Chlorophyta,Unassigned,Unassigned,Unassigned,Unassigned,Unassigned,18S,4a
2808,a32c8dee9502a35cca992e660c9bb5b5,Ocean-lake-4a,85.0,Eukaryota,Unassigned,Unassigned,Unassigned,Unassigned,Unassigned,Unassigned,18S,4a
2809,989fa00c5dfe7cb0e30e258de7744c40,Ocean-lake-4a,90.0,Eukaryota,Bicosoecida,Bicosoecida,Bicosoecida,Bicosoecida,Pseudobodo,Unassigned,18S,4a
2810,53054d5e73e6454c4cfb2f85351e5848,Ocean-lake-4a,121.0,Eukaryota,Unassigned,Unassigned,Unassigned,Unassigned,Unassigned,Unassigned,18S,4a
2811,bc2395549ef3db07796d9cf8ef6164af,Ocean-lake-4a,132.0,Eukaryota,Diatomea,Unassigned,Unassigned,Unassigned,Unassigned,Unassigned,18S,4a
2812,538ef8f07ee0440e0b18610178c0c403,Ocean-lake-4a,81.0,Bacteria,Proteobacteria,Gammaproteobacteria,Unassigned,Unassigned,Unassigned,Unassigned,18S,4a
2813,10a30c85a998c88f3ef3acc2adbfcd3b,Ocean-lake-4a,143.0,Eukaryota,Diatomea,Unassigned,Unassigned,Unassigned,Unassigned,Unassigned,18S,4a
2814,bdaa7a559329f9a31e39f3b30c04e192,Ocean-lake-4a,95.0,Eukaryota,Diatomea,Unassigned,Unassigned,Unassigned,Unassigned,Unassigned,18S,4a
2815,d5d7780ebfa0c44e0a3c7c71d3831031,Ocean-lake-4a,106.0,Eukaryota,Unassigned,Unassigned,Unassigned,Unassigned,Unassigned,Unassigned,18S,4a
2816,3c74b9a073d05e062aa6374de7696732,Ocean-lake-4a,96.0,Eukaryota,Ciliophora,Intramacronucleata,Spirotrichea,Choreotrichia,Unassigned,Unassigned,18S,4a
2817,a6b3c37218ad5861af2f417ea00b42f3,Ocean-lake-4a,129.0,Eukaryota,Ochrophyta,Eustigmatophyceae,Eustigmatales,Eustigmatales,uncultured,Unassigned,18S,4a
2818,a3ca09f376f064b70dc42ebf666bcdc0,Ocean-lake-4a,113.0,Eukaryota,Unassigned,Unassigned,Unassigned,Unassigned,Unassigned,Unassigned,18S,4a
2819,b6b217bcc40df52461859f12b9c024e3,Ocean-lake-4a,79.0,Eukaryota,Diatomea,Unassigned,Unassigned,Unassigned,Unassigned,Unassigned,18S,4a
2820,073895f0679f0fea30d8c5c3d1c5b65c,Ocean-lake-4a,70.0,Eukaryota,Unassigned,Unassigned,Unassigned,Unassigned,Unassigned,Unassigned,18S,4a
2821,7f60766bf4ed882cfe5d5c76ed9bf50f,Ocean-lake-4a,84.0,Eukaryota,Unassigned,Unassigned,Unassigned,Unassigned,Unassigned,Unassigned,18S,4a
2822,ff60e13652434cf6a46245beebd1e877,Ocean-lake-4a,103.0,Eukaryota,Unassigned,Unassigned,Unassigned,Unassigned,Unassigned,Unassigned,18S,4a
2823,31dce81d117265cdf3a7b4e17ae131f9,Ocean-lake-4a,28.0,Bacteria,Proteobacteria,Gammaproteobacteria,Pseudomonadales,SAR86_clade,SAR86_clade,Unassigned,18S,4a
2824,fb05970f3bb5babd5ca5b346f37dfeef,Ocean-lake-4a,91.0,Eukaryota,Unassigned,Unassigned,Unassigned,Unassigned,Unassigned,Unassigned,18S,4a
2825,da236677f023b0003c0649df8d18028a,Ocean-lake-4a,88.0,Eukaryota,Unassigned,Unassigned,Unassigned,Unassigned,Unassigned,Unassigned,18S,4a
2826,4a929a614855bd7bdf56a201a94b0a26,Ocean-lake-4a,84.0,Eukaryota,Unassigned,Unassigned,Unassigned,Unassigned,Unassigned,Unassigned,18S,4a
2827,23d04994fb56c784b5691b3ce6ba35da,Ocean-lake-4a,77.0,Bacteria,Proteobacteria,Gammaproteobacteria,Unassigned,Unassigned,Unassigned,Unassigned,18S,4a
2828,40ff3250a93e19687f5f5e22a0787e3f,Ocean-lake-4a,97.0,Eukaryota,Diatomea,Coscinodiscophytina,Fragilariales,Fragilariales,Unassigned,Unassigned,18S,4a
2829,84cf3180a0947cc7282b1b84c1401f3e,Ocean-lake-4a,125.0,Eukaryota,Unassigned,Unassigned,Unassigned,Unassigned,Unassigned,Unassigned,18S,4a
2830,205e62482fdd490bce1674333e5bd919,Ocean-lake-4a,84.0,Eukaryota,Diatomea,Unassigned,Unassigned,Unassigned,Unassigned,Unassigned,18S,4a
2831,e552abede033bb3167d2dee6622203ee,Ocean-lake-4a,123.0,Eukaryota,Unassigned,Unassigned,Unassigned,Unassigned,Unassigned,Unassigned,18S,4a
2832,e2f3b1becbe2a30890ea4cbc48f10244,Ocean-lake-4a,160.0,Eukaryota,Unassigned,Unassigned,Unassigned,Unassigned,Unassigned,Unassigned,18S,4a
2833,c258c5fc831ea7b6cdc5889222975e7b,Ocean-lake-4a,9.0,Eukaryota,Diatomea,Coscinodiscophytina,Coscinodiscophytina,Rhizosolenids,Leptocylindrus,Unassigned,18S,4a
2834,40c54c0c0de51abf7d876cea685775fe,Ocean-lake-4a,39.0,Eukaryota,Peronosporomycetes,Peronosporomycetes,Peronosporomycetes,Peronosporomycetes,Halodaphnea,Unassigned,18S,4a
2835,f7f7dfd7639624e66aae62979750b8a4,Ocean-lake-4a,49.0,Eukaryota,Annelida,Polychaeta,Unassigned,Unassigned,Unassigned,Unassigned,18S,4a
2836,d08201f309fb4908ece0c935dfa3e274,Ocean-lake-4a,77.0,Eukaryota,Diatomea,Unassigned,Unassigned,Unassigned,Unassigned,Unassigned,18S,4a
2837,2dbde7a1c78ee975d5e67dc932f8b965,Ocean-lake-4a,67.0,Eukaryota,Cercozoa,Thecofilosea,Cryomonadida,Ventrifissuridae,Ventrifissuridae,Unassigned,18S,4a
2838,e28818612a826be0a9e0f34489f4848d,Ocean-lake-4a,81.0,Eukaryota,Unassigned,Unassigned,Unassigned,Unassigned,Unassigned,Unassigned,18S,4a
2839,e34523527dbc02f206e9d409398c73a9,Ocean-lake-4a,100.0,Eukaryota,Unassigned,Unassigned,Unassigned,Unassigned,Unassigned,Unassigned,18S,4a
2840,f4697b6cd0bee3ad346dd522776eb9b1,Ocean-lake-4a,93.0,Eukaryota,Unassigned,Unassigned,Unassigned,Unassigned,Unassigned,Unassigned,18S,4a
2841,fa07fcc379f26ae17d5ea71e179b5ccd,Ocean-lake-4a,73.0,Eukaryota,Unassigned,Unassigned,Unassigned,Unassigned,Unassigned,Unassigned,18S,4a
2842,fb2b5c7b73a9527ba27d5373371111af,Ocean-lake-4a,34.0,Bacteria,Proteobacteria,Alphaproteobacteria,Sphingomonadales,Sphingomonadaceae,Sphingomicrobium,Unassigned,18S,4a
2843,cea8da62b66111692906a62a52521f78,Ocean-lake-4a,80.0,Eukaryota,Cercozoa,Imbricatea,Imbricatea,Euglyphida,Paulinella,Unassigned,18S,4a
2844,ed943e9133847e51c4b0061e5f1721f6,Ocean-lake-4a,46.0,Bacteria,Proteobacteria,Gammaproteobacteria,Unassigned,Unassigned,Unassigned,Unassigned,18S,4a
2845,70dd2a09989ff1898c331b1cf09b9137,Ocean-lake-4a,78.0,Eukaryota,Unassigned,Unassigned,Unassigned,Unassigned,Unassigned,Unassigned,18S,4a
2846,c4132c596c616eb1280b20b5b0e998b2,Ocean-lake-4a,115.0,Eukaryota,Diatomea,Unassigned,Unassigned,Unassigned,Unassigned,Unassigned,18S,4a
2847,4099471fc161aedb6e8a58d615b3aa3e,Ocean-lake-4a,14.0,Bacteria,Unassigned,Unassigned,Unassigned,Unassigned,Unassigned,Unassigned,18S,4a
2848,43feea33c1f7adba3d238c0fdb5065d0,Ocean-lake-4a,66.0,Bacteria,Proteobacteria,Alphaproteobacteria,Rhodobacterales,Rhodobacteraceae,Unassigned,Unassigned,18S,4a
2849,58c65ba3e5b806f187e1ec9b3a3a3d98,Ocean-lake-4a,91.0,Eukaryota,Ciliophora,Intramacronucleata,Spirotrichea,Oligotrichia,Unassigned,Unassigned,18S,4a
2850,4ac25f29637868cf9bef2685db3f5d81,Ocean-lake-4a,63.0,Eukaryota,Diatomea,Coscinodiscophytina,Coscinodiscophytina,Rhizosolenids,Rhizosolenia,Unassigned,18S,4a
2851,0d6e18392b1d4f338ba03b0022bcf7a0,Ocean-lake-4a,66.0,Eukaryota,Unassigned,Unassigned,Unassigned,Unassigned,Unassigned,Unassigned,18S,4a
2852,a98ed4751ae339c0fa53d42f1aef6f87,Ocean-lake-4a,45.0,Eukaryota,Cercozoa,Ascetosporea,Ascetosporea,Paradiniidae,Paradinium,Unassigned,18S,4a
2853,19d375f72095180c8cd10c7f6399c77d,Ocean-lake-4a,91.0,Eukaryota,Picozoa,Picomonadida,Picomonadidae,Picomonadidae,Picomonas,Unassigned,18S,4a
2854,831042d43a62cee36263ebc6a34bb942,Ocean-lake-4a,88.0,Eukaryota,Ciliophora,Intramacronucleata,Spirotrichea,Oligotrichia,Unassigned,Unassigned,18S,4a
2855,3e98a9ad9b52ef09e5dbe52d743c4b83,Ocean-lake-4a,93.0,Eukaryota,Dinoflagellata,Dinophyceae,Unassigned,Unassigned,Unassigned,Unassigned,18S,4a
2856,08cf9126869d9d1b384dea29f44200c1,Ocean-lake-4a,76.0,Eukaryota,Diatomea,Coscinodiscophytina,Fragilariales,Fragilariales,Unassigned,Unassigned,18S,4a
2857,688721b3c4e81f7df13237d1ce551cef,Ocean-lake-4a,55.0,Bacteria,Proteobacteria,Alphaproteobacteria,Unassigned,Unassigned,Unassigned,Unassigned,18S,4a
2858,16d3b3761f9e1e7d262d229bae93b0cf,Ocean-lake-4a,63.0,Eukaryota,Dinoflagellata,Dinoflagellata,Noctilucales,Noctilucales,Noctilucales,Unassigned,18S,4a
2859,6520fe007c3a6710dd82d3d4aad7d089,Ocean-lake-4a,67.0,Eukaryota,Unassigned,Unassigned,Unassigned,Unassigned,Unassigned,Unassigned,18S,4a
2860,7b3f685bbc8c7e9fef5c94ad790a0225,Ocean-lake-4a,73.0,Eukaryota,Mollusca,Bivalvia,Veneroida,Veneroida,Veneroida,Unassigned,18S,4a
2861,209c297bdf6afef6e1b9bcf5745335e6,Ocean-lake-4a,87.0,Eukaryota,Unassigned,Unassigned,Unassigned,Unassigned,Unassigned,Unassigned,18S,4a
2862,a4d8d52b4af5169a83bc12959d37162c,Ocean-lake-4a,48.0,Bacteria,Proteobacteria,Gammaproteobacteria,Unassigned,Unassigned,Unassigned,Unassigned,18S,4a
2863,fe5b0a885ec633d255285d8331253f6b,Ocean-lake-4a,85.0,Eukaryota,Unassigned,Unassigned,Unassigned,Unassigned,Unassigned,Unassigned,18S,4a
2864,8fb87671da3d67b6fbf9aeb8bc0622c2,Ocean-lake-4a,74.0,Eukaryota,Unassigned,Unassigned,Unassigned,Unassigned,Unassigned,Unassigned,18S,4a
2865,6f2126e4f91213fba85cb322c1db8aec,Ocean-lake-4a,96.0,Eukaryota,Diatomea,Unassigned,Unassigned,Unassigned,Unassigned,Unassigned,18S,4a
2866,748dfc6cc1e5cece4b004f38b3d20829,Ocean-lake-4a,58.0,Eukaryota,Diatomea,Coscinodiscophytina,Fragilariales,Fragilariales,Unassigned,Unassigned,18S,4a
2867,18962b9db25f52b51e048967ef122ef2,Ocean-lake-4a,58.0,Eukaryota,Unassigned,Unassigned,Unassigned,Unassigned,Unassigned,Unassigned,18S,4a
2868,02849e987055db30c9e0f9dd02a1ea33,Ocean-lake-4a,90.0,Eukaryota,Prymnesiophyceae,Prymnesiophyceae,Prymnesiales,Prymnesiales,Chrysocampanula,Unassigned,18S,4a
2869,9a34ef2b5ad0e4ff10483be9ade5206e,Ocean-lake-4a,43.0,Eukaryota,Unassigned,Unassigned,Unassigned,Unassigned,Unassigned,Unassigned,18S,4a
2870,abf807116cb32d4623726b388d3d54ea,Ocean-lake-4a,68.0,Eukaryota,Unassigned,Unassigned,Unassigned,Unassigned,Unassigned,Unassigned,18S,4a
2871,10cbcca6ee1f1d2b75277b2be0e9def2,Ocean-lake-4a,31.0,Eukaryota,Unassigned,Unassigned,Unassigned,Unassigned,Unassigned,Unassigned,18S,4a
2872,709b80b3c3292d53e5624206a5a6ec46,Ocean-lake-4a,78.0,Eukaryota,Ciliophora,Intramacronucleata,Spirotrichea,Oligotrichia,Unassigned,Unassigned,18S,4a
2873,c3e650bc090f8e2823f61fd3baa74612,Ocean-lake-4a,86.0,Eukaryota,Unassigned,Unassigned,Unassigned,Unassigned,Unassigned,Unassigned,18S,4a
2874,405174a49e21e51589d7c7ac30bfe626,Ocean-lake-4a,60.0,Eukaryota,Cercozoa,Thecofilosea,Unassigned,Unassigned,Unassigned,Unassigned,18S,4a
2875,0bd6e3d5857171d66084a8b322e85e21,Ocean-lake-4a,33.0,Eukaryota,Unassigned,Unassigned,Unassigned,Unassigned,Unassigned,Unassigned,18S,4a
2876,eb8b4d845f69f391ba639e66820949c5,Ocean-lake-4a,72.0,Eukaryota,Unassigned,Unassigned,Unassigned,Unassigned,Unassigned,Unassigned,18S,4a
2877,499fcaa50249187619e6eddf6036a0cc,Ocean-lake-4a,97.0,Eukaryota,Unassigned,Unassigned,Unassigned,Unassigned,Unassigned,Unassigned,18S,4a
2878,85fe4cffe8beac15bdd06401c675b018,Ocean-lake-4a,86.0,Eukaryota,Unassigned,Unassigned,Unassigned,Unassigned,Unassigned,Unassigned,18S,4a
2879,830298cf0c4970d2e3b49dd2a691f8f0,Ocean-lake-4a,71.0,Eukaryota,Diatomea,Unassigned,Unassigned,Unassigned,Unassigned,Unassigned,18S,4a
2880,926f295f464a26e5227920197e8d7ab3,Ocean-lake-4a,63.0,Eukaryota,Unassigned,Unassigned,Unassigned,Unassigned,Unassigned,Unassigned,18S,4a
2881,5a75eb579151bbae15bc5b3b58ec7d68,Ocean-lake-4a,48.0,Eukaryota,Ciliophora,Intramacronucleata,Spirotrichea,Oligotrichia,Unassigned,Unassigned,18S,4a
2882,f9394690025f82d04b0be168aebe305e,Ocean-lake-4a,74.0,Eukaryota,Ochrophyta,Eustigmatophyceae,Eustigmatales,Eustigmatales,uncultured,Unassigned,18S,4a
2883,73ff17898358065ea2c5c31e53468c0f,Ocean-lake-4a,46.0,Bacteria,Proteobacteria,Gammaproteobacteria,Unassigned,Unassigned,Unassigned,Unassigned,18S,4a
2884,7903c9c69eb7a917078a071ac3db489b,Ocean-lake-4a,52.0,Eukaryota,Unassigned,Unassigned,Unassigned,Unassigned,Unassigned,Unassigned,18S,4a
2885,bf3f8c77eb77e8677d8b003ea7fef5d5,Ocean-lake-4a,92.0,Eukaryota,Unassigned,Unassigned,Unassigned,Unassigned,Unassigned,Unassigned,18S,4a
2886,1f9e19a51b72c9452270f84426c8238a,Ocean-lake-4a,56.0,Eukaryota,Unassigned,Unassigned,Unassigned,Unassigned,Unassigned,Unassigned,18S,4a
2887,a39019ddde89cfb02db4ea61d3a98955,Ocean-lake-4a,70.0,Eukaryota,Unassigned,Unassigned,Unassigned,Unassigned,Unassigned,Unassigned,18S,4a
2888,982fba1aa6a351beaad126b922f5d314,Ocean-lake-4a,40.0,Eukaryota,Unassigned,Unassigned,Unassigned,Unassigned,Unassigned,Unassigned,18S,4a
2889,f5ab2baedf87cabe61c8aae21f3cd486,Ocean-lake-4a,69.0,Eukaryota,Unassigned,Unassigned,Unassigned,Unassigned,Unassigned,Unassigned,18S,4a
2890,ebc7678c6bf57b985f718b981c4f1246,Ocean-lake-4a,67.0,Eukaryota,Chlorophyta,Clade_VII,Subclade_A,Subclade_A,Subclade_A,Unassigned,18S,4a
2891,7000993fd9eb088fc5ca6ff8bca4f824,Ocean-lake-4a,63.0,Eukaryota,Chlorophyta,Ulvophyceae,Oltmansiellopsidales,Oltmansiellopsidales,Oltmannsiellopsis,Unassigned,18S,4a
2892,fa2c49c292ec1f8967f1e2e261da2acd,Ocean-lake-4a,61.0,Eukaryota,Diatomea,Unassigned,Unassigned,Unassigned,Unassigned,Unassigned,18S,4a
2893,842fb2909f45613af5ce787385eb9f3b,Ocean-lake-4a,44.0,Eukaryota,Unassigned,Unassigned,Unassigned,Unassigned,Unassigned,Unassigned,18S,4a
2894,8b26794279b88ecaee90e8bc7659606b,Ocean-lake-4a,32.0,Eukaryota,Unassigned,Unassigned,Unassigned,Unassigned,Unassigned,Unassigned,18S,4a
2895,8ae8a8d7aaa07d5d0246a9c923f470c6,Ocean-lake-4a,55.0,Eukaryota,Ciliophora,Intramacronucleata,Conthreep,Oligohymenophorea,Unassigned,Unassigned,18S,4a
2896,f335ee61260ab4871d985ee0cc85a47d,Ocean-lake-4a,53.0,Eukaryota,Unassigned,Unassigned,Unassigned,Unassigned,Unassigned,Unassigned,18S,4a
2897,232a78151983e14cc421a2e0b895c78a,Ocean-lake-4a,38.0,Eukaryota,Unassigned,Unassigned,Unassigned,Unassigned,Unassigned,Unassigned,18S,4a
2898,2247d9c17231ded4b8e89a483a1eff15,Ocean-lake-4a,22.0,Eukaryota,Diatomea,Unassigned,Unassigned,Unassigned,Unassigned,Unassigned,18S,4a
2899,af0299692961660b4fc16268e748adfb,Ocean-lake-4a,49.0,Eukaryota,Unassigned,Unassigned,Unassigned,Unassigned,Unassigned,Unassigned,18S,4a
2900,117db21a564edc570f6489eba98fe64a,Ocean-lake-4a,47.0,Eukaryota,Diatomea,Coscinodiscophytina,Coscinodiscophytina,Rhizosolenids,Pseudosolenia,Unassigned,18S,4a
2901,c821728a8cfed500f5a9156f7c7bd12d,Ocean-lake-4a,42.0,Eukaryota,Unassigned,Unassigned,Unassigned,Unassigned,Unassigned,Unassigned,18S,4a
2902,30243b57c3c6d8d528a68746f742fd6d,Ocean-lake-4a,55.0,Eukaryota,Unassigned,Unassigned,Unassigned,Unassigned,Unassigned,Unassigned,18S,4a
2903,a7dbbf6f60968c0e8ba19ea1458cb485,Ocean-lake-4a,50.0,Eukaryota,Unassigned,Unassigned,Unassigned,Unassigned,Unassigned,Unassigned,18S,4a
2904,0b6af8660f0ae04eaf12b1f333bb5c2e,Ocean-lake-4a,34.0,Eukaryota,Unassigned,Unassigned,Unassigned,Unassigned,Unassigned,Unassigned,18S,4a
2905,ac4f68450a8292e041019d21f45eae33,Ocean-lake-4a,31.0,Eukaryota,Unassigned,Unassigned,Unassigned,Unassigned,Unassigned,Unassigned,18S,4a
2906,4a4b3d4e5dc4dd60f989f011730d7701,Ocean-lake-4a,51.0,Eukaryota,Diatomea,Unassigned,Unassigned,Unassigned,Unassigned,Unassigned,18S,4a
2907,aac019cfaa4a5d07996ade3cc0423947,Ocean-lake-4a,67.0,Eukaryota,Ciliophora,Intramacronucleata,Spirotrichea,Choreotrichia,Unassigned,Unassigned,18S,4a
2908,b8f14125af6eb22cd41bd27b49f6ffb4,Ocean-lake-4a,55.0,Eukaryota,Diatomea,Unassigned,Unassigned,Unassigned,Unassigned,Unassigned,18S,4a
2909,0169457b358d783ea17c5fbe2ef0070c,Ocean-lake-4a,48.0,Bacteria,Proteobacteria,Gammaproteobacteria,Unassigned,Unassigned,Unassigned,Unassigned,18S,4a
2910,3082d9efce69facac36f94f507f35cbc,Ocean-lake-4a,47.0,Eukaryota,Euglenozoa,Kinetoplastea,Unassigned,Unassigned,Unassigned,Unassigned,18S,4a
2911,58f1e891814913a2c5ed389524b6c885,Ocean-lake-4a,53.0,Eukaryota,Unassigned,Unassigned,Unassigned,Unassigned,Unassigned,Unassigned,18S,4a
2912,645a6a0000a0f2e93912cc9fb4521e6e,Ocean-lake-4a,40.0,Eukaryota,Diatomea,Unassigned,Unassigned,Unassigned,Unassigned,Unassigned,18S,4a
2913,9049c8713f2987629b597da83cb05c05,Ocean-lake-4a,38.0,Eukaryota,Unassigned,Unassigned,Unassigned,Unassigned,Unassigned,Unassigned,18S,4a
2914,241a5b0d692a530054de99156b645366,Ocean-lake-4a,59.0,Eukaryota,Unassigned,Unassigned,Unassigned,Unassigned,Unassigned,Unassigned,18S,4a
2915,ff148e5d517445240a0fff273275e5d4,Ocean-lake-4a,58.0,Eukaryota,Unassigned,Unassigned,Unassigned,Unassigned,Unassigned,Unassigned,18S,4a
2916,8c57a37db63e0855742f9f5b9e446503,Ocean-lake-4a,23.0,Eukaryota,Unassigned,Unassigned,Unassigned,Unassigned,Unassigned,Unassigned,18S,4a
2917,49c88659b4a6a28d2ca4913177d701b2,Ocean-lake-4a,35.0,Eukaryota,Chlorophyta,Unassigned,Unassigned,Unassigned,Unassigned,Unassigned,18S,4a
2918,91842611ba85f6da6b09df8a1e999a24,Ocean-lake-4a,41.0,Unassigned,Unassigned,Unassigned,Unassigned,Unassigned,Unassigned,Unassigned,18S,4a
2919,4dc290fb83d6d0ed0e2e27a24401d00c,Ocean-lake-4a,50.0,Eukaryota,Unassigned,Unassigned,Unassigned,Unassigned,Unassigned,Unassigned,18S,4a
2920,770a12f9a251dcae3815ca82a8593582,Ocean-lake-4a,38.0,Eukaryota,Chlorophyta,Unassigned,Unassigned,Unassigned,Unassigned,Unassigned,18S,4a
2921,5c83542621dd6e423cdd4682ace12b46,Ocean-lake-4a,25.0,Eukaryota,Unassigned,Unassigned,Unassigned,Unassigned,Unassigned,Unassigned,18S,4a
2922,c914471c1790a110910f6d0f2908eaaa,Ocean-lake-4a,47.0,Eukaryota,Diatomea,Unassigned,Unassigned,Unassigned,Unassigned,Unassigned,18S,4a
2923,0347e53c2c6dc6d87c5cdf270ee939a4,Ocean-lake-4a,41.0,Eukaryota,Diatomea,Unassigned,Unassigned,Unassigned,Unassigned,Unassigned,18S,4a
2924,a9197b3982e0ec09f5bd91772b7df722,Ocean-lake-4a,52.0,Eukaryota,Unassigned,Unassigned,Unassigned,Unassigned,Unassigned,Unassigned,18S,4a
2925,465efc77db623e5b1ae8e1ba728c18d1,Ocean-lake-4a,83.0,Eukaryota,Diatomea,Unassigned,Unassigned,Unassigned,Unassigned,Unassigned,18S,4a
2926,88c6bba68a8bade52f712d8ea1640d60,Ocean-lake-4a,37.0,Eukaryota,Diatomea,Unassigned,Unassigned,Unassigned,Unassigned,Unassigned,18S,4a
2927,86aacffec1e6f4dcc67b47131f2caee1,Ocean-lake-4a,40.0,Bacteria,Unassigned,Unassigned,Unassigned,Unassigned,Unassigned,Unassigned,18S,4a
2928,e7bdea5cc251a237de8dba89514c0853,Ocean-lake-4a,32.0,Eukaryota,Ciliophora,Intramacronucleata,Spirotrichea,Choreotrichia,Tintinnopsis,Unassigned,18S,4a
2929,ce36252ca8d01b6b76af92b7a7d9f90e,Ocean-lake-4a,29.0,Eukaryota,Unassigned,Unassigned,Unassigned,Unassigned,Unassigned,Unassigned,18S,4a
2930,5be9b2294c10424d50a623ea092f5d00,Ocean-lake-4a,25.0,Eukaryota,Unassigned,Unassigned,Unassigned,Unassigned,Unassigned,Unassigned,18S,4a
2931,0dd0157c7dd219a21251aa263a0bf4e8,Ocean-lake-4a,33.0,Eukaryota,Unassigned,Unassigned,Unassigned,Unassigned,Unassigned,Unassigned,18S,4a
2932,0083243bd2f164384b92b8ec11550890,Ocean-lake-4a,47.0,Eukaryota,Unassigned,Unassigned,Unassigned,Unassigned,Unassigned,Unassigned,18S,4a
2933,b0932edfec7c87fa707fc64ca6a0663b,Ocean-lake-4a,47.0,Eukaryota,Unassigned,Unassigned,Unassigned,Unassigned,Unassigned,Unassigned,18S,4a
2934,2e0d9a287cda5cdf2f5ce4ddaba15f3b,Ocean-lake-4a,61.0,Eukaryota,Arthropoda,Maxillopoda,Unassigned,Unassigned,Unassigned,Unassigned,18S,4a
2935,9b52e16534ffe0b072c631246003703e,Ocean-lake-4a,36.0,Eukaryota,Diatomea,Unassigned,Unassigned,Unassigned,Unassigned,Unassigned,18S,4a
2936,34da0158836ed2aee3bf64827224d2fc,Ocean-lake-4a,44.0,Eukaryota,Diatomea,Unassigned,Unassigned,Unassigned,Unassigned,Unassigned,18S,4a
2937,8baf0148e7e021d5e80f3224c65dea03,Ocean-lake-4a,54.0,Eukaryota,Diatomea,Unassigned,Unassigned,Unassigned,Unassigned,Unassigned,18S,4a
2938,35e5ac153dae0bc247b26464f28b1ce4,Ocean-lake-4a,42.0,Eukaryota,Unassigned,Unassigned,Unassigned,Unassigned,Unassigned,Unassigned,18S,4a
2939,49ebdc6e2e571e26069d1b0611e1beba,Ocean-lake-4a,5.0,Eukaryota,Unassigned,Unassigned,Unassigned,Unassigned,Unassigned,Unassigned,18S,4a
2940,3047e8c161d466d043c3b76564d79732,Ocean-lake-4a,30.0,Eukaryota,MAST-4,MAST-4,MAST-4,MAST-4,MAST-4,Unassigned,18S,4a
2941,cd4fbcaddc20316d84db9149966fa0ae,Ocean-lake-4a,45.0,Eukaryota,Ciliophora,Intramacronucleata,Spirotrichea,Choreotrichia,Unassigned,Unassigned,18S,4a
2942,145a886544f6280ca0051d05485d2290,Ocean-lake-4a,60.0,Eukaryota,Unassigned,Unassigned,Unassigned,Unassigned,Unassigned,Unassigned,18S,4a
2943,11c23c80f80018e10eae0f156a9603c5,Ocean-lake-4a,28.0,Eukaryota,Unassigned,Unassigned,Unassigned,Unassigned,Unassigned,Unassigned,18S,4a
2944,9b40406d985003fa4782c9df71564d08,Ocean-lake-4a,62.0,Eukaryota,Diatomea,Unassigned,Unassigned,Unassigned,Unassigned,Unassigned,18S,4a
2945,7479c4498436f21ce2a86528e6bfe65f,Ocean-lake-4a,47.0,Eukaryota,Unassigned,Unassigned,Unassigned,Unassigned,Unassigned,Unassigned,18S,4a
2946,bcff06810f37ad2b07e2b783ee0c72f3,Ocean-lake-4a,62.0,Eukaryota,Unassigned,Unassigned,Unassigned,Unassigned,Unassigned,Unassigned,18S,4a
2947,946242b87c14e11288b117ead6a519cd,Ocean-lake-4a,40.0,Eukaryota,Diatomea,Unassigned,Unassigned,Unassigned,Unassigned,Unassigned,18S,4a
2948,a35be9124f9ef8a823eeffc523d5d280,Ocean-lake-4a,43.0,Eukaryota,Unassigned,Unassigned,Unassigned,Unassigned,Unassigned,Unassigned,18S,4a
2949,d4093f073cd1f436fd555777de6bdcc5,Ocean-lake-4a,61.0,Eukaryota,Ciliophora,Intramacronucleata,Spirotrichea,Oligotrichia,Unassigned,Unassigned,18S,4a
2950,656f2607dbc88e04609e73b7cc30f414,Ocean-lake-4a,28.0,Eukaryota,Unassigned,Unassigned,Unassigned,Unassigned,Unassigned,Unassigned,18S,4a
2951,69b394852b7d33e50fafcfb475c9995f,Ocean-lake-4a,25.0,Eukaryota,Unassigned,Unassigned,Unassigned,Unassigned,Unassigned,Unassigned,18S,4a
2952,b3f276a1cf8486eab437dfdd46eac67f,Ocean-lake-4a,35.0,Eukaryota,Prymnesiophyceae,Prymnesiophyceae,Prymnesiales,Prymnesiales,OLI51059,Unassigned,18S,4a
2953,7cc8683c62d8460436e413da115eccce,Ocean-lake-4a,22.0,Eukaryota,Unassigned,Unassigned,Unassigned,Unassigned,Unassigned,Unassigned,18S,4a
2954,c38365bbd92aa7b0d8a13b6bdca5777d,Ocean-lake-4a,30.0,Eukaryota,Unassigned,Unassigned,Unassigned,Unassigned,Unassigned,Unassigned,18S,4a
2955,8f4b9861420fa5e624f8f90be57f03c9,Ocean-lake-4a,39.0,Eukaryota,Unassigned,Unassigned,Unassigned,Unassigned,Unassigned,Unassigned,18S,4a
2956,67e256efd6446d279e6b028687e8b2c6,Ocean-lake-4a,35.0,Eukaryota,Ciliophora,Intramacronucleata,Spirotrichea,Choreotrichia,Unassigned,Unassigned,18S,4a
2957,1e37cdbcf4429904e9eee1856993e366,Ocean-lake-4a,33.0,Eukaryota,Unassigned,Unassigned,Unassigned,Unassigned,Unassigned,Unassigned,18S,4a
2958,7e3cb034989c2c5bf242be3fd430fb8d,Ocean-lake-4a,33.0,Eukaryota,Diatomea,Coscinodiscophytina,Coscinodiscophytina,Corethrids,Corethron,Unassigned,18S,4a
2959,24bf4bac256bc6017a118581ce5c3593,Ocean-lake-4a,32.0,Eukaryota,MAST-3,MAST-3J,MAST-3J,MAST-3J,MAST-3J,Unassigned,18S,4a
2960,d2b343bc16687a8b0c7a5e03c3388c3f,Ocean-lake-4a,44.0,Eukaryota,Diatomea,Unassigned,Unassigned,Unassigned,Unassigned,Unassigned,18S,4a
2961,600528dfdd9b22abe00e6ff67acb3e41,Ocean-lake-4a,33.0,Eukaryota,Diatomea,Coscinodiscophytina,Coscinodiscophytina,Rhizosolenids,Rhizosolenids,Unassigned,18S,4a
2962,c5fd6d2eea9c024d057ebb8af9ded807,Ocean-lake-4a,28.0,Eukaryota,Unassigned,Unassigned,Unassigned,Unassigned,Unassigned,Unassigned,18S,4a
2963,a7adfea6f15ad17933fa7647584a1c8c,Ocean-lake-4a,37.0,Eukaryota,Diatomea,Unassigned,Unassigned,Unassigned,Unassigned,Unassigned,18S,4a
2964,bda662d707c5037539d14fe093cc9540,Ocean-lake-4a,61.0,Eukaryota,Unassigned,Unassigned,Unassigned,Unassigned,Unassigned,Unassigned,18S,4a
2965,cac7b3251c3be35c909255b6c7a16d62,Ocean-lake-4a,46.0,Eukaryota,Unassigned,Unassigned,Unassigned,Unassigned,Unassigned,Unassigned,18S,4a
2966,1b3deb211f3a9d0faab6729c5a5736ad,Ocean-lake-4a,22.0,Eukaryota,Unassigned,Unassigned,Unassigned,Unassigned,Unassigned,Unassigned,18S,4a
2967,a0df0cf63206a232207632c85d3e6c49,Ocean-lake-4a,21.0,Eukaryota,Unassigned,Unassigned,Unassigned,Unassigned,Unassigned,Unassigned,18S,4a
2968,333c3a034e61e39847d66dae15eefc19,Ocean-lake-4a,47.0,Eukaryota,Diatomea,Unassigned,Unassigned,Unassigned,Unassigned,Unassigned,18S,4a
2969,f92a0d91dce73fa11a6dc2d2b2109a70,Ocean-lake-4a,33.0,Eukaryota,Ciliophora,Intramacronucleata,Spirotrichea,Choreotrichia,Steenstrupiella,Unassigned,18S,4a
2970,e497f12612bcfc6c33e0988f2dee3bae,Ocean-lake-4a,31.0,Eukaryota,Unassigned,Unassigned,Unassigned,Unassigned,Unassigned,Unassigned,18S,4a
2971,a480e4a600d9c83602d660d8741d05e4,Ocean-lake-4a,48.0,Eukaryota,Diatomea,Unassigned,Unassigned,Unassigned,Unassigned,Unassigned,18S,4a
2972,48655fd46548befbe07236b79d7da82e,Ocean-lake-4a,26.0,Bacteria,Proteobacteria,Alphaproteobacteria,Unassigned,Unassigned,Unassigned,Unassigned,18S,4a
2973,7d22ded5f142d87265ed739e5b1e4405,Ocean-lake-4a,48.0,Eukaryota,Dinoflagellata,Incertae_Sedis,Incertae_Sedis,Incertae_Sedis,Haplozoon,Unassigned,18S,4a
2974,261acf8d8e0dcdef07e8fe8adb33bcf0,Ocean-lake-4a,60.0,Eukaryota,Unassigned,Unassigned,Unassigned,Unassigned,Unassigned,Unassigned,18S,4a
2975,101e2d8d8e874a81b387d4d7927290fb,Ocean-lake-4a,37.0,Eukaryota,Unassigned,Unassigned,Unassigned,Unassigned,Unassigned,Unassigned,18S,4a
2976,287f46c114725c75b1961932adaf3004,Ocean-lake-4a,18.0,Eukaryota,Unassigned,Unassigned,Unassigned,Unassigned,Unassigned,Unassigned,18S,4a
2977,97f998d83098015d4e97deb8a58f04ae,Ocean-lake-4a,23.0,Eukaryota,Unassigned,Unassigned,Unassigned,Unassigned,Unassigned,Unassigned,18S,4a
2978,2ae0584128f2c2b2f95faa54e3daf147,Ocean-lake-4a,32.0,Eukaryota,Unassigned,Unassigned,Unassigned,Unassigned,Unassigned,Unassigned,18S,4a
2979,a77c4881e22d0610511920b2ab38c732,Ocean-lake-4a,24.0,Bacteria,Proteobacteria,Alphaproteobacteria,SAR11_clade,Clade_I,Unassigned,Unassigned,18S,4a
2980,4f289527460fe5e0b0fde6fc35f595ad,Ocean-lake-4a,42.0,Eukaryota,Unassigned,Unassigned,Unassigned,Unassigned,Unassigned,Unassigned,18S,4a
2981,9c8ea8f01d14bd6630fe7352dda92fb8,Ocean-lake-4a,30.0,Eukaryota,Diatomea,Unassigned,Unassigned,Unassigned,Unassigned,Unassigned,18S,4a
2982,fc00605959e7ec8e1b8692c344043cc1,Ocean-lake-4a,25.0,Eukaryota,Unassigned,Unassigned,Unassigned,Unassigned,Unassigned,Unassigned,18S,4a
2983,e3436b4841e9742907a148d4beed43b4,Ocean-lake-4a,41.0,Eukaryota,Diatomea,Unassigned,Unassigned,Unassigned,Unassigned,Unassigned,18S,4a
2984,ff110533eb8cfc1968aadf6067b2d424,Ocean-lake-4a,39.0,Eukaryota,Unassigned,Unassigned,Unassigned,Unassigned,Unassigned,Unassigned,18S,4a
2985,3707dc26e0b13afb2b8fa9e95c1c2c33,Ocean-lake-4a,17.0,Eukaryota,Diatomea,Unassigned,Unassigned,Unassigned,Unassigned,Unassigned,18S,4a
2986,995426c667aa423c9e4e887d2a4c2a71,Ocean-lake-4a,44.0,Eukaryota,Prymnesiophyceae,Prymnesiophyceae,Prymnesiophyceae,Prymnesiophyceae,Phaeocystis,Unassigned,18S,4a
2987,8e500d6856ddfa246568b4bf30a530ac,Ocean-lake-4a,40.0,Eukaryota,Diatomea,Unassigned,Unassigned,Unassigned,Unassigned,Unassigned,18S,4a
2988,bb9bdb77465d2c66540801efc6fca513,Ocean-lake-4a,28.0,Eukaryota,Diatomea,Unassigned,Unassigned,Unassigned,Unassigned,Unassigned,18S,4a
2989,e32d08aa4137a7b3968c6da141c9e5da,Ocean-lake-4a,28.0,Eukaryota,Unassigned,Unassigned,Unassigned,Unassigned,Unassigned,Unassigned,18S,4a
2990,58c9afaa8a601ee356f45226f5e15dba,Ocean-lake-4a,32.0,Eukaryota,Unassigned,Unassigned,Unassigned,Unassigned,Unassigned,Unassigned,18S,4a
2991,b58a6459e16858d9790533bb467c4ad2,Ocean-lake-4a,15.0,Bacteria,Proteobacteria,Alphaproteobacteria,Unassigned,Unassigned,Unassigned,Unassigned,18S,4a
2992,44c36dec867dbfdb81e60a0987b8ba39,Ocean-lake-4a,26.0,Eukaryota,Unassigned,Unassigned,Unassigned,Unassigned,Unassigned,Unassigned,18S,4a
2993,5a6a2c31031e78d75f989d3d47d12a08,Ocean-lake-4a,22.0,Eukaryota,Unassigned,Unassigned,Unassigned,Unassigned,Unassigned,Unassigned,18S,4a
2994,ee9b7b3598c401bb02a885a2ea803b08,Ocean-lake-4a,29.0,Eukaryota,Ciliophora,Intramacronucleata,Conthreep,Oligohymenophorea,Unassigned,Unassigned,18S,4a
2995,1034e24f7448912df8099a7ee5fbb51a,Ocean-lake-4a,27.0,Eukaryota,Unassigned,Unassigned,Unassigned,Unassigned,Unassigned,Unassigned,18S,4a
2996,9c607c1a08c9d87f6bcde89e3f88d3d0,Ocean-lake-4a,34.0,Eukaryota,Unassigned,Unassigned,Unassigned,Unassigned,Unassigned,Unassigned,18S,4a
2997,2e316e9e5ff557502ce7c08d6df8bf1d,Ocean-lake-4a,29.0,Eukaryota,Unassigned,Unassigned,Unassigned,Unassigned,Unassigned,Unassigned,18S,4a
2998,cfe036987aef2e1b3d8b87af09f484fd,Ocean-lake-4a,14.0,Bacteria,Proteobacteria,Gammaproteobacteria,Unassigned,Unassigned,Unassigned,Unassigned,18S,4a
2999,e7827ad578f057ed1f8c9176152788cf,Ocean-lake-4a,29.0,Bacteria,Proteobacteria,Alphaproteobacteria,Unassigned,Unassigned,Unassigned,Unassigned,18S,4a
3000,5677a9ef57660fdaf68a176be2e85c45,Ocean-lake-4a,19.0,Eukaryota,Unassigned,Unassigned,Unassigned,Unassigned,Unassigned,Unassigned,18S,4a
3001,39d9bb299d9c704895c06503677db982,Ocean-lake-4a,39.0,Eukaryota,Unassigned,Unassigned,Unassigned,Unassigned,Unassigned,Unassigned,18S,4a
3002,fcb99e123a7a44867c1c277f8f99bc90,Ocean-lake-4a,36.0,Eukaryota,Unassigned,Unassigned,Unassigned,Unassigned,Unassigned,Unassigned,18S,4a
3003,1d2ac75527a4d6983e282b85db3fca4e,Ocean-lake-4a,51.0,Eukaryota,Unassigned,Unassigned,Unassigned,Unassigned,Unassigned,Unassigned,18S,4a
3004,a27f1be8dbdd0c549048a3ea8d517038,Ocean-lake-4a,24.0,Eukaryota,Unassigned,Unassigned,Unassigned,Unassigned,Unassigned,Unassigned,18S,4a
3005,50ef80f0193bdb81e481fff3b7767df0,Ocean-lake-4a,27.0,Eukaryota,Cercozoa,Thecofilosea,Cryomonadida,Protaspidae,Protaspis,Unassigned,18S,4a
3006,5d8b52d27e7ebc69cbd6d5e5a7cded5a,Ocean-lake-4a,32.0,Eukaryota,Diatomea,Unassigned,Unassigned,Unassigned,Unassigned,Unassigned,18S,4a
3007,a6f9355ab252e1e9d091c33b0b6fa1ad,Ocean-lake-4a,35.0,Eukaryota,Unassigned,Unassigned,Unassigned,Unassigned,Unassigned,Unassigned,18S,4a
3008,fc40523ff0999ac976bf18fbfcfbd957,Ocean-lake-4a,30.0,Eukaryota,Unassigned,Unassigned,Unassigned,Unassigned,Unassigned,Unassigned,18S,4a
3009,32f1467b52f4bc9f5bc9e81f636c59ab,Ocean-lake-4a,17.0,Eukaryota,Unassigned,Unassigned,Unassigned,Unassigned,Unassigned,Unassigned,18S,4a
3010,38738014a1a3e61b7be5175ebe0978ca,Ocean-lake-4a,29.0,Eukaryota,Unassigned,Unassigned,Unassigned,Unassigned,Unassigned,Unassigned,18S,4a
3011,ec828b6df9fc265b2c264a60040b7e9c,Ocean-lake-4a,31.0,Eukaryota,Unassigned,Unassigned,Unassigned,Unassigned,Unassigned,Unassigned,18S,4a
3012,bed6c20ace0eec6c66c985b86cb3dece,Ocean-lake-4a,45.0,Eukaryota,Diatomea,Unassigned,Unassigned,Unassigned,Unassigned,Unassigned,18S,4a
3013,6a28649494eea4abcc27a8f00662f3a0,Ocean-lake-4a,23.0,Eukaryota,Unassigned,Unassigned,Unassigned,Unassigned,Unassigned,Unassigned,18S,4a
3014,44adad88a8d630c2c0e3f2b9ce4ebcd3,Ocean-lake-4a,19.0,Eukaryota,Unassigned,Unassigned,Unassigned,Unassigned,Unassigned,Unassigned,18S,4a
3015,ca6d355a737ee7f040278c30c994b2e6,Ocean-lake-4a,31.0,Eukaryota,Unassigned,Unassigned,Unassigned,Unassigned,Unassigned,Unassigned,18S,4a
3016,978769721a5e5f908656b9583cc33ee0,Ocean-lake-4a,28.0,Eukaryota,Diatomea,Unassigned,Unassigned,Unassigned,Unassigned,Unassigned,18S,4a
3017,72a13b7409d1f9143dfa14177e799ce1,Ocean-lake-4a,25.0,Eukaryota,Unassigned,Unassigned,Unassigned,Unassigned,Unassigned,Unassigned,18S,4a
3018,c4692cd1713ecfd4bf53208b36e3b4c5,Ocean-lake-4a,32.0,Eukaryota,Unassigned,Unassigned,Unassigned,Unassigned,Unassigned,Unassigned,18S,4a
3019,1ac086ce66620d6570cbd77618c96327,Ocean-lake-4a,28.0,Eukaryota,Unassigned,Unassigned,Unassigned,Unassigned,Unassigned,Unassigned,18S,4a
3020,7bea45939861b75cd92ae88f9ac91703,Ocean-lake-4a,21.0,Eukaryota,Unassigned,Unassigned,Unassigned,Unassigned,Unassigned,Unassigned,18S,4a
3021,6a91708105bd59e27b6e282d038647dd,Ocean-lake-4a,21.0,Eukaryota,Diatomea,Unassigned,Unassigned,Unassigned,Unassigned,Unassigned,18S,4a
3022,dc4e42088043846b2023e9fb1315f3e8,Ocean-lake-4a,25.0,Eukaryota,Unassigned,Unassigned,Unassigned,Unassigned,Unassigned,Unassigned,18S,4a
3023,5ab886cbb97e7ba9bb42ff8042c7ccf0,Ocean-lake-4a,34.0,Eukaryota,Unassigned,Unassigned,Unassigned,Unassigned,Unassigned,Unassigned,18S,4a
3024,84b7799e8a6b11ab95bd228b5288f297,Ocean-lake-4a,25.0,Eukaryota,Unassigned,Unassigned,Unassigned,Unassigned,Unassigned,Unassigned,18S,4a
3025,3dc1b5f08422078ed27eabde3dd1f4e2,Ocean-lake-4a,24.0,Eukaryota,Diatomea,Unassigned,Unassigned,Unassigned,Unassigned,Unassigned,18S,4a
3026,2d0033291748029da7b299ce96edaed3,Ocean-lake-4a,47.0,Eukaryota,Prymnesiophyceae,Unassigned,Unassigned,Unassigned,Unassigned,Unassigned,18S,4a
3027,a1347d7c5056d10e52e1e2165c18d75d,Ocean-lake-4a,22.0,Bacteria,Proteobacteria,Alphaproteobacteria,Unassigned,Unassigned,Unassigned,Unassigned,18S,4a
3028,1b4b4126ef74a85ea7893bbbfa429d8e,Ocean-lake-4a,29.0,Eukaryota,Unassigned,Unassigned,Unassigned,Unassigned,Unassigned,Unassigned,18S,4a
3029,b6d61455660aecea794d88d1bd7f1c4e,Ocean-lake-4a,19.0,Bacteria,Proteobacteria,Alphaproteobacteria,Unassigned,Unassigned,Unassigned,Unassigned,18S,4a
3030,4523bea9b146f7879cb37f6be9a2c358,Ocean-lake-4a,14.0,Eukaryota,Unassigned,Unassigned,Unassigned,Unassigned,Unassigned,Unassigned,18S,4a
3031,e47fd834d4ba1919b89201a2765d99dc,Ocean-lake-4a,16.0,Eukaryota,Unassigned,Unassigned,Unassigned,Unassigned,Unassigned,Unassigned,18S,4a
3032,e563f81f55dd95031af698cbb55b6821,Ocean-lake-4a,32.0,Eukaryota,Unassigned,Unassigned,Unassigned,Unassigned,Unassigned,Unassigned,18S,4a
3033,eeda4089c33d78896b96ca861dd1721a,Ocean-lake-4a,15.0,Eukaryota,Unassigned,Unassigned,Unassigned,Unassigned,Unassigned,Unassigned,18S,4a
3034,b8e96732501c4b7f3b2a16ee08baec34,Ocean-lake-4a,17.0,Eukaryota,Unassigned,Unassigned,Unassigned,Unassigned,Unassigned,Unassigned,18S,4a
3035,7f663ed7274d344ce4bb08c497ce947d,Ocean-lake-4a,16.0,Eukaryota,Unassigned,Unassigned,Unassigned,Unassigned,Unassigned,Unassigned,18S,4a
3036,a45af21a4496f30a98792474db630e03,Ocean-lake-4a,18.0,Eukaryota,Euglenozoa,Diplonemea,Diplonemea,Diplonemea,Rhynchopus,Unassigned,18S,4a
3037,f4c1a7414034679b6e3a480a1120b91b,Ocean-lake-4a,34.0,Eukaryota,Unassigned,Unassigned,Unassigned,Unassigned,Unassigned,Unassigned,18S,4a
3038,9abb46034153a3cfa48c0836df4f6f04,Ocean-lake-4a,17.0,Eukaryota,Unassigned,Unassigned,Unassigned,Unassigned,Unassigned,Unassigned,18S,4a
3039,4dfdc55109935c9e5d4b1ede0eea4867,Ocean-lake-4a,22.0,Eukaryota,Unassigned,Unassigned,Unassigned,Unassigned,Unassigned,Unassigned,18S,4a
3040,ef426a305cceaf03d505bc23bd561a81,Ocean-lake-4a,20.0,Bacteria,Campylobacterota,Campylobacteria,Campylobacterales,Sulfurimonadaceae,Sulfurimonas,Unassigned,18S,4a
3041,35c8c3540a978924cd4b61193c6a668c,Ocean-lake-4a,28.0,Eukaryota,Unassigned,Unassigned,Unassigned,Unassigned,Unassigned,Unassigned,18S,4a
3042,a14f6becb478515db424c49b63af9caf,Ocean-lake-4a,36.0,Eukaryota,Unassigned,Unassigned,Unassigned,Unassigned,Unassigned,Unassigned,18S,4a
3043,e794401d8fb4c8e24075393d0ad055bd,Ocean-lake-4a,25.0,Bacteria,Proteobacteria,Alphaproteobacteria,Rhodobacterales,Rhodobacteraceae,Unassigned,Unassigned,18S,4a
3044,631cf9e8748f034b3364d70bb36aaf16,Ocean-lake-4a,17.0,Eukaryota,Unassigned,Unassigned,Unassigned,Unassigned,Unassigned,Unassigned,18S,4a
3045,2247b8c99a73e51fbba4f8e9b3d0be37,Ocean-lake-4a,18.0,Eukaryota,Unassigned,Unassigned,Unassigned,Unassigned,Unassigned,Unassigned,18S,4a
3046,c11fd2fb6130d401f827d872491869df,Ocean-lake-4a,17.0,Eukaryota,Unassigned,Unassigned,Unassigned,Unassigned,Unassigned,Unassigned,18S,4a
3047,96c366b089ebdf0c224043ce8597a2f3,Ocean-lake-4a,15.0,Eukaryota,Unassigned,Unassigned,Unassigned,Unassigned,Unassigned,Unassigned,18S,4a
3048,e66b7071885495d23c269ba155164cdb,Ocean-lake-4a,23.0,Eukaryota,MAST-11,MAST-11,MAST-11,MAST-11,MAST-11,Unassigned,18S,4a
3049,790920cbe7b52a08e9a2b92ee9a59f8e,Ocean-lake-4a,16.0,Eukaryota,Unassigned,Unassigned,Unassigned,Unassigned,Unassigned,Unassigned,18S,4a
3050,23e23b1b3302f2d998c4e940e8cff13b,Ocean-lake-4a,16.0,Eukaryota,Unassigned,Unassigned,Unassigned,Unassigned,Unassigned,Unassigned,18S,4a
3051,f59298fe69161195e7644d28803862f5,Ocean-lake-4a,23.0,Eukaryota,Unassigned,Unassigned,Unassigned,Unassigned,Unassigned,Unassigned,18S,4a
3052,44d3f87a22874c444c38f4233c91b669,Ocean-lake-4a,28.0,Eukaryota,Unassigned,Unassigned,Unassigned,Unassigned,Unassigned,Unassigned,18S,4a
3053,aeabe54d1f5fd3927ca83445360321d7,Ocean-lake-4a,22.0,Bacteria,Gemmatimonadota,BD2-11_terrestrial_group,BD2-11_terrestrial_group,BD2-11_terrestrial_group,BD2-11_terrestrial_group,Unassigned,18S,4a
3054,ab0dacf7d29f3540a1ef767c2444242f,Ocean-lake-4a,7.0,Eukaryota,Protalveolata,Syndiniales,Syndiniales,Syndiniales,Duboscquella,Unassigned,18S,4a
3055,033a8f25ebbbe33d17f5e27ce8f80ee8,Ocean-lake-4a,23.0,Bacteria,Proteobacteria,Alphaproteobacteria,Unassigned,Unassigned,Unassigned,Unassigned,18S,4a
3056,480d3808c72625aae0b1105e51dd01a7,Ocean-lake-4a,30.0,Eukaryota,Unassigned,Unassigned,Unassigned,Unassigned,Unassigned,Unassigned,18S,4a
3057,5d576efb9c3ab408073a93d8825fae11,Ocean-lake-4a,23.0,Eukaryota,Chlorophyta,Unassigned,Unassigned,Unassigned,Unassigned,Unassigned,18S,4a
3058,190c155265cb1f34ea1ea26b5693dcfe,Ocean-lake-4a,25.0,Eukaryota,Unassigned,Unassigned,Unassigned,Unassigned,Unassigned,Unassigned,18S,4a
3059,20f7de076299241966cdfe332b54dbcd,Ocean-lake-4a,20.0,Eukaryota,Ancyromonadida,Ancyromonadida,Ancyromonadida,Ancyromonadida,Ancyromonas,Unassigned,18S,4a
3060,c172394bbe2faf9f8545346ec8478089,Ocean-lake-4a,18.0,Eukaryota,Unassigned,Unassigned,Unassigned,Unassigned,Unassigned,Unassigned,18S,4a
3061,ce61988c45618cb0f79d80807c9b88a9,Ocean-lake-4a,26.0,Eukaryota,Unassigned,Unassigned,Unassigned,Unassigned,Unassigned,Unassigned,18S,4a
3062,8fffca76ee0bcb16ef1c8e4ac2b7ea3e,Ocean-lake-4a,19.0,Eukaryota,Unassigned,Unassigned,Unassigned,Unassigned,Unassigned,Unassigned,18S,4a
3063,3d7cf847ec332e3b9fee36226368668f,Ocean-lake-4a,65.0,Eukaryota,Diatomea,Unassigned,Unassigned,Unassigned,Unassigned,Unassigned,18S,4a
3064,396884ee1713f8e928d898c3aa96644a,Ocean-lake-4a,26.0,Eukaryota,Cercozoa,Imbricatea,Imbricatea,Euglyphida,Paulinella,Unassigned,18S,4a
3065,18cf1d4fe4df0977de740f45398824d7,Ocean-lake-4a,26.0,Eukaryota,Mollusca,Bivalvia,Veneroida,Veneroida,Veneroida,Unassigned,18S,4a
3066,f742d5961eed862b0ac311c27f65cccf,Ocean-lake-4a,23.0,Eukaryota,Diatomea,Unassigned,Unassigned,Unassigned,Unassigned,Unassigned,18S,4a
3067,5e3bd9ad02ed16ff51af1d67980143a2,Ocean-lake-4a,22.0,Eukaryota,Unassigned,Unassigned,Unassigned,Unassigned,Unassigned,Unassigned,18S,4a
3068,777da1204eadaba25311dbce10ba1ca0,Ocean-lake-4a,39.0,Eukaryota,Diatomea,Unassigned,Unassigned,Unassigned,Unassigned,Unassigned,18S,4a
3069,a0fb4c06bc207ddc6fece3c6498a9b08,Ocean-lake-4a,10.0,Eukaryota,Ciliophora,Intramacronucleata,Spirotrichea,Euplotia,Euplotes,Unassigned,18S,4a
3070,1d593e51b079b158167f8376e6767507,Ocean-lake-4a,20.0,Eukaryota,Prymnesiophyceae,Unassigned,Unassigned,Unassigned,Unassigned,Unassigned,18S,4a
3071,a1f3a21dbb899df46989abbe73b9dd8e,Ocean-lake-4a,30.0,Eukaryota,Unassigned,Unassigned,Unassigned,Unassigned,Unassigned,Unassigned,18S,4a
3072,1690138952324a44c68fb7d8a5689f25,Ocean-lake-4a,17.0,Eukaryota,Unassigned,Unassigned,Unassigned,Unassigned,Unassigned,Unassigned,18S,4a
3073,090f720e89aa01be296da2ef10cfc974,Ocean-lake-4a,19.0,Eukaryota,Diatomea,Unassigned,Unassigned,Unassigned,Unassigned,Unassigned,18S,4a
3074,205b305aa8577d3e7fd5a3bc4622312f,Ocean-lake-4a,25.0,Eukaryota,Dinoflagellata,Dinophyceae,Unassigned,Unassigned,Unassigned,Unassigned,18S,4a
3075,f59628b3a2cda269951820fd8389e33f,Ocean-lake-4a,25.0,Eukaryota,Diatomea,Unassigned,Unassigned,Unassigned,Unassigned,Unassigned,18S,4a
3076,c00e8a75f148c9736510cd42fa738f9d,Ocean-lake-4a,13.0,Eukaryota,Unassigned,Unassigned,Unassigned,Unassigned,Unassigned,Unassigned,18S,4a
3077,e4801837b127a3810337d48ecd77eb00,Ocean-lake-4a,22.0,Eukaryota,Unassigned,Unassigned,Unassigned,Unassigned,Unassigned,Unassigned,18S,4a
3078,7869e685cb70e032773c9ab2d747f3f4,Ocean-lake-4a,14.0,Eukaryota,Unassigned,Unassigned,Unassigned,Unassigned,Unassigned,Unassigned,18S,4a
3079,858ae6c8eb1987ee49bca512d68b8ee6,Ocean-lake-4a,26.0,Eukaryota,Unassigned,Unassigned,Unassigned,Unassigned,Unassigned,Unassigned,18S,4a
3080,cc1d8ceb303a8c97f1c7171fe8891153,Ocean-lake-4a,33.0,Eukaryota,Amoebozoa,Discosea,Dactylopodida,Dactylopodida,Parvamoeba,Unassigned,18S,4a
3081,4ba56b8d13cf57866bac80c7f9ed4bf6,Ocean-lake-4a,19.0,Eukaryota,Protalveolata,Colpodellida,Colpodellida,Colpodellida,Voromonas,Unassigned,18S,4a
3082,1918fe5f1ffd18fe5311e1f91e916457,Ocean-lake-4a,21.0,Eukaryota,Diatomea,Unassigned,Unassigned,Unassigned,Unassigned,Unassigned,18S,4a
3083,4ce1df289294631406a9c7306ec6e1ef,Ocean-lake-4a,17.0,Eukaryota,Unassigned,Unassigned,Unassigned,Unassigned,Unassigned,Unassigned,18S,4a
3084,3851e1c2f548886d9efd1b164d1d2de0,Ocean-lake-4a,14.0,Eukaryota,Unassigned,Unassigned,Unassigned,Unassigned,Unassigned,Unassigned,18S,4a
3085,4f6907f8d172f6843c11eb0e286da877,Ocean-lake-4a,27.0,Eukaryota,Diatomea,Unassigned,Unassigned,Unassigned,Unassigned,Unassigned,18S,4a
3086,b556d2f95efc662b83372573ab3bd113,Ocean-lake-4a,21.0,Eukaryota,Ciliophora,Intramacronucleata,Spirotrichea,Oligotrichia,Unassigned,Unassigned,18S,4a
3087,34658e3c2a24829c1dfe2b95abf059b8,Ocean-lake-4a,14.0,Eukaryota,Unassigned,Unassigned,Unassigned,Unassigned,Unassigned,Unassigned,18S,4a
3088,465c2a9e08f6dba1f1f351c53a3f3d4a,Ocean-lake-4a,13.0,Eukaryota,Unassigned,Unassigned,Unassigned,Unassigned,Unassigned,Unassigned,18S,4a
3089,21bb9b396f102575bfdda529270edd26,Ocean-lake-4a,16.0,Eukaryota,Unassigned,Unassigned,Unassigned,Unassigned,Unassigned,Unassigned,18S,4a
3090,b935bdc23acd85566d96b5ef1e3930e4,Ocean-lake-4a,14.0,Eukaryota,Dinoflagellata,Dinophyceae,Unassigned,Unassigned,Unassigned,Unassigned,18S,4a
3091,0d9c38912c5e408ae4268ec19c59c61b,Ocean-lake-4a,10.0,Eukaryota,Unassigned,Unassigned,Unassigned,Unassigned,Unassigned,Unassigned,18S,4a
3092,a570ddedffb799f408c4a3b97ac2fed8,Ocean-lake-4a,20.0,Eukaryota,Unassigned,Unassigned,Unassigned,Unassigned,Unassigned,Unassigned,18S,4a
3093,97a01af2afdab6bf5dd6e6471fc72b87,Ocean-lake-4a,28.0,Eukaryota,Chlorophyta,Unassigned,Unassigned,Unassigned,Unassigned,Unassigned,18S,4a
3094,3e767d597d1dda74ec7684dd19127e01,Ocean-lake-4a,13.0,Eukaryota,Unassigned,Unassigned,Unassigned,Unassigned,Unassigned,Unassigned,18S,4a
3095,4c156f14fd5913af51b163568ad3aaf2,Ocean-lake-4a,23.0,Eukaryota,Unassigned,Unassigned,Unassigned,Unassigned,Unassigned,Unassigned,18S,4a
3096,4dd6399f5471cd351f00d03a9fbc923f,Ocean-lake-4a,6.0,Eukaryota,Unassigned,Unassigned,Unassigned,Unassigned,Unassigned,Unassigned,18S,4a
3097,6b366fbf8e0fd798747ceb0af4871668,Ocean-lake-4a,19.0,Eukaryota,Cercozoa,Chlorarachniophyta,Chlorarachniophyta,Chlorarachniophyta,Chlorarachnion,Unassigned,18S,4a
3098,8885304b83f358a320301d96757d2272,Ocean-lake-4a,12.0,Eukaryota,Unassigned,Unassigned,Unassigned,Unassigned,Unassigned,Unassigned,18S,4a
3099,6194f628bf8ed010efbbb0f16b4bac40,Ocean-lake-4a,15.0,Eukaryota,Unassigned,Unassigned,Unassigned,Unassigned,Unassigned,Unassigned,18S,4a
3100,aa59b06f38255fe9d0e002cd3355bb35,Ocean-lake-4a,13.0,Eukaryota,Unassigned,Unassigned,Unassigned,Unassigned,Unassigned,Unassigned,18S,4a
3101,18094fa9cdbf8231b26c7bf890f9d02a,Ocean-lake-4a,28.0,Eukaryota,Ciliophora,Intramacronucleata,Conthreep,Oligohymenophorea,Zoothamnopsis,Unassigned,18S,4a
3102,4aeb20087699daaf20c1a1ff753bf67c,Ocean-lake-4a,14.0,Eukaryota,Unassigned,Unassigned,Unassigned,Unassigned,Unassigned,Unassigned,18S,4a
3103,6e86838be84a5142b12380df0dfa3c99,Ocean-lake-4a,23.0,Eukaryota,Unassigned,Unassigned,Unassigned,Unassigned,Unassigned,Unassigned,18S,4a
3104,68a1f3e7733b188c00ef9faa2c2480eb,Ocean-lake-4a,19.0,Eukaryota,Unassigned,Unassigned,Unassigned,Unassigned,Unassigned,Unassigned,18S,4a
3105,200ace0c37c61692dd90ef58e439433b,Ocean-lake-4a,15.0,Eukaryota,Unassigned,Unassigned,Unassigned,Unassigned,Unassigned,Unassigned,18S,4a
3106,7d2e424f26c10b8e6d64425357534847,Ocean-lake-4a,14.0,Eukaryota,Unassigned,Unassigned,Unassigned,Unassigned,Unassigned,Unassigned,18S,4a
3107,dacc39a6f261f9dd5262d28991e8abea,Ocean-lake-4a,6.0,Eukaryota,Chlorophyta,Chlorophyceae,Unassigned,Unassigned,Unassigned,Unassigned,18S,4a
3108,0e877386c5404a4fbd666338e4fbb831,Ocean-lake-4a,50.0,Bacteria,Proteobacteria,Alphaproteobacteria,Rhodobacterales,Rhodobacteraceae,Unassigned,Unassigned,18S,4a
3109,437df53f06531c61da50f2d7aa36f512,Ocean-lake-4a,19.0,Eukaryota,Unassigned,Unassigned,Unassigned,Unassigned,Unassigned,Unassigned,18S,4a
3110,24bfdbbdb08b71e928ecfb09588b9c94,Ocean-lake-4a,15.0,Eukaryota,Unassigned,Unassigned,Unassigned,Unassigned,Unassigned,Unassigned,18S,4a
3111,24aca4101919f2c87bee9587ab38954f,Ocean-lake-4a,23.0,Eukaryota,Ciliophora,Intramacronucleata,Conthreep,Oligohymenophorea,Unassigned,Unassigned,18S,4a
3112,7cb0c4a401545503e398d36dd03cdf55,Ocean-lake-4a,13.0,Eukaryota,Unassigned,Unassigned,Unassigned,Unassigned,Unassigned,Unassigned,18S,4a
3113,e50b4fe40fdd4f75033ae3291b4ef4ed,Ocean-lake-4a,39.0,Eukaryota,Unassigned,Unassigned,Unassigned,Unassigned,Unassigned,Unassigned,18S,4a
3114,3c3c499eae9ef044610b6cf49ca683cf,Ocean-lake-4a,11.0,Eukaryota,Unassigned,Unassigned,Unassigned,Unassigned,Unassigned,Unassigned,18S,4a
3115,d7fc77741bc2f8704f8c537e882dc5a1,Ocean-lake-4a,18.0,Unassigned,Unassigned,Unassigned,Unassigned,Unassigned,Unassigned,Unassigned,18S,4a
3116,730c3f6113e854e32488d2c8e2a351a2,Ocean-lake-4a,13.0,Eukaryota,Unassigned,Unassigned,Unassigned,Unassigned,Unassigned,Unassigned,18S,4a
3117,d5872a99684e015f1ea7bd9a5ea9ec57,Ocean-lake-4a,10.0,Eukaryota,Chlorophyta,Prasinophytae,Pseudoscourfieldiales,Pseudoscourfieldiales,Pycnococcus,Unassigned,18S,4a
3118,f0fbed20494492352d7aba94bb069597,Ocean-lake-4a,47.0,Bacteria,Proteobacteria,Alphaproteobacteria,Rhodobacterales,Rhodobacteraceae,Unassigned,Unassigned,18S,4a
3119,e759727cf6d1f7e3116017075fe0eb4d,Ocean-lake-4a,18.0,Eukaryota,Unassigned,Unassigned,Unassigned,Unassigned,Unassigned,Unassigned,18S,4a
3120,5ef571218a68d61b42ec1f25fa8a4d18,Ocean-lake-4a,17.0,Eukaryota,Unassigned,Unassigned,Unassigned,Unassigned,Unassigned,Unassigned,18S,4a
3121,3c5cf4981b38cfafc2622d9c95cf4321,Ocean-lake-4a,19.0,Eukaryota,Unassigned,Unassigned,Unassigned,Unassigned,Unassigned,Unassigned,18S,4a
3122,a6246763575176b50b35f88033556c4d,Ocean-lake-4a,22.0,Eukaryota,MAST-7,MAST-7,MAST-7,MAST-7,MAST-7,Unassigned,18S,4a
3123,3d02ebf575d9d01eb6a262b81fb83432,Ocean-lake-4a,7.0,Bacteria,Proteobacteria,Alphaproteobacteria,Unassigned,Unassigned,Unassigned,Unassigned,18S,4a
3124,e4cf82bf556c447b4f27264c33019025,Ocean-lake-4a,17.0,Eukaryota,Unassigned,Unassigned,Unassigned,Unassigned,Unassigned,Unassigned,18S,4a
3125,82b23f25d0ae9b348c795d2f0db0eefb,Ocean-lake-4a,15.0,Eukaryota,Unassigned,Unassigned,Unassigned,Unassigned,Unassigned,Unassigned,18S,4a
3126,8ee875c1113b2d390389c173ce2ab00c,Ocean-lake-4a,18.0,Eukaryota,Unassigned,Unassigned,Unassigned,Unassigned,Unassigned,Unassigned,18S,4a
3127,c31cf0bea43d34e6b7a1982f454dd1f7,Ocean-lake-4a,6.0,Eukaryota,Unassigned,Unassigned,Unassigned,Unassigned,Unassigned,Unassigned,18S,4a
3128,75fe23a37f364881d2c43a7746d42bf3,Ocean-lake-4a,15.0,Eukaryota,Unassigned,Unassigned,Unassigned,Unassigned,Unassigned,Unassigned,18S,4a
3129,7a2121e0697c687cd1fde791084d4b11,Ocean-lake-4a,12.0,Eukaryota,Unassigned,Unassigned,Unassigned,Unassigned,Unassigned,Unassigned,18S,4a
3130,593e3921f078adc38ae405cfe9021a82,Ocean-lake-4a,15.0,Eukaryota,Unassigned,Unassigned,Unassigned,Unassigned,Unassigned,Unassigned,18S,4a
3131,c0bcdeb3e874f2692274ff343503d1fd,Ocean-lake-4a,19.0,Eukaryota,Unassigned,Unassigned,Unassigned,Unassigned,Unassigned,Unassigned,18S,4a
3132,680d9d0cbb0d1cf03f27bbf43fbe0a09,Ocean-lake-4a,16.0,Eukaryota,Ochrophyta,Dictyochophyceae,Pedinellales,Pedinellales,Unassigned,Unassigned,18S,4a
3133,b91e7cd2576f6a30d5c4b494ed6b3d87,Ocean-lake-4a,20.0,Eukaryota,Unassigned,Unassigned,Unassigned,Unassigned,Unassigned,Unassigned,18S,4a
3134,06b6ffdde4fa6fa4242d24efb711b400,Ocean-lake-4a,16.0,Eukaryota,Unassigned,Unassigned,Unassigned,Unassigned,Unassigned,Unassigned,18S,4a
3135,0d0ab8dbd74790df9a43333e6e55aae2,Ocean-lake-4a,17.0,Eukaryota,Pavlovophyceae,Pavlovophyceae,Pavlovophyceae,Pavlovophyceae,Unassigned,Unassigned,18S,4a
3136,b423fec42415d8ecd892d640a9a38716,Ocean-lake-4a,7.0,Eukaryota,Unassigned,Unassigned,Unassigned,Unassigned,Unassigned,Unassigned,18S,4a
3137,2bcd8dc5ec020c0aeaa53e24a6481755,Ocean-lake-4a,10.0,Eukaryota,Unassigned,Unassigned,Unassigned,Unassigned,Unassigned,Unassigned,18S,4a
3138,6a2439cea0c7e31d99bd023c618f2d12,Ocean-lake-4a,15.0,Eukaryota,Unassigned,Unassigned,Unassigned,Unassigned,Unassigned,Unassigned,18S,4a
3139,afcfd826056d0acc39de1647cae0f819,Ocean-lake-4a,16.0,Eukaryota,Unassigned,Unassigned,Unassigned,Unassigned,Unassigned,Unassigned,18S,4a
3140,2fbea89a36dcec3eb30590f07a4f8bc2,Ocean-lake-4a,18.0,Eukaryota,Unassigned,Unassigned,Unassigned,Unassigned,Unassigned,Unassigned,18S,4a
3141,8082ba5e9dd32fe8a95299608d86cb72,Ocean-lake-4a,25.0,Bacteria,Proteobacteria,Gammaproteobacteria,Unassigned,Unassigned,Unassigned,Unassigned,18S,4a
3142,aa0ebb7ad2342212d92e7d34730f109b,Ocean-lake-4a,17.0,Eukaryota,Euglenozoa,Euglenida,Heteronematina,Heteronematina,Petalomonas,Unassigned,18S,4a
3143,3aabc34a22288c9e28176e3cf7fdb1c2,Ocean-lake-4a,6.0,Eukaryota,Unassigned,Unassigned,Unassigned,Unassigned,Unassigned,Unassigned,18S,4a
3144,bd0d655d0b2463d76ca0146aa9096ee1,Ocean-lake-4a,12.0,Eukaryota,Unassigned,Unassigned,Unassigned,Unassigned,Unassigned,Unassigned,18S,4a
3145,284486d608d86eb4e43f84ad78e8e917,Ocean-lake-4a,16.0,Eukaryota,Unassigned,Unassigned,Unassigned,Unassigned,Unassigned,Unassigned,18S,4a
3146,028716aa2435d4c81b08d40825cf17fd,Ocean-lake-4a,14.0,Eukaryota,Unassigned,Unassigned,Unassigned,Unassigned,Unassigned,Unassigned,18S,4a
3147,a37489b5c934cb152d81f68d5281701c,Ocean-lake-4a,9.0,Eukaryota,Unassigned,Unassigned,Unassigned,Unassigned,Unassigned,Unassigned,18S,4a
3148,f3710a1c1856bf5d344d59cbb3558829,Ocean-lake-4a,13.0,Eukaryota,Unassigned,Unassigned,Unassigned,Unassigned,Unassigned,Unassigned,18S,4a
3149,64f11ec759766adc5a9a719b2abe3ed3,Ocean-lake-4a,25.0,Eukaryota,Unassigned,Unassigned,Unassigned,Unassigned,Unassigned,Unassigned,18S,4a
3150,c1fc0a0c669f2f10bf698e0d25f2c53b,Ocean-lake-4a,4.0,Eukaryota,Unassigned,Unassigned,Unassigned,Unassigned,Unassigned,Unassigned,18S,4a
3151,331893aac8e7909c789e4d66a991ae28,Ocean-lake-4a,7.0,Eukaryota,Peronosporomycetes,Peronosporomycetes,Peronosporomycetes,Peronosporomycetes,Unassigned,Unassigned,18S,4a
3152,91f33d3721f6662ba5289b8bbcc3e6e7,Ocean-lake-4a,19.0,Eukaryota,Vertebrata,Unassigned,Unassigned,Unassigned,Unassigned,Unassigned,18S,4a
3153,ee8ac094838ab79685596ab084eb4452,Ocean-lake-4a,11.0,Eukaryota,Unassigned,Unassigned,Unassigned,Unassigned,Unassigned,Unassigned,18S,4a
3154,bb8f33ffde64c98d9ad351c4b63a3c4a,Ocean-lake-4a,16.0,Eukaryota,Unassigned,Unassigned,Unassigned,Unassigned,Unassigned,Unassigned,18S,4a
3155,86c280766329a312d27d74dba5dcbdd6,Ocean-lake-4a,20.0,Eukaryota,Unassigned,Unassigned,Unassigned,Unassigned,Unassigned,Unassigned,18S,4a
3156,c5f8d74173b0e12be6a70a1325a11721,Ocean-lake-4a,12.0,Eukaryota,Unassigned,Unassigned,Unassigned,Unassigned,Unassigned,Unassigned,18S,4a
3157,7a9b5fc74bc6dfcf9a087f6a2e20b64b,Ocean-lake-4a,4.0,Eukaryota,Unassigned,Unassigned,Unassigned,Unassigned,Unassigned,Unassigned,18S,4a
3158,c32f52aca62e36aa7fa6624e1785c697,Ocean-lake-4a,36.0,Eukaryota,Unassigned,Unassigned,Unassigned,Unassigned,Unassigned,Unassigned,18S,4a
3159,163aaa77abbaff468cf3f57cc28bc4b9,Ocean-lake-4a,23.0,Eukaryota,Prymnesiophyceae,Prymnesiophyceae,Prymnesiophyceae,Prymnesiophyceae,Phaeocystis,Unassigned,18S,4a
3160,376ed115b6538fd28da0800b23d469bb,Ocean-lake-4a,23.0,Eukaryota,Unassigned,Unassigned,Unassigned,Unassigned,Unassigned,Unassigned,18S,4a
3161,c5f1a82bfda57dd41ea9c06f48f0306f,Ocean-lake-4a,16.0,Eukaryota,Unassigned,Unassigned,Unassigned,Unassigned,Unassigned,Unassigned,18S,4a
3162,f34ac54a9caba74052e3e1151fa8eeba,Ocean-lake-4a,8.0,Eukaryota,Unassigned,Unassigned,Unassigned,Unassigned,Unassigned,Unassigned,18S,4a
3163,c155fb5bf765166c6b76a0188ce4db2a,Ocean-lake-4a,11.0,Eukaryota,Unassigned,Unassigned,Unassigned,Unassigned,Unassigned,Unassigned,18S,4a
3164,5259447d71249ee1e34f254d112e219b,Ocean-lake-4a,12.0,Eukaryota,Unassigned,Unassigned,Unassigned,Unassigned,Unassigned,Unassigned,18S,4a
3165,9f4391deb6df8957462c63db89df4bd0,Ocean-lake-4a,13.0,Eukaryota,Unassigned,Unassigned,Unassigned,Unassigned,Unassigned,Unassigned,18S,4a
3166,43d096c767baae4759715e3c5f6ae07b,Ocean-lake-4a,12.0,Eukaryota,Unassigned,Unassigned,Unassigned,Unassigned,Unassigned,Unassigned,18S,4a
3167,ab84fcdeb99025200d71c829cd6f08c1,Ocean-lake-4a,9.0,Eukaryota,Unassigned,Unassigned,Unassigned,Unassigned,Unassigned,Unassigned,18S,4a
3168,24af696ca21bab1d20e32ae650f49ebb,Ocean-lake-4a,12.0,Eukaryota,Unassigned,Unassigned,Unassigned,Unassigned,Unassigned,Unassigned,18S,4a
3169,ec9c8d7b4be6de84539cd25c693e8822,Ocean-lake-4a,30.0,Eukaryota,Unassigned,Unassigned,Unassigned,Unassigned,Unassigned,Unassigned,18S,4a
3170,9c9825509d1b57a8fba9aab7bb8e70c2,Ocean-lake-4a,23.0,Eukaryota,Diatomea,Unassigned,Unassigned,Unassigned,Unassigned,Unassigned,18S,4a
3171,88f7825933ee557abcd82716154ed467,Ocean-lake-4a,19.0,Eukaryota,Unassigned,Unassigned,Unassigned,Unassigned,Unassigned,Unassigned,18S,4a
3172,4b7335dae30f29b90eaadd729f644f97,Ocean-lake-4a,10.0,Eukaryota,Euglenozoa,Euglenida,Heteronematina,Heteronematina,Petalomonas,Unassigned,18S,4a
3173,e60d24861ba225f5a9e60a5d39e7c3c0,Ocean-lake-4a,11.0,Eukaryota,Unassigned,Unassigned,Unassigned,Unassigned,Unassigned,Unassigned,18S,4a
3174,7a32323d59c48113269c2fd070a5f79c,Ocean-lake-4a,7.0,Eukaryota,Unassigned,Unassigned,Unassigned,Unassigned,Unassigned,Unassigned,18S,4a
3175,107cb22841e1ea9aa74ee0019f47460f,Ocean-lake-4a,11.0,Eukaryota,Unassigned,Unassigned,Unassigned,Unassigned,Unassigned,Unassigned,18S,4a
3176,0718eac9b69a3004ee61cbc109ec5054,Ocean-lake-4a,12.0,Eukaryota,Euglenozoa,Kinetoplastea,Unassigned,Unassigned,Unassigned,Unassigned,18S,4a
3177,7ebd2f63f2f5f8c47d6afefdb4d139e4,Ocean-lake-4a,6.0,Eukaryota,Unassigned,Unassigned,Unassigned,Unassigned,Unassigned,Unassigned,18S,4a
3178,fd2c2e1d8780fb7bc6c8f02a356456aa,Ocean-lake-4a,7.0,Eukaryota,MAST-1,MAST-1C,MAST-1C,MAST-1C,MAST-1C,Unassigned,18S,4a
3179,b52868b5e6163990e1e31eb728bdb406,Ocean-lake-4a,14.0,Eukaryota,Unassigned,Unassigned,Unassigned,Unassigned,Unassigned,Unassigned,18S,4a
3180,a6dd812cc5832c687cc9a415b71f9ba8,Ocean-lake-4a,13.0,Eukaryota,Unassigned,Unassigned,Unassigned,Unassigned,Unassigned,Unassigned,18S,4a
3181,5e5d499c3f67b590ed965184dca0be8b,Ocean-lake-4a,11.0,Eukaryota,Unassigned,Unassigned,Unassigned,Unassigned,Unassigned,Unassigned,18S,4a
3182,41a88b836629e283b37193a109741a65,Ocean-lake-4a,3.0,Eukaryota,Unassigned,Unassigned,Unassigned,Unassigned,Unassigned,Unassigned,18S,4a
3183,d93d0980a0038faa56d86b095351387e,Ocean-lake-4a,28.0,Eukaryota,Unassigned,Unassigned,Unassigned,Unassigned,Unassigned,Unassigned,18S,4a
3184,7111e5d6052dd89b16922d7c01786a92,Ocean-lake-4a,32.0,Eukaryota,Unassigned,Unassigned,Unassigned,Unassigned,Unassigned,Unassigned,18S,4a
3185,fa3ab1785313b1cb447f78f36adf1be6,Ocean-lake-4a,14.0,Eukaryota,Unassigned,Unassigned,Unassigned,Unassigned,Unassigned,Unassigned,18S,4a
3186,d09d7e28c41d68364281aa6165f0275e,Ocean-lake-4a,6.0,Bacteria,Proteobacteria,Gammaproteobacteria,Unassigned,Unassigned,Unassigned,Unassigned,18S,4a
3187,d7fb6590271c662391a3ceb918c76c15,Ocean-lake-4a,7.0,Eukaryota,Unassigned,Unassigned,Unassigned,Unassigned,Unassigned,Unassigned,18S,4a
3188,d5ec59ccefb3a28b3095345cc094dc57,Ocean-lake-4a,19.0,Eukaryota,Unassigned,Unassigned,Unassigned,Unassigned,Unassigned,Unassigned,18S,4a
3189,ecbf9d649a14423b9edea528078a87e1,Ocean-lake-4a,24.0,Eukaryota,Ochrophyta,Raphidophyceae,Chattonellales,Chattonellales,Heterosigma,Unassigned,18S,4a
3190,99be01081508917cb50e7722aba232bf,Ocean-lake-4a,20.0,Eukaryota,Incertae_Sedis,Incertae_Sedis,Incertae_Sedis,Incertae_Sedis,Pirsonia,Unassigned,18S,4a
3191,f7f11a7c314a77dea7106d5a84a28779,Ocean-lake-4a,16.0,Eukaryota,Unassigned,Unassigned,Unassigned,Unassigned,Unassigned,Unassigned,18S,4a
3192,f4af0fa9e5ef3cb35e2a1b269ccfebed,Ocean-lake-4a,16.0,Eukaryota,Unassigned,Unassigned,Unassigned,Unassigned,Unassigned,Unassigned,18S,4a
3193,3697e77eb8741319023fd600a0728195,Ocean-lake-4a,6.0,Eukaryota,Unassigned,Unassigned,Unassigned,Unassigned,Unassigned,Unassigned,18S,4a
3194,a34a7704b7e84d88515057ee92828b0d,Ocean-lake-4a,7.0,Eukaryota,Unassigned,Unassigned,Unassigned,Unassigned,Unassigned,Unassigned,18S,4a
3195,b05b858d6670843891f878679a57ff00,Ocean-lake-4a,10.0,Eukaryota,Ciliophora,Intramacronucleata,Spirotrichea,Oligotrichia,Unassigned,Unassigned,18S,4a
3196,5414dc03335fa7b9a5f01d2cb723a68a,Ocean-lake-4a,10.0,Eukaryota,Unassigned,Unassigned,Unassigned,Unassigned,Unassigned,Unassigned,18S,4a
3197,76314e7aba3d034b1c7d253da8158245,Ocean-lake-4a,7.0,Eukaryota,Unassigned,Unassigned,Unassigned,Unassigned,Unassigned,Unassigned,18S,4a
3198,93deaec06f167ed06a33b90bf78aab96,Ocean-lake-4a,13.0,Eukaryota,Unassigned,Unassigned,Unassigned,Unassigned,Unassigned,Unassigned,18S,4a
3199,e8f8500766cf8d985a53cf96a55fc823,Ocean-lake-4a,30.0,Bacteria,Proteobacteria,Alphaproteobacteria,Unassigned,Unassigned,Unassigned,Unassigned,18S,4a
3200,56ef1ac28c9a14c8d4485df08f2a98b0,Ocean-lake-4a,14.0,Bacteria,Proteobacteria,Gammaproteobacteria,Unassigned,Unassigned,Unassigned,Unassigned,18S,4a
3201,d2c741be253dd428f4c731443ed892e0,Ocean-lake-4a,13.0,Eukaryota,Unassigned,Unassigned,Unassigned,Unassigned,Unassigned,Unassigned,18S,4a
3202,61bdcde2f375f460f836d72db4d27c3d,Ocean-lake-4a,12.0,Eukaryota,Unassigned,Unassigned,Unassigned,Unassigned,Unassigned,Unassigned,18S,4a
3203,199d2b1894941a74ff9036443f393a10,Ocean-lake-4a,8.0,Eukaryota,Unassigned,Unassigned,Unassigned,Unassigned,Unassigned,Unassigned,18S,4a
3204,138055b000f64ff977e556b99c53edbc,Ocean-lake-4a,10.0,Unassigned,Unassigned,Unassigned,Unassigned,Unassigned,Unassigned,Unassigned,18S,4a
3205,55924afc1e50f7e4d52e9617eb5ac6d5,Ocean-lake-4a,11.0,Eukaryota,Unassigned,Unassigned,Unassigned,Unassigned,Unassigned,Unassigned,18S,4a
3206,432026cbbeab3e57ece9a5808232b3a8,Ocean-lake-4a,15.0,Eukaryota,Ciliophora,Intramacronucleata,Spirotrichea,Oligotrichia,Unassigned,Unassigned,18S,4a
3207,55251928923e0fbf59477d0a7220fc74,Ocean-lake-4a,14.0,Eukaryota,Unassigned,Unassigned,Unassigned,Unassigned,Unassigned,Unassigned,18S,4a
3208,fb3e43358b0602f9402e5e5a1f1a0df6,Ocean-lake-4a,4.0,Eukaryota,Unassigned,Unassigned,Unassigned,Unassigned,Unassigned,Unassigned,18S,4a
3209,6d126b46811df601dce91beb4c88b74f,Ocean-lake-4a,6.0,Bacteria,Proteobacteria,Alphaproteobacteria,Unassigned,Unassigned,Unassigned,Unassigned,18S,4a
3210,dcc31f3dd686aa21ca723ec152978eec,Ocean-lake-4a,11.0,Eukaryota,Unassigned,Unassigned,Unassigned,Unassigned,Unassigned,Unassigned,18S,4a
3211,73795d77bc2fa9f323626cfcc8c225d2,Ocean-lake-4a,19.0,Eukaryota,Unassigned,Unassigned,Unassigned,Unassigned,Unassigned,Unassigned,18S,4a
3212,6661936241c49fdff29ca109b82c3b69,Ocean-lake-4a,18.0,Eukaryota,Unassigned,Unassigned,Unassigned,Unassigned,Unassigned,Unassigned,18S,4a
3213,ec2cbda8dd4b7139d09c197ed98b075f,Ocean-lake-4a,16.0,Eukaryota,Unassigned,Unassigned,Unassigned,Unassigned,Unassigned,Unassigned,18S,4a
3214,b28f0085cd8535086249d3432b4d4e33,Ocean-lake-4a,9.0,Bacteria,Proteobacteria,Gammaproteobacteria,Unassigned,Unassigned,Unassigned,Unassigned,18S,4a
3215,7c6c4d8817992035093eab11d8eef8cc,Ocean-lake-4a,4.0,Eukaryota,Unassigned,Unassigned,Unassigned,Unassigned,Unassigned,Unassigned,18S,4a
3216,074d481823c37b805792ddf84141a5be,Ocean-lake-4a,9.0,Bacteria,Planctomycetota,Planctomycetes,Planctomycetales,Unassigned,Unassigned,Unassigned,18S,4a
3217,4725788cf0b5e0a3e62435ee4b2507df,Ocean-lake-4a,12.0,Eukaryota,Unassigned,Unassigned,Unassigned,Unassigned,Unassigned,Unassigned,18S,4a
3218,fd5c407ee6ab46afe3e7dd71bbedf7e6,Ocean-lake-4a,27.0,Eukaryota,Unassigned,Unassigned,Unassigned,Unassigned,Unassigned,Unassigned,18S,4a
3219,0817b6003b2b5603123f7b59881a5198,Ocean-lake-4a,13.0,Eukaryota,Unassigned,Unassigned,Unassigned,Unassigned,Unassigned,Unassigned,18S,4a
3220,24f9af1527daa506ac179ae2e2db7435,Ocean-lake-4a,12.0,Eukaryota,Unassigned,Unassigned,Unassigned,Unassigned,Unassigned,Unassigned,18S,4a
3221,44005602adf2683b6510b2984637d75b,Ocean-lake-4a,3.0,Eukaryota,Unassigned,Unassigned,Unassigned,Unassigned,Unassigned,Unassigned,18S,4a
3222,585753171f6ca618a9b3c43716b35c5e,Ocean-lake-4a,8.0,Eukaryota,Unassigned,Unassigned,Unassigned,Unassigned,Unassigned,Unassigned,18S,4a
3223,9319e192b358647c3fa41be1e4c3c70d,Ocean-lake-4a,3.0,Eukaryota,Unassigned,Unassigned,Unassigned,Unassigned,Unassigned,Unassigned,18S,4a
3224,2cb011db38cf67e6f5b72a13b7343c62,Ocean-lake-4a,11.0,Bacteria,Proteobacteria,Gammaproteobacteria,Unassigned,Unassigned,Unassigned,Unassigned,18S,4a
3225,575c6d0958196da3613339fe7ec9737e,Ocean-lake-4a,7.0,Eukaryota,Unassigned,Unassigned,Unassigned,Unassigned,Unassigned,Unassigned,18S,4a
3226,b4be3b0b078afce4984e749d645a55e6,Ocean-lake-4a,26.0,Bacteria,Proteobacteria,Alphaproteobacteria,Rhodobacterales,Rhodobacteraceae,Unassigned,Unassigned,18S,4a
3227,50577aefed7e9924394fc1abc9b0eb08,Ocean-lake-4a,26.0,Bacteria,Planctomycetota,Planctomycetes,Pirellulales,Pirellulaceae,Unassigned,Unassigned,18S,4a
3228,bc8006073b65ec27cee3dc3204385f41,Ocean-lake-4a,13.0,Eukaryota,Ciliophora,Intramacronucleata,Conthreep,Colpodea,Aristerostoma,Unassigned,18S,4a
3229,59cbbe569e280f331306105041f8128c,Ocean-lake-4a,10.0,Eukaryota,Unassigned,Unassigned,Unassigned,Unassigned,Unassigned,Unassigned,18S,4a
3230,93a0b348fcf20f345b3d1551ddb147e5,Ocean-lake-4a,8.0,Eukaryota,Unassigned,Unassigned,Unassigned,Unassigned,Unassigned,Unassigned,18S,4a
3231,e52c4d0255bc0c3727703f8f9a1e1e59,Ocean-lake-4a,9.0,Eukaryota,Unassigned,Unassigned,Unassigned,Unassigned,Unassigned,Unassigned,18S,4a
3232,0a8a9a4152fcffd686df3532adcfdcfb,Ocean-lake-4a,7.0,Eukaryota,Unassigned,Unassigned,Unassigned,Unassigned,Unassigned,Unassigned,18S,4a
3233,b733bb8df1ad3a9f928ff4061efeb082,Ocean-lake-4a,10.0,Eukaryota,Unassigned,Unassigned,Unassigned,Unassigned,Unassigned,Unassigned,18S,4a
3234,bb7eaa3b1dd8f4acf7d550fd6d94520b,Ocean-lake-4a,6.0,Eukaryota,Unassigned,Unassigned,Unassigned,Unassigned,Unassigned,Unassigned,18S,4a
3235,7c4f9a3075d093818ccab3738fce6609,Ocean-lake-4a,9.0,Eukaryota,Unassigned,Unassigned,Unassigned,Unassigned,Unassigned,Unassigned,18S,4a
3236,e1de98e435d0281f023772e641bf5335,Ocean-lake-4a,19.0,Eukaryota,Unassigned,Unassigned,Unassigned,Unassigned,Unassigned,Unassigned,18S,4a
3237,7369f9b4559505ce5f472ccb18b9bc2b,Ocean-lake-4a,15.0,Eukaryota,Diatomea,Unassigned,Unassigned,Unassigned,Unassigned,Unassigned,18S,4a
3238,acde122e02452dc5732e4cc2cdfecca2,Ocean-lake-4a,14.0,Eukaryota,Unassigned,Unassigned,Unassigned,Unassigned,Unassigned,Unassigned,18S,4a
3239,326aa1a00f032ca0d1077142b829054e,Ocean-lake-4a,12.0,Eukaryota,Unassigned,Unassigned,Unassigned,Unassigned,Unassigned,Unassigned,18S,4a
3240,2fd1558788faf93ca627546a65fe645e,Ocean-lake-4a,12.0,Eukaryota,Unassigned,Unassigned,Unassigned,Unassigned,Unassigned,Unassigned,18S,4a
3241,a8266f8d79ad86062f2e6f23513ef702,Ocean-lake-4a,5.0,Eukaryota,Unassigned,Unassigned,Unassigned,Unassigned,Unassigned,Unassigned,18S,4a
3242,7e7027a64dab33dcaa9f0e4e8ccc577a,Ocean-lake-4a,8.0,Eukaryota,Unassigned,Unassigned,Unassigned,Unassigned,Unassigned,Unassigned,18S,4a
3243,bbcb4dd8541133b289b30a5f3b5bda33,Ocean-lake-4a,13.0,Eukaryota,Unassigned,Unassigned,Unassigned,Unassigned,Unassigned,Unassigned,18S,4a
3244,57430b0d6759cd936294035cb2979f7b,Ocean-lake-4a,19.0,Eukaryota,Unassigned,Unassigned,Unassigned,Unassigned,Unassigned,Unassigned,18S,4a
3245,300e041a81372b0096e157b5724ffc49,Ocean-lake-4a,16.0,Eukaryota,Unassigned,Unassigned,Unassigned,Unassigned,Unassigned,Unassigned,18S,4a
3246,a092b4a68bafd2534844841208b10a13,Ocean-lake-4a,8.0,Eukaryota,Unassigned,Unassigned,Unassigned,Unassigned,Unassigned,Unassigned,18S,4a
3247,c40896e33e3bc61d28595bed074c3fb7,Ocean-lake-4a,11.0,Eukaryota,Unassigned,Unassigned,Unassigned,Unassigned,Unassigned,Unassigned,18S,4a
3248,19bdd576558208f478cfa10712c80cac,Ocean-lake-4a,5.0,Bacteria,Campylobacterota,Campylobacteria,Campylobacterales,Arcobacteraceae,Unassigned,Unassigned,18S,4a
3249,b68a0a2e36de2c21550ba449d237fd5e,Ocean-lake-4a,10.0,Eukaryota,Unassigned,Unassigned,Unassigned,Unassigned,Unassigned,Unassigned,18S,4a
3250,b8e162210f110df01f4d7d3d71e9ea19,Ocean-lake-4a,8.0,Eukaryota,Ochrophyta,Unassigned,Unassigned,Unassigned,Unassigned,Unassigned,18S,4a
3251,a5474dfa421cb324519203600b91c4c7,Ocean-lake-4a,6.0,Eukaryota,Unassigned,Unassigned,Unassigned,Unassigned,Unassigned,Unassigned,18S,4a
3252,080949ba6896b98e42d226ffa2ad5ddd,Ocean-lake-4a,8.0,Eukaryota,Unassigned,Unassigned,Unassigned,Unassigned,Unassigned,Unassigned,18S,4a
3253,4d6ffed90f01bc0fe8b5bbf2c0c1a069,Ocean-lake-4a,5.0,Eukaryota,Unassigned,Unassigned,Unassigned,Unassigned,Unassigned,Unassigned,18S,4a
3254,827231582bb9222925cd43978d5a9820,Ocean-lake-4a,8.0,Eukaryota,Unassigned,Unassigned,Unassigned,Unassigned,Unassigned,Unassigned,18S,4a
3255,4944965e283e3731d5e3fcab2d76f5d2,Ocean-lake-4a,12.0,Eukaryota,Unassigned,Unassigned,Unassigned,Unassigned,Unassigned,Unassigned,18S,4a
3256,310cc67bf6228e83a9f3e4a1d03f873a,Ocean-lake-4a,12.0,Eukaryota,Unassigned,Unassigned,Unassigned,Unassigned,Unassigned,Unassigned,18S,4a
3257,5cf2311f15cee26ba784c9aff2d92d1b,Ocean-lake-4a,11.0,Eukaryota,Unassigned,Unassigned,Unassigned,Unassigned,Unassigned,Unassigned,18S,4a
3258,e3a7bc7f0348274d19febe60bef66e1b,Ocean-lake-4a,10.0,Eukaryota,Unassigned,Unassigned,Unassigned,Unassigned,Unassigned,Unassigned,18S,4a
3259,e3b6175ba0abefe232311000123a2708,Ocean-lake-4a,21.0,Eukaryota,Unassigned,Unassigned,Unassigned,Unassigned,Unassigned,Unassigned,18S,4a
3260,d38d4f2639b575ef821d95a9038ef924,Ocean-lake-4a,21.0,Eukaryota,Diatomea,Unassigned,Unassigned,Unassigned,Unassigned,Unassigned,18S,4a
3261,3e3a8aa95d8d4be6a9e751bfde709615,Ocean-lake-4a,12.0,Eukaryota,Ciliophora,Intramacronucleata,Spirotrichea,Choreotrichia,Unassigned,Unassigned,18S,4a
3262,726a1e0e25481324a28f356c05f8fb6b,Ocean-lake-4a,11.0,Eukaryota,Unassigned,Unassigned,Unassigned,Unassigned,Unassigned,Unassigned,18S,4a
3263,101c69d0f5a6d7e5a8485d82d456dfe5,Ocean-lake-4a,7.0,Eukaryota,Dinoflagellata,Dinophyceae,Unassigned,Unassigned,Unassigned,Unassigned,18S,4a
3264,c59e25a7875c63e4de483b04c187f5de,Ocean-lake-4a,5.0,Eukaryota,Unassigned,Unassigned,Unassigned,Unassigned,Unassigned,Unassigned,18S,4a
3265,dd46ed926bd43532cd1e10e1ba62d358,Ocean-lake-4a,4.0,Eukaryota,Unassigned,Unassigned,Unassigned,Unassigned,Unassigned,Unassigned,18S,4a
3266,41c48baf3e2e78f8d38c96312a3742dc,Ocean-lake-4a,9.0,Eukaryota,Unassigned,Unassigned,Unassigned,Unassigned,Unassigned,Unassigned,18S,4a
3267,8aad893927c7c01a28e89424ab0a9fdb,Ocean-lake-4a,8.0,Eukaryota,Unassigned,Unassigned,Unassigned,Unassigned,Unassigned,Unassigned,18S,4a
3268,412cad716dea90972bdecd6440fcd0dd,Ocean-lake-4a,8.0,Eukaryota,Euglenozoa,Diplonemea,Diplonemea,Diplonemea,Rhynchopus,Unassigned,18S,4a
3269,9b843087f2b51271f50c7c253c33acc5,Ocean-lake-4a,20.0,Eukaryota,Unassigned,Unassigned,Unassigned,Unassigned,Unassigned,Unassigned,18S,4a
3270,4732cab4016cb73fd58b946020eb9e1d,Ocean-lake-4a,15.0,Eukaryota,Unassigned,Unassigned,Unassigned,Unassigned,Unassigned,Unassigned,18S,4a
3271,604ed0322a3b4b2a70214b5eb499a29f,Ocean-lake-4a,12.0,Eukaryota,Unassigned,Unassigned,Unassigned,Unassigned,Unassigned,Unassigned,18S,4a
3272,92872fa57c763690d77e199213ad36e1,Ocean-lake-4a,10.0,Eukaryota,Unassigned,Unassigned,Unassigned,Unassigned,Unassigned,Unassigned,18S,4a
3273,323840172c664675a826844fd497e4f7,Ocean-lake-4a,7.0,Eukaryota,Unassigned,Unassigned,Unassigned,Unassigned,Unassigned,Unassigned,18S,4a
3274,685f723b30a534c501d89355cf3c259a,Ocean-lake-4a,7.0,Eukaryota,Unassigned,Unassigned,Unassigned,Unassigned,Unassigned,Unassigned,18S,4a
3275,bdf2f5cc0b68abccf9ebbb894e2fa7b1,Ocean-lake-4a,7.0,Eukaryota,Unassigned,Unassigned,Unassigned,Unassigned,Unassigned,Unassigned,18S,4a
3276,440d8a750d498cb810d806eead850b92,Ocean-lake-4a,6.0,Eukaryota,Unassigned,Unassigned,Unassigned,Unassigned,Unassigned,Unassigned,18S,4a
3277,8981718a9c516e4be9c55f563849febb,Ocean-lake-4a,19.0,Eukaryota,MAST-7,MAST-7D,MAST-7D,MAST-7D,MAST-7D,Unassigned,18S,4a
3278,a888b4c8918e5cb839bbef121b63d17e,Ocean-lake-4a,13.0,Eukaryota,Unassigned,Unassigned,Unassigned,Unassigned,Unassigned,Unassigned,18S,4a
3279,aec4ac2d816c4da47ea7dfd42ef341ae,Ocean-lake-4a,11.0,Eukaryota,Unassigned,Unassigned,Unassigned,Unassigned,Unassigned,Unassigned,18S,4a
3280,f929dd72e8d9696b9980560836d9f504,Ocean-lake-4a,7.0,Eukaryota,Unassigned,Unassigned,Unassigned,Unassigned,Unassigned,Unassigned,18S,4a
3281,39b4094a87397a662174c9a0ba62fc01,Ocean-lake-4a,6.0,Eukaryota,Unassigned,Unassigned,Unassigned,Unassigned,Unassigned,Unassigned,18S,4a
3282,39339eba57752421c30d9455c76c51e9,Ocean-lake-4a,4.0,Unassigned,Unassigned,Unassigned,Unassigned,Unassigned,Unassigned,Unassigned,18S,4a
3283,e4ecad34d89d857d40948f08489d66c8,Ocean-lake-4a,7.0,Eukaryota,Unassigned,Unassigned,Unassigned,Unassigned,Unassigned,Unassigned,18S,4a
3284,15a06a39a3d303e97fdb897795453493,Ocean-lake-4a,10.0,Eukaryota,Apicomplexa,Novel_Apicomplexa_Class_1,Novel_Apicomplexa_Class_1,Novel_Apicomplexa_Class_1,Novel_Apicomplexa_Class_1,Unassigned,18S,4a
3285,d60b43f982769c4b9380fbfeb3dc8097,Ocean-lake-4a,10.0,Eukaryota,Unassigned,Unassigned,Unassigned,Unassigned,Unassigned,Unassigned,18S,4a
3286,b3d72a7e9a7ea7c8bef9773269db6a1e,Ocean-lake-4a,5.0,Eukaryota,Unassigned,Unassigned,Unassigned,Unassigned,Unassigned,Unassigned,18S,4a
3287,a665c07a0f44fe56473af40e589dbf8e,Ocean-lake-4a,13.0,Eukaryota,Unassigned,Unassigned,Unassigned,Unassigned,Unassigned,Unassigned,18S,4a
3288,35215549c71c99f6239601b7a516972b,Ocean-lake-4a,12.0,Bacteria,Proteobacteria,Gammaproteobacteria,Unassigned,Unassigned,Unassigned,Unassigned,18S,4a
3289,e7ac3f446596476ff5038696ce3aeaf1,Ocean-lake-4a,12.0,Eukaryota,Unassigned,Unassigned,Unassigned,Unassigned,Unassigned,Unassigned,18S,4a
3290,87ea647ded5350fa5f05ac80fbdba09e,Ocean-lake-4a,9.0,Eukaryota,Diatomea,Unassigned,Unassigned,Unassigned,Unassigned,Unassigned,18S,4a
3291,7f974d26fd38b58fe831d252d64090ec,Ocean-lake-4a,5.0,Eukaryota,Unassigned,Unassigned,Unassigned,Unassigned,Unassigned,Unassigned,18S,4a
3292,cb6a4bd4d8615670334ac9d4531b24b9,Ocean-lake-4a,7.0,Eukaryota,Holozoa,Choanoflagellida,Acanthoecida,Stephanoecidae,Bicosta,Unassigned,18S,4a
3293,e829f9c4a5312b71c1eead6029d9a660,Ocean-lake-4a,17.0,Eukaryota,Unassigned,Unassigned,Unassigned,Unassigned,Unassigned,Unassigned,18S,4a
3294,b4187001843d3c5fe0594f0cfe2495aa,Ocean-lake-4a,7.0,Eukaryota,Unassigned,Unassigned,Unassigned,Unassigned,Unassigned,Unassigned,18S,4a
3295,d747240ad9ccfabe5665f423443f0181,Ocean-lake-4a,7.0,Eukaryota,Unassigned,Unassigned,Unassigned,Unassigned,Unassigned,Unassigned,18S,4a
3296,917a2a6589c7689e8a04bc140b9be64c,Ocean-lake-4a,6.0,Eukaryota,Unassigned,Unassigned,Unassigned,Unassigned,Unassigned,Unassigned,18S,4a
3297,1e966eac008d89667aec709b577bdd25,Ocean-lake-4a,3.0,Eukaryota,Unassigned,Unassigned,Unassigned,Unassigned,Unassigned,Unassigned,18S,4a
3298,0ee0094089c1c74f03549ddac2d6fd4a,Ocean-lake-4a,8.0,Eukaryota,Unassigned,Unassigned,Unassigned,Unassigned,Unassigned,Unassigned,18S,4a
3299,57d9a8f6455205908ee63c662ff458a0,Ocean-lake-4a,9.0,Eukaryota,Unassigned,Unassigned,Unassigned,Unassigned,Unassigned,Unassigned,18S,4a
3300,7b73fbf9ef8bc3e4b1df9dd9fdabf7c2,Ocean-lake-4a,16.0,Eukaryota,Unassigned,Unassigned,Unassigned,Unassigned,Unassigned,Unassigned,18S,4a
3301,6a07aacaaa616a0687172eaa6c8fbb5d,Ocean-lake-4a,12.0,Eukaryota,Unassigned,Unassigned,Unassigned,Unassigned,Unassigned,Unassigned,18S,4a
3302,e7846550712eaedc7812c135c1aaa2a5,Ocean-lake-4a,10.0,Eukaryota,Pav3,Pav3,Pav3,Pav3,Pav3,Unassigned,18S,4a
3303,66c8f28692a156e2253c1d25c25f1aa8,Ocean-lake-4a,8.0,Eukaryota,Unassigned,Unassigned,Unassigned,Unassigned,Unassigned,Unassigned,18S,4a
3304,702841fffc6f2e29d3c3d7f28abf8edc,Ocean-lake-4a,7.0,Eukaryota,Unassigned,Unassigned,Unassigned,Unassigned,Unassigned,Unassigned,18S,4a
3305,b2de10882bdef0aaa06ff3ace188ddcd,Ocean-lake-4a,6.0,Eukaryota,Unassigned,Unassigned,Unassigned,Unassigned,Unassigned,Unassigned,18S,4a
3306,754786794c4aa548b8642d8bcbf61e84,Ocean-lake-4a,5.0,Eukaryota,Chlorophyta,Unassigned,Unassigned,Unassigned,Unassigned,Unassigned,18S,4a
3307,c60b1c0c6188baefad59a266bb9b0657,Ocean-lake-4a,6.0,Eukaryota,Unassigned,Unassigned,Unassigned,Unassigned,Unassigned,Unassigned,18S,4a
3308,cca34026c439da5a991d6b9c4d55e138,Ocean-lake-4a,8.0,Eukaryota,Unassigned,Unassigned,Unassigned,Unassigned,Unassigned,Unassigned,18S,4a
3309,db6cbf0a50dbdbb789b3301db4d6486c,Ocean-lake-4a,4.0,Eukaryota,Unassigned,Unassigned,Unassigned,Unassigned,Unassigned,Unassigned,18S,4a
3310,c57b699d153eca0f2504fb5f1c2883d2,Ocean-lake-4a,7.0,Unassigned,Unassigned,Unassigned,Unassigned,Unassigned,Unassigned,Unassigned,18S,4a
3311,3bed8b6c14c991b38780b8ab052fa915,Ocean-lake-4a,15.0,Eukaryota,Unassigned,Unassigned,Unassigned,Unassigned,Unassigned,Unassigned,18S,4a
3312,1be498d1173764a834a8aa8a75c4eddf,Ocean-lake-4a,15.0,Eukaryota,Unassigned,Unassigned,Unassigned,Unassigned,Unassigned,Unassigned,18S,4a
3313,d66bc019ee2c2015aa58034ebc37d0ed,Ocean-lake-4a,15.0,Bacteria,Unassigned,Unassigned,Unassigned,Unassigned,Unassigned,Unassigned,18S,4a
3314,5a7e37f9a19eeee48f69b3046ed21719,Ocean-lake-4a,15.0,Eukaryota,Unassigned,Unassigned,Unassigned,Unassigned,Unassigned,Unassigned,18S,4a
3315,98391026b8509b3ed8ee6f2f143300b6,Ocean-lake-4a,11.0,Eukaryota,Unassigned,Unassigned,Unassigned,Unassigned,Unassigned,Unassigned,18S,4a
3316,cf127cab57d34bf47745e2db39d267d4,Ocean-lake-4a,10.0,Eukaryota,Unassigned,Unassigned,Unassigned,Unassigned,Unassigned,Unassigned,18S,4a
3317,977225b7686ecaa4df4b77247210ad92,Ocean-lake-4a,9.0,Eukaryota,Unassigned,Unassigned,Unassigned,Unassigned,Unassigned,Unassigned,18S,4a
3318,5b7391d8d5a403c6289fe866ee898759,Ocean-lake-4a,8.0,Eukaryota,Ciliophora,Intramacronucleata,Spirotrichea,Choreotrichia,Unassigned,Unassigned,18S,4a
3319,583adf24c791c2d279f70fc7ae3eff11,Ocean-lake-4a,4.0,Eukaryota,Unassigned,Unassigned,Unassigned,Unassigned,Unassigned,Unassigned,18S,4a
3320,4072b0afb48f9a732cd31089c8f3a7c1,Ocean-lake-4a,6.0,Bacteria,Unassigned,Unassigned,Unassigned,Unassigned,Unassigned,Unassigned,18S,4a
3321,069ec039f5f2c93516582b30de2e8d21,Ocean-lake-4a,9.0,Eukaryota,Unassigned,Unassigned,Unassigned,Unassigned,Unassigned,Unassigned,18S,4a
3322,0e591c3637b423bc3296dc0b85a7f1c8,Ocean-lake-4a,9.0,Eukaryota,Unassigned,Unassigned,Unassigned,Unassigned,Unassigned,Unassigned,18S,4a
3323,79d7dcd11a581cd753ee823654301948,Ocean-lake-4a,9.0,Eukaryota,Unassigned,Unassigned,Unassigned,Unassigned,Unassigned,Unassigned,18S,4a
3324,d78f0e3346f34979f298e807af5bbf02,Ocean-lake-4a,11.0,Eukaryota,Chlorophyta,Prasinophytae,Prasinococcales,Prasinococcales,Prasinococcus,Unassigned,18S,4a
3325,bbfa055f5f2ed2a554a8c76922f88360,Ocean-lake-4a,14.0,Eukaryota,Unassigned,Unassigned,Unassigned,Unassigned,Unassigned,Unassigned,18S,4a
3326,d3759bee900c5e9dd61859e8819cd00f,Ocean-lake-4a,14.0,Bacteria,Unassigned,Unassigned,Unassigned,Unassigned,Unassigned,Unassigned,18S,4a
3327,0999aef28eaf4352b5da29a50c5eeaf2,Ocean-lake-4a,14.0,Eukaryota,Unassigned,Unassigned,Unassigned,Unassigned,Unassigned,Unassigned,18S,4a
3328,dad6e3d59b76f22052220a7832438a78,Ocean-lake-4a,8.0,Eukaryota,Unassigned,Unassigned,Unassigned,Unassigned,Unassigned,Unassigned,18S,4a
3329,ab0ef1e0d3f23bf567d7fde9972a4610,Ocean-lake-4a,6.0,Eukaryota,Unassigned,Unassigned,Unassigned,Unassigned,Unassigned,Unassigned,18S,4a
3330,cf7f77bf76267753f51b13f6fe44bf55,Ocean-lake-4a,6.0,Eukaryota,Unassigned,Unassigned,Unassigned,Unassigned,Unassigned,Unassigned,18S,4a
3331,15983a57574743700ae73693545af5be,Ocean-lake-4a,5.0,Eukaryota,Unassigned,Unassigned,Unassigned,Unassigned,Unassigned,Unassigned,18S,4a
3332,b7977b6778796df1055b4102139c6c45,Ocean-lake-4a,6.0,Eukaryota,Unassigned,Unassigned,Unassigned,Unassigned,Unassigned,Unassigned,18S,4a
3333,33ed6f68b05f39be2c30b68a1c9ecb64,Ocean-lake-4a,7.0,Eukaryota,Incertae_Sedis,Incertae_Sedis,Incertae_Sedis,Incertae_Sedis,Palpitomonas,Unassigned,18S,4a
3334,9b7c9ef469088fa9fbffdc01ed60eebe,Ocean-lake-4a,7.0,Eukaryota,Unassigned,Unassigned,Unassigned,Unassigned,Unassigned,Unassigned,18S,4a
3335,302d665374996b81ddc8a396689a1b7e,Ocean-lake-4a,7.0,Eukaryota,Unassigned,Unassigned,Unassigned,Unassigned,Unassigned,Unassigned,18S,4a
3336,cffa40238c3814d4405fda53aca8e893,Ocean-lake-4a,13.0,Eukaryota,Unassigned,Unassigned,Unassigned,Unassigned,Unassigned,Unassigned,18S,4a
3337,bbe4802dbc1a51dfb59c2dde7943f24e,Ocean-lake-4a,13.0,Eukaryota,Unassigned,Unassigned,Unassigned,Unassigned,Unassigned,Unassigned,18S,4a
3338,2e55201d27a28c8f506d733d53548496,Ocean-lake-4a,13.0,Eukaryota,Unassigned,Unassigned,Unassigned,Unassigned,Unassigned,Unassigned,18S,4a
3339,d8c3744ec3f6ab53c7ef16968f5a7f27,Ocean-lake-4a,13.0,Eukaryota,Unassigned,Unassigned,Unassigned,Unassigned,Unassigned,Unassigned,18S,4a
3340,0e9f8c3a4d654092fbf9aec8d5c4f6f6,Ocean-lake-4a,13.0,Eukaryota,Unassigned,Unassigned,Unassigned,Unassigned,Unassigned,Unassigned,18S,4a
3341,bffe65042375bc3fa11c2e05304e96a2,Ocean-lake-4a,13.0,Eukaryota,Unassigned,Unassigned,Unassigned,Unassigned,Unassigned,Unassigned,18S,4a
3342,0295bd282384685ccfb2bfa8524ae273,Ocean-lake-4a,13.0,Eukaryota,Unassigned,Unassigned,Unassigned,Unassigned,Unassigned,Unassigned,18S,4a
3343,39a7bd019ac42a2dc1d6c116379578b2,Ocean-lake-4a,8.0,Unassigned,Unassigned,Unassigned,Unassigned,Unassigned,Unassigned,Unassigned,18S,4a
3344,2f3cc642f1c431556cd965155732ff2b,Ocean-lake-4a,4.0,Eukaryota,Unassigned,Unassigned,Unassigned,Unassigned,Unassigned,Unassigned,18S,4a
3345,fa471912c04b1dfa774b5d622906dcfe,Ocean-lake-4a,7.0,Eukaryota,Unassigned,Unassigned,Unassigned,Unassigned,Unassigned,Unassigned,18S,4a
3346,27e69d06b90b20b7fae4c965cbb1e02d,Ocean-lake-4a,7.0,Eukaryota,Unassigned,Unassigned,Unassigned,Unassigned,Unassigned,Unassigned,18S,4a
3347,78ceefb38575fc210053e2fbd1e08d41,Ocean-lake-4a,12.0,Eukaryota,Ochrophyta,Chrysophyceae,Unassigned,Unassigned,Unassigned,Unassigned,18S,4a
3348,41d48172a983b80c21dacaf358b38233,Ocean-lake-4a,12.0,Eukaryota,Prymnesiophyceae,Unassigned,Unassigned,Unassigned,Unassigned,Unassigned,18S,4a
3349,0a274f393f8b5ba351053181a4bc7345,Ocean-lake-4a,12.0,Eukaryota,Unassigned,Unassigned,Unassigned,Unassigned,Unassigned,Unassigned,18S,4a
3350,151c3fed773a4f2584353a6a5d7c9d94,Ocean-lake-4a,8.0,Eukaryota,Unassigned,Unassigned,Unassigned,Unassigned,Unassigned,Unassigned,18S,4a
3351,1a1cb2c392d5cacbc23ce458cb64d23c,Ocean-lake-4a,8.0,Eukaryota,Unassigned,Unassigned,Unassigned,Unassigned,Unassigned,Unassigned,18S,4a
3352,3a7c4f39f2b72e00bb46fc92f1a674f0,Ocean-lake-4a,7.0,Eukaryota,Unassigned,Unassigned,Unassigned,Unassigned,Unassigned,Unassigned,18S,4a
3353,c04ead285479dcdb293fe5692a489d75,Ocean-lake-4a,7.0,Eukaryota,Mollusca,Bivalvia,Mytiloida,Mytiloida,Mytiloida,Unassigned,18S,4a
3354,d5920bb8fbfe88d34c987524596c44e1,Ocean-lake-4a,7.0,Eukaryota,Unassigned,Unassigned,Unassigned,Unassigned,Unassigned,Unassigned,18S,4a
3355,87b9b49a456b19372713d2627390bd4b,Ocean-lake-4a,6.0,Eukaryota,Unassigned,Unassigned,Unassigned,Unassigned,Unassigned,Unassigned,18S,4a
3356,91689ab1f070e392b9b34392f185aaeb,Ocean-lake-4a,3.0,Eukaryota,Unassigned,Unassigned,Unassigned,Unassigned,Unassigned,Unassigned,18S,4a
3357,167fc625d2b647f782970068dff20d10,Ocean-lake-4a,7.0,Eukaryota,Unassigned,Unassigned,Unassigned,Unassigned,Unassigned,Unassigned,18S,4a
3358,3bfe5b67ae63f88caad09d7d13c93c09,Ocean-lake-4a,4.0,Eukaryota,Unassigned,Unassigned,Unassigned,Unassigned,Unassigned,Unassigned,18S,4a
3359,0a7aa37e12ece3aaebbcf8b84c9b1e31,Ocean-lake-4a,5.0,Eukaryota,Unassigned,Unassigned,Unassigned,Unassigned,Unassigned,Unassigned,18S,4a
3360,557704606d0239c7f3af6daf07d2013f,Ocean-lake-4a,6.0,Eukaryota,Unassigned,Unassigned,Unassigned,Unassigned,Unassigned,Unassigned,18S,4a
3361,0a04f5c37a64d758c373a9174131a7d7,Ocean-lake-4a,7.0,Eukaryota,Unassigned,Unassigned,Unassigned,Unassigned,Unassigned,Unassigned,18S,4a
3362,75a9d654f313d0d5bdeb44c4978cf220,Ocean-lake-4a,11.0,Eukaryota,Unassigned,Unassigned,Unassigned,Unassigned,Unassigned,Unassigned,18S,4a
3363,727420cce5486d06e262d44c000f5ae8,Ocean-lake-4a,8.0,Eukaryota,Unassigned,Unassigned,Unassigned,Unassigned,Unassigned,Unassigned,18S,4a
3364,a4c9359f41be56343c3732d54d293614,Ocean-lake-4a,7.0,Eukaryota,Euglenozoa,Euglenida,Heteronematina,Heteronematina,Petalomonas,Unassigned,18S,4a
3365,5912986b6cc1df3cb6fed8b341026d7b,Ocean-lake-4a,6.0,Eukaryota,Unassigned,Unassigned,Unassigned,Unassigned,Unassigned,Unassigned,18S,4a
3366,f0a6f792c3f3a12bef49cb90816e4c05,Ocean-lake-4a,6.0,Eukaryota,Unassigned,Unassigned,Unassigned,Unassigned,Unassigned,Unassigned,18S,4a
3367,5ae8ecd136de8899022e6cf0215eba7b,Ocean-lake-4a,5.0,Eukaryota,Unassigned,Unassigned,Unassigned,Unassigned,Unassigned,Unassigned,18S,4a
3368,d08d0f131bfd6e1b18cd4f2c981038c1,Ocean-lake-4a,6.0,Eukaryota,Euglenozoa,Euglenida,Heteronematina,Heteronematina,Petalomonas,Unassigned,18S,4a
3369,6e6893e629ae4e1d475e539f42e29597,Ocean-lake-4a,5.0,Eukaryota,Unassigned,Unassigned,Unassigned,Unassigned,Unassigned,Unassigned,18S,4a
3370,7aa18244ac797317f11c356e34cd8143,Ocean-lake-4a,3.0,Unassigned,Unassigned,Unassigned,Unassigned,Unassigned,Unassigned,Unassigned,18S,4a
3371,393ea7fff3c6c22b4355f2f623c0acaa,Ocean-lake-4a,10.0,Eukaryota,Unassigned,Unassigned,Unassigned,Unassigned,Unassigned,Unassigned,18S,4a
3372,f11656183b8152d0ffdc8ebd0fa3fc41,Ocean-lake-4a,10.0,Eukaryota,Unassigned,Unassigned,Unassigned,Unassigned,Unassigned,Unassigned,18S,4a
3373,d3d3c284fb37be4638fddf5ee048b84f,Ocean-lake-4a,10.0,Eukaryota,Unassigned,Unassigned,Unassigned,Unassigned,Unassigned,Unassigned,18S,4a
3374,657ce998e3e0e2bc8437ea7446a22482,Ocean-lake-4a,10.0,Eukaryota,Amoebozoa,Discosea,Vannellida,Vannellida,Platyamoeba,Unassigned,18S,4a
3375,dcab5ceb65550b2313d853ea26502345,Ocean-lake-4a,10.0,Eukaryota,Unassigned,Unassigned,Unassigned,Unassigned,Unassigned,Unassigned,18S,4a
3376,154884803f595d45dd3be739e0496d47,Ocean-lake-4a,10.0,Eukaryota,Unassigned,Unassigned,Unassigned,Unassigned,Unassigned,Unassigned,18S,4a
3377,241a146c128599d53b7644d3c518448d,Ocean-lake-4a,10.0,Eukaryota,Unassigned,Unassigned,Unassigned,Unassigned,Unassigned,Unassigned,18S,4a
3378,36cca02430e9b7c21b6854a07ee07cd6,Ocean-lake-4a,10.0,Eukaryota,Unassigned,Unassigned,Unassigned,Unassigned,Unassigned,Unassigned,18S,4a
3379,1d068aa8bb4736a0450ce66fa9450d41,Ocean-lake-4a,10.0,Eukaryota,Unassigned,Unassigned,Unassigned,Unassigned,Unassigned,Unassigned,18S,4a
3380,f2203cd780c1673d1207469fb0165d50,Ocean-lake-4a,10.0,Eukaryota,Unassigned,Unassigned,Unassigned,Unassigned,Unassigned,Unassigned,18S,4a
3381,278a03ba2cdb6db4e6ebf3dbdbeab312,Ocean-lake-4a,10.0,Eukaryota,Prymnesiophyceae,Unassigned,Unassigned,Unassigned,Unassigned,Unassigned,18S,4a
3382,f0ac0fb64a5381d2e1f431a507e7f63d,Ocean-lake-4a,6.0,Eukaryota,Unassigned,Unassigned,Unassigned,Unassigned,Unassigned,Unassigned,18S,4a
3383,63125ab4e17c7969257c05c2c440fd93,Ocean-lake-4a,6.0,Eukaryota,Unassigned,Unassigned,Unassigned,Unassigned,Unassigned,Unassigned,18S,4a
3384,fdbff8e5254cdad6c6606641f949d14d,Ocean-lake-4a,5.0,Eukaryota,Unassigned,Unassigned,Unassigned,Unassigned,Unassigned,Unassigned,18S,4a
3385,0705bc2723a04aed2d51b79caa5a88a5,Ocean-lake-4a,4.0,Eukaryota,Unassigned,Unassigned,Unassigned,Unassigned,Unassigned,Unassigned,18S,4a
3386,dbf21a27f8e5059aedf3afbbf57cfba1,Ocean-lake-4a,9.0,Eukaryota,Unassigned,Unassigned,Unassigned,Unassigned,Unassigned,Unassigned,18S,4a
3387,bdacd61b3542068033672026026d252f,Ocean-lake-4a,9.0,Eukaryota,Unassigned,Unassigned,Unassigned,Unassigned,Unassigned,Unassigned,18S,4a
3388,683c3164cbb89a1e27db8af3efe85183,Ocean-lake-4a,9.0,Eukaryota,Unassigned,Unassigned,Unassigned,Unassigned,Unassigned,Unassigned,18S,4a
3389,1c027b073cad04a6d200c7973212470b,Ocean-lake-4a,9.0,Eukaryota,Unassigned,Unassigned,Unassigned,Unassigned,Unassigned,Unassigned,18S,4a
3390,6dc8805dd09c8bcd0a843daa196535c6,Ocean-lake-4a,9.0,Eukaryota,Unassigned,Unassigned,Unassigned,Unassigned,Unassigned,Unassigned,18S,4a
3391,0147812749429f0b9c0ed50096fc5218,Ocean-lake-4a,9.0,Eukaryota,Unassigned,Unassigned,Unassigned,Unassigned,Unassigned,Unassigned,18S,4a
3392,c1f8a71f221735d3b2f30f77e6145ae7,Ocean-lake-4a,9.0,Bacteria,Unassigned,Unassigned,Unassigned,Unassigned,Unassigned,Unassigned,18S,4a
3393,8d39a3ae8f2a71072370b7d3d5499ec2,Ocean-lake-4a,9.0,Eukaryota,Unassigned,Unassigned,Unassigned,Unassigned,Unassigned,Unassigned,18S,4a
3394,ed42c20ef1259627cfc0aad25b125bd9,Ocean-lake-4a,9.0,Eukaryota,Unassigned,Unassigned,Unassigned,Unassigned,Unassigned,Unassigned,18S,4a
3395,ef2a2e5d222a3b8b59f9943abeba1ab6,Ocean-lake-4a,9.0,Eukaryota,Unassigned,Unassigned,Unassigned,Unassigned,Unassigned,Unassigned,18S,4a
3396,2b9d148967cf638df4a3f440f358f504,Ocean-lake-4a,9.0,Eukaryota,Unassigned,Unassigned,Unassigned,Unassigned,Unassigned,Unassigned,18S,4a
3397,8e20dce6e48626c2290d1f429795b6f0,Ocean-lake-4a,9.0,Eukaryota,Unassigned,Unassigned,Unassigned,Unassigned,Unassigned,Unassigned,18S,4a
3398,28be1d642be26b47de1941fd279b5d29,Ocean-lake-4a,9.0,Eukaryota,Unassigned,Unassigned,Unassigned,Unassigned,Unassigned,Unassigned,18S,4a
3399,a4614d2f4bb6bdbf6207e5685aecaa5f,Ocean-lake-4a,8.0,Eukaryota,Unassigned,Unassigned,Unassigned,Unassigned,Unassigned,Unassigned,18S,4a
3400,a2d48fc2e5b4daf2bd0ec38f38c6a5a5,Ocean-lake-4a,8.0,Eukaryota,Unassigned,Unassigned,Unassigned,Unassigned,Unassigned,Unassigned,18S,4a
3401,8ccb477cd6ea75f091b37ef17d8d34f7,Ocean-lake-4a,8.0,Eukaryota,Unassigned,Unassigned,Unassigned,Unassigned,Unassigned,Unassigned,18S,4a
3402,dc490d1e4721ef2e9f01ac24907d421a,Ocean-lake-4a,8.0,Eukaryota,Unassigned,Unassigned,Unassigned,Unassigned,Unassigned,Unassigned,18S,4a
3403,e234e0b3ea7b5921541b5187a7073a1e,Ocean-lake-4a,8.0,Eukaryota,Unassigned,Unassigned,Unassigned,Unassigned,Unassigned,Unassigned,18S,4a
3404,440bc7db04a9d9d97e47713b4205ddb3,Ocean-lake-4a,8.0,Eukaryota,Unassigned,Unassigned,Unassigned,Unassigned,Unassigned,Unassigned,18S,4a
3405,a75595fe6afd133ad685cc6ef79aaca9,Ocean-lake-4a,8.0,Eukaryota,Unassigned,Unassigned,Unassigned,Unassigned,Unassigned,Unassigned,18S,4a
3406,0bec7389e81ca31f738a8f449694826a,Ocean-lake-4a,8.0,Eukaryota,Unassigned,Unassigned,Unassigned,Unassigned,Unassigned,Unassigned,18S,4a
3407,f2c5f3747863e4c30b0efb838809d68c,Ocean-lake-4a,8.0,Eukaryota,Unassigned,Unassigned,Unassigned,Unassigned,Unassigned,Unassigned,18S,4a
3408,89d2f2656c903ad5fcf05791c8651020,Ocean-lake-4a,8.0,Eukaryota,Unassigned,Unassigned,Unassigned,Unassigned,Unassigned,Unassigned,18S,4a
3409,94adb0eaa11def3b6b34ec0995f0433f,Ocean-lake-4a,8.0,Eukaryota,Unassigned,Unassigned,Unassigned,Unassigned,Unassigned,Unassigned,18S,4a
3410,f6c87621df1c90f7a2ae591d34a1c43b,Ocean-lake-4a,8.0,Eukaryota,Unassigned,Unassigned,Unassigned,Unassigned,Unassigned,Unassigned,18S,4a
3411,dfde148e706de540f0f0a2859f0441f3,Ocean-lake-4a,8.0,Eukaryota,Unassigned,Unassigned,Unassigned,Unassigned,Unassigned,Unassigned,18S,4a
3412,b5c7f43900062b8bb2fa1675e5fd1aff,Ocean-lake-4a,8.0,Eukaryota,Unassigned,Unassigned,Unassigned,Unassigned,Unassigned,Unassigned,18S,4a
3413,38ba6c94454e2464a9959ce0d4ec105a,Ocean-lake-4a,8.0,Eukaryota,Unassigned,Unassigned,Unassigned,Unassigned,Unassigned,Unassigned,18S,4a
3414,9041c193a3320afffea22f82ab3ce5a1,Ocean-lake-4a,5.0,Eukaryota,Unassigned,Unassigned,Unassigned,Unassigned,Unassigned,Unassigned,18S,4a
3415,f37d254257b1dddcbb2f9858195ff510,Ocean-lake-4a,4.0,Eukaryota,Unassigned,Unassigned,Unassigned,Unassigned,Unassigned,Unassigned,18S,4a
3416,2aa2360b23e88f1840285f6f209d7db0,Ocean-lake-4a,3.0,Eukaryota,Unassigned,Unassigned,Unassigned,Unassigned,Unassigned,Unassigned,18S,4a
3417,d470980a02d6b4c4d14d6ea05daa96e4,Ocean-lake-4a,4.0,Eukaryota,Unassigned,Unassigned,Unassigned,Unassigned,Unassigned,Unassigned,18S,4a
3418,8d8e3a12db1ac95501a1b58529ffafb6,Ocean-lake-4a,3.0,Eukaryota,Unassigned,Unassigned,Unassigned,Unassigned,Unassigned,Unassigned,18S,4a
3419,8434f86e9a809ae900cac1b004796c0b,Ocean-lake-4a,3.0,Eukaryota,Unassigned,Unassigned,Unassigned,Unassigned,Unassigned,Unassigned,18S,4a
3420,038eeb3b893240d375ccd064fcda9811,Ocean-lake-4a,4.0,Eukaryota,Chlorophyta,Ulvophyceae,Unassigned,Unassigned,Unassigned,Unassigned,18S,4a
3421,042dc16f9764daf7f3fbb327a3adb034,Ocean-lake-4a,5.0,Eukaryota,Unassigned,Unassigned,Unassigned,Unassigned,Unassigned,Unassigned,18S,4a
3422,ba73de1c0a8f3d68fa10e1d7eaf0d971,Ocean-lake-4a,7.0,Eukaryota,Unassigned,Unassigned,Unassigned,Unassigned,Unassigned,Unassigned,18S,4a
3423,f5b33af6b037d8a6ac93edddb58fb865,Ocean-lake-4a,7.0,Eukaryota,Unassigned,Unassigned,Unassigned,Unassigned,Unassigned,Unassigned,18S,4a
3424,c83ab93bee5ca5c344716c532bfd5d83,Ocean-lake-4a,7.0,Eukaryota,Unassigned,Unassigned,Unassigned,Unassigned,Unassigned,Unassigned,18S,4a
3425,9d067fcaa50a3e8af86cf6985bd6ee38,Ocean-lake-4a,7.0,Eukaryota,Unassigned,Unassigned,Unassigned,Unassigned,Unassigned,Unassigned,18S,4a
3426,621736414d54601e7bcfef35fabc949a,Ocean-lake-4a,7.0,Eukaryota,Unassigned,Unassigned,Unassigned,Unassigned,Unassigned,Unassigned,18S,4a
3427,ed580df7ff505188d99f49d59d7bb8af,Ocean-lake-4a,7.0,Eukaryota,Unassigned,Unassigned,Unassigned,Unassigned,Unassigned,Unassigned,18S,4a
3428,7a8b94eca89740691b2a132c052bb967,Ocean-lake-4a,7.0,Eukaryota,Unassigned,Unassigned,Unassigned,Unassigned,Unassigned,Unassigned,18S,4a
3429,1724187c2b8881643c6dcf2c71fa4f1b,Ocean-lake-4a,7.0,Eukaryota,Unassigned,Unassigned,Unassigned,Unassigned,Unassigned,Unassigned,18S,4a
3430,f7eff3eb3f2a734974e03dc55b1051d7,Ocean-lake-4a,7.0,Eukaryota,Unassigned,Unassigned,Unassigned,Unassigned,Unassigned,Unassigned,18S,4a
3431,b253f393fc4328d9a70acd89ff00d62b,Ocean-lake-4a,7.0,Eukaryota,Ciliophora,Intramacronucleata,Conthreep,Oligohymenophorea,Miamiensis,Unassigned,18S,4a
3432,6cca3545f2fae23b6ce32f25cbee483a,Ocean-lake-4a,7.0,Unassigned,Unassigned,Unassigned,Unassigned,Unassigned,Unassigned,Unassigned,18S,4a
3433,79435d211ffd86bc15b5de6f11b08db2,Ocean-lake-4a,7.0,Eukaryota,Peronosporomycetes,Peronosporomycetes,Peronosporomycetes,Peronosporomycetes,Unassigned,Unassigned,18S,4a
3434,1f73d2f940586b8042eabedf924efff2,Ocean-lake-4a,7.0,Eukaryota,Unassigned,Unassigned,Unassigned,Unassigned,Unassigned,Unassigned,18S,4a
3435,90a6cfe12f5a5e3d17d605019d8c6078,Ocean-lake-4a,7.0,Eukaryota,Unassigned,Unassigned,Unassigned,Unassigned,Unassigned,Unassigned,18S,4a
3436,b0229131a5fba82edf0f09dda2709174,Ocean-lake-4a,7.0,Eukaryota,Pavlovophyceae,Pavlovophyceae,Pavlovophyceae,Pavlovophyceae,Exanthemachrysis,Unassigned,18S,4a
3437,2cc79426c57e22a48e09b0b4856bfd93,Ocean-lake-4a,7.0,Eukaryota,Unassigned,Unassigned,Unassigned,Unassigned,Unassigned,Unassigned,18S,4a
3438,bc4532638e4b154da036952c37b8b986,Ocean-lake-4a,7.0,Eukaryota,Holozoa,Ichthyosporea,Rhinosporideacae,Rhinosporideacae,Unassigned,Unassigned,18S,4a
3439,33460d40ea8718c8f966fd305eeacf99,Ocean-lake-4a,7.0,Eukaryota,Unassigned,Unassigned,Unassigned,Unassigned,Unassigned,Unassigned,18S,4a
3440,bfe4c4aef0ad545f19a61c6b839a4bd6,Ocean-lake-4a,7.0,Eukaryota,Unassigned,Unassigned,Unassigned,Unassigned,Unassigned,Unassigned,18S,4a
3441,85b49011a6041c5d20b6b72d4c4ae598,Ocean-lake-4a,7.0,Eukaryota,Unassigned,Unassigned,Unassigned,Unassigned,Unassigned,Unassigned,18S,4a
3442,ee6c6574400ed7b15b976321d7f31c30,Ocean-lake-4a,7.0,Eukaryota,Unassigned,Unassigned,Unassigned,Unassigned,Unassigned,Unassigned,18S,4a
3443,43504d60b3723f9c99676516a95e3262,Ocean-lake-4a,7.0,Eukaryota,Unassigned,Unassigned,Unassigned,Unassigned,Unassigned,Unassigned,18S,4a
3444,f1970250b27b6e573f09dbf2b5b65ac0,Ocean-lake-4a,7.0,Eukaryota,Unassigned,Unassigned,Unassigned,Unassigned,Unassigned,Unassigned,18S,4a
3445,7dc0eb73009b4f9a5608e169aba3d9be,Ocean-lake-4a,6.0,Eukaryota,Unassigned,Unassigned,Unassigned,Unassigned,Unassigned,Unassigned,18S,4a
3446,bab7429d52bb2ebc674212de41a68a1a,Ocean-lake-4a,6.0,Eukaryota,Unassigned,Unassigned,Unassigned,Unassigned,Unassigned,Unassigned,18S,4a
3447,a719fe327b5c00cb8a1c574b5a3beb09,Ocean-lake-4a,6.0,Eukaryota,Unassigned,Unassigned,Unassigned,Unassigned,Unassigned,Unassigned,18S,4a
3448,287f985479b5b0cde58045b651b9d3fe,Ocean-lake-4a,6.0,Eukaryota,Unassigned,Unassigned,Unassigned,Unassigned,Unassigned,Unassigned,18S,4a
3449,cc10e82b8f212c43b430fc29eeb60018,Ocean-lake-4a,6.0,Eukaryota,Unassigned,Unassigned,Unassigned,Unassigned,Unassigned,Unassigned,18S,4a
3450,f14fc31508f4a889fd02a6c836919c9e,Ocean-lake-4a,6.0,Eukaryota,Unassigned,Unassigned,Unassigned,Unassigned,Unassigned,Unassigned,18S,4a
3451,ab3550f516ee8e0ca200c5054a5ca75d,Ocean-lake-4a,6.0,Eukaryota,Unassigned,Unassigned,Unassigned,Unassigned,Unassigned,Unassigned,18S,4a
3452,fc74631c8739e1b7ba1fed409c191d8c,Ocean-lake-4a,6.0,Eukaryota,Unassigned,Unassigned,Unassigned,Unassigned,Unassigned,Unassigned,18S,4a
3453,68f3418e98d4e819d9301b8f06ccf6b3,Ocean-lake-4a,6.0,Eukaryota,Unassigned,Unassigned,Unassigned,Unassigned,Unassigned,Unassigned,18S,4a
3454,6d7a8c41bd03ade6c06e1f01609521bd,Ocean-lake-4a,6.0,Eukaryota,Unassigned,Unassigned,Unassigned,Unassigned,Unassigned,Unassigned,18S,4a
3455,065544f6a9108968e7ac3e17ce10ae2b,Ocean-lake-4a,6.0,Eukaryota,Unassigned,Unassigned,Unassigned,Unassigned,Unassigned,Unassigned,18S,4a
3456,fa7a91d2f84d485e4c8ef7a16132390f,Ocean-lake-4a,6.0,Eukaryota,Unassigned,Unassigned,Unassigned,Unassigned,Unassigned,Unassigned,18S,4a
3457,b0bd0de722c60d4433918dffa728325a,Ocean-lake-4a,6.0,Eukaryota,Unassigned,Unassigned,Unassigned,Unassigned,Unassigned,Unassigned,18S,4a
3458,479db671bd659b2203d6b4515b7e773f,Ocean-lake-4a,6.0,Eukaryota,Unassigned,Unassigned,Unassigned,Unassigned,Unassigned,Unassigned,18S,4a
3459,6d5e1be7492eb516c71c55e14c589ae8,Ocean-lake-4a,6.0,Eukaryota,Unassigned,Unassigned,Unassigned,Unassigned,Unassigned,Unassigned,18S,4a
3460,81f4fc22763797bd52b8280fdb1fc3cc,Ocean-lake-4a,6.0,Eukaryota,Unassigned,Unassigned,Unassigned,Unassigned,Unassigned,Unassigned,18S,4a
3461,0b9b36875a1e99c809228e4ba784c0b6,Ocean-lake-4a,6.0,Eukaryota,Unassigned,Unassigned,Unassigned,Unassigned,Unassigned,Unassigned,18S,4a
3462,7ce0680aadfd80d2734f9973eee0ecc1,Ocean-lake-4a,6.0,Eukaryota,Unassigned,Unassigned,Unassigned,Unassigned,Unassigned,Unassigned,18S,4a
3463,e83f7edb3959aa6294f7a695dba0ed94,Ocean-lake-4a,6.0,Eukaryota,Unassigned,Unassigned,Unassigned,Unassigned,Unassigned,Unassigned,18S,4a
3464,6d631553beac39b80460832514b6f319,Ocean-lake-4a,6.0,Bacteria,Unassigned,Unassigned,Unassigned,Unassigned,Unassigned,Unassigned,18S,4a
3465,14c5ca8e4eb8a0854076399a119a747e,Ocean-lake-4a,6.0,Eukaryota,Unassigned,Unassigned,Unassigned,Unassigned,Unassigned,Unassigned,18S,4a
3466,b972ed92c5c71ea38aabf2db3b0bf5c5,Ocean-lake-4a,6.0,Eukaryota,Unassigned,Unassigned,Unassigned,Unassigned,Unassigned,Unassigned,18S,4a
3467,f1ef319c7e29a4ff792efef2e29859d7,Ocean-lake-4a,6.0,Eukaryota,Unassigned,Unassigned,Unassigned,Unassigned,Unassigned,Unassigned,18S,4a
3468,9bc8af1a77201db1cb5faa1d1012f4ef,Ocean-lake-4a,2.0,Eukaryota,Unassigned,Unassigned,Unassigned,Unassigned,Unassigned,Unassigned,18S,4a
3469,eca0a5048daf99bbe485db00bb8ee76b,Ocean-lake-4a,5.0,Eukaryota,Unassigned,Unassigned,Unassigned,Unassigned,Unassigned,Unassigned,18S,4a
3470,46e8cb501c959f4a41fb97803fa5b311,Ocean-lake-4a,5.0,Eukaryota,Unassigned,Unassigned,Unassigned,Unassigned,Unassigned,Unassigned,18S,4a
3471,dbf36ca4e15a572bd426191e18325a0a,Ocean-lake-4a,5.0,Eukaryota,Unassigned,Unassigned,Unassigned,Unassigned,Unassigned,Unassigned,18S,4a
3472,543312800a03bc36068ca12f2b25afbb,Ocean-lake-4a,5.0,Eukaryota,Unassigned,Unassigned,Unassigned,Unassigned,Unassigned,Unassigned,18S,4a
3473,a67b6d149875b1e74240945edf710d4a,Ocean-lake-4a,5.0,Eukaryota,Cercozoa,Imbricatea,Imbricatea,Euglyphida,Paulinella,Unassigned,18S,4a
3474,83fa27a8a631d508bdd3a2c82c994163,Ocean-lake-4a,5.0,Eukaryota,Unassigned,Unassigned,Unassigned,Unassigned,Unassigned,Unassigned,18S,4a
3475,3b58723bf935da376a63df3373a72bdd,Ocean-lake-4a,5.0,Eukaryota,Unassigned,Unassigned,Unassigned,Unassigned,Unassigned,Unassigned,18S,4a
3476,9ffefce9d8dcd3e9ea151b69f09d9e38,Ocean-lake-4a,5.0,Eukaryota,Unassigned,Unassigned,Unassigned,Unassigned,Unassigned,Unassigned,18S,4a
3477,7740e715803c5e557249995345fddff4,Ocean-lake-4a,5.0,Eukaryota,Unassigned,Unassigned,Unassigned,Unassigned,Unassigned,Unassigned,18S,4a
3478,2d9739f80951b2476d4665fbc9613603,Ocean-lake-4a,5.0,Eukaryota,Unassigned,Unassigned,Unassigned,Unassigned,Unassigned,Unassigned,18S,4a
3479,85ebaf2ff4fa887b1d51c203e1823288,Ocean-lake-4a,5.0,Eukaryota,Unassigned,Unassigned,Unassigned,Unassigned,Unassigned,Unassigned,18S,4a
3480,9fc17c5f6bf2da6035f4a0942f0b87a0,Ocean-lake-4a,5.0,Eukaryota,Unassigned,Unassigned,Unassigned,Unassigned,Unassigned,Unassigned,18S,4a
3481,41f9dab77a530707587bbb5dcae26552,Ocean-lake-4a,5.0,Eukaryota,Unassigned,Unassigned,Unassigned,Unassigned,Unassigned,Unassigned,18S,4a
3482,4817dafb3eec5421b762445bfe95cbb7,Ocean-lake-4a,5.0,Eukaryota,Unassigned,Unassigned,Unassigned,Unassigned,Unassigned,Unassigned,18S,4a
3483,cae40d308fde25ab6c2ed92b8e9b3538,Ocean-lake-4a,5.0,Eukaryota,MAST-9,MAST-9A,MAST-9A,MAST-9A,MAST-9A,Unassigned,18S,4a
3484,b60955152836c10a0098ad4757f7f78e,Ocean-lake-4a,5.0,Eukaryota,Unassigned,Unassigned,Unassigned,Unassigned,Unassigned,Unassigned,18S,4a
3485,84bdf2c21f18b237b2397fcd8ff97308,Ocean-lake-4a,5.0,Eukaryota,Unassigned,Unassigned,Unassigned,Unassigned,Unassigned,Unassigned,18S,4a
3486,32868a92038ed81890a3743dd7ac3481,Ocean-lake-4a,5.0,Eukaryota,Unassigned,Unassigned,Unassigned,Unassigned,Unassigned,Unassigned,18S,4a
3487,36adddadd6d409e4416df0981607b7bc,Ocean-lake-4a,5.0,Eukaryota,Unassigned,Unassigned,Unassigned,Unassigned,Unassigned,Unassigned,18S,4a
3488,37a56f160d2d7fb3d2b4cfea7ab49f16,Ocean-lake-4a,5.0,Eukaryota,Apusomonadidae,Apusomonadidae,Apusomonadidae,Apusomonadidae,Planomonas,Unassigned,18S,4a
3489,7defe8676a0f9f4d32c026f9e79afc7a,Ocean-lake-4a,5.0,Eukaryota,Unassigned,Unassigned,Unassigned,Unassigned,Unassigned,Unassigned,18S,4a
3490,b522b387318eeee97e58409840f8c983,Ocean-lake-4a,5.0,Eukaryota,Unassigned,Unassigned,Unassigned,Unassigned,Unassigned,Unassigned,18S,4a
3491,ea2486d7fa29935be41e74d4127ccd7f,Ocean-lake-4a,5.0,Eukaryota,Unassigned,Unassigned,Unassigned,Unassigned,Unassigned,Unassigned,18S,4a
3492,f1f7615bf8099709ae23a5974211477b,Ocean-lake-4a,5.0,Eukaryota,Unassigned,Unassigned,Unassigned,Unassigned,Unassigned,Unassigned,18S,4a
3493,105a13f5dd7a0b6b9464493dee0453b4,Ocean-lake-4a,5.0,Eukaryota,Unassigned,Unassigned,Unassigned,Unassigned,Unassigned,Unassigned,18S,4a
3494,ff56aad618c4abc87eb7914b2323187e,Ocean-lake-4a,5.0,Eukaryota,Unassigned,Unassigned,Unassigned,Unassigned,Unassigned,Unassigned,18S,4a
3495,5143f7bb308f8aa9973555a70e1bc176,Ocean-lake-4a,5.0,Eukaryota,Unassigned,Unassigned,Unassigned,Unassigned,Unassigned,Unassigned,18S,4a
3496,b525c1166046781f767b24380a1121ed,Ocean-lake-4a,5.0,Eukaryota,Unassigned,Unassigned,Unassigned,Unassigned,Unassigned,Unassigned,18S,4a
3497,04db253da615e4c57e6d76488eaf87be,Ocean-lake-4a,2.0,Eukaryota,Unassigned,Unassigned,Unassigned,Unassigned,Unassigned,Unassigned,18S,4a
3498,ad181bce871cefd6407003c5f223ec98,Ocean-lake-4a,4.0,Eukaryota,Peronosporomycetes,Peronosporomycetes,Peronosporomycetes,Peronosporomycetes,Unassigned,Unassigned,18S,4a
3499,b8f17e6487f75e9f7dc61568001b3e7c,Ocean-lake-4a,4.0,Eukaryota,Unassigned,Unassigned,Unassigned,Unassigned,Unassigned,Unassigned,18S,4a
3500,a059f763bce3be0250706fcc1fe4ec0c,Ocean-lake-4a,4.0,Eukaryota,Unassigned,Unassigned,Unassigned,Unassigned,Unassigned,Unassigned,18S,4a
3501,427126240c3e62a904412ee4634d93cc,Ocean-lake-4a,4.0,Eukaryota,Chlorophyta,Unassigned,Unassigned,Unassigned,Unassigned,Unassigned,18S,4a
3502,7c1919cdffa02dfcb1faa48b6207a09e,Ocean-lake-4a,4.0,Eukaryota,Unassigned,Unassigned,Unassigned,Unassigned,Unassigned,Unassigned,18S,4a
3503,4e9827de542a82a2700796954f5bf319,Ocean-lake-4a,4.0,Eukaryota,Unassigned,Unassigned,Unassigned,Unassigned,Unassigned,Unassigned,18S,4a
3504,4e75844e0b1dae3d6c59b39da1daf60b,Ocean-lake-4a,4.0,Eukaryota,Unassigned,Unassigned,Unassigned,Unassigned,Unassigned,Unassigned,18S,4a
3505,9ca9ad26a8bba5b2bbc1f861d43d39a5,Ocean-lake-4a,4.0,Eukaryota,Unassigned,Unassigned,Unassigned,Unassigned,Unassigned,Unassigned,18S,4a
3506,7369960c098913c7075d0fce60efab2b,Ocean-lake-4a,4.0,Unassigned,Unassigned,Unassigned,Unassigned,Unassigned,Unassigned,Unassigned,18S,4a
3507,c1d86940f46ba0808b56d05461357d9c,Ocean-lake-4a,4.0,Eukaryota,Unassigned,Unassigned,Unassigned,Unassigned,Unassigned,Unassigned,18S,4a
3508,de8acfe15115800cad4c8a1708ef264f,Ocean-lake-4a,4.0,Eukaryota,Amoebozoa,Tubulinea,Euamoebida,Euamoebida,Euamoebida,Unassigned,18S,4a
3509,a790ae98e343aaeb43a04bbd8914263e,Ocean-lake-4a,4.0,Eukaryota,Unassigned,Unassigned,Unassigned,Unassigned,Unassigned,Unassigned,18S,4a
3510,637e071e4732d53b743c896ce4784266,Ocean-lake-4a,4.0,Eukaryota,Ochrophyta,Dictyochophyceae,Pedinellales,Pedinellales,Ciliophrys,Unassigned,18S,4a
3511,5934a1b656c54191808d9dd28812356c,Ocean-lake-4a,4.0,Bacteria,Unassigned,Unassigned,Unassigned,Unassigned,Unassigned,Unassigned,18S,4a
3512,e6fa70ea761e46917a1bf5c23abe750f,Ocean-lake-4a,4.0,Eukaryota,Unassigned,Unassigned,Unassigned,Unassigned,Unassigned,Unassigned,18S,4a
3513,5b5edb39380de78c9aa14758ba8b6fec,Ocean-lake-4a,4.0,Eukaryota,Unassigned,Unassigned,Unassigned,Unassigned,Unassigned,Unassigned,18S,4a
3514,1692974c769b1d8b28f94ed18a602da8,Ocean-lake-4a,4.0,Eukaryota,Unassigned,Unassigned,Unassigned,Unassigned,Unassigned,Unassigned,18S,4a
3515,81a577d58e9203f500d1e0b242c06fb7,Ocean-lake-4a,4.0,Eukaryota,Unassigned,Unassigned,Unassigned,Unassigned,Unassigned,Unassigned,18S,4a
3516,d088e7140115739706ee3b3fc9cb3a0d,Ocean-lake-4a,4.0,Eukaryota,Euglenozoa,Kinetoplastea,Incertae_Sedis,Incertae_Sedis,Hemistasia,Unassigned,18S,4a
3517,1a1966a3371a362a609a73994015ea23,Ocean-lake-4a,4.0,Eukaryota,Unassigned,Unassigned,Unassigned,Unassigned,Unassigned,Unassigned,18S,4a
3518,1a6674c430339ba211faea1030ce640d,Ocean-lake-4a,4.0,Eukaryota,Unassigned,Unassigned,Unassigned,Unassigned,Unassigned,Unassigned,18S,4a
3519,f89d0af871bde1523131180967dd1b44,Ocean-lake-4a,4.0,Eukaryota,Unassigned,Unassigned,Unassigned,Unassigned,Unassigned,Unassigned,18S,4a
3520,700354af0999a339669faae26d3e2d10,Ocean-lake-4a,4.0,Eukaryota,Ciliophora,Intramacronucleata,Spirotrichea,Oligotrichia,Spirotontonia,Unassigned,18S,4a
3521,ae2b577f524cb6112de5083d401fa297,Ocean-lake-4a,4.0,Eukaryota,Unassigned,Unassigned,Unassigned,Unassigned,Unassigned,Unassigned,18S,4a
3522,5e6ae0290cb2c98ba98ed439708ec5e5,Ocean-lake-4a,4.0,Eukaryota,Euglenozoa,Euglenida,Heteronematina,Heteronematina,Petalomonas,Unassigned,18S,4a
3523,54273384138083e2c2c092e82578a57c,Ocean-lake-4a,4.0,Eukaryota,Unassigned,Unassigned,Unassigned,Unassigned,Unassigned,Unassigned,18S,4a
3524,b5477a93d9a621ba677f1856ca465f78,Ocean-lake-4a,3.0,Eukaryota,Unassigned,Unassigned,Unassigned,Unassigned,Unassigned,Unassigned,18S,4a
3525,fc32e75e3724b1f5ea4d48fd30c085b8,Ocean-lake-4a,3.0,Unassigned,Unassigned,Unassigned,Unassigned,Unassigned,Unassigned,Unassigned,18S,4a
3526,b93eeef2344bcf97ae6e4f51a623adca,Ocean-lake-4a,3.0,Eukaryota,Unassigned,Unassigned,Unassigned,Unassigned,Unassigned,Unassigned,18S,4a
3527,2b8c06663fe5aedb5247ad01e476cf4e,Ocean-lake-4a,3.0,Eukaryota,Unassigned,Unassigned,Unassigned,Unassigned,Unassigned,Unassigned,18S,4a
3528,c28ee750da6884b096d918a44e132ad3,Ocean-lake-4a,3.0,Eukaryota,Cercozoa,Chlorarachniophyta,Chlorarachniophyta,Chlorarachniophyta,Bigelowiella,Unassigned,18S,4a
3529,90d9673607e99ea99e881b0e8c802303,Ocean-lake-4a,3.0,Eukaryota,Unassigned,Unassigned,Unassigned,Unassigned,Unassigned,Unassigned,18S,4a
3530,81024671d0b3cf832b348de07c2cc101,Ocean-lake-4a,3.0,Eukaryota,Retaria,Foraminifera,Rotaliida,Rotaliidae,Ammonia,Unassigned,18S,4a
3531,c5728ef70ea045555860f7aba061f2f8,Ocean-lake-4a,3.0,Eukaryota,Unassigned,Unassigned,Unassigned,Unassigned,Unassigned,Unassigned,18S,4a
3532,faebc527938fdce71f7907d54f33b875,Ocean-lake-4a,3.0,Eukaryota,Unassigned,Unassigned,Unassigned,Unassigned,Unassigned,Unassigned,18S,4a
3533,9829206f11d5fcab4eb202b9b0d16b26,Ocean-lake-4a,3.0,Eukaryota,Unassigned,Unassigned,Unassigned,Unassigned,Unassigned,Unassigned,18S,4a
3534,ebdaf0d16e081264bf6ee02d06250d08,Ocean-lake-4a,2.0,Eukaryota,Unassigned,Unassigned,Unassigned,Unassigned,Unassigned,Unassigned,18S,4a
3535,6bc04ea7276c415898b5856ecf15ade8,Ocean-lake-4a,2.0,Eukaryota,Unassigned,Unassigned,Unassigned,Unassigned,Unassigned,Unassigned,18S,4a
3536,c444e67c67d1dee54a2e15714cdfd204,Ocean-lake-4a,2.0,Eukaryota,Unassigned,Unassigned,Unassigned,Unassigned,Unassigned,Unassigned,18S,4a
3537,18ad7c749405e4b11663a605682f090e,Ocean-lake-4a,2.0,Eukaryota,Unassigned,Unassigned,Unassigned,Unassigned,Unassigned,Unassigned,18S,4a
3538,580f28aa5d1f44a43a6dfff991ec40d1,Ocean-lake-4b,117.0,Eukaryota,Diatomea,Mediophyceae,Mediophyceae,Mediophyceae,Cyclotella,Unassigned,18S,4b
3539,00d87d56475b26569d129f896e82aa2a,Ocean-lake-4b,6603.0,Eukaryota,Unassigned,Unassigned,Unassigned,Unassigned,Unassigned,Unassigned,18S,4b
3540,0f3cd48f1c94814b7154f25164019d34,Ocean-lake-4b,1224.0,Eukaryota,Chlorophyta,Unassigned,Unassigned,Unassigned,Unassigned,Unassigned,18S,4b
3541,11b9d90019b1ad2132d54d18269e8cfe,Ocean-lake-4b,7120.0,Eukaryota,Diatomea,Unassigned,Unassigned,Unassigned,Unassigned,Unassigned,18S,4b
3542,4f4c9cb45479dbc207642b01c955e0fa,Ocean-lake-4b,3220.0,Eukaryota,Unassigned,Unassigned,Unassigned,Unassigned,Unassigned,Unassigned,18S,4b
3543,641eb4995a896167800364fac0199771,Ocean-lake-4b,6138.0,Eukaryota,Diatomea,Unassigned,Unassigned,Unassigned,Unassigned,Unassigned,18S,4b
3544,36e18a0abb8e178aacb6b8d60e81cdeb,Ocean-lake-4b,5941.0,Eukaryota,Diatomea,Mediophyceae,Mediophyceae,Mediophyceae,Unassigned,Unassigned,18S,4b
3545,362a6ba72853b7391b69a89202880f19,Ocean-lake-4b,5556.0,Eukaryota,Unassigned,Unassigned,Unassigned,Unassigned,Unassigned,Unassigned,18S,4b
3546,18413b6284bf33c6689416d6fc6156a8,Ocean-lake-4b,6716.0,Eukaryota,Arthropoda,Maxillopoda,Unassigned,Unassigned,Unassigned,Unassigned,18S,4b
3547,18a9d6afc3c93243247135d371538854,Ocean-lake-4b,5677.0,Eukaryota,Arthropoda,Maxillopoda,Calanoida,Calanoida,Calanoida,Unassigned,18S,4b
3548,12a76450d16948a8424ab366731f715d,Ocean-lake-4b,88.0,Eukaryota,Ciliophora,Intramacronucleata,Spirotrichea,Oligotrichia,Unassigned,Unassigned,18S,4b
3549,9851e629ac302bd5ac2de6dc0f3b8cca,Ocean-lake-4b,91.0,Eukaryota,Unassigned,Unassigned,Unassigned,Unassigned,Unassigned,Unassigned,18S,4b
3550,c0691781ea88ce1153419a83c817d0ec,Ocean-lake-4b,3995.0,Eukaryota,Unassigned,Unassigned,Unassigned,Unassigned,Unassigned,Unassigned,18S,4b
3551,79fc87d51594551637b3c9a1b628b4c8,Ocean-lake-4b,121.0,Eukaryota,Diatomea,Unassigned,Unassigned,Unassigned,Unassigned,Unassigned,18S,4b
3552,d28a43868d75da51cd2bc954d2708d37,Ocean-lake-4b,497.0,Eukaryota,Chlorophyta,Unassigned,Unassigned,Unassigned,Unassigned,Unassigned,18S,4b
3553,9332492778cbdb84fd1d132ba70983f4,Ocean-lake-4b,2708.0,Eukaryota,Unassigned,Unassigned,Unassigned,Unassigned,Unassigned,Unassigned,18S,4b
3554,b25479981dec680371abe9f534f783b4,Ocean-lake-4b,2972.0,Eukaryota,Cnidaria,Hydrozoa,Narcomedusae,Narcomedusae,Narcomedusae,Unassigned,18S,4b
3555,72baa20d784fde5d3dcb25d911c2e21b,Ocean-lake-4b,83.0,Eukaryota,Ciliophora,Intramacronucleata,Litostomatea,Mesodiniidae,Myrionecta,Unassigned,18S,4b
3556,62824215cd97d2b529c7cf5ae8c2b26c,Ocean-lake-4b,2325.0,Eukaryota,Diatomea,Unassigned,Unassigned,Unassigned,Unassigned,Unassigned,18S,4b
3557,54b9cb16e9c28b31d912974a63cda3fa,Ocean-lake-4b,1036.0,Bacteria,Proteobacteria,Alphaproteobacteria,Rhodobacterales,Rhodobacteraceae,Unassigned,Unassigned,18S,4b
3558,bb779716d4afd189826419b97fbd360e,Ocean-lake-4b,2254.0,Eukaryota,Cnidaria,Anthozoa,Actiniaria,Actiniaria,Actiniaria,Unassigned,18S,4b
3559,4bd7686246b011632d9ac3ad56fe1340,Ocean-lake-4b,1701.0,Eukaryota,Diatomea,Unassigned,Unassigned,Unassigned,Unassigned,Unassigned,18S,4b
3560,e065568334097ec85cc9969e9fcd4c52,Ocean-lake-4b,1173.0,Eukaryota,Diatomea,Mediophyceae,Mediophyceae,Mediophyceae,Unassigned,Unassigned,18S,4b
3561,79b80a9e964aa828c2358040d4cd6055,Ocean-lake-4b,1329.0,Eukaryota,Diatomea,Unassigned,Unassigned,Unassigned,Unassigned,Unassigned,18S,4b
3562,963dccae77b7bcdbbc801ac2006ea06b,Ocean-lake-4b,732.0,Eukaryota,Chlorophyta,Unassigned,Unassigned,Unassigned,Unassigned,Unassigned,18S,4b
3563,dfeeec98582bbb9b7e5d46ab011ec2f8,Ocean-lake-4b,1692.0,Eukaryota,Unassigned,Unassigned,Unassigned,Unassigned,Unassigned,Unassigned,18S,4b
3564,6ff74f833001b8bda3ae466cc74443e2,Ocean-lake-4b,1335.0,Eukaryota,Dinoflagellata,Dinophyceae,Unassigned,Unassigned,Unassigned,Unassigned,18S,4b
3565,275d2c56e4eb8e2d2f76ca1c88070ed5,Ocean-lake-4b,1195.0,Eukaryota,Diatomea,Unassigned,Unassigned,Unassigned,Unassigned,Unassigned,18S,4b
3566,4bd35bdafb83c7036b00c35b95d62155,Ocean-lake-4b,1444.0,Eukaryota,Unassigned,Unassigned,Unassigned,Unassigned,Unassigned,Unassigned,18S,4b
3567,2e98441c022e12c3684c69120268e659,Ocean-lake-4b,932.0,Eukaryota,Diatomea,Unassigned,Unassigned,Unassigned,Unassigned,Unassigned,18S,4b
3568,2896738f0180cd89b521f067935a907c,Ocean-lake-4b,783.0,Eukaryota,Diatomea,Mediophyceae,Mediophyceae,Mediophyceae,Unassigned,Unassigned,18S,4b
3569,ca468d0ccd3952a9c029ccc6fe1bf866,Ocean-lake-4b,885.0,Eukaryota,Cryptophyceae,Cryptophyceae,Cryptomonadales,Cryptomonadales,Proteomonas,Unassigned,18S,4b
3570,2fbc153fb7151998bd7a89612af7c275,Ocean-lake-4b,644.0,Eukaryota,Diatomea,Mediophyceae,Mediophyceae,Mediophyceae,Cyclotella,Unassigned,18S,4b
3571,c0052a2c8816af3e266a88509e677647,Ocean-lake-4b,104.0,Eukaryota,Cryptophyceae,Cryptophyceae,Cryptomonadales,Cryptomonadales,Unassigned,Unassigned,18S,4b
3572,270e3ebdba5f2f118a6b44c5196c7927,Ocean-lake-4b,785.0,Eukaryota,Diatomea,Mediophyceae,Mediophyceae,Mediophyceae,Unassigned,Unassigned,18S,4b
3573,2ac05d08c6a1ce3a8e7d895c908446b6,Ocean-lake-4b,461.0,Eukaryota,Diatomea,Unassigned,Unassigned,Unassigned,Unassigned,Unassigned,18S,4b
3574,fe0be9c4c94a2f5b92833a7f3a058f81,Ocean-lake-4b,774.0,Eukaryota,Unassigned,Unassigned,Unassigned,Unassigned,Unassigned,Unassigned,18S,4b
3575,e6778d8c8b656feb62fa1a08d4a415d4,Ocean-lake-4b,695.0,Eukaryota,Diatomea,Mediophyceae,Mediophyceae,Mediophyceae,Cyclotella,Unassigned,18S,4b
3576,b9d316b62c26dd2f707f9268e78d2453,Ocean-lake-4b,622.0,Eukaryota,Unassigned,Unassigned,Unassigned,Unassigned,Unassigned,Unassigned,18S,4b
3577,691d9a9fc06a7ce445c76da37fd37667,Ocean-lake-4b,14.0,Eukaryota,Arthropoda,Merostomata,Xiphosura,Xiphosura,Xiphosura,Unassigned,18S,4b
3578,4315ede208a3a8807e4c801bee149b52,Ocean-lake-4b,500.0,Eukaryota,Unassigned,Unassigned,Unassigned,Unassigned,Unassigned,Unassigned,18S,4b
3579,f67a8366e94d0ce6336da755d4840b1c,Ocean-lake-4b,662.0,Eukaryota,Annelida,Polychaeta,Opheliidae,Opheliidae,Opheliidae,Unassigned,18S,4b
3580,8decf24f3265392ce5db056a8eb384dd,Ocean-lake-4b,816.0,Eukaryota,Unassigned,Unassigned,Unassigned,Unassigned,Unassigned,Unassigned,18S,4b
3581,be10876daf3f0efa3a6b999588d26b1b,Ocean-lake-4b,688.0,Eukaryota,Ochrophyta,Unassigned,Unassigned,Unassigned,Unassigned,Unassigned,18S,4b
3582,0bb0d1fef309c2f5741c8c3169811956,Ocean-lake-4b,857.0,Eukaryota,Cnidaria,Anthozoa,Actiniaria,Actiniaria,Actiniaria,Unassigned,18S,4b
3583,77fb44f13e224b10695b3e0393e7e023,Ocean-lake-4b,739.0,Eukaryota,Diatomea,Unassigned,Unassigned,Unassigned,Unassigned,Unassigned,18S,4b
3584,0251cba9d7a557cc834fc529e57abd5a,Ocean-lake-4b,637.0,Eukaryota,Diatomea,Unassigned,Unassigned,Unassigned,Unassigned,Unassigned,18S,4b
3585,35aa7857c08eb30047078a04bb47d264,Ocean-lake-4b,224.0,Eukaryota,Unassigned,Unassigned,Unassigned,Unassigned,Unassigned,Unassigned,18S,4b
3586,aa15a9057145927bd63020eb35e3ce89,Ocean-lake-4b,873.0,Eukaryota,Mollusca,Gastropoda,Heterobranchia,Heterobranchia,Heterobranchia,Unassigned,18S,4b
3587,d21f58b9cf454b66a69f7f6e1bdb194c,Ocean-lake-4b,277.0,Eukaryota,Chlorophyta,Unassigned,Unassigned,Unassigned,Unassigned,Unassigned,18S,4b
3588,217179b39d45e01a48601fed9babedda,Ocean-lake-4b,461.0,Eukaryota,Diatomea,Unassigned,Unassigned,Unassigned,Unassigned,Unassigned,18S,4b
3589,81f20d82f959f2d49102e82838a5e087,Ocean-lake-4b,261.0,Eukaryota,Unassigned,Unassigned,Unassigned,Unassigned,Unassigned,Unassigned,18S,4b
3590,cc234b4faf915065edcaaaff2d073f75,Ocean-lake-4b,491.0,Eukaryota,Diatomea,Unassigned,Unassigned,Unassigned,Unassigned,Unassigned,18S,4b
3591,283fbd2db78cbc98c7e439b2fd7a50f1,Ocean-lake-4b,454.0,Eukaryota,Diatomea,Unassigned,Unassigned,Unassigned,Unassigned,Unassigned,18S,4b
3592,3d4028354245891607ff9fa5f2672dd0,Ocean-lake-4b,517.0,Eukaryota,Diatomea,Unassigned,Unassigned,Unassigned,Unassigned,Unassigned,18S,4b
3593,2395388649e148e485d91691f96a40ad,Ocean-lake-4b,522.0,Eukaryota,Unassigned,Unassigned,Unassigned,Unassigned,Unassigned,Unassigned,18S,4b
3594,aded8c2b36e9aef098620936415159e5,Ocean-lake-4b,503.0,Eukaryota,Diatomea,Unassigned,Unassigned,Unassigned,Unassigned,Unassigned,18S,4b
3595,0b543c0c40978c7fc40c3c1c3776b91f,Ocean-lake-4b,469.0,Eukaryota,Chlorophyta,Chlorodendrophyceae,Chlorodendrales,Chlorodendrales,Tetraselmis,Unassigned,18S,4b
3596,726847c7fa00c6b6d2967e79d1e9bef7,Ocean-lake-4b,425.0,Eukaryota,Diatomea,Unassigned,Unassigned,Unassigned,Unassigned,Unassigned,18S,4b
3597,51f83732c981b84db35fef1e254fbcc0,Ocean-lake-4b,461.0,Eukaryota,Unassigned,Unassigned,Unassigned,Unassigned,Unassigned,Unassigned,18S,4b
3598,9c7cbfdec9ab9111530b3e293a65f5ba,Ocean-lake-4b,588.0,Eukaryota,Arthropoda,Maxillopoda,Unassigned,Unassigned,Unassigned,Unassigned,18S,4b
3599,ab94a9797484003f2b4cdeca338c2ea5,Ocean-lake-4b,512.0,Eukaryota,Diatomea,Unassigned,Unassigned,Unassigned,Unassigned,Unassigned,18S,4b
3600,e4b0e84a8adc341edc92edfe98736607,Ocean-lake-4b,16.0,Eukaryota,Unassigned,Unassigned,Unassigned,Unassigned,Unassigned,Unassigned,18S,4b
3601,2347494ad514d3dd65dfc64724e87c65,Ocean-lake-4b,444.0,Eukaryota,Unassigned,Unassigned,Unassigned,Unassigned,Unassigned,Unassigned,18S,4b
3602,d15aadc43756db07e4d08c26c22b17d4,Ocean-lake-4b,519.0,Eukaryota,Unassigned,Unassigned,Unassigned,Unassigned,Unassigned,Unassigned,18S,4b
3603,a22f7f13083056f4c8b52d45ac4d2e25,Ocean-lake-4b,358.0,Eukaryota,Cryptophyceae,Cryptophyceae,Cryptomonadales,Cryptomonadales,Geminigera,Unassigned,18S,4b
3604,99e7d6aa29edda081eddeb3b2e06f3e2,Ocean-lake-4b,82.0,Eukaryota,Unassigned,Unassigned,Unassigned,Unassigned,Unassigned,Unassigned,18S,4b
3605,95cb6db7810c7f942b099fc370041a08,Ocean-lake-4b,387.0,Eukaryota,Diatomea,Unassigned,Unassigned,Unassigned,Unassigned,Unassigned,18S,4b
3606,cc10ece26c54a14f92cbffbca355907b,Ocean-lake-4b,362.0,Eukaryota,Unassigned,Unassigned,Unassigned,Unassigned,Unassigned,Unassigned,18S,4b
3607,a909b738a5c3258bae5f5e042731bf6b,Ocean-lake-4b,427.0,Eukaryota,Diatomea,Unassigned,Unassigned,Unassigned,Unassigned,Unassigned,18S,4b
3608,9c9e5e54672f1a6138df7abb9e93875d,Ocean-lake-4b,372.0,Eukaryota,Ciliophora,Intramacronucleata,Spirotrichea,Oligotrichia,Unassigned,Unassigned,18S,4b
3609,3bdbc0aa2e4a36f0a4cd614286221e40,Ocean-lake-4b,387.0,Eukaryota,Diatomea,Unassigned,Unassigned,Unassigned,Unassigned,Unassigned,18S,4b
3610,49c55ecba1cb9195a85f8c7030ef3baf,Ocean-lake-4b,467.0,Eukaryota,Annelida,Polychaeta,Scolecida,Orbiniidae,Orbiniidae,Unassigned,18S,4b
3611,c296125dd721a933e13cf066d872c672,Ocean-lake-4b,414.0,Eukaryota,Unassigned,Unassigned,Unassigned,Unassigned,Unassigned,Unassigned,18S,4b
3612,9b077f6526cca320cbf5d6c83011de3f,Ocean-lake-4b,251.0,Eukaryota,Unassigned,Unassigned,Unassigned,Unassigned,Unassigned,Unassigned,18S,4b
3613,60a22df06e0f68feda0a0e9c46a7730e,Ocean-lake-4b,172.0,Eukaryota,Unassigned,Unassigned,Unassigned,Unassigned,Unassigned,Unassigned,18S,4b
3614,6944d7fb7815e31542f3848504c27f78,Ocean-lake-4b,178.0,Eukaryota,Chlorophyta,Unassigned,Unassigned,Unassigned,Unassigned,Unassigned,18S,4b
3615,53fd7a7af21f46acf0cf14c981e9b503,Ocean-lake-4b,220.0,Eukaryota,Unassigned,Unassigned,Unassigned,Unassigned,Unassigned,Unassigned,18S,4b
3616,647591d4f18dffc0c4862f4ca5fd7024,Ocean-lake-4b,171.0,Eukaryota,Unassigned,Unassigned,Unassigned,Unassigned,Unassigned,Unassigned,18S,4b
3617,56d853e8fe3407811e24cf56fccabb7d,Ocean-lake-4b,257.0,Eukaryota,Unassigned,Unassigned,Unassigned,Unassigned,Unassigned,Unassigned,18S,4b
3618,fb85370d2ee1191d117480b24ec4df13,Ocean-lake-4b,97.0,Bacteria,Proteobacteria,Gammaproteobacteria,Enterobacterales,Alteromonadaceae,Unassigned,Unassigned,18S,4b
3619,781621b0523875bfe67d3ace738bd570,Ocean-lake-4b,321.0,Eukaryota,Diatomea,Unassigned,Unassigned,Unassigned,Unassigned,Unassigned,18S,4b
3620,73ad7a2023674652c7ad4118b70ff5ca,Ocean-lake-4b,455.0,Eukaryota,Unassigned,Unassigned,Unassigned,Unassigned,Unassigned,Unassigned,18S,4b
3621,11cee1204353cf96fcdcf0ff3418ffbc,Ocean-lake-4b,299.0,Eukaryota,Unassigned,Unassigned,Unassigned,Unassigned,Unassigned,Unassigned,18S,4b
3622,c09b6d24e273ab8419df14fc2bcba46d,Ocean-lake-4b,228.0,Eukaryota,Unassigned,Unassigned,Unassigned,Unassigned,Unassigned,Unassigned,18S,4b
3623,20efebd42c56288df21850cfaf69e787,Ocean-lake-4b,231.0,Eukaryota,Unassigned,Unassigned,Unassigned,Unassigned,Unassigned,Unassigned,18S,4b
3624,6d7718c6544758451d6e0769ac835a7e,Ocean-lake-4b,289.0,Eukaryota,Unassigned,Unassigned,Unassigned,Unassigned,Unassigned,Unassigned,18S,4b
3625,974be076c99ebd02ee65ce57478a8cb0,Ocean-lake-4b,154.0,Eukaryota,Unassigned,Unassigned,Unassigned,Unassigned,Unassigned,Unassigned,18S,4b
3626,30b584a72230e0f21ea9cf611787b638,Ocean-lake-4b,348.0,Eukaryota,Unassigned,Unassigned,Unassigned,Unassigned,Unassigned,Unassigned,18S,4b
3627,a46188e5b3b6038a8378eff6c19967ab,Ocean-lake-4b,55.0,Bacteria,Unassigned,Unassigned,Unassigned,Unassigned,Unassigned,Unassigned,18S,4b
3628,365f979ea81db5428073518e8872b03f,Ocean-lake-4b,260.0,Eukaryota,Diatomea,Unassigned,Unassigned,Unassigned,Unassigned,Unassigned,18S,4b
3629,d0ca69123a1b9666754226bea1215eff,Ocean-lake-4b,231.0,Eukaryota,Unassigned,Unassigned,Unassigned,Unassigned,Unassigned,Unassigned,18S,4b
3630,9f7616a859a2d1715b2dea708bf9fcd9,Ocean-lake-4b,255.0,Eukaryota,Unassigned,Unassigned,Unassigned,Unassigned,Unassigned,Unassigned,18S,4b
3631,2e4e22e0eff8db67bcde1b8163498747,Ocean-lake-4b,192.0,Eukaryota,Diatomea,Unassigned,Unassigned,Unassigned,Unassigned,Unassigned,18S,4b
3632,01af3e8fd35debf1e892d632c9cdb795,Ocean-lake-4b,229.0,Eukaryota,Retaria,Acantharia,Symphyacanthida,Symphyacanthida,Amphibelone,Unassigned,18S,4b
3633,b2aa4b68a1278839ac2a4a1521e72462,Ocean-lake-4b,240.0,Eukaryota,Diatomea,Coscinodiscophytina,Coscinodiscophytina,Rhizosolenids,Rhizosolenids,Unassigned,18S,4b
3634,4abf46c29199a203f7ce0e17c2fffb03,Ocean-lake-4b,252.0,Eukaryota,Unassigned,Unassigned,Unassigned,Unassigned,Unassigned,Unassigned,18S,4b
3635,d8adfe383dfd3881bfd2742df6703089,Ocean-lake-4b,252.0,Eukaryota,Cnidaria,Hydrozoa,Siphonophorae,Siphonophorae,Siphonophorae,Unassigned,18S,4b
3636,82b2475c2da6e342c50e4e18b2c7afb0,Ocean-lake-4b,277.0,Eukaryota,Diatomea,Mediophyceae,Mediophyceae,Mediophyceae,Cyclotella,Unassigned,18S,4b
3637,a64a3e85c617df959c370cb96a46537f,Ocean-lake-4b,8.0,Eukaryota,Unassigned,Unassigned,Unassigned,Unassigned,Unassigned,Unassigned,18S,4b
3638,98b7212fc91e6325ac261c8e87a56e2f,Ocean-lake-4b,180.0,Eukaryota,Unassigned,Unassigned,Unassigned,Unassigned,Unassigned,Unassigned,18S,4b
3639,2a045120aa60bea7e74c5e54fe203b9a,Ocean-lake-4b,299.0,Eukaryota,Unassigned,Unassigned,Unassigned,Unassigned,Unassigned,Unassigned,18S,4b
3640,b9abfb803ec3e2cdfd390a41368d426f,Ocean-lake-4b,215.0,Eukaryota,Diatomea,Unassigned,Unassigned,Unassigned,Unassigned,Unassigned,18S,4b
3641,3a2f1a61f25a1dfef1d0c14cd247c958,Ocean-lake-4b,213.0,Eukaryota,Unassigned,Unassigned,Unassigned,Unassigned,Unassigned,Unassigned,18S,4b
3642,3017aadae5320315e434f54df8698452,Ocean-lake-4b,170.0,Eukaryota,Unassigned,Unassigned,Unassigned,Unassigned,Unassigned,Unassigned,18S,4b
3643,f2cdc0bb7174e0b780ad6b8a94a4b15b,Ocean-lake-4b,195.0,Eukaryota,Diatomea,Unassigned,Unassigned,Unassigned,Unassigned,Unassigned,18S,4b
3644,3e50694a780ccbc177df1df04ddd1ce0,Ocean-lake-4b,149.0,Eukaryota,Chlorophyta,Chlorodendrophyceae,Chlorodendrales,Chlorodendrales,Tetraselmis,Unassigned,18S,4b
3645,7a36dee4892696d8480326ca0ac88086,Ocean-lake-4b,33.0,Eukaryota,Ciliophora,Intramacronucleata,Conthreep,Oligohymenophorea,Unassigned,Unassigned,18S,4b
3646,0aca9aac7ec2ce1726f775a805040ee0,Ocean-lake-4b,147.0,Eukaryota,Diatomea,Mediophyceae,Mediophyceae,Mediophyceae,Cyclotella,Unassigned,18S,4b
3647,97b34ae70a4b921496d3218080c7ea75,Ocean-lake-4b,186.0,Eukaryota,Diatomea,Unassigned,Unassigned,Unassigned,Unassigned,Unassigned,18S,4b
3648,106dd66448b5829a997792d0a5c3c4aa,Ocean-lake-4b,101.0,Eukaryota,Diatomea,Mediophyceae,Mediophyceae,Mediophyceae,Skeletonema,Unassigned,18S,4b
3649,02c42fd93a596100321ed637f47e135b,Ocean-lake-4b,188.0,Eukaryota,Unassigned,Unassigned,Unassigned,Unassigned,Unassigned,Unassigned,18S,4b
3650,6187afeb2eef1ab2bc3f6c1754be38e7,Ocean-lake-4b,185.0,Unassigned,Unassigned,Unassigned,Unassigned,Unassigned,Unassigned,Unassigned,18S,4b
3651,74dbceefa2c6a8c1bcb9d4ef024323b1,Ocean-lake-4b,11.0,Eukaryota,Unassigned,Unassigned,Unassigned,Unassigned,Unassigned,Unassigned,18S,4b
3652,4f7e40136e0b7c860793d4aa3e362f56,Ocean-lake-4b,138.0,Eukaryota,Diatomea,Coscinodiscophytina,Coscinodiscophytina,Rhizosolenids,Pseudosolenia,Unassigned,18S,4b
3653,5b97602b7e1c83af3f5261cf47e95776,Ocean-lake-4b,153.0,Eukaryota,Unassigned,Unassigned,Unassigned,Unassigned,Unassigned,Unassigned,18S,4b
3654,fcc294b12553287370f9e56e915fd030,Ocean-lake-4b,163.0,Eukaryota,Diatomea,Unassigned,Unassigned,Unassigned,Unassigned,Unassigned,18S,4b
3655,334e5de2339d262c5808d6f69073b8a5,Ocean-lake-4b,150.0,Eukaryota,Diatomea,Unassigned,Unassigned,Unassigned,Unassigned,Unassigned,18S,4b
3656,35f6f2227bb71eb4f57e6480450b752d,Ocean-lake-4b,139.0,Eukaryota,Diatomea,Unassigned,Unassigned,Unassigned,Unassigned,Unassigned,18S,4b
3657,c63d2848d13664e2e31df2f0bcb76408,Ocean-lake-4b,62.0,Bacteria,Proteobacteria,Alphaproteobacteria,Rhodobacterales,Rhodobacteraceae,Unassigned,Unassigned,18S,4b
3658,29546e6d23de2be23ed0d92cceab9e7f,Ocean-lake-4b,190.0,Eukaryota,Unassigned,Unassigned,Unassigned,Unassigned,Unassigned,Unassigned,18S,4b
3659,ff6caefb1c34c8f622b8d5872bc060c6,Ocean-lake-4b,193.0,Eukaryota,Chlorophyta,Unassigned,Unassigned,Unassigned,Unassigned,Unassigned,18S,4b
3660,a32c8dee9502a35cca992e660c9bb5b5,Ocean-lake-4b,70.0,Eukaryota,Unassigned,Unassigned,Unassigned,Unassigned,Unassigned,Unassigned,18S,4b
3661,989fa00c5dfe7cb0e30e258de7744c40,Ocean-lake-4b,143.0,Eukaryota,Bicosoecida,Bicosoecida,Bicosoecida,Bicosoecida,Pseudobodo,Unassigned,18S,4b
3662,53054d5e73e6454c4cfb2f85351e5848,Ocean-lake-4b,122.0,Eukaryota,Unassigned,Unassigned,Unassigned,Unassigned,Unassigned,Unassigned,18S,4b
3663,bc2395549ef3db07796d9cf8ef6164af,Ocean-lake-4b,97.0,Eukaryota,Diatomea,Unassigned,Unassigned,Unassigned,Unassigned,Unassigned,18S,4b
3664,538ef8f07ee0440e0b18610178c0c403,Ocean-lake-4b,68.0,Bacteria,Proteobacteria,Gammaproteobacteria,Unassigned,Unassigned,Unassigned,Unassigned,18S,4b
3665,10a30c85a998c88f3ef3acc2adbfcd3b,Ocean-lake-4b,105.0,Eukaryota,Diatomea,Unassigned,Unassigned,Unassigned,Unassigned,Unassigned,18S,4b
3666,bdaa7a559329f9a31e39f3b30c04e192,Ocean-lake-4b,152.0,Eukaryota,Diatomea,Unassigned,Unassigned,Unassigned,Unassigned,Unassigned,18S,4b
3667,d5d7780ebfa0c44e0a3c7c71d3831031,Ocean-lake-4b,135.0,Eukaryota,Unassigned,Unassigned,Unassigned,Unassigned,Unassigned,Unassigned,18S,4b
3668,3c74b9a073d05e062aa6374de7696732,Ocean-lake-4b,148.0,Eukaryota,Ciliophora,Intramacronucleata,Spirotrichea,Choreotrichia,Unassigned,Unassigned,18S,4b
3669,a6b3c37218ad5861af2f417ea00b42f3,Ocean-lake-4b,117.0,Eukaryota,Ochrophyta,Eustigmatophyceae,Eustigmatales,Eustigmatales,uncultured,Unassigned,18S,4b
3670,a3ca09f376f064b70dc42ebf666bcdc0,Ocean-lake-4b,169.0,Eukaryota,Unassigned,Unassigned,Unassigned,Unassigned,Unassigned,Unassigned,18S,4b
3671,b6b217bcc40df52461859f12b9c024e3,Ocean-lake-4b,135.0,Eukaryota,Diatomea,Unassigned,Unassigned,Unassigned,Unassigned,Unassigned,18S,4b
3672,073895f0679f0fea30d8c5c3d1c5b65c,Ocean-lake-4b,56.0,Eukaryota,Unassigned,Unassigned,Unassigned,Unassigned,Unassigned,Unassigned,18S,4b
3673,7f60766bf4ed882cfe5d5c76ed9bf50f,Ocean-lake-4b,127.0,Eukaryota,Unassigned,Unassigned,Unassigned,Unassigned,Unassigned,Unassigned,18S,4b
3674,ff60e13652434cf6a46245beebd1e877,Ocean-lake-4b,129.0,Eukaryota,Unassigned,Unassigned,Unassigned,Unassigned,Unassigned,Unassigned,18S,4b
3675,31dce81d117265cdf3a7b4e17ae131f9,Ocean-lake-4b,11.0,Bacteria,Proteobacteria,Gammaproteobacteria,Pseudomonadales,SAR86_clade,SAR86_clade,Unassigned,18S,4b
3676,fb05970f3bb5babd5ca5b346f37dfeef,Ocean-lake-4b,99.0,Eukaryota,Unassigned,Unassigned,Unassigned,Unassigned,Unassigned,Unassigned,18S,4b
3677,da236677f023b0003c0649df8d18028a,Ocean-lake-4b,135.0,Eukaryota,Unassigned,Unassigned,Unassigned,Unassigned,Unassigned,Unassigned,18S,4b
3678,4a929a614855bd7bdf56a201a94b0a26,Ocean-lake-4b,118.0,Eukaryota,Unassigned,Unassigned,Unassigned,Unassigned,Unassigned,Unassigned,18S,4b
3679,23d04994fb56c784b5691b3ce6ba35da,Ocean-lake-4b,53.0,Bacteria,Proteobacteria,Gammaproteobacteria,Unassigned,Unassigned,Unassigned,Unassigned,18S,4b
3680,40ff3250a93e19687f5f5e22a0787e3f,Ocean-lake-4b,125.0,Eukaryota,Diatomea,Coscinodiscophytina,Fragilariales,Fragilariales,Unassigned,Unassigned,18S,4b
3681,84cf3180a0947cc7282b1b84c1401f3e,Ocean-lake-4b,159.0,Eukaryota,Unassigned,Unassigned,Unassigned,Unassigned,Unassigned,Unassigned,18S,4b
3682,205e62482fdd490bce1674333e5bd919,Ocean-lake-4b,94.0,Eukaryota,Diatomea,Unassigned,Unassigned,Unassigned,Unassigned,Unassigned,18S,4b
3683,e552abede033bb3167d2dee6622203ee,Ocean-lake-4b,149.0,Eukaryota,Unassigned,Unassigned,Unassigned,Unassigned,Unassigned,Unassigned,18S,4b
3684,e2f3b1becbe2a30890ea4cbc48f10244,Ocean-lake-4b,120.0,Eukaryota,Unassigned,Unassigned,Unassigned,Unassigned,Unassigned,Unassigned,18S,4b
3685,c258c5fc831ea7b6cdc5889222975e7b,Ocean-lake-4b,37.0,Eukaryota,Diatomea,Coscinodiscophytina,Coscinodiscophytina,Rhizosolenids,Leptocylindrus,Unassigned,18S,4b
3686,40c54c0c0de51abf7d876cea685775fe,Ocean-lake-4b,78.0,Eukaryota,Peronosporomycetes,Peronosporomycetes,Peronosporomycetes,Peronosporomycetes,Halodaphnea,Unassigned,18S,4b
3687,f7f7dfd7639624e66aae62979750b8a4,Ocean-lake-4b,66.0,Eukaryota,Annelida,Polychaeta,Unassigned,Unassigned,Unassigned,Unassigned,18S,4b
3688,d08201f309fb4908ece0c935dfa3e274,Ocean-lake-4b,115.0,Eukaryota,Diatomea,Unassigned,Unassigned,Unassigned,Unassigned,Unassigned,18S,4b
3689,2dbde7a1c78ee975d5e67dc932f8b965,Ocean-lake-4b,144.0,Eukaryota,Cercozoa,Thecofilosea,Cryomonadida,Ventrifissuridae,Ventrifissuridae,Unassigned,18S,4b
3690,e28818612a826be0a9e0f34489f4848d,Ocean-lake-4b,92.0,Eukaryota,Unassigned,Unassigned,Unassigned,Unassigned,Unassigned,Unassigned,18S,4b
3691,e34523527dbc02f206e9d409398c73a9,Ocean-lake-4b,94.0,Eukaryota,Unassigned,Unassigned,Unassigned,Unassigned,Unassigned,Unassigned,18S,4b
3692,f4697b6cd0bee3ad346dd522776eb9b1,Ocean-lake-4b,101.0,Eukaryota,Unassigned,Unassigned,Unassigned,Unassigned,Unassigned,Unassigned,18S,4b
3693,fa07fcc379f26ae17d5ea71e179b5ccd,Ocean-lake-4b,53.0,Eukaryota,Unassigned,Unassigned,Unassigned,Unassigned,Unassigned,Unassigned,18S,4b
3694,fb2b5c7b73a9527ba27d5373371111af,Ocean-lake-4b,32.0,Bacteria,Proteobacteria,Alphaproteobacteria,Sphingomonadales,Sphingomonadaceae,Sphingomicrobium,Unassigned,18S,4b
3695,cea8da62b66111692906a62a52521f78,Ocean-lake-4b,104.0,Eukaryota,Cercozoa,Imbricatea,Imbricatea,Euglyphida,Paulinella,Unassigned,18S,4b
3696,ed943e9133847e51c4b0061e5f1721f6,Ocean-lake-4b,45.0,Bacteria,Proteobacteria,Gammaproteobacteria,Unassigned,Unassigned,Unassigned,Unassigned,18S,4b
3697,70dd2a09989ff1898c331b1cf09b9137,Ocean-lake-4b,105.0,Eukaryota,Unassigned,Unassigned,Unassigned,Unassigned,Unassigned,Unassigned,18S,4b
3698,c4132c596c616eb1280b20b5b0e998b2,Ocean-lake-4b,90.0,Eukaryota,Diatomea,Unassigned,Unassigned,Unassigned,Unassigned,Unassigned,18S,4b
3699,4099471fc161aedb6e8a58d615b3aa3e,Ocean-lake-4b,13.0,Bacteria,Unassigned,Unassigned,Unassigned,Unassigned,Unassigned,Unassigned,18S,4b
3700,43feea33c1f7adba3d238c0fdb5065d0,Ocean-lake-4b,52.0,Bacteria,Proteobacteria,Alphaproteobacteria,Rhodobacterales,Rhodobacteraceae,Unassigned,Unassigned,18S,4b
3701,58c65ba3e5b806f187e1ec9b3a3a3d98,Ocean-lake-4b,70.0,Eukaryota,Ciliophora,Intramacronucleata,Spirotrichea,Oligotrichia,Unassigned,Unassigned,18S,4b
3702,4ac25f29637868cf9bef2685db3f5d81,Ocean-lake-4b,100.0,Eukaryota,Diatomea,Coscinodiscophytina,Coscinodiscophytina,Rhizosolenids,Rhizosolenia,Unassigned,18S,4b
3703,0d6e18392b1d4f338ba03b0022bcf7a0,Ocean-lake-4b,86.0,Eukaryota,Unassigned,Unassigned,Unassigned,Unassigned,Unassigned,Unassigned,18S,4b
3704,a98ed4751ae339c0fa53d42f1aef6f87,Ocean-lake-4b,127.0,Eukaryota,Cercozoa,Ascetosporea,Ascetosporea,Paradiniidae,Paradinium,Unassigned,18S,4b
3705,19d375f72095180c8cd10c7f6399c77d,Ocean-lake-4b,57.0,Eukaryota,Picozoa,Picomonadida,Picomonadidae,Picomonadidae,Picomonas,Unassigned,18S,4b
3706,831042d43a62cee36263ebc6a34bb942,Ocean-lake-4b,104.0,Eukaryota,Ciliophora,Intramacronucleata,Spirotrichea,Oligotrichia,Unassigned,Unassigned,18S,4b
3707,3e98a9ad9b52ef09e5dbe52d743c4b83,Ocean-lake-4b,97.0,Eukaryota,Dinoflagellata,Dinophyceae,Unassigned,Unassigned,Unassigned,Unassigned,18S,4b
3708,81d8f6323d857884747ef007a3f58a5f,Ocean-lake-4b,10.0,Eukaryota,Unassigned,Unassigned,Unassigned,Unassigned,Unassigned,Unassigned,18S,4b
3709,08cf9126869d9d1b384dea29f44200c1,Ocean-lake-4b,96.0,Eukaryota,Diatomea,Coscinodiscophytina,Fragilariales,Fragilariales,Unassigned,Unassigned,18S,4b
3710,16d3b3761f9e1e7d262d229bae93b0cf,Ocean-lake-4b,82.0,Eukaryota,Dinoflagellata,Dinoflagellata,Noctilucales,Noctilucales,Noctilucales,Unassigned,18S,4b
3711,6520fe007c3a6710dd82d3d4aad7d089,Ocean-lake-4b,77.0,Eukaryota,Unassigned,Unassigned,Unassigned,Unassigned,Unassigned,Unassigned,18S,4b
3712,7b3f685bbc8c7e9fef5c94ad790a0225,Ocean-lake-4b,107.0,Eukaryota,Mollusca,Bivalvia,Veneroida,Veneroida,Veneroida,Unassigned,18S,4b
3713,209c297bdf6afef6e1b9bcf5745335e6,Ocean-lake-4b,134.0,Eukaryota,Unassigned,Unassigned,Unassigned,Unassigned,Unassigned,Unassigned,18S,4b
3714,a4d8d52b4af5169a83bc12959d37162c,Ocean-lake-4b,40.0,Bacteria,Proteobacteria,Gammaproteobacteria,Unassigned,Unassigned,Unassigned,Unassigned,18S,4b
3715,fe5b0a885ec633d255285d8331253f6b,Ocean-lake-4b,88.0,Eukaryota,Unassigned,Unassigned,Unassigned,Unassigned,Unassigned,Unassigned,18S,4b
3716,8fb87671da3d67b6fbf9aeb8bc0622c2,Ocean-lake-4b,123.0,Eukaryota,Unassigned,Unassigned,Unassigned,Unassigned,Unassigned,Unassigned,18S,4b
3717,6f2126e4f91213fba85cb322c1db8aec,Ocean-lake-4b,88.0,Eukaryota,Diatomea,Unassigned,Unassigned,Unassigned,Unassigned,Unassigned,18S,4b
3718,748dfc6cc1e5cece4b004f38b3d20829,Ocean-lake-4b,76.0,Eukaryota,Diatomea,Coscinodiscophytina,Fragilariales,Fragilariales,Unassigned,Unassigned,18S,4b
3719,18962b9db25f52b51e048967ef122ef2,Ocean-lake-4b,84.0,Eukaryota,Unassigned,Unassigned,Unassigned,Unassigned,Unassigned,Unassigned,18S,4b
3720,02849e987055db30c9e0f9dd02a1ea33,Ocean-lake-4b,55.0,Eukaryota,Prymnesiophyceae,Prymnesiophyceae,Prymnesiales,Prymnesiales,Chrysocampanula,Unassigned,18S,4b
3721,9a34ef2b5ad0e4ff10483be9ade5206e,Ocean-lake-4b,61.0,Eukaryota,Unassigned,Unassigned,Unassigned,Unassigned,Unassigned,Unassigned,18S,4b
3722,abf807116cb32d4623726b388d3d54ea,Ocean-lake-4b,61.0,Eukaryota,Unassigned,Unassigned,Unassigned,Unassigned,Unassigned,Unassigned,18S,4b
3723,10cbcca6ee1f1d2b75277b2be0e9def2,Ocean-lake-4b,32.0,Eukaryota,Unassigned,Unassigned,Unassigned,Unassigned,Unassigned,Unassigned,18S,4b
3724,709b80b3c3292d53e5624206a5a6ec46,Ocean-lake-4b,90.0,Eukaryota,Ciliophora,Intramacronucleata,Spirotrichea,Oligotrichia,Unassigned,Unassigned,18S,4b
3725,c3e650bc090f8e2823f61fd3baa74612,Ocean-lake-4b,118.0,Eukaryota,Unassigned,Unassigned,Unassigned,Unassigned,Unassigned,Unassigned,18S,4b
3726,405174a49e21e51589d7c7ac30bfe626,Ocean-lake-4b,63.0,Eukaryota,Cercozoa,Thecofilosea,Unassigned,Unassigned,Unassigned,Unassigned,18S,4b
3727,0bd6e3d5857171d66084a8b322e85e21,Ocean-lake-4b,50.0,Eukaryota,Unassigned,Unassigned,Unassigned,Unassigned,Unassigned,Unassigned,18S,4b
3728,eb8b4d845f69f391ba639e66820949c5,Ocean-lake-4b,62.0,Eukaryota,Unassigned,Unassigned,Unassigned,Unassigned,Unassigned,Unassigned,18S,4b
3729,499fcaa50249187619e6eddf6036a0cc,Ocean-lake-4b,104.0,Eukaryota,Unassigned,Unassigned,Unassigned,Unassigned,Unassigned,Unassigned,18S,4b
3730,85fe4cffe8beac15bdd06401c675b018,Ocean-lake-4b,115.0,Eukaryota,Unassigned,Unassigned,Unassigned,Unassigned,Unassigned,Unassigned,18S,4b
3731,830298cf0c4970d2e3b49dd2a691f8f0,Ocean-lake-4b,78.0,Eukaryota,Diatomea,Unassigned,Unassigned,Unassigned,Unassigned,Unassigned,18S,4b
3732,adfb183f61a218dad135e01f6f3104be,Ocean-lake-4b,10.0,Eukaryota,Bryozoa,Gymnolaemata,Cheilostomatida,Cheilostomatida,Cheilostomatida,Unassigned,18S,4b
3733,926f295f464a26e5227920197e8d7ab3,Ocean-lake-4b,74.0,Eukaryota,Unassigned,Unassigned,Unassigned,Unassigned,Unassigned,Unassigned,18S,4b
3734,5a75eb579151bbae15bc5b3b58ec7d68,Ocean-lake-4b,93.0,Eukaryota,Ciliophora,Intramacronucleata,Spirotrichea,Oligotrichia,Unassigned,Unassigned,18S,4b
3735,f9394690025f82d04b0be168aebe305e,Ocean-lake-4b,71.0,Eukaryota,Ochrophyta,Eustigmatophyceae,Eustigmatales,Eustigmatales,uncultured,Unassigned,18S,4b
3736,73ff17898358065ea2c5c31e53468c0f,Ocean-lake-4b,36.0,Bacteria,Proteobacteria,Gammaproteobacteria,Unassigned,Unassigned,Unassigned,Unassigned,18S,4b
3737,7903c9c69eb7a917078a071ac3db489b,Ocean-lake-4b,64.0,Eukaryota,Unassigned,Unassigned,Unassigned,Unassigned,Unassigned,Unassigned,18S,4b
3738,bf3f8c77eb77e8677d8b003ea7fef5d5,Ocean-lake-4b,95.0,Eukaryota,Unassigned,Unassigned,Unassigned,Unassigned,Unassigned,Unassigned,18S,4b
3739,1f9e19a51b72c9452270f84426c8238a,Ocean-lake-4b,82.0,Eukaryota,Unassigned,Unassigned,Unassigned,Unassigned,Unassigned,Unassigned,18S,4b
3740,a39019ddde89cfb02db4ea61d3a98955,Ocean-lake-4b,89.0,Eukaryota,Unassigned,Unassigned,Unassigned,Unassigned,Unassigned,Unassigned,18S,4b
3741,982fba1aa6a351beaad126b922f5d314,Ocean-lake-4b,77.0,Eukaryota,Unassigned,Unassigned,Unassigned,Unassigned,Unassigned,Unassigned,18S,4b
3742,f5ab2baedf87cabe61c8aae21f3cd486,Ocean-lake-4b,56.0,Eukaryota,Unassigned,Unassigned,Unassigned,Unassigned,Unassigned,Unassigned,18S,4b
3743,ebc7678c6bf57b985f718b981c4f1246,Ocean-lake-4b,76.0,Eukaryota,Chlorophyta,Clade_VII,Subclade_A,Subclade_A,Subclade_A,Unassigned,18S,4b
3744,7000993fd9eb088fc5ca6ff8bca4f824,Ocean-lake-4b,94.0,Eukaryota,Chlorophyta,Ulvophyceae,Oltmansiellopsidales,Oltmansiellopsidales,Oltmannsiellopsis,Unassigned,18S,4b
3745,fa2c49c292ec1f8967f1e2e261da2acd,Ocean-lake-4b,90.0,Eukaryota,Diatomea,Unassigned,Unassigned,Unassigned,Unassigned,Unassigned,18S,4b
3746,842fb2909f45613af5ce787385eb9f3b,Ocean-lake-4b,30.0,Eukaryota,Unassigned,Unassigned,Unassigned,Unassigned,Unassigned,Unassigned,18S,4b
3747,8b26794279b88ecaee90e8bc7659606b,Ocean-lake-4b,43.0,Eukaryota,Unassigned,Unassigned,Unassigned,Unassigned,Unassigned,Unassigned,18S,4b
3748,8ae8a8d7aaa07d5d0246a9c923f470c6,Ocean-lake-4b,50.0,Eukaryota,Ciliophora,Intramacronucleata,Conthreep,Oligohymenophorea,Unassigned,Unassigned,18S,4b
3749,f335ee61260ab4871d985ee0cc85a47d,Ocean-lake-4b,63.0,Eukaryota,Unassigned,Unassigned,Unassigned,Unassigned,Unassigned,Unassigned,18S,4b
3750,232a78151983e14cc421a2e0b895c78a,Ocean-lake-4b,69.0,Eukaryota,Unassigned,Unassigned,Unassigned,Unassigned,Unassigned,Unassigned,18S,4b
3751,2247d9c17231ded4b8e89a483a1eff15,Ocean-lake-4b,74.0,Eukaryota,Diatomea,Unassigned,Unassigned,Unassigned,Unassigned,Unassigned,18S,4b
3752,af0299692961660b4fc16268e748adfb,Ocean-lake-4b,69.0,Eukaryota,Unassigned,Unassigned,Unassigned,Unassigned,Unassigned,Unassigned,18S,4b
3753,117db21a564edc570f6489eba98fe64a,Ocean-lake-4b,113.0,Eukaryota,Diatomea,Coscinodiscophytina,Coscinodiscophytina,Rhizosolenids,Pseudosolenia,Unassigned,18S,4b
3754,c821728a8cfed500f5a9156f7c7bd12d,Ocean-lake-4b,56.0,Eukaryota,Unassigned,Unassigned,Unassigned,Unassigned,Unassigned,Unassigned,18S,4b
3755,30243b57c3c6d8d528a68746f742fd6d,Ocean-lake-4b,48.0,Eukaryota,Unassigned,Unassigned,Unassigned,Unassigned,Unassigned,Unassigned,18S,4b
3756,a7dbbf6f60968c0e8ba19ea1458cb485,Ocean-lake-4b,49.0,Eukaryota,Unassigned,Unassigned,Unassigned,Unassigned,Unassigned,Unassigned,18S,4b
3757,0b6af8660f0ae04eaf12b1f333bb5c2e,Ocean-lake-4b,35.0,Eukaryota,Unassigned,Unassigned,Unassigned,Unassigned,Unassigned,Unassigned,18S,4b
3758,ac4f68450a8292e041019d21f45eae33,Ocean-lake-4b,45.0,Eukaryota,Unassigned,Unassigned,Unassigned,Unassigned,Unassigned,Unassigned,18S,4b
3759,4a4b3d4e5dc4dd60f989f011730d7701,Ocean-lake-4b,40.0,Eukaryota,Diatomea,Unassigned,Unassigned,Unassigned,Unassigned,Unassigned,18S,4b
3760,aac019cfaa4a5d07996ade3cc0423947,Ocean-lake-4b,71.0,Eukaryota,Ciliophora,Intramacronucleata,Spirotrichea,Choreotrichia,Unassigned,Unassigned,18S,4b
3761,b8f14125af6eb22cd41bd27b49f6ffb4,Ocean-lake-4b,60.0,Eukaryota,Diatomea,Unassigned,Unassigned,Unassigned,Unassigned,Unassigned,18S,4b
3762,0169457b358d783ea17c5fbe2ef0070c,Ocean-lake-4b,28.0,Bacteria,Proteobacteria,Gammaproteobacteria,Unassigned,Unassigned,Unassigned,Unassigned,18S,4b
3763,3082d9efce69facac36f94f507f35cbc,Ocean-lake-4b,56.0,Eukaryota,Euglenozoa,Kinetoplastea,Unassigned,Unassigned,Unassigned,Unassigned,18S,4b
3764,58f1e891814913a2c5ed389524b6c885,Ocean-lake-4b,61.0,Eukaryota,Unassigned,Unassigned,Unassigned,Unassigned,Unassigned,Unassigned,18S,4b
3765,645a6a0000a0f2e93912cc9fb4521e6e,Ocean-lake-4b,76.0,Eukaryota,Diatomea,Unassigned,Unassigned,Unassigned,Unassigned,Unassigned,18S,4b
3766,9049c8713f2987629b597da83cb05c05,Ocean-lake-4b,90.0,Eukaryota,Unassigned,Unassigned,Unassigned,Unassigned,Unassigned,Unassigned,18S,4b
3767,241a5b0d692a530054de99156b645366,Ocean-lake-4b,88.0,Eukaryota,Unassigned,Unassigned,Unassigned,Unassigned,Unassigned,Unassigned,18S,4b
3768,ff148e5d517445240a0fff273275e5d4,Ocean-lake-4b,41.0,Eukaryota,Unassigned,Unassigned,Unassigned,Unassigned,Unassigned,Unassigned,18S,4b
3769,8c57a37db63e0855742f9f5b9e446503,Ocean-lake-4b,69.0,Eukaryota,Unassigned,Unassigned,Unassigned,Unassigned,Unassigned,Unassigned,18S,4b
3770,49c88659b4a6a28d2ca4913177d701b2,Ocean-lake-4b,34.0,Eukaryota,Chlorophyta,Unassigned,Unassigned,Unassigned,Unassigned,Unassigned,18S,4b
3771,91842611ba85f6da6b09df8a1e999a24,Ocean-lake-4b,34.0,Unassigned,Unassigned,Unassigned,Unassigned,Unassigned,Unassigned,Unassigned,18S,4b
3772,4dc290fb83d6d0ed0e2e27a24401d00c,Ocean-lake-4b,61.0,Eukaryota,Unassigned,Unassigned,Unassigned,Unassigned,Unassigned,Unassigned,18S,4b
3773,770a12f9a251dcae3815ca82a8593582,Ocean-lake-4b,42.0,Eukaryota,Chlorophyta,Unassigned,Unassigned,Unassigned,Unassigned,Unassigned,18S,4b
3774,5c83542621dd6e423cdd4682ace12b46,Ocean-lake-4b,63.0,Eukaryota,Unassigned,Unassigned,Unassigned,Unassigned,Unassigned,Unassigned,18S,4b
3775,c914471c1790a110910f6d0f2908eaaa,Ocean-lake-4b,39.0,Eukaryota,Diatomea,Unassigned,Unassigned,Unassigned,Unassigned,Unassigned,18S,4b
3776,0347e53c2c6dc6d87c5cdf270ee939a4,Ocean-lake-4b,56.0,Eukaryota,Diatomea,Unassigned,Unassigned,Unassigned,Unassigned,Unassigned,18S,4b
3777,a9197b3982e0ec09f5bd91772b7df722,Ocean-lake-4b,46.0,Eukaryota,Unassigned,Unassigned,Unassigned,Unassigned,Unassigned,Unassigned,18S,4b
3778,465efc77db623e5b1ae8e1ba728c18d1,Ocean-lake-4b,52.0,Eukaryota,Diatomea,Unassigned,Unassigned,Unassigned,Unassigned,Unassigned,18S,4b
3779,88c6bba68a8bade52f712d8ea1640d60,Ocean-lake-4b,47.0,Eukaryota,Diatomea,Unassigned,Unassigned,Unassigned,Unassigned,Unassigned,18S,4b
3780,86aacffec1e6f4dcc67b47131f2caee1,Ocean-lake-4b,34.0,Bacteria,Unassigned,Unassigned,Unassigned,Unassigned,Unassigned,Unassigned,18S,4b
3781,e7bdea5cc251a237de8dba89514c0853,Ocean-lake-4b,75.0,Eukaryota,Ciliophora,Intramacronucleata,Spirotrichea,Choreotrichia,Tintinnopsis,Unassigned,18S,4b
3782,ce36252ca8d01b6b76af92b7a7d9f90e,Ocean-lake-4b,85.0,Eukaryota,Unassigned,Unassigned,Unassigned,Unassigned,Unassigned,Unassigned,18S,4b
3783,5be9b2294c10424d50a623ea092f5d00,Ocean-lake-4b,16.0,Eukaryota,Unassigned,Unassigned,Unassigned,Unassigned,Unassigned,Unassigned,18S,4b
3784,0dd0157c7dd219a21251aa263a0bf4e8,Ocean-lake-4b,13.0,Eukaryota,Unassigned,Unassigned,Unassigned,Unassigned,Unassigned,Unassigned,18S,4b
3785,0083243bd2f164384b92b8ec11550890,Ocean-lake-4b,49.0,Eukaryota,Unassigned,Unassigned,Unassigned,Unassigned,Unassigned,Unassigned,18S,4b
3786,b0932edfec7c87fa707fc64ca6a0663b,Ocean-lake-4b,43.0,Eukaryota,Unassigned,Unassigned,Unassigned,Unassigned,Unassigned,Unassigned,18S,4b
3787,2e0d9a287cda5cdf2f5ce4ddaba15f3b,Ocean-lake-4b,70.0,Eukaryota,Arthropoda,Maxillopoda,Unassigned,Unassigned,Unassigned,Unassigned,18S,4b
3788,9b52e16534ffe0b072c631246003703e,Ocean-lake-4b,52.0,Eukaryota,Diatomea,Unassigned,Unassigned,Unassigned,Unassigned,Unassigned,18S,4b
3789,34da0158836ed2aee3bf64827224d2fc,Ocean-lake-4b,41.0,Eukaryota,Diatomea,Unassigned,Unassigned,Unassigned,Unassigned,Unassigned,18S,4b
3790,8baf0148e7e021d5e80f3224c65dea03,Ocean-lake-4b,45.0,Eukaryota,Diatomea,Unassigned,Unassigned,Unassigned,Unassigned,Unassigned,18S,4b
3791,35e5ac153dae0bc247b26464f28b1ce4,Ocean-lake-4b,46.0,Eukaryota,Unassigned,Unassigned,Unassigned,Unassigned,Unassigned,Unassigned,18S,4b
3792,3047e8c161d466d043c3b76564d79732,Ocean-lake-4b,59.0,Eukaryota,MAST-4,MAST-4,MAST-4,MAST-4,MAST-4,Unassigned,18S,4b
3793,cd4fbcaddc20316d84db9149966fa0ae,Ocean-lake-4b,51.0,Eukaryota,Ciliophora,Intramacronucleata,Spirotrichea,Choreotrichia,Unassigned,Unassigned,18S,4b
3794,145a886544f6280ca0051d05485d2290,Ocean-lake-4b,14.0,Eukaryota,Unassigned,Unassigned,Unassigned,Unassigned,Unassigned,Unassigned,18S,4b
3795,11c23c80f80018e10eae0f156a9603c5,Ocean-lake-4b,39.0,Eukaryota,Unassigned,Unassigned,Unassigned,Unassigned,Unassigned,Unassigned,18S,4b
3796,5f1cf8e2895fbf91e050b49be127aa08,Ocean-lake-4b,34.0,Bacteria,Proteobacteria,Alphaproteobacteria,Rhodobacterales,Rhodobacteraceae,Unassigned,Unassigned,18S,4b
3797,7479c4498436f21ce2a86528e6bfe65f,Ocean-lake-4b,52.0,Eukaryota,Unassigned,Unassigned,Unassigned,Unassigned,Unassigned,Unassigned,18S,4b
3798,bcff06810f37ad2b07e2b783ee0c72f3,Ocean-lake-4b,60.0,Eukaryota,Unassigned,Unassigned,Unassigned,Unassigned,Unassigned,Unassigned,18S,4b
3799,946242b87c14e11288b117ead6a519cd,Ocean-lake-4b,52.0,Eukaryota,Diatomea,Unassigned,Unassigned,Unassigned,Unassigned,Unassigned,18S,4b
3800,a35be9124f9ef8a823eeffc523d5d280,Ocean-lake-4b,32.0,Eukaryota,Unassigned,Unassigned,Unassigned,Unassigned,Unassigned,Unassigned,18S,4b
3801,d4093f073cd1f436fd555777de6bdcc5,Ocean-lake-4b,59.0,Eukaryota,Ciliophora,Intramacronucleata,Spirotrichea,Oligotrichia,Unassigned,Unassigned,18S,4b
3802,656f2607dbc88e04609e73b7cc30f414,Ocean-lake-4b,49.0,Eukaryota,Unassigned,Unassigned,Unassigned,Unassigned,Unassigned,Unassigned,18S,4b
3803,69b394852b7d33e50fafcfb475c9995f,Ocean-lake-4b,37.0,Eukaryota,Unassigned,Unassigned,Unassigned,Unassigned,Unassigned,Unassigned,18S,4b
3804,b3f276a1cf8486eab437dfdd46eac67f,Ocean-lake-4b,55.0,Eukaryota,Prymnesiophyceae,Prymnesiophyceae,Prymnesiales,Prymnesiales,OLI51059,Unassigned,18S,4b
3805,ebdba2cad3c1bbc50bdc0a3d7882240e,Ocean-lake-4b,80.0,Eukaryota,Unassigned,Unassigned,Unassigned,Unassigned,Unassigned,Unassigned,18S,4b
3806,7cc8683c62d8460436e413da115eccce,Ocean-lake-4b,43.0,Eukaryota,Unassigned,Unassigned,Unassigned,Unassigned,Unassigned,Unassigned,18S,4b
3807,c38365bbd92aa7b0d8a13b6bdca5777d,Ocean-lake-4b,54.0,Eukaryota,Unassigned,Unassigned,Unassigned,Unassigned,Unassigned,Unassigned,18S,4b
3808,8f4b9861420fa5e624f8f90be57f03c9,Ocean-lake-4b,46.0,Eukaryota,Unassigned,Unassigned,Unassigned,Unassigned,Unassigned,Unassigned,18S,4b
3809,67e256efd6446d279e6b028687e8b2c6,Ocean-lake-4b,53.0,Eukaryota,Ciliophora,Intramacronucleata,Spirotrichea,Choreotrichia,Unassigned,Unassigned,18S,4b
3810,1e37cdbcf4429904e9eee1856993e366,Ocean-lake-4b,62.0,Eukaryota,Unassigned,Unassigned,Unassigned,Unassigned,Unassigned,Unassigned,18S,4b
3811,7e3cb034989c2c5bf242be3fd430fb8d,Ocean-lake-4b,45.0,Eukaryota,Diatomea,Coscinodiscophytina,Coscinodiscophytina,Corethrids,Corethron,Unassigned,18S,4b
3812,24bf4bac256bc6017a118581ce5c3593,Ocean-lake-4b,53.0,Eukaryota,MAST-3,MAST-3J,MAST-3J,MAST-3J,MAST-3J,Unassigned,18S,4b
3813,d2b343bc16687a8b0c7a5e03c3388c3f,Ocean-lake-4b,46.0,Eukaryota,Diatomea,Unassigned,Unassigned,Unassigned,Unassigned,Unassigned,18S,4b
3814,600528dfdd9b22abe00e6ff67acb3e41,Ocean-lake-4b,58.0,Eukaryota,Diatomea,Coscinodiscophytina,Coscinodiscophytina,Rhizosolenids,Rhizosolenids,Unassigned,18S,4b
3815,c5fd6d2eea9c024d057ebb8af9ded807,Ocean-lake-4b,32.0,Eukaryota,Unassigned,Unassigned,Unassigned,Unassigned,Unassigned,Unassigned,18S,4b
3816,a7adfea6f15ad17933fa7647584a1c8c,Ocean-lake-4b,33.0,Eukaryota,Diatomea,Unassigned,Unassigned,Unassigned,Unassigned,Unassigned,18S,4b
3817,bda662d707c5037539d14fe093cc9540,Ocean-lake-4b,49.0,Eukaryota,Unassigned,Unassigned,Unassigned,Unassigned,Unassigned,Unassigned,18S,4b
3818,cac7b3251c3be35c909255b6c7a16d62,Ocean-lake-4b,19.0,Eukaryota,Unassigned,Unassigned,Unassigned,Unassigned,Unassigned,Unassigned,18S,4b
3819,1b3deb211f3a9d0faab6729c5a5736ad,Ocean-lake-4b,46.0,Eukaryota,Unassigned,Unassigned,Unassigned,Unassigned,Unassigned,Unassigned,18S,4b
3820,a0df0cf63206a232207632c85d3e6c49,Ocean-lake-4b,77.0,Eukaryota,Unassigned,Unassigned,Unassigned,Unassigned,Unassigned,Unassigned,18S,4b
3821,333c3a034e61e39847d66dae15eefc19,Ocean-lake-4b,39.0,Eukaryota,Diatomea,Unassigned,Unassigned,Unassigned,Unassigned,Unassigned,18S,4b
3822,e497f12612bcfc6c33e0988f2dee3bae,Ocean-lake-4b,30.0,Eukaryota,Unassigned,Unassigned,Unassigned,Unassigned,Unassigned,Unassigned,18S,4b
3823,a480e4a600d9c83602d660d8741d05e4,Ocean-lake-4b,60.0,Eukaryota,Diatomea,Unassigned,Unassigned,Unassigned,Unassigned,Unassigned,18S,4b
3824,48655fd46548befbe07236b79d7da82e,Ocean-lake-4b,22.0,Bacteria,Proteobacteria,Alphaproteobacteria,Unassigned,Unassigned,Unassigned,Unassigned,18S,4b
3825,7d22ded5f142d87265ed739e5b1e4405,Ocean-lake-4b,25.0,Eukaryota,Dinoflagellata,Incertae_Sedis,Incertae_Sedis,Incertae_Sedis,Haplozoon,Unassigned,18S,4b
3826,261acf8d8e0dcdef07e8fe8adb33bcf0,Ocean-lake-4b,7.0,Eukaryota,Unassigned,Unassigned,Unassigned,Unassigned,Unassigned,Unassigned,18S,4b
3827,101e2d8d8e874a81b387d4d7927290fb,Ocean-lake-4b,50.0,Eukaryota,Unassigned,Unassigned,Unassigned,Unassigned,Unassigned,Unassigned,18S,4b
3828,287f46c114725c75b1961932adaf3004,Ocean-lake-4b,36.0,Eukaryota,Unassigned,Unassigned,Unassigned,Unassigned,Unassigned,Unassigned,18S,4b
3829,2ae0584128f2c2b2f95faa54e3daf147,Ocean-lake-4b,42.0,Eukaryota,Unassigned,Unassigned,Unassigned,Unassigned,Unassigned,Unassigned,18S,4b
3830,4f289527460fe5e0b0fde6fc35f595ad,Ocean-lake-4b,60.0,Eukaryota,Unassigned,Unassigned,Unassigned,Unassigned,Unassigned,Unassigned,18S,4b
3831,9c8ea8f01d14bd6630fe7352dda92fb8,Ocean-lake-4b,47.0,Eukaryota,Diatomea,Unassigned,Unassigned,Unassigned,Unassigned,Unassigned,18S,4b
3832,fc00605959e7ec8e1b8692c344043cc1,Ocean-lake-4b,50.0,Eukaryota,Unassigned,Unassigned,Unassigned,Unassigned,Unassigned,Unassigned,18S,4b
3833,e3436b4841e9742907a148d4beed43b4,Ocean-lake-4b,30.0,Eukaryota,Diatomea,Unassigned,Unassigned,Unassigned,Unassigned,Unassigned,18S,4b
3834,ff110533eb8cfc1968aadf6067b2d424,Ocean-lake-4b,56.0,Eukaryota,Unassigned,Unassigned,Unassigned,Unassigned,Unassigned,Unassigned,18S,4b
3835,3707dc26e0b13afb2b8fa9e95c1c2c33,Ocean-lake-4b,21.0,Eukaryota,Diatomea,Unassigned,Unassigned,Unassigned,Unassigned,Unassigned,18S,4b
3836,995426c667aa423c9e4e887d2a4c2a71,Ocean-lake-4b,42.0,Eukaryota,Prymnesiophyceae,Prymnesiophyceae,Prymnesiophyceae,Prymnesiophyceae,Phaeocystis,Unassigned,18S,4b
3837,8e500d6856ddfa246568b4bf30a530ac,Ocean-lake-4b,60.0,Eukaryota,Diatomea,Unassigned,Unassigned,Unassigned,Unassigned,Unassigned,18S,4b
3838,bb9bdb77465d2c66540801efc6fca513,Ocean-lake-4b,53.0,Eukaryota,Diatomea,Unassigned,Unassigned,Unassigned,Unassigned,Unassigned,18S,4b
3839,e32d08aa4137a7b3968c6da141c9e5da,Ocean-lake-4b,50.0,Eukaryota,Unassigned,Unassigned,Unassigned,Unassigned,Unassigned,Unassigned,18S,4b
3840,58c9afaa8a601ee356f45226f5e15dba,Ocean-lake-4b,44.0,Eukaryota,Unassigned,Unassigned,Unassigned,Unassigned,Unassigned,Unassigned,18S,4b
3841,b58a6459e16858d9790533bb467c4ad2,Ocean-lake-4b,21.0,Bacteria,Proteobacteria,Alphaproteobacteria,Unassigned,Unassigned,Unassigned,Unassigned,18S,4b
3842,44c36dec867dbfdb81e60a0987b8ba39,Ocean-lake-4b,48.0,Eukaryota,Unassigned,Unassigned,Unassigned,Unassigned,Unassigned,Unassigned,18S,4b
3843,5a6a2c31031e78d75f989d3d47d12a08,Ocean-lake-4b,50.0,Eukaryota,Unassigned,Unassigned,Unassigned,Unassigned,Unassigned,Unassigned,18S,4b
3844,ee9b7b3598c401bb02a885a2ea803b08,Ocean-lake-4b,50.0,Eukaryota,Ciliophora,Intramacronucleata,Conthreep,Oligohymenophorea,Unassigned,Unassigned,18S,4b
3845,1034e24f7448912df8099a7ee5fbb51a,Ocean-lake-4b,29.0,Eukaryota,Unassigned,Unassigned,Unassigned,Unassigned,Unassigned,Unassigned,18S,4b
3846,9c607c1a08c9d87f6bcde89e3f88d3d0,Ocean-lake-4b,32.0,Eukaryota,Unassigned,Unassigned,Unassigned,Unassigned,Unassigned,Unassigned,18S,4b
3847,2e316e9e5ff557502ce7c08d6df8bf1d,Ocean-lake-4b,41.0,Eukaryota,Unassigned,Unassigned,Unassigned,Unassigned,Unassigned,Unassigned,18S,4b
3848,e7827ad578f057ed1f8c9176152788cf,Ocean-lake-4b,21.0,Bacteria,Proteobacteria,Alphaproteobacteria,Unassigned,Unassigned,Unassigned,Unassigned,18S,4b
3849,5677a9ef57660fdaf68a176be2e85c45,Ocean-lake-4b,33.0,Eukaryota,Unassigned,Unassigned,Unassigned,Unassigned,Unassigned,Unassigned,18S,4b
3850,39d9bb299d9c704895c06503677db982,Ocean-lake-4b,31.0,Eukaryota,Unassigned,Unassigned,Unassigned,Unassigned,Unassigned,Unassigned,18S,4b
3851,fcb99e123a7a44867c1c277f8f99bc90,Ocean-lake-4b,32.0,Eukaryota,Unassigned,Unassigned,Unassigned,Unassigned,Unassigned,Unassigned,18S,4b
3852,1d2ac75527a4d6983e282b85db3fca4e,Ocean-lake-4b,42.0,Eukaryota,Unassigned,Unassigned,Unassigned,Unassigned,Unassigned,Unassigned,18S,4b
3853,a27f1be8dbdd0c549048a3ea8d517038,Ocean-lake-4b,28.0,Eukaryota,Unassigned,Unassigned,Unassigned,Unassigned,Unassigned,Unassigned,18S,4b
3854,50ef80f0193bdb81e481fff3b7767df0,Ocean-lake-4b,40.0,Eukaryota,Cercozoa,Thecofilosea,Cryomonadida,Protaspidae,Protaspis,Unassigned,18S,4b
3855,5d8b52d27e7ebc69cbd6d5e5a7cded5a,Ocean-lake-4b,42.0,Eukaryota,Diatomea,Unassigned,Unassigned,Unassigned,Unassigned,Unassigned,18S,4b
3856,a6f9355ab252e1e9d091c33b0b6fa1ad,Ocean-lake-4b,38.0,Eukaryota,Unassigned,Unassigned,Unassigned,Unassigned,Unassigned,Unassigned,18S,4b
3857,fc40523ff0999ac976bf18fbfcfbd957,Ocean-lake-4b,40.0,Eukaryota,Unassigned,Unassigned,Unassigned,Unassigned,Unassigned,Unassigned,18S,4b
3858,32f1467b52f4bc9f5bc9e81f636c59ab,Ocean-lake-4b,33.0,Eukaryota,Unassigned,Unassigned,Unassigned,Unassigned,Unassigned,Unassigned,18S,4b
3859,38738014a1a3e61b7be5175ebe0978ca,Ocean-lake-4b,12.0,Eukaryota,Unassigned,Unassigned,Unassigned,Unassigned,Unassigned,Unassigned,18S,4b
3860,ec828b6df9fc265b2c264a60040b7e9c,Ocean-lake-4b,47.0,Eukaryota,Unassigned,Unassigned,Unassigned,Unassigned,Unassigned,Unassigned,18S,4b
3861,bed6c20ace0eec6c66c985b86cb3dece,Ocean-lake-4b,44.0,Eukaryota,Diatomea,Unassigned,Unassigned,Unassigned,Unassigned,Unassigned,18S,4b
3862,6a28649494eea4abcc27a8f00662f3a0,Ocean-lake-4b,41.0,Eukaryota,Unassigned,Unassigned,Unassigned,Unassigned,Unassigned,Unassigned,18S,4b
3863,44adad88a8d630c2c0e3f2b9ce4ebcd3,Ocean-lake-4b,30.0,Eukaryota,Unassigned,Unassigned,Unassigned,Unassigned,Unassigned,Unassigned,18S,4b
3864,ca6d355a737ee7f040278c30c994b2e6,Ocean-lake-4b,43.0,Eukaryota,Unassigned,Unassigned,Unassigned,Unassigned,Unassigned,Unassigned,18S,4b
3865,978769721a5e5f908656b9583cc33ee0,Ocean-lake-4b,29.0,Eukaryota,Diatomea,Unassigned,Unassigned,Unassigned,Unassigned,Unassigned,18S,4b
3866,72a13b7409d1f9143dfa14177e799ce1,Ocean-lake-4b,11.0,Eukaryota,Unassigned,Unassigned,Unassigned,Unassigned,Unassigned,Unassigned,18S,4b
3867,c4692cd1713ecfd4bf53208b36e3b4c5,Ocean-lake-4b,35.0,Eukaryota,Unassigned,Unassigned,Unassigned,Unassigned,Unassigned,Unassigned,18S,4b
3868,1ac086ce66620d6570cbd77618c96327,Ocean-lake-4b,39.0,Eukaryota,Unassigned,Unassigned,Unassigned,Unassigned,Unassigned,Unassigned,18S,4b
3869,7bea45939861b75cd92ae88f9ac91703,Ocean-lake-4b,46.0,Eukaryota,Unassigned,Unassigned,Unassigned,Unassigned,Unassigned,Unassigned,18S,4b
3870,bfa8a765f1230c07bb3b831988d9eb2f,Ocean-lake-4b,19.0,Eukaryota,Unassigned,Unassigned,Unassigned,Unassigned,Unassigned,Unassigned,18S,4b
3871,4db248007a68dfa37a36867c725b194c,Ocean-lake-4b,38.0,Eukaryota,Unassigned,Unassigned,Unassigned,Unassigned,Unassigned,Unassigned,18S,4b
3872,49f26802e1191074623240976202cbca,Ocean-lake-4b,51.0,Eukaryota,Diatomea,Unassigned,Unassigned,Unassigned,Unassigned,Unassigned,18S,4b
3873,6a91708105bd59e27b6e282d038647dd,Ocean-lake-4b,29.0,Eukaryota,Diatomea,Unassigned,Unassigned,Unassigned,Unassigned,Unassigned,18S,4b
3874,dc4e42088043846b2023e9fb1315f3e8,Ocean-lake-4b,36.0,Eukaryota,Unassigned,Unassigned,Unassigned,Unassigned,Unassigned,Unassigned,18S,4b
3875,5ab886cbb97e7ba9bb42ff8042c7ccf0,Ocean-lake-4b,29.0,Eukaryota,Unassigned,Unassigned,Unassigned,Unassigned,Unassigned,Unassigned,18S,4b
3876,84b7799e8a6b11ab95bd228b5288f297,Ocean-lake-4b,36.0,Eukaryota,Unassigned,Unassigned,Unassigned,Unassigned,Unassigned,Unassigned,18S,4b
3877,3dc1b5f08422078ed27eabde3dd1f4e2,Ocean-lake-4b,39.0,Eukaryota,Diatomea,Unassigned,Unassigned,Unassigned,Unassigned,Unassigned,18S,4b
3878,2d0033291748029da7b299ce96edaed3,Ocean-lake-4b,24.0,Eukaryota,Prymnesiophyceae,Unassigned,Unassigned,Unassigned,Unassigned,Unassigned,18S,4b
3879,a1347d7c5056d10e52e1e2165c18d75d,Ocean-lake-4b,22.0,Bacteria,Proteobacteria,Alphaproteobacteria,Unassigned,Unassigned,Unassigned,Unassigned,18S,4b
3880,1b4b4126ef74a85ea7893bbbfa429d8e,Ocean-lake-4b,33.0,Eukaryota,Unassigned,Unassigned,Unassigned,Unassigned,Unassigned,Unassigned,18S,4b
3881,b6d61455660aecea794d88d1bd7f1c4e,Ocean-lake-4b,22.0,Bacteria,Proteobacteria,Alphaproteobacteria,Unassigned,Unassigned,Unassigned,Unassigned,18S,4b
3882,4523bea9b146f7879cb37f6be9a2c358,Ocean-lake-4b,18.0,Eukaryota,Unassigned,Unassigned,Unassigned,Unassigned,Unassigned,Unassigned,18S,4b
3883,e47fd834d4ba1919b89201a2765d99dc,Ocean-lake-4b,32.0,Eukaryota,Unassigned,Unassigned,Unassigned,Unassigned,Unassigned,Unassigned,18S,4b
3884,e563f81f55dd95031af698cbb55b6821,Ocean-lake-4b,46.0,Eukaryota,Unassigned,Unassigned,Unassigned,Unassigned,Unassigned,Unassigned,18S,4b
3885,eeda4089c33d78896b96ca861dd1721a,Ocean-lake-4b,24.0,Eukaryota,Unassigned,Unassigned,Unassigned,Unassigned,Unassigned,Unassigned,18S,4b
3886,87d359c37b8332e71d684ac03bbc2091,Ocean-lake-4b,51.0,Eukaryota,Diatomea,Unassigned,Unassigned,Unassigned,Unassigned,Unassigned,18S,4b
3887,b8e96732501c4b7f3b2a16ee08baec34,Ocean-lake-4b,32.0,Eukaryota,Unassigned,Unassigned,Unassigned,Unassigned,Unassigned,Unassigned,18S,4b
3888,7f663ed7274d344ce4bb08c497ce947d,Ocean-lake-4b,8.0,Eukaryota,Unassigned,Unassigned,Unassigned,Unassigned,Unassigned,Unassigned,18S,4b
3889,a45af21a4496f30a98792474db630e03,Ocean-lake-4b,29.0,Eukaryota,Euglenozoa,Diplonemea,Diplonemea,Diplonemea,Rhynchopus,Unassigned,18S,4b
3890,f4c1a7414034679b6e3a480a1120b91b,Ocean-lake-4b,27.0,Eukaryota,Unassigned,Unassigned,Unassigned,Unassigned,Unassigned,Unassigned,18S,4b
3891,9abb46034153a3cfa48c0836df4f6f04,Ocean-lake-4b,35.0,Eukaryota,Unassigned,Unassigned,Unassigned,Unassigned,Unassigned,Unassigned,18S,4b
3892,4dfdc55109935c9e5d4b1ede0eea4867,Ocean-lake-4b,22.0,Eukaryota,Unassigned,Unassigned,Unassigned,Unassigned,Unassigned,Unassigned,18S,4b
3893,35c8c3540a978924cd4b61193c6a668c,Ocean-lake-4b,20.0,Eukaryota,Unassigned,Unassigned,Unassigned,Unassigned,Unassigned,Unassigned,18S,4b
3894,a14f6becb478515db424c49b63af9caf,Ocean-lake-4b,20.0,Eukaryota,Unassigned,Unassigned,Unassigned,Unassigned,Unassigned,Unassigned,18S,4b
3895,631cf9e8748f034b3364d70bb36aaf16,Ocean-lake-4b,32.0,Eukaryota,Unassigned,Unassigned,Unassigned,Unassigned,Unassigned,Unassigned,18S,4b
3896,ae52b6b8a8ac7182b08aee4bc1a54161,Ocean-lake-4b,47.0,Eukaryota,Diatomea,Mediophyceae,Mediophyceae,Mediophyceae,Cyclotella,Unassigned,18S,4b
3897,2247b8c99a73e51fbba4f8e9b3d0be37,Ocean-lake-4b,14.0,Eukaryota,Unassigned,Unassigned,Unassigned,Unassigned,Unassigned,Unassigned,18S,4b
3898,c11fd2fb6130d401f827d872491869df,Ocean-lake-4b,39.0,Eukaryota,Unassigned,Unassigned,Unassigned,Unassigned,Unassigned,Unassigned,18S,4b
3899,96c366b089ebdf0c224043ce8597a2f3,Ocean-lake-4b,55.0,Eukaryota,Unassigned,Unassigned,Unassigned,Unassigned,Unassigned,Unassigned,18S,4b
3900,e66b7071885495d23c269ba155164cdb,Ocean-lake-4b,26.0,Eukaryota,MAST-11,MAST-11,MAST-11,MAST-11,MAST-11,Unassigned,18S,4b
3901,790920cbe7b52a08e9a2b92ee9a59f8e,Ocean-lake-4b,22.0,Eukaryota,Unassigned,Unassigned,Unassigned,Unassigned,Unassigned,Unassigned,18S,4b
3902,23e23b1b3302f2d998c4e940e8cff13b,Ocean-lake-4b,24.0,Eukaryota,Unassigned,Unassigned,Unassigned,Unassigned,Unassigned,Unassigned,18S,4b
3903,f59298fe69161195e7644d28803862f5,Ocean-lake-4b,34.0,Eukaryota,Unassigned,Unassigned,Unassigned,Unassigned,Unassigned,Unassigned,18S,4b
3904,44d3f87a22874c444c38f4233c91b669,Ocean-lake-4b,41.0,Eukaryota,Unassigned,Unassigned,Unassigned,Unassigned,Unassigned,Unassigned,18S,4b
3905,ab0dacf7d29f3540a1ef767c2444242f,Ocean-lake-4b,40.0,Eukaryota,Protalveolata,Syndiniales,Syndiniales,Syndiniales,Duboscquella,Unassigned,18S,4b
3906,033a8f25ebbbe33d17f5e27ce8f80ee8,Ocean-lake-4b,11.0,Bacteria,Proteobacteria,Alphaproteobacteria,Unassigned,Unassigned,Unassigned,Unassigned,18S,4b
3907,480d3808c72625aae0b1105e51dd01a7,Ocean-lake-4b,16.0,Eukaryota,Unassigned,Unassigned,Unassigned,Unassigned,Unassigned,Unassigned,18S,4b
3908,5d576efb9c3ab408073a93d8825fae11,Ocean-lake-4b,20.0,Eukaryota,Chlorophyta,Unassigned,Unassigned,Unassigned,Unassigned,Unassigned,18S,4b
3909,a7fb5f1d7787b192ba4add18a180649b,Ocean-lake-4b,18.0,Eukaryota,Unassigned,Unassigned,Unassigned,Unassigned,Unassigned,Unassigned,18S,4b
3910,190c155265cb1f34ea1ea26b5693dcfe,Ocean-lake-4b,28.0,Eukaryota,Unassigned,Unassigned,Unassigned,Unassigned,Unassigned,Unassigned,18S,4b
3911,20f7de076299241966cdfe332b54dbcd,Ocean-lake-4b,47.0,Eukaryota,Ancyromonadida,Ancyromonadida,Ancyromonadida,Ancyromonadida,Ancyromonas,Unassigned,18S,4b
3912,c172394bbe2faf9f8545346ec8478089,Ocean-lake-4b,41.0,Eukaryota,Unassigned,Unassigned,Unassigned,Unassigned,Unassigned,Unassigned,18S,4b
3913,ce61988c45618cb0f79d80807c9b88a9,Ocean-lake-4b,27.0,Eukaryota,Unassigned,Unassigned,Unassigned,Unassigned,Unassigned,Unassigned,18S,4b
3914,8fffca76ee0bcb16ef1c8e4ac2b7ea3e,Ocean-lake-4b,20.0,Eukaryota,Unassigned,Unassigned,Unassigned,Unassigned,Unassigned,Unassigned,18S,4b
3915,396884ee1713f8e928d898c3aa96644a,Ocean-lake-4b,16.0,Eukaryota,Cercozoa,Imbricatea,Imbricatea,Euglyphida,Paulinella,Unassigned,18S,4b
3916,18cf1d4fe4df0977de740f45398824d7,Ocean-lake-4b,12.0,Eukaryota,Mollusca,Bivalvia,Veneroida,Veneroida,Veneroida,Unassigned,18S,4b
3917,f742d5961eed862b0ac311c27f65cccf,Ocean-lake-4b,23.0,Eukaryota,Diatomea,Unassigned,Unassigned,Unassigned,Unassigned,Unassigned,18S,4b
3918,5e3bd9ad02ed16ff51af1d67980143a2,Ocean-lake-4b,16.0,Eukaryota,Unassigned,Unassigned,Unassigned,Unassigned,Unassigned,Unassigned,18S,4b
3919,a0fb4c06bc207ddc6fece3c6498a9b08,Ocean-lake-4b,30.0,Eukaryota,Ciliophora,Intramacronucleata,Spirotrichea,Euplotia,Euplotes,Unassigned,18S,4b
3920,1d593e51b079b158167f8376e6767507,Ocean-lake-4b,31.0,Eukaryota,Prymnesiophyceae,Unassigned,Unassigned,Unassigned,Unassigned,Unassigned,18S,4b
3921,eb2738c8a00b6352cbff129d90564c64,Ocean-lake-4b,64.0,Eukaryota,Unassigned,Unassigned,Unassigned,Unassigned,Unassigned,Unassigned,18S,4b
3922,a1f3a21dbb899df46989abbe73b9dd8e,Ocean-lake-4b,22.0,Eukaryota,Unassigned,Unassigned,Unassigned,Unassigned,Unassigned,Unassigned,18S,4b
3923,1690138952324a44c68fb7d8a5689f25,Ocean-lake-4b,19.0,Eukaryota,Unassigned,Unassigned,Unassigned,Unassigned,Unassigned,Unassigned,18S,4b
3924,090f720e89aa01be296da2ef10cfc974,Ocean-lake-4b,29.0,Eukaryota,Diatomea,Unassigned,Unassigned,Unassigned,Unassigned,Unassigned,18S,4b
3925,205b305aa8577d3e7fd5a3bc4622312f,Ocean-lake-4b,24.0,Eukaryota,Dinoflagellata,Dinophyceae,Unassigned,Unassigned,Unassigned,Unassigned,18S,4b
3926,f59628b3a2cda269951820fd8389e33f,Ocean-lake-4b,13.0,Eukaryota,Diatomea,Unassigned,Unassigned,Unassigned,Unassigned,Unassigned,18S,4b
3927,c00e8a75f148c9736510cd42fa738f9d,Ocean-lake-4b,44.0,Eukaryota,Unassigned,Unassigned,Unassigned,Unassigned,Unassigned,Unassigned,18S,4b
3928,9c8747c9de30aa48a87aafbb7cfb6ca6,Ocean-lake-4b,62.0,Eukaryota,Unassigned,Unassigned,Unassigned,Unassigned,Unassigned,Unassigned,18S,4b
3929,e4801837b127a3810337d48ecd77eb00,Ocean-lake-4b,24.0,Eukaryota,Unassigned,Unassigned,Unassigned,Unassigned,Unassigned,Unassigned,18S,4b
3930,7869e685cb70e032773c9ab2d747f3f4,Ocean-lake-4b,39.0,Eukaryota,Unassigned,Unassigned,Unassigned,Unassigned,Unassigned,Unassigned,18S,4b
3931,858ae6c8eb1987ee49bca512d68b8ee6,Ocean-lake-4b,14.0,Eukaryota,Unassigned,Unassigned,Unassigned,Unassigned,Unassigned,Unassigned,18S,4b
3932,cc1d8ceb303a8c97f1c7171fe8891153,Ocean-lake-4b,15.0,Eukaryota,Amoebozoa,Discosea,Dactylopodida,Dactylopodida,Parvamoeba,Unassigned,18S,4b
3933,1adb080527f1a466d7ae7c43fbaa3aa5,Ocean-lake-4b,19.0,Eukaryota,Unassigned,Unassigned,Unassigned,Unassigned,Unassigned,Unassigned,18S,4b
3934,4ba56b8d13cf57866bac80c7f9ed4bf6,Ocean-lake-4b,11.0,Eukaryota,Protalveolata,Colpodellida,Colpodellida,Colpodellida,Voromonas,Unassigned,18S,4b
3935,1918fe5f1ffd18fe5311e1f91e916457,Ocean-lake-4b,37.0,Eukaryota,Diatomea,Unassigned,Unassigned,Unassigned,Unassigned,Unassigned,18S,4b
3936,4ce1df289294631406a9c7306ec6e1ef,Ocean-lake-4b,11.0,Eukaryota,Unassigned,Unassigned,Unassigned,Unassigned,Unassigned,Unassigned,18S,4b
3937,48cc4cb3346254de5cf15ff84e23cdbd,Ocean-lake-4b,26.0,Eukaryota,Unassigned,Unassigned,Unassigned,Unassigned,Unassigned,Unassigned,18S,4b
3938,3851e1c2f548886d9efd1b164d1d2de0,Ocean-lake-4b,24.0,Eukaryota,Unassigned,Unassigned,Unassigned,Unassigned,Unassigned,Unassigned,18S,4b
3939,4f6907f8d172f6843c11eb0e286da877,Ocean-lake-4b,30.0,Eukaryota,Diatomea,Unassigned,Unassigned,Unassigned,Unassigned,Unassigned,18S,4b
3940,b556d2f95efc662b83372573ab3bd113,Ocean-lake-4b,15.0,Eukaryota,Ciliophora,Intramacronucleata,Spirotrichea,Oligotrichia,Unassigned,Unassigned,18S,4b
3941,34658e3c2a24829c1dfe2b95abf059b8,Ocean-lake-4b,22.0,Eukaryota,Unassigned,Unassigned,Unassigned,Unassigned,Unassigned,Unassigned,18S,4b
3942,15aba17a8ce19d14c2268862c7855843,Ocean-lake-4b,36.0,Eukaryota,Unassigned,Unassigned,Unassigned,Unassigned,Unassigned,Unassigned,18S,4b
3943,465c2a9e08f6dba1f1f351c53a3f3d4a,Ocean-lake-4b,9.0,Eukaryota,Unassigned,Unassigned,Unassigned,Unassigned,Unassigned,Unassigned,18S,4b
3944,21bb9b396f102575bfdda529270edd26,Ocean-lake-4b,34.0,Eukaryota,Unassigned,Unassigned,Unassigned,Unassigned,Unassigned,Unassigned,18S,4b
3945,b935bdc23acd85566d96b5ef1e3930e4,Ocean-lake-4b,20.0,Eukaryota,Dinoflagellata,Dinophyceae,Unassigned,Unassigned,Unassigned,Unassigned,18S,4b
3946,0d9c38912c5e408ae4268ec19c59c61b,Ocean-lake-4b,24.0,Eukaryota,Unassigned,Unassigned,Unassigned,Unassigned,Unassigned,Unassigned,18S,4b
3947,62283a15c9f42635f0312610c9b30b77,Ocean-lake-4b,27.0,Eukaryota,Diatomea,Unassigned,Unassigned,Unassigned,Unassigned,Unassigned,18S,4b
3948,a570ddedffb799f408c4a3b97ac2fed8,Ocean-lake-4b,29.0,Eukaryota,Unassigned,Unassigned,Unassigned,Unassigned,Unassigned,Unassigned,18S,4b
3949,97a01af2afdab6bf5dd6e6471fc72b87,Ocean-lake-4b,26.0,Eukaryota,Chlorophyta,Unassigned,Unassigned,Unassigned,Unassigned,Unassigned,18S,4b
3950,3e767d597d1dda74ec7684dd19127e01,Ocean-lake-4b,34.0,Eukaryota,Unassigned,Unassigned,Unassigned,Unassigned,Unassigned,Unassigned,18S,4b
3951,4c156f14fd5913af51b163568ad3aaf2,Ocean-lake-4b,16.0,Eukaryota,Unassigned,Unassigned,Unassigned,Unassigned,Unassigned,Unassigned,18S,4b
3952,4dd6399f5471cd351f00d03a9fbc923f,Ocean-lake-4b,13.0,Eukaryota,Unassigned,Unassigned,Unassigned,Unassigned,Unassigned,Unassigned,18S,4b
3953,6b366fbf8e0fd798747ceb0af4871668,Ocean-lake-4b,20.0,Eukaryota,Cercozoa,Chlorarachniophyta,Chlorarachniophyta,Chlorarachniophyta,Chlorarachnion,Unassigned,18S,4b
3954,8885304b83f358a320301d96757d2272,Ocean-lake-4b,17.0,Eukaryota,Unassigned,Unassigned,Unassigned,Unassigned,Unassigned,Unassigned,18S,4b
3955,de5c24643df6bba91b1a176fb1b89f57,Ocean-lake-4b,20.0,Eukaryota,Unassigned,Unassigned,Unassigned,Unassigned,Unassigned,Unassigned,18S,4b
3956,6194f628bf8ed010efbbb0f16b4bac40,Ocean-lake-4b,17.0,Eukaryota,Unassigned,Unassigned,Unassigned,Unassigned,Unassigned,Unassigned,18S,4b
3957,aa59b06f38255fe9d0e002cd3355bb35,Ocean-lake-4b,15.0,Eukaryota,Unassigned,Unassigned,Unassigned,Unassigned,Unassigned,Unassigned,18S,4b
3958,18094fa9cdbf8231b26c7bf890f9d02a,Ocean-lake-4b,24.0,Eukaryota,Ciliophora,Intramacronucleata,Conthreep,Oligohymenophorea,Zoothamnopsis,Unassigned,18S,4b
3959,4aeb20087699daaf20c1a1ff753bf67c,Ocean-lake-4b,15.0,Eukaryota,Unassigned,Unassigned,Unassigned,Unassigned,Unassigned,Unassigned,18S,4b
3960,6e86838be84a5142b12380df0dfa3c99,Ocean-lake-4b,20.0,Eukaryota,Unassigned,Unassigned,Unassigned,Unassigned,Unassigned,Unassigned,18S,4b
3961,b1204d917723f40d61a7537a6fcf0726,Ocean-lake-4b,51.0,Eukaryota,Diatomea,Unassigned,Unassigned,Unassigned,Unassigned,Unassigned,18S,4b
3962,68a1f3e7733b188c00ef9faa2c2480eb,Ocean-lake-4b,16.0,Eukaryota,Unassigned,Unassigned,Unassigned,Unassigned,Unassigned,Unassigned,18S,4b
3963,200ace0c37c61692dd90ef58e439433b,Ocean-lake-4b,15.0,Eukaryota,Unassigned,Unassigned,Unassigned,Unassigned,Unassigned,Unassigned,18S,4b
3964,7d2e424f26c10b8e6d64425357534847,Ocean-lake-4b,21.0,Eukaryota,Unassigned,Unassigned,Unassigned,Unassigned,Unassigned,Unassigned,18S,4b
3965,dacc39a6f261f9dd5262d28991e8abea,Ocean-lake-4b,28.0,Eukaryota,Chlorophyta,Chlorophyceae,Unassigned,Unassigned,Unassigned,Unassigned,18S,4b
3966,437df53f06531c61da50f2d7aa36f512,Ocean-lake-4b,14.0,Eukaryota,Unassigned,Unassigned,Unassigned,Unassigned,Unassigned,Unassigned,18S,4b
3967,24bfdbbdb08b71e928ecfb09588b9c94,Ocean-lake-4b,19.0,Eukaryota,Unassigned,Unassigned,Unassigned,Unassigned,Unassigned,Unassigned,18S,4b
3968,24aca4101919f2c87bee9587ab38954f,Ocean-lake-4b,26.0,Eukaryota,Ciliophora,Intramacronucleata,Conthreep,Oligohymenophorea,Unassigned,Unassigned,18S,4b
3969,7cb0c4a401545503e398d36dd03cdf55,Ocean-lake-4b,22.0,Eukaryota,Unassigned,Unassigned,Unassigned,Unassigned,Unassigned,Unassigned,18S,4b
3970,e50b4fe40fdd4f75033ae3291b4ef4ed,Ocean-lake-4b,5.0,Eukaryota,Unassigned,Unassigned,Unassigned,Unassigned,Unassigned,Unassigned,18S,4b
3971,3c3c499eae9ef044610b6cf49ca683cf,Ocean-lake-4b,17.0,Eukaryota,Unassigned,Unassigned,Unassigned,Unassigned,Unassigned,Unassigned,18S,4b
3972,ee3f343e5394ecd18b2e646d95e7718f,Ocean-lake-4b,7.0,Eukaryota,Unassigned,Unassigned,Unassigned,Unassigned,Unassigned,Unassigned,18S,4b
3973,d7fc77741bc2f8704f8c537e882dc5a1,Ocean-lake-4b,13.0,Unassigned,Unassigned,Unassigned,Unassigned,Unassigned,Unassigned,Unassigned,18S,4b
3974,730c3f6113e854e32488d2c8e2a351a2,Ocean-lake-4b,17.0,Eukaryota,Unassigned,Unassigned,Unassigned,Unassigned,Unassigned,Unassigned,18S,4b
3975,d5872a99684e015f1ea7bd9a5ea9ec57,Ocean-lake-4b,20.0,Eukaryota,Chlorophyta,Prasinophytae,Pseudoscourfieldiales,Pseudoscourfieldiales,Pycnococcus,Unassigned,18S,4b
3976,e759727cf6d1f7e3116017075fe0eb4d,Ocean-lake-4b,29.0,Eukaryota,Unassigned,Unassigned,Unassigned,Unassigned,Unassigned,Unassigned,18S,4b
3977,ec8b12e8b9d49a56390d05d3bfe5360c,Ocean-lake-4b,47.0,Eukaryota,Unassigned,Unassigned,Unassigned,Unassigned,Unassigned,Unassigned,18S,4b
3978,5ef571218a68d61b42ec1f25fa8a4d18,Ocean-lake-4b,16.0,Eukaryota,Unassigned,Unassigned,Unassigned,Unassigned,Unassigned,Unassigned,18S,4b
3979,3c5cf4981b38cfafc2622d9c95cf4321,Ocean-lake-4b,7.0,Eukaryota,Unassigned,Unassigned,Unassigned,Unassigned,Unassigned,Unassigned,18S,4b
3980,a6246763575176b50b35f88033556c4d,Ocean-lake-4b,24.0,Eukaryota,MAST-7,MAST-7,MAST-7,MAST-7,MAST-7,Unassigned,18S,4b
3981,3d02ebf575d9d01eb6a262b81fb83432,Ocean-lake-4b,12.0,Bacteria,Proteobacteria,Alphaproteobacteria,Unassigned,Unassigned,Unassigned,Unassigned,18S,4b
3982,e4cf82bf556c447b4f27264c33019025,Ocean-lake-4b,14.0,Eukaryota,Unassigned,Unassigned,Unassigned,Unassigned,Unassigned,Unassigned,18S,4b
3983,26edc127c8f86624bf3daf6a25ca56f8,Ocean-lake-4b,26.0,Eukaryota,Unassigned,Unassigned,Unassigned,Unassigned,Unassigned,Unassigned,18S,4b
3984,82b23f25d0ae9b348c795d2f0db0eefb,Ocean-lake-4b,26.0,Eukaryota,Unassigned,Unassigned,Unassigned,Unassigned,Unassigned,Unassigned,18S,4b
3985,8ee875c1113b2d390389c173ce2ab00c,Ocean-lake-4b,8.0,Eukaryota,Unassigned,Unassigned,Unassigned,Unassigned,Unassigned,Unassigned,18S,4b
3986,c31cf0bea43d34e6b7a1982f454dd1f7,Ocean-lake-4b,33.0,Eukaryota,Unassigned,Unassigned,Unassigned,Unassigned,Unassigned,Unassigned,18S,4b
3987,75fe23a37f364881d2c43a7746d42bf3,Ocean-lake-4b,21.0,Eukaryota,Unassigned,Unassigned,Unassigned,Unassigned,Unassigned,Unassigned,18S,4b
3988,7a2121e0697c687cd1fde791084d4b11,Ocean-lake-4b,17.0,Eukaryota,Unassigned,Unassigned,Unassigned,Unassigned,Unassigned,Unassigned,18S,4b
3989,593e3921f078adc38ae405cfe9021a82,Ocean-lake-4b,15.0,Eukaryota,Unassigned,Unassigned,Unassigned,Unassigned,Unassigned,Unassigned,18S,4b
3990,c0bcdeb3e874f2692274ff343503d1fd,Ocean-lake-4b,25.0,Eukaryota,Unassigned,Unassigned,Unassigned,Unassigned,Unassigned,Unassigned,18S,4b
3991,e318c36ba6e06bc5d73f9ccfe3a03712,Ocean-lake-4b,35.0,Eukaryota,Chlorophyta,Prasinophytae,Pseudoscourfieldiales,Pseudoscourfieldiales,Pycnococcus,Unassigned,18S,4b
3992,680d9d0cbb0d1cf03f27bbf43fbe0a09,Ocean-lake-4b,15.0,Eukaryota,Ochrophyta,Dictyochophyceae,Pedinellales,Pedinellales,Unassigned,Unassigned,18S,4b
3993,b91e7cd2576f6a30d5c4b494ed6b3d87,Ocean-lake-4b,6.0,Eukaryota,Unassigned,Unassigned,Unassigned,Unassigned,Unassigned,Unassigned,18S,4b
3994,06b6ffdde4fa6fa4242d24efb711b400,Ocean-lake-4b,11.0,Eukaryota,Unassigned,Unassigned,Unassigned,Unassigned,Unassigned,Unassigned,18S,4b
3995,0d0ab8dbd74790df9a43333e6e55aae2,Ocean-lake-4b,19.0,Eukaryota,Pavlovophyceae,Pavlovophyceae,Pavlovophyceae,Pavlovophyceae,Unassigned,Unassigned,18S,4b
3996,b423fec42415d8ecd892d640a9a38716,Ocean-lake-4b,14.0,Eukaryota,Unassigned,Unassigned,Unassigned,Unassigned,Unassigned,Unassigned,18S,4b
3997,2bcd8dc5ec020c0aeaa53e24a6481755,Ocean-lake-4b,10.0,Eukaryota,Unassigned,Unassigned,Unassigned,Unassigned,Unassigned,Unassigned,18S,4b
3998,6a2439cea0c7e31d99bd023c618f2d12,Ocean-lake-4b,17.0,Eukaryota,Unassigned,Unassigned,Unassigned,Unassigned,Unassigned,Unassigned,18S,4b
3999,afcfd826056d0acc39de1647cae0f819,Ocean-lake-4b,17.0,Eukaryota,Unassigned,Unassigned,Unassigned,Unassigned,Unassigned,Unassigned,18S,4b
4000,2fbea89a36dcec3eb30590f07a4f8bc2,Ocean-lake-4b,18.0,Eukaryota,Unassigned,Unassigned,Unassigned,Unassigned,Unassigned,Unassigned,18S,4b
4001,929667bb23ece42686336f311089ea58,Ocean-lake-4b,14.0,Bacteria,Proteobacteria,Gammaproteobacteria,Unassigned,Unassigned,Unassigned,Unassigned,18S,4b
4002,aa0ebb7ad2342212d92e7d34730f109b,Ocean-lake-4b,9.0,Eukaryota,Euglenozoa,Euglenida,Heteronematina,Heteronematina,Petalomonas,Unassigned,18S,4b
4003,3aabc34a22288c9e28176e3cf7fdb1c2,Ocean-lake-4b,18.0,Eukaryota,Unassigned,Unassigned,Unassigned,Unassigned,Unassigned,Unassigned,18S,4b
4004,8a6f3fde185e19a38f99196325af874d,Ocean-lake-4b,28.0,Eukaryota,Unassigned,Unassigned,Unassigned,Unassigned,Unassigned,Unassigned,18S,4b
4005,bd0d655d0b2463d76ca0146aa9096ee1,Ocean-lake-4b,19.0,Eukaryota,Unassigned,Unassigned,Unassigned,Unassigned,Unassigned,Unassigned,18S,4b
4006,a7f1d2e1f133fad85ea4bc171eeb8653,Ocean-lake-4b,31.0,Eukaryota,Unassigned,Unassigned,Unassigned,Unassigned,Unassigned,Unassigned,18S,4b
4007,284486d608d86eb4e43f84ad78e8e917,Ocean-lake-4b,24.0,Eukaryota,Unassigned,Unassigned,Unassigned,Unassigned,Unassigned,Unassigned,18S,4b
4008,028716aa2435d4c81b08d40825cf17fd,Ocean-lake-4b,26.0,Eukaryota,Unassigned,Unassigned,Unassigned,Unassigned,Unassigned,Unassigned,18S,4b
4009,fba68a7ea19857ce0a75a66a0d1ed3cc,Ocean-lake-4b,40.0,Bacteria,Proteobacteria,Alphaproteobacteria,Unassigned,Unassigned,Unassigned,Unassigned,18S,4b
4010,a37489b5c934cb152d81f68d5281701c,Ocean-lake-4b,5.0,Eukaryota,Unassigned,Unassigned,Unassigned,Unassigned,Unassigned,Unassigned,18S,4b
4011,f3710a1c1856bf5d344d59cbb3558829,Ocean-lake-4b,13.0,Eukaryota,Unassigned,Unassigned,Unassigned,Unassigned,Unassigned,Unassigned,18S,4b
4012,64f11ec759766adc5a9a719b2abe3ed3,Ocean-lake-4b,14.0,Eukaryota,Unassigned,Unassigned,Unassigned,Unassigned,Unassigned,Unassigned,18S,4b
4013,35f252f4f836d1ec56b7921b2b73137d,Ocean-lake-4b,39.0,Eukaryota,Ciliophora,Intramacronucleata,Spirotrichea,Choreotrichia,Steenstrupiella,Unassigned,18S,4b
4014,c1fc0a0c669f2f10bf698e0d25f2c53b,Ocean-lake-4b,11.0,Eukaryota,Unassigned,Unassigned,Unassigned,Unassigned,Unassigned,Unassigned,18S,4b
4015,331893aac8e7909c789e4d66a991ae28,Ocean-lake-4b,18.0,Eukaryota,Peronosporomycetes,Peronosporomycetes,Peronosporomycetes,Peronosporomycetes,Unassigned,Unassigned,18S,4b
4016,91f33d3721f6662ba5289b8bbcc3e6e7,Ocean-lake-4b,19.0,Eukaryota,Vertebrata,Unassigned,Unassigned,Unassigned,Unassigned,Unassigned,18S,4b
4017,cb1c364891788a85f1135a39975202b0,Ocean-lake-4b,38.0,Eukaryota,Diatomea,Unassigned,Unassigned,Unassigned,Unassigned,Unassigned,18S,4b
4018,ee8ac094838ab79685596ab084eb4452,Ocean-lake-4b,13.0,Eukaryota,Unassigned,Unassigned,Unassigned,Unassigned,Unassigned,Unassigned,18S,4b
4019,bb8f33ffde64c98d9ad351c4b63a3c4a,Ocean-lake-4b,14.0,Eukaryota,Unassigned,Unassigned,Unassigned,Unassigned,Unassigned,Unassigned,18S,4b
4020,86c280766329a312d27d74dba5dcbdd6,Ocean-lake-4b,17.0,Eukaryota,Unassigned,Unassigned,Unassigned,Unassigned,Unassigned,Unassigned,18S,4b
4021,4532a3d7a716b736e92bb478078b7757,Ocean-lake-4b,37.0,Eukaryota,Unassigned,Unassigned,Unassigned,Unassigned,Unassigned,Unassigned,18S,4b
4022,c5f8d74173b0e12be6a70a1325a11721,Ocean-lake-4b,14.0,Eukaryota,Unassigned,Unassigned,Unassigned,Unassigned,Unassigned,Unassigned,18S,4b
4023,7a9b5fc74bc6dfcf9a087f6a2e20b64b,Ocean-lake-4b,11.0,Eukaryota,Unassigned,Unassigned,Unassigned,Unassigned,Unassigned,Unassigned,18S,4b
4024,163aaa77abbaff468cf3f57cc28bc4b9,Ocean-lake-4b,13.0,Eukaryota,Prymnesiophyceae,Prymnesiophyceae,Prymnesiophyceae,Prymnesiophyceae,Phaeocystis,Unassigned,18S,4b
4025,376ed115b6538fd28da0800b23d469bb,Ocean-lake-4b,13.0,Eukaryota,Unassigned,Unassigned,Unassigned,Unassigned,Unassigned,Unassigned,18S,4b
4026,c5f1a82bfda57dd41ea9c06f48f0306f,Ocean-lake-4b,20.0,Eukaryota,Unassigned,Unassigned,Unassigned,Unassigned,Unassigned,Unassigned,18S,4b
4027,b0ae78adce81eebc381e6dd6a660faa9,Ocean-lake-4b,36.0,Eukaryota,Unassigned,Unassigned,Unassigned,Unassigned,Unassigned,Unassigned,18S,4b
4028,f34ac54a9caba74052e3e1151fa8eeba,Ocean-lake-4b,19.0,Eukaryota,Unassigned,Unassigned,Unassigned,Unassigned,Unassigned,Unassigned,18S,4b
4029,c155fb5bf765166c6b76a0188ce4db2a,Ocean-lake-4b,24.0,Eukaryota,Unassigned,Unassigned,Unassigned,Unassigned,Unassigned,Unassigned,18S,4b
4030,9f4391deb6df8957462c63db89df4bd0,Ocean-lake-4b,4.0,Eukaryota,Unassigned,Unassigned,Unassigned,Unassigned,Unassigned,Unassigned,18S,4b
4031,43d096c767baae4759715e3c5f6ae07b,Ocean-lake-4b,7.0,Eukaryota,Unassigned,Unassigned,Unassigned,Unassigned,Unassigned,Unassigned,18S,4b
4032,da36d333e3302d05b295fb961cc0ced9,Ocean-lake-4b,14.0,Eukaryota,Unassigned,Unassigned,Unassigned,Unassigned,Unassigned,Unassigned,18S,4b
4033,ab84fcdeb99025200d71c829cd6f08c1,Ocean-lake-4b,16.0,Eukaryota,Unassigned,Unassigned,Unassigned,Unassigned,Unassigned,Unassigned,18S,4b
4034,24af696ca21bab1d20e32ae650f49ebb,Ocean-lake-4b,16.0,Eukaryota,Unassigned,Unassigned,Unassigned,Unassigned,Unassigned,Unassigned,18S,4b
4035,ec9c8d7b4be6de84539cd25c693e8822,Ocean-lake-4b,4.0,Eukaryota,Unassigned,Unassigned,Unassigned,Unassigned,Unassigned,Unassigned,18S,4b
4036,9c9825509d1b57a8fba9aab7bb8e70c2,Ocean-lake-4b,11.0,Eukaryota,Diatomea,Unassigned,Unassigned,Unassigned,Unassigned,Unassigned,18S,4b
4037,88f7825933ee557abcd82716154ed467,Ocean-lake-4b,15.0,Eukaryota,Unassigned,Unassigned,Unassigned,Unassigned,Unassigned,Unassigned,18S,4b
4038,4b7335dae30f29b90eaadd729f644f97,Ocean-lake-4b,6.0,Eukaryota,Euglenozoa,Euglenida,Heteronematina,Heteronematina,Petalomonas,Unassigned,18S,4b
4039,e60d24861ba225f5a9e60a5d39e7c3c0,Ocean-lake-4b,7.0,Eukaryota,Unassigned,Unassigned,Unassigned,Unassigned,Unassigned,Unassigned,18S,4b
4040,7a32323d59c48113269c2fd070a5f79c,Ocean-lake-4b,23.0,Eukaryota,Unassigned,Unassigned,Unassigned,Unassigned,Unassigned,Unassigned,18S,4b
4041,0718eac9b69a3004ee61cbc109ec5054,Ocean-lake-4b,12.0,Eukaryota,Euglenozoa,Kinetoplastea,Unassigned,Unassigned,Unassigned,Unassigned,18S,4b
4042,7ebd2f63f2f5f8c47d6afefdb4d139e4,Ocean-lake-4b,21.0,Eukaryota,Unassigned,Unassigned,Unassigned,Unassigned,Unassigned,Unassigned,18S,4b
4043,fd2c2e1d8780fb7bc6c8f02a356456aa,Ocean-lake-4b,21.0,Eukaryota,MAST-1,MAST-1C,MAST-1C,MAST-1C,MAST-1C,Unassigned,18S,4b
4044,b52868b5e6163990e1e31eb728bdb406,Ocean-lake-4b,19.0,Eukaryota,Unassigned,Unassigned,Unassigned,Unassigned,Unassigned,Unassigned,18S,4b
4045,a6dd812cc5832c687cc9a415b71f9ba8,Ocean-lake-4b,20.0,Eukaryota,Unassigned,Unassigned,Unassigned,Unassigned,Unassigned,Unassigned,18S,4b
4046,c9537c9ebe0b68ac73f65553aa62ead5,Ocean-lake-4b,33.0,Eukaryota,Unassigned,Unassigned,Unassigned,Unassigned,Unassigned,Unassigned,18S,4b
4047,5e5d499c3f67b590ed965184dca0be8b,Ocean-lake-4b,13.0,Eukaryota,Unassigned,Unassigned,Unassigned,Unassigned,Unassigned,Unassigned,18S,4b
4048,41a88b836629e283b37193a109741a65,Ocean-lake-4b,12.0,Eukaryota,Unassigned,Unassigned,Unassigned,Unassigned,Unassigned,Unassigned,18S,4b
4049,fa3ab1785313b1cb447f78f36adf1be6,Ocean-lake-4b,18.0,Eukaryota,Unassigned,Unassigned,Unassigned,Unassigned,Unassigned,Unassigned,18S,4b
4050,d7fb6590271c662391a3ceb918c76c15,Ocean-lake-4b,7.0,Eukaryota,Unassigned,Unassigned,Unassigned,Unassigned,Unassigned,Unassigned,18S,4b
4051,a184275bf86b7d08ab224e78820c89d8,Ocean-lake-4b,18.0,Eukaryota,Unassigned,Unassigned,Unassigned,Unassigned,Unassigned,Unassigned,18S,4b
4052,99be01081508917cb50e7722aba232bf,Ocean-lake-4b,11.0,Eukaryota,Incertae_Sedis,Incertae_Sedis,Incertae_Sedis,Incertae_Sedis,Pirsonia,Unassigned,18S,4b
4053,f7f11a7c314a77dea7106d5a84a28779,Ocean-lake-4b,15.0,Eukaryota,Unassigned,Unassigned,Unassigned,Unassigned,Unassigned,Unassigned,18S,4b
4054,f4af0fa9e5ef3cb35e2a1b269ccfebed,Ocean-lake-4b,15.0,Eukaryota,Unassigned,Unassigned,Unassigned,Unassigned,Unassigned,Unassigned,18S,4b
4055,0c9fc820eae5cc37faf4479f727ae10d,Ocean-lake-4b,31.0,Eukaryota,Unassigned,Unassigned,Unassigned,Unassigned,Unassigned,Unassigned,18S,4b
4056,3697e77eb8741319023fd600a0728195,Ocean-lake-4b,14.0,Eukaryota,Unassigned,Unassigned,Unassigned,Unassigned,Unassigned,Unassigned,18S,4b
4057,b92942f7b88a6b26ab83289ce051bff5,Ocean-lake-4b,21.0,Eukaryota,Diatomea,Unassigned,Unassigned,Unassigned,Unassigned,Unassigned,18S,4b
4058,a34a7704b7e84d88515057ee92828b0d,Ocean-lake-4b,15.0,Eukaryota,Unassigned,Unassigned,Unassigned,Unassigned,Unassigned,Unassigned,18S,4b
4059,b05b858d6670843891f878679a57ff00,Ocean-lake-4b,8.0,Eukaryota,Ciliophora,Intramacronucleata,Spirotrichea,Oligotrichia,Unassigned,Unassigned,18S,4b
4060,5414dc03335fa7b9a5f01d2cb723a68a,Ocean-lake-4b,13.0,Eukaryota,Unassigned,Unassigned,Unassigned,Unassigned,Unassigned,Unassigned,18S,4b
4061,76314e7aba3d034b1c7d253da8158245,Ocean-lake-4b,18.0,Eukaryota,Unassigned,Unassigned,Unassigned,Unassigned,Unassigned,Unassigned,18S,4b
4062,93deaec06f167ed06a33b90bf78aab96,Ocean-lake-4b,14.0,Eukaryota,Unassigned,Unassigned,Unassigned,Unassigned,Unassigned,Unassigned,18S,4b
4063,56ef1ac28c9a14c8d4485df08f2a98b0,Ocean-lake-4b,16.0,Bacteria,Proteobacteria,Gammaproteobacteria,Unassigned,Unassigned,Unassigned,Unassigned,18S,4b
4064,d2c741be253dd428f4c731443ed892e0,Ocean-lake-4b,17.0,Eukaryota,Unassigned,Unassigned,Unassigned,Unassigned,Unassigned,Unassigned,18S,4b
4065,61bdcde2f375f460f836d72db4d27c3d,Ocean-lake-4b,18.0,Eukaryota,Unassigned,Unassigned,Unassigned,Unassigned,Unassigned,Unassigned,18S,4b
4066,cb2e075e2b95fb585a9d22c7e49f0e4d,Ocean-lake-4b,30.0,Eukaryota,Unassigned,Unassigned,Unassigned,Unassigned,Unassigned,Unassigned,18S,4b
4067,93512bafe50017f22c819ebde1488f5c,Ocean-lake-4b,30.0,Eukaryota,Diatomea,Unassigned,Unassigned,Unassigned,Unassigned,Unassigned,18S,4b
4068,1174e066351a57eac5e5399ad1b30649,Ocean-lake-4b,13.0,Eukaryota,Unassigned,Unassigned,Unassigned,Unassigned,Unassigned,Unassigned,18S,4b
4069,138055b000f64ff977e556b99c53edbc,Ocean-lake-4b,9.0,Unassigned,Unassigned,Unassigned,Unassigned,Unassigned,Unassigned,Unassigned,18S,4b
4070,55924afc1e50f7e4d52e9617eb5ac6d5,Ocean-lake-4b,7.0,Eukaryota,Unassigned,Unassigned,Unassigned,Unassigned,Unassigned,Unassigned,18S,4b
4071,d77c2714f29e8213b7456c0d9c3bce32,Ocean-lake-4b,13.0,Eukaryota,MAST-2,MAST-2,MAST-2,MAST-2,MAST-2,Unassigned,18S,4b
4072,55251928923e0fbf59477d0a7220fc74,Ocean-lake-4b,7.0,Eukaryota,Unassigned,Unassigned,Unassigned,Unassigned,Unassigned,Unassigned,18S,4b
4073,fb3e43358b0602f9402e5e5a1f1a0df6,Ocean-lake-4b,15.0,Eukaryota,Unassigned,Unassigned,Unassigned,Unassigned,Unassigned,Unassigned,18S,4b
4074,6d126b46811df601dce91beb4c88b74f,Ocean-lake-4b,8.0,Bacteria,Proteobacteria,Alphaproteobacteria,Unassigned,Unassigned,Unassigned,Unassigned,18S,4b
4075,dcc31f3dd686aa21ca723ec152978eec,Ocean-lake-4b,4.0,Eukaryota,Unassigned,Unassigned,Unassigned,Unassigned,Unassigned,Unassigned,18S,4b
4076,6661936241c49fdff29ca109b82c3b69,Ocean-lake-4b,10.0,Eukaryota,Unassigned,Unassigned,Unassigned,Unassigned,Unassigned,Unassigned,18S,4b
4077,ec2cbda8dd4b7139d09c197ed98b075f,Ocean-lake-4b,12.0,Eukaryota,Unassigned,Unassigned,Unassigned,Unassigned,Unassigned,Unassigned,18S,4b
4078,7c6c4d8817992035093eab11d8eef8cc,Ocean-lake-4b,5.0,Eukaryota,Unassigned,Unassigned,Unassigned,Unassigned,Unassigned,Unassigned,18S,4b
4079,0817b6003b2b5603123f7b59881a5198,Ocean-lake-4b,14.0,Eukaryota,Unassigned,Unassigned,Unassigned,Unassigned,Unassigned,Unassigned,18S,4b
4080,24f9af1527daa506ac179ae2e2db7435,Ocean-lake-4b,15.0,Eukaryota,Unassigned,Unassigned,Unassigned,Unassigned,Unassigned,Unassigned,18S,4b
4081,ee4f11d50c055bcffb152d0150865d94,Ocean-lake-4b,27.0,Eukaryota,Unassigned,Unassigned,Unassigned,Unassigned,Unassigned,Unassigned,18S,4b
4082,44005602adf2683b6510b2984637d75b,Ocean-lake-4b,17.0,Eukaryota,Unassigned,Unassigned,Unassigned,Unassigned,Unassigned,Unassigned,18S,4b
4083,585753171f6ca618a9b3c43716b35c5e,Ocean-lake-4b,14.0,Eukaryota,Unassigned,Unassigned,Unassigned,Unassigned,Unassigned,Unassigned,18S,4b
4084,9319e192b358647c3fa41be1e4c3c70d,Ocean-lake-4b,6.0,Eukaryota,Unassigned,Unassigned,Unassigned,Unassigned,Unassigned,Unassigned,18S,4b
4085,21ee9450dbb05a3c023630e4657526e3,Ocean-lake-4b,12.0,Bacteria,Unassigned,Unassigned,Unassigned,Unassigned,Unassigned,Unassigned,18S,4b
4086,575c6d0958196da3613339fe7ec9737e,Ocean-lake-4b,10.0,Eukaryota,Unassigned,Unassigned,Unassigned,Unassigned,Unassigned,Unassigned,18S,4b
4087,7531ae98c035e9a8222af675d8ac177e,Ocean-lake-4b,19.0,Eukaryota,Unassigned,Unassigned,Unassigned,Unassigned,Unassigned,Unassigned,18S,4b
4088,88985adc5044495d944432a7cc421a05,Ocean-lake-4b,20.0,Eukaryota,Unassigned,Unassigned,Unassigned,Unassigned,Unassigned,Unassigned,18S,4b
4089,bc8006073b65ec27cee3dc3204385f41,Ocean-lake-4b,13.0,Eukaryota,Ciliophora,Intramacronucleata,Conthreep,Colpodea,Aristerostoma,Unassigned,18S,4b
4090,59cbbe569e280f331306105041f8128c,Ocean-lake-4b,16.0,Eukaryota,Unassigned,Unassigned,Unassigned,Unassigned,Unassigned,Unassigned,18S,4b
4091,416f6595d420b6a2d4fb642ba74ba4d3,Ocean-lake-4b,26.0,Eukaryota,Unassigned,Unassigned,Unassigned,Unassigned,Unassigned,Unassigned,18S,4b
4092,93a0b348fcf20f345b3d1551ddb147e5,Ocean-lake-4b,9.0,Eukaryota,Unassigned,Unassigned,Unassigned,Unassigned,Unassigned,Unassigned,18S,4b
4093,c17b1c04e75edaf896eb46e7ff391873,Ocean-lake-4b,18.0,Eukaryota,Unassigned,Unassigned,Unassigned,Unassigned,Unassigned,Unassigned,18S,4b
4094,e52c4d0255bc0c3727703f8f9a1e1e59,Ocean-lake-4b,6.0,Eukaryota,Unassigned,Unassigned,Unassigned,Unassigned,Unassigned,Unassigned,18S,4b
4095,c989896655675167ce9ff66acbad59f5,Ocean-lake-4b,10.0,Eukaryota,Euglenozoa,Kinetoplastea,Neobodonida,Neobodonida,Rhynchomonas,Unassigned,18S,4b
4096,0a8a9a4152fcffd686df3532adcfdcfb,Ocean-lake-4b,8.0,Eukaryota,Unassigned,Unassigned,Unassigned,Unassigned,Unassigned,Unassigned,18S,4b
4097,b733bb8df1ad3a9f928ff4061efeb082,Ocean-lake-4b,8.0,Eukaryota,Unassigned,Unassigned,Unassigned,Unassigned,Unassigned,Unassigned,18S,4b
4098,bb7eaa3b1dd8f4acf7d550fd6d94520b,Ocean-lake-4b,12.0,Eukaryota,Unassigned,Unassigned,Unassigned,Unassigned,Unassigned,Unassigned,18S,4b
4099,7c4f9a3075d093818ccab3738fce6609,Ocean-lake-4b,11.0,Eukaryota,Unassigned,Unassigned,Unassigned,Unassigned,Unassigned,Unassigned,18S,4b
4100,e1de98e435d0281f023772e641bf5335,Ocean-lake-4b,6.0,Eukaryota,Unassigned,Unassigned,Unassigned,Unassigned,Unassigned,Unassigned,18S,4b
4101,7369f9b4559505ce5f472ccb18b9bc2b,Ocean-lake-4b,10.0,Eukaryota,Diatomea,Unassigned,Unassigned,Unassigned,Unassigned,Unassigned,18S,4b
4102,acde122e02452dc5732e4cc2cdfecca2,Ocean-lake-4b,11.0,Eukaryota,Unassigned,Unassigned,Unassigned,Unassigned,Unassigned,Unassigned,18S,4b
4103,326aa1a00f032ca0d1077142b829054e,Ocean-lake-4b,13.0,Eukaryota,Unassigned,Unassigned,Unassigned,Unassigned,Unassigned,Unassigned,18S,4b
4104,2fd1558788faf93ca627546a65fe645e,Ocean-lake-4b,13.0,Eukaryota,Unassigned,Unassigned,Unassigned,Unassigned,Unassigned,Unassigned,18S,4b
4105,1c838cd03b2596213413580db232d29a,Ocean-lake-4b,25.0,Eukaryota,Unassigned,Unassigned,Unassigned,Unassigned,Unassigned,Unassigned,18S,4b
4106,3d37db8e78acc9f2492a1f8e4e90cf9a,Ocean-lake-4b,13.0,Eukaryota,Unassigned,Unassigned,Unassigned,Unassigned,Unassigned,Unassigned,18S,4b
4107,a8266f8d79ad86062f2e6f23513ef702,Ocean-lake-4b,8.0,Eukaryota,Unassigned,Unassigned,Unassigned,Unassigned,Unassigned,Unassigned,18S,4b
4108,df62619edccf179c0395f3b49c3ebcee,Ocean-lake-4b,15.0,Bacteria,Verrucomicrobiota,Verrucomicrobiae,Unassigned,Unassigned,Unassigned,Unassigned,18S,4b
4109,57430b0d6759cd936294035cb2979f7b,Ocean-lake-4b,5.0,Eukaryota,Unassigned,Unassigned,Unassigned,Unassigned,Unassigned,Unassigned,18S,4b
4110,a0b1754521b8c82fdaab4b34f8d97fb5,Ocean-lake-4b,24.0,Eukaryota,Ochrophyta,Raphidophyceae,Chattonellales,Chattonellales,Unassigned,Unassigned,18S,4b
4111,bb5c7e2de683f3fbdade6213f0b59093,Ocean-lake-4b,24.0,Bacteria,Proteobacteria,Gammaproteobacteria,Unassigned,Unassigned,Unassigned,Unassigned,18S,4b
4112,a092b4a68bafd2534844841208b10a13,Ocean-lake-4b,10.0,Eukaryota,Unassigned,Unassigned,Unassigned,Unassigned,Unassigned,Unassigned,18S,4b
4113,c40896e33e3bc61d28595bed074c3fb7,Ocean-lake-4b,7.0,Eukaryota,Unassigned,Unassigned,Unassigned,Unassigned,Unassigned,Unassigned,18S,4b
4114,cca64896fddbd8ab29a54480c8ad3522,Ocean-lake-4b,11.0,Bacteria,Unassigned,Unassigned,Unassigned,Unassigned,Unassigned,Unassigned,18S,4b
4115,b8e162210f110df01f4d7d3d71e9ea19,Ocean-lake-4b,8.0,Eukaryota,Ochrophyta,Unassigned,Unassigned,Unassigned,Unassigned,Unassigned,18S,4b
4116,a5474dfa421cb324519203600b91c4c7,Ocean-lake-4b,11.0,Eukaryota,Unassigned,Unassigned,Unassigned,Unassigned,Unassigned,Unassigned,18S,4b
4117,080949ba6896b98e42d226ffa2ad5ddd,Ocean-lake-4b,15.0,Eukaryota,Unassigned,Unassigned,Unassigned,Unassigned,Unassigned,Unassigned,18S,4b
4118,cbc5d3a93158501938b9b4b3456dd5a7,Ocean-lake-4b,23.0,Eukaryota,Unassigned,Unassigned,Unassigned,Unassigned,Unassigned,Unassigned,18S,4b
4119,07f5cfe518ffc878b61eec2ce5f0ef8e,Ocean-lake-4b,23.0,Eukaryota,Diatomea,Unassigned,Unassigned,Unassigned,Unassigned,Unassigned,18S,4b
4120,56f3b7a5d91ce140bc581178194abfc2,Ocean-lake-4b,23.0,Eukaryota,Centrohelida,Centrohelida,Centrohelida,Heterophryidae,Chlamydaster,Unassigned,18S,4b
4121,70ee6a5824e639552c714c9273a3ea69,Ocean-lake-4b,6.0,Eukaryota,Unassigned,Unassigned,Unassigned,Unassigned,Unassigned,Unassigned,18S,4b
4122,4d6ffed90f01bc0fe8b5bbf2c0c1a069,Ocean-lake-4b,5.0,Eukaryota,Unassigned,Unassigned,Unassigned,Unassigned,Unassigned,Unassigned,18S,4b
4123,827231582bb9222925cd43978d5a9820,Ocean-lake-4b,7.0,Eukaryota,Unassigned,Unassigned,Unassigned,Unassigned,Unassigned,Unassigned,18S,4b
4124,4944965e283e3731d5e3fcab2d76f5d2,Ocean-lake-4b,10.0,Eukaryota,Unassigned,Unassigned,Unassigned,Unassigned,Unassigned,Unassigned,18S,4b
4125,310cc67bf6228e83a9f3e4a1d03f873a,Ocean-lake-4b,10.0,Eukaryota,Unassigned,Unassigned,Unassigned,Unassigned,Unassigned,Unassigned,18S,4b
4126,5cf2311f15cee26ba784c9aff2d92d1b,Ocean-lake-4b,11.0,Eukaryota,Unassigned,Unassigned,Unassigned,Unassigned,Unassigned,Unassigned,18S,4b
4127,eea054ac5bfcbc8b4069e2ccc96fe86d,Ocean-lake-4b,22.0,Eukaryota,Unassigned,Unassigned,Unassigned,Unassigned,Unassigned,Unassigned,18S,4b
4128,c40b1fbadbe8a8b430f61f868f796471,Ocean-lake-4b,22.0,Eukaryota,Prymnesiophyceae,Unassigned,Unassigned,Unassigned,Unassigned,Unassigned,18S,4b
4129,93578415a47039521facfa909e4840f5,Ocean-lake-4b,22.0,Eukaryota,MAST-3,MAST-3J,MAST-3J,MAST-3J,MAST-3J,Unassigned,18S,4b
4130,198dd8960985229fed4ea79b83720aed,Ocean-lake-4b,22.0,Eukaryota,Unassigned,Unassigned,Unassigned,Unassigned,Unassigned,Unassigned,18S,4b
4131,b4ba4cde80ec0042babb0c46644c6f8d,Ocean-lake-4b,10.0,Bacteria,Gemmatimonadota,PAUC43f_marine_benthic_group,PAUC43f_marine_benthic_group,PAUC43f_marine_benthic_group,PAUC43f_marine_benthic_group,Unassigned,18S,4b
4132,7730cd93b8ad2a3fe6a0086395fa4556,Ocean-lake-4b,15.0,Eukaryota,Unassigned,Unassigned,Unassigned,Unassigned,Unassigned,Unassigned,18S,4b
4133,1600cd866f1cc9c3033c19ba5c6e0756,Ocean-lake-4b,10.0,Eukaryota,Unassigned,Unassigned,Unassigned,Unassigned,Unassigned,Unassigned,18S,4b
4134,3e3a8aa95d8d4be6a9e751bfde709615,Ocean-lake-4b,9.0,Eukaryota,Ciliophora,Intramacronucleata,Spirotrichea,Choreotrichia,Unassigned,Unassigned,18S,4b
4135,726a1e0e25481324a28f356c05f8fb6b,Ocean-lake-4b,10.0,Eukaryota,Unassigned,Unassigned,Unassigned,Unassigned,Unassigned,Unassigned,18S,4b
4136,101c69d0f5a6d7e5a8485d82d456dfe5,Ocean-lake-4b,14.0,Eukaryota,Dinoflagellata,Dinophyceae,Unassigned,Unassigned,Unassigned,Unassigned,18S,4b
4137,c59e25a7875c63e4de483b04c187f5de,Ocean-lake-4b,16.0,Eukaryota,Unassigned,Unassigned,Unassigned,Unassigned,Unassigned,Unassigned,18S,4b
4138,b520dd23932f1dd5bcd6b0d09cf3c6b9,Ocean-lake-4b,21.0,Eukaryota,Unassigned,Unassigned,Unassigned,Unassigned,Unassigned,Unassigned,18S,4b
4139,cce3af9fa859e18a60a3f60e02254bff,Ocean-lake-4b,11.0,Eukaryota,Unassigned,Unassigned,Unassigned,Unassigned,Unassigned,Unassigned,18S,4b
4140,3078c86413da5902557d7b4b2d8e2cd5,Ocean-lake-4b,5.0,Eukaryota,Annelida,Polychaeta,Spionida,Spionida,Spionida,Unassigned,18S,4b
4141,323de5979fb13d2ef293e3bea9f90933,Ocean-lake-4b,6.0,Eukaryota,Unassigned,Unassigned,Unassigned,Unassigned,Unassigned,Unassigned,18S,4b
4142,dd46ed926bd43532cd1e10e1ba62d358,Ocean-lake-4b,8.0,Eukaryota,Unassigned,Unassigned,Unassigned,Unassigned,Unassigned,Unassigned,18S,4b
4143,41c48baf3e2e78f8d38c96312a3742dc,Ocean-lake-4b,6.0,Eukaryota,Unassigned,Unassigned,Unassigned,Unassigned,Unassigned,Unassigned,18S,4b
4144,8aad893927c7c01a28e89424ab0a9fdb,Ocean-lake-4b,7.0,Eukaryota,Unassigned,Unassigned,Unassigned,Unassigned,Unassigned,Unassigned,18S,4b
4145,86000a713339a9bc40c19973f73c67e2,Ocean-lake-4b,13.0,Eukaryota,Unassigned,Unassigned,Unassigned,Unassigned,Unassigned,Unassigned,18S,4b
4146,4732cab4016cb73fd58b946020eb9e1d,Ocean-lake-4b,5.0,Eukaryota,Unassigned,Unassigned,Unassigned,Unassigned,Unassigned,Unassigned,18S,4b
4147,604ed0322a3b4b2a70214b5eb499a29f,Ocean-lake-4b,8.0,Eukaryota,Unassigned,Unassigned,Unassigned,Unassigned,Unassigned,Unassigned,18S,4b
4148,92872fa57c763690d77e199213ad36e1,Ocean-lake-4b,10.0,Eukaryota,Unassigned,Unassigned,Unassigned,Unassigned,Unassigned,Unassigned,18S,4b
4149,323840172c664675a826844fd497e4f7,Ocean-lake-4b,13.0,Eukaryota,Unassigned,Unassigned,Unassigned,Unassigned,Unassigned,Unassigned,18S,4b
4150,cf88892344b190a68f09f93b43675108,Ocean-lake-4b,20.0,Eukaryota,Unassigned,Unassigned,Unassigned,Unassigned,Unassigned,Unassigned,18S,4b
4151,b28ad4dea851ddc87ecb54a638b6b509,Ocean-lake-4b,5.0,Eukaryota,Unassigned,Unassigned,Unassigned,Unassigned,Unassigned,Unassigned,18S,4b
4152,bdf2f5cc0b68abccf9ebbb894e2fa7b1,Ocean-lake-4b,6.0,Eukaryota,Unassigned,Unassigned,Unassigned,Unassigned,Unassigned,Unassigned,18S,4b
4153,51363a9d949ef5951064bc1902a7f86d,Ocean-lake-4b,13.0,Eukaryota,Unassigned,Unassigned,Unassigned,Unassigned,Unassigned,Unassigned,18S,4b
4154,440d8a750d498cb810d806eead850b92,Ocean-lake-4b,9.0,Eukaryota,Unassigned,Unassigned,Unassigned,Unassigned,Unassigned,Unassigned,18S,4b
4155,a888b4c8918e5cb839bbef121b63d17e,Ocean-lake-4b,6.0,Eukaryota,Unassigned,Unassigned,Unassigned,Unassigned,Unassigned,Unassigned,18S,4b
4156,aec4ac2d816c4da47ea7dfd42ef341ae,Ocean-lake-4b,8.0,Eukaryota,Unassigned,Unassigned,Unassigned,Unassigned,Unassigned,Unassigned,18S,4b
4157,f929dd72e8d9696b9980560836d9f504,Ocean-lake-4b,12.0,Eukaryota,Unassigned,Unassigned,Unassigned,Unassigned,Unassigned,Unassigned,18S,4b
4158,39b4094a87397a662174c9a0ba62fc01,Ocean-lake-4b,13.0,Eukaryota,Unassigned,Unassigned,Unassigned,Unassigned,Unassigned,Unassigned,18S,4b
4159,3709fee424c06819176346d0d7241755,Ocean-lake-4b,19.0,Bacteria,Unassigned,Unassigned,Unassigned,Unassigned,Unassigned,Unassigned,18S,4b
4160,39339eba57752421c30d9455c76c51e9,Ocean-lake-4b,4.0,Unassigned,Unassigned,Unassigned,Unassigned,Unassigned,Unassigned,Unassigned,18S,4b
4161,b1212708b973b1e8c5c394c8f3ba96d6,Ocean-lake-4b,13.0,Eukaryota,Unassigned,Unassigned,Unassigned,Unassigned,Unassigned,Unassigned,18S,4b
4162,e8d508b25f8eabd50c680c2c18ca7369,Ocean-lake-4b,14.0,Eukaryota,Unassigned,Unassigned,Unassigned,Unassigned,Unassigned,Unassigned,18S,4b
4163,dd7b8336fa1c8e27739951961a6ba170,Ocean-lake-4b,10.0,Eukaryota,Unassigned,Unassigned,Unassigned,Unassigned,Unassigned,Unassigned,18S,4b
4164,b3d72a7e9a7ea7c8bef9773269db6a1e,Ocean-lake-4b,5.0,Eukaryota,Unassigned,Unassigned,Unassigned,Unassigned,Unassigned,Unassigned,18S,4b
4165,35215549c71c99f6239601b7a516972b,Ocean-lake-4b,6.0,Bacteria,Proteobacteria,Gammaproteobacteria,Unassigned,Unassigned,Unassigned,Unassigned,18S,4b
4166,e7ac3f446596476ff5038696ce3aeaf1,Ocean-lake-4b,6.0,Eukaryota,Unassigned,Unassigned,Unassigned,Unassigned,Unassigned,Unassigned,18S,4b
4167,87ea647ded5350fa5f05ac80fbdba09e,Ocean-lake-4b,9.0,Eukaryota,Diatomea,Unassigned,Unassigned,Unassigned,Unassigned,Unassigned,18S,4b
4168,c2a5ba0d0c24d24521433a2b43c0d558,Ocean-lake-4b,18.0,Eukaryota,Unassigned,Unassigned,Unassigned,Unassigned,Unassigned,Unassigned,18S,4b
4169,5e00dc379a6c48080f3832ef16773653,Ocean-lake-4b,18.0,Eukaryota,Unassigned,Unassigned,Unassigned,Unassigned,Unassigned,Unassigned,18S,4b
4170,435822d4294f572f2cd4a44f55bb413f,Ocean-lake-4b,18.0,Eukaryota,Unassigned,Unassigned,Unassigned,Unassigned,Unassigned,Unassigned,18S,4b
4171,f3a0856cc312f0bd4daf9254dbf60490,Ocean-lake-4b,18.0,Eukaryota,Unassigned,Unassigned,Unassigned,Unassigned,Unassigned,Unassigned,18S,4b
4172,e2b0e0568eccd20a4ff2f947463de530,Ocean-lake-4b,18.0,Eukaryota,Unassigned,Unassigned,Unassigned,Unassigned,Unassigned,Unassigned,18S,4b
4173,7f974d26fd38b58fe831d252d64090ec,Ocean-lake-4b,5.0,Eukaryota,Unassigned,Unassigned,Unassigned,Unassigned,Unassigned,Unassigned,18S,4b
4174,cb6a4bd4d8615670334ac9d4531b24b9,Ocean-lake-4b,4.0,Eukaryota,Holozoa,Choanoflagellida,Acanthoecida,Stephanoecidae,Bicosta,Unassigned,18S,4b
4175,35a5059878d7b4b11ded91876cf19347,Ocean-lake-4b,7.0,Eukaryota,Unassigned,Unassigned,Unassigned,Unassigned,Unassigned,Unassigned,18S,4b
4176,1b3ef6b97081fd18e076fbe00c5fb619,Ocean-lake-4b,10.0,Eukaryota,Unassigned,Unassigned,Unassigned,Unassigned,Unassigned,Unassigned,18S,4b
4177,e14ee96d29d3f2f738d8753c118a3f8c,Ocean-lake-4b,10.0,Eukaryota,Unassigned,Unassigned,Unassigned,Unassigned,Unassigned,Unassigned,18S,4b
4178,f763aaa00d323b6182b685b676b99299,Ocean-lake-4b,11.0,Eukaryota,Unassigned,Unassigned,Unassigned,Unassigned,Unassigned,Unassigned,18S,4b
4179,fb0aabb750347e0886cdbce049bf339a,Ocean-lake-4b,12.0,Eukaryota,Unassigned,Unassigned,Unassigned,Unassigned,Unassigned,Unassigned,18S,4b
4180,b4187001843d3c5fe0594f0cfe2495aa,Ocean-lake-4b,10.0,Eukaryota,Unassigned,Unassigned,Unassigned,Unassigned,Unassigned,Unassigned,18S,4b
4181,d747240ad9ccfabe5665f423443f0181,Ocean-lake-4b,10.0,Eukaryota,Unassigned,Unassigned,Unassigned,Unassigned,Unassigned,Unassigned,18S,4b
4182,917a2a6589c7689e8a04bc140b9be64c,Ocean-lake-4b,11.0,Eukaryota,Unassigned,Unassigned,Unassigned,Unassigned,Unassigned,Unassigned,18S,4b
4183,5f3bf267ecd858c30e56961d8d482523,Ocean-lake-4b,17.0,Eukaryota,Diatomea,Unassigned,Unassigned,Unassigned,Unassigned,Unassigned,18S,4b
4184,3f4bcf2188dd6d69d74f19cf1e1493c0,Ocean-lake-4b,17.0,Bacteria,Proteobacteria,Gammaproteobacteria,Enterobacterales,Alteromonadaceae,Unassigned,Unassigned,18S,4b
4185,0326c4a7f232dd81ccaf150e153f7a54,Ocean-lake-4b,17.0,Eukaryota,Unassigned,Unassigned,Unassigned,Unassigned,Unassigned,Unassigned,18S,4b
4186,178309bb4da0f8e505be01d063c5f287,Ocean-lake-4b,17.0,Eukaryota,Diatomea,Coscinodiscophytina,Coscinodiscophytina,Melosirids,Melosira,Unassigned,18S,4b
4187,c9eb490e690bb08e04f02568fe963508,Ocean-lake-4b,7.0,Eukaryota,Unassigned,Unassigned,Unassigned,Unassigned,Unassigned,Unassigned,18S,4b
4188,1e966eac008d89667aec709b577bdd25,Ocean-lake-4b,5.0,Eukaryota,Unassigned,Unassigned,Unassigned,Unassigned,Unassigned,Unassigned,18S,4b
4189,47f35a0fb95ed75ed01a59cf99c0273c,Ocean-lake-4b,4.0,Eukaryota,Unassigned,Unassigned,Unassigned,Unassigned,Unassigned,Unassigned,18S,4b
4190,6a07aacaaa616a0687172eaa6c8fbb5d,Ocean-lake-4b,4.0,Eukaryota,Unassigned,Unassigned,Unassigned,Unassigned,Unassigned,Unassigned,18S,4b
4191,e7846550712eaedc7812c135c1aaa2a5,Ocean-lake-4b,6.0,Eukaryota,Pav3,Pav3,Pav3,Pav3,Pav3,Unassigned,18S,4b
4192,66c8f28692a156e2253c1d25c25f1aa8,Ocean-lake-4b,8.0,Eukaryota,Unassigned,Unassigned,Unassigned,Unassigned,Unassigned,Unassigned,18S,4b
4193,702841fffc6f2e29d3c3d7f28abf8edc,Ocean-lake-4b,9.0,Eukaryota,Unassigned,Unassigned,Unassigned,Unassigned,Unassigned,Unassigned,18S,4b
4194,b2de10882bdef0aaa06ff3ace188ddcd,Ocean-lake-4b,10.0,Eukaryota,Unassigned,Unassigned,Unassigned,Unassigned,Unassigned,Unassigned,18S,4b
4195,754786794c4aa548b8642d8bcbf61e84,Ocean-lake-4b,11.0,Eukaryota,Chlorophyta,Unassigned,Unassigned,Unassigned,Unassigned,Unassigned,18S,4b
4196,fb95e8151f99c7119d2b505cad26f967,Ocean-lake-4b,16.0,Eukaryota,Diatomea,Unassigned,Unassigned,Unassigned,Unassigned,Unassigned,18S,4b
4197,a340785a7ba1f32fa70becbb209b28e5,Ocean-lake-4b,16.0,Eukaryota,Unassigned,Unassigned,Unassigned,Unassigned,Unassigned,Unassigned,18S,4b
4198,07b12de706b602a81905dde8634154a2,Ocean-lake-4b,16.0,Eukaryota,Unassigned,Unassigned,Unassigned,Unassigned,Unassigned,Unassigned,18S,4b
4199,c22822538f7b243bbf964c1a68e59ac3,Ocean-lake-4b,16.0,Eukaryota,Unassigned,Unassigned,Unassigned,Unassigned,Unassigned,Unassigned,18S,4b
4200,9022555718315626e23a315df5847bd2,Ocean-lake-4b,7.0,Eukaryota,Unassigned,Unassigned,Unassigned,Unassigned,Unassigned,Unassigned,18S,4b
4201,a5cc6610b726d0476be10aa442dcb028,Ocean-lake-4b,11.0,Eukaryota,Cercozoa,Chlorarachniophyta,Chlorarachniophyta,Chlorarachniophyta,Minorisa,Unassigned,18S,4b
4202,db6cbf0a50dbdbb789b3301db4d6486c,Ocean-lake-4b,6.0,Eukaryota,Unassigned,Unassigned,Unassigned,Unassigned,Unassigned,Unassigned,18S,4b
4203,c57b699d153eca0f2504fb5f1c2883d2,Ocean-lake-4b,6.0,Unassigned,Unassigned,Unassigned,Unassigned,Unassigned,Unassigned,Unassigned,18S,4b
4204,98391026b8509b3ed8ee6f2f143300b6,Ocean-lake-4b,4.0,Eukaryota,Unassigned,Unassigned,Unassigned,Unassigned,Unassigned,Unassigned,18S,4b
4205,cf127cab57d34bf47745e2db39d267d4,Ocean-lake-4b,5.0,Eukaryota,Unassigned,Unassigned,Unassigned,Unassigned,Unassigned,Unassigned,18S,4b
4206,977225b7686ecaa4df4b77247210ad92,Ocean-lake-4b,6.0,Eukaryota,Unassigned,Unassigned,Unassigned,Unassigned,Unassigned,Unassigned,18S,4b
4207,5b7391d8d5a403c6289fe866ee898759,Ocean-lake-4b,7.0,Eukaryota,Ciliophora,Intramacronucleata,Spirotrichea,Choreotrichia,Unassigned,Unassigned,18S,4b
4208,583adf24c791c2d279f70fc7ae3eff11,Ocean-lake-4b,11.0,Eukaryota,Unassigned,Unassigned,Unassigned,Unassigned,Unassigned,Unassigned,18S,4b
4209,02b624ce665ab0de853d39a79cb4e6be,Ocean-lake-4b,15.0,Eukaryota,Unassigned,Unassigned,Unassigned,Unassigned,Unassigned,Unassigned,18S,4b
4210,0166d0962d15aef7a769d771821222f9,Ocean-lake-4b,15.0,Eukaryota,Unassigned,Unassigned,Unassigned,Unassigned,Unassigned,Unassigned,18S,4b
4211,cea9114d23a5ffd27873553777e44b23,Ocean-lake-4b,15.0,Eukaryota,Unassigned,Unassigned,Unassigned,Unassigned,Unassigned,Unassigned,18S,4b
4212,52fddae24c69f5bfc7f93a00efd5be89,Ocean-lake-4b,15.0,Eukaryota,Unassigned,Unassigned,Unassigned,Unassigned,Unassigned,Unassigned,18S,4b
4213,4f4dd26efe942dc468f910963bf96236,Ocean-lake-4b,15.0,Eukaryota,Unassigned,Unassigned,Unassigned,Unassigned,Unassigned,Unassigned,18S,4b
4214,73014386f28ea48f50716fa320bda5f7,Ocean-lake-4b,5.0,Eukaryota,Unassigned,Unassigned,Unassigned,Unassigned,Unassigned,Unassigned,18S,4b
4215,fa9bb296c1539ce88b097f1422d22830,Ocean-lake-4b,5.0,Eukaryota,Cercozoa,Granofilosea,Granofilosea,Granofilosea,Massisteria,Unassigned,18S,4b
4216,6626b5d1d5c65308a2a835cbc10b1e98,Ocean-lake-4b,6.0,Eukaryota,Unassigned,Unassigned,Unassigned,Unassigned,Unassigned,Unassigned,18S,4b
4217,30e60e47c1c105fc427e2c8f1f77f1e8,Ocean-lake-4b,7.0,Eukaryota,Unassigned,Unassigned,Unassigned,Unassigned,Unassigned,Unassigned,18S,4b
4218,90a6b56b25665721b2f2b5f0ec444899,Ocean-lake-4b,7.0,Eukaryota,Unassigned,Unassigned,Unassigned,Unassigned,Unassigned,Unassigned,18S,4b
4219,1690134d73477da11efcdadd2d63ebc6,Ocean-lake-4b,7.0,Eukaryota,Ciliophora,Intramacronucleata,Conthreep,Colpodea,Aristerostoma,Unassigned,18S,4b
4220,dad6e3d59b76f22052220a7832438a78,Ocean-lake-4b,6.0,Eukaryota,Unassigned,Unassigned,Unassigned,Unassigned,Unassigned,Unassigned,18S,4b
4221,ab0ef1e0d3f23bf567d7fde9972a4610,Ocean-lake-4b,8.0,Eukaryota,Unassigned,Unassigned,Unassigned,Unassigned,Unassigned,Unassigned,18S,4b
4222,cf7f77bf76267753f51b13f6fe44bf55,Ocean-lake-4b,8.0,Eukaryota,Unassigned,Unassigned,Unassigned,Unassigned,Unassigned,Unassigned,18S,4b
4223,cbdc43304ca94a8f3734212ba1a20695,Ocean-lake-4b,14.0,Bacteria,Bdellovibrionota,Oligoflexia,Oligoflexales,Oligoflexaceae,uncultured,Unassigned,18S,4b
4224,6e9ca73348ec09f8244351090328c68c,Ocean-lake-4b,14.0,Eukaryota,Unassigned,Unassigned,Unassigned,Unassigned,Unassigned,Unassigned,18S,4b
4225,99c1070dbdc34b3e5de96c4d4ae1d5f5,Ocean-lake-4b,14.0,Eukaryota,Unassigned,Unassigned,Unassigned,Unassigned,Unassigned,Unassigned,18S,4b
4226,6a38c80a34ad73f0f9417564d3059b4c,Ocean-lake-4b,14.0,Eukaryota,Unassigned,Unassigned,Unassigned,Unassigned,Unassigned,Unassigned,18S,4b
4227,00596cadb432b1d24c70724ba65283e0,Ocean-lake-4b,14.0,Eukaryota,Unassigned,Unassigned,Unassigned,Unassigned,Unassigned,Unassigned,18S,4b
4228,8728772a8b19f8d54e56534aed0b347d,Ocean-lake-4b,14.0,Bacteria,Unassigned,Unassigned,Unassigned,Unassigned,Unassigned,Unassigned,18S,4b
4229,0a44c18e305ee12e129e66aa18134b64,Ocean-lake-4b,14.0,Eukaryota,Unassigned,Unassigned,Unassigned,Unassigned,Unassigned,Unassigned,18S,4b
4230,1b3943622fe8c14088a1f2f06dc81b95,Ocean-lake-4b,14.0,Eukaryota,Unassigned,Unassigned,Unassigned,Unassigned,Unassigned,Unassigned,18S,4b
4231,2e9837c3227b7d85e34f70690cc7acc9,Ocean-lake-4b,14.0,Eukaryota,Diatomea,Unassigned,Unassigned,Unassigned,Unassigned,Unassigned,18S,4b
4232,dfa7fcd9572b0a4bacc5c16d1bdabf52,Ocean-lake-4b,10.0,Eukaryota,Unassigned,Unassigned,Unassigned,Unassigned,Unassigned,Unassigned,18S,4b
4233,a5534a77c195e18df83136e5b6c82353,Ocean-lake-4b,6.0,Eukaryota,Unassigned,Unassigned,Unassigned,Unassigned,Unassigned,Unassigned,18S,4b
4234,39a7bd019ac42a2dc1d6c116379578b2,Ocean-lake-4b,5.0,Unassigned,Unassigned,Unassigned,Unassigned,Unassigned,Unassigned,Unassigned,18S,4b
4235,2f3cc642f1c431556cd965155732ff2b,Ocean-lake-4b,9.0,Eukaryota,Unassigned,Unassigned,Unassigned,Unassigned,Unassigned,Unassigned,18S,4b
4236,e27fdbfe69d9c0f3d579a752f4034ea1,Ocean-lake-4b,13.0,Eukaryota,Unassigned,Unassigned,Unassigned,Unassigned,Unassigned,Unassigned,18S,4b
4237,ad31d8c374afd794006be542832c87c0,Ocean-lake-4b,13.0,Eukaryota,Unassigned,Unassigned,Unassigned,Unassigned,Unassigned,Unassigned,18S,4b
4238,0ecd90e72ae80da54445ffbec16bc30b,Ocean-lake-4b,13.0,Eukaryota,Euglenozoa,Euglenida,Heteronematina,Heteronematina,Petalomonas,Unassigned,18S,4b
4239,56ce4dde23774eb40b5d09b9a85d29aa,Ocean-lake-4b,13.0,Eukaryota,Unassigned,Unassigned,Unassigned,Unassigned,Unassigned,Unassigned,18S,4b
4240,91c59a5fdc03c2da36a58cbf1efdba79,Ocean-lake-4b,13.0,Eukaryota,Unassigned,Unassigned,Unassigned,Unassigned,Unassigned,Unassigned,18S,4b
4241,380e27c46be76b0c732c983376781a46,Ocean-lake-4b,13.0,Eukaryota,Ciliophora,Intramacronucleata,Spirotrichea,Hypotrichia,Epiclintes,Unassigned,18S,4b
4242,2e1928e81e78ff284d37ff371ee4b364,Ocean-lake-4b,13.0,Eukaryota,Unassigned,Unassigned,Unassigned,Unassigned,Unassigned,Unassigned,18S,4b
4243,a92db37a5097ea5303ebb56f17540d63,Ocean-lake-4b,13.0,Eukaryota,Unassigned,Unassigned,Unassigned,Unassigned,Unassigned,Unassigned,18S,4b
4244,6480b25d6fb74d804a08095ae2b0c514,Ocean-lake-4b,6.0,Eukaryota,Unassigned,Unassigned,Unassigned,Unassigned,Unassigned,Unassigned,18S,4b
4245,151c3fed773a4f2584353a6a5d7c9d94,Ocean-lake-4b,4.0,Eukaryota,Unassigned,Unassigned,Unassigned,Unassigned,Unassigned,Unassigned,18S,4b
4246,1a1cb2c392d5cacbc23ce458cb64d23c,Ocean-lake-4b,4.0,Eukaryota,Unassigned,Unassigned,Unassigned,Unassigned,Unassigned,Unassigned,18S,4b
4247,3a7c4f39f2b72e00bb46fc92f1a674f0,Ocean-lake-4b,5.0,Eukaryota,Unassigned,Unassigned,Unassigned,Unassigned,Unassigned,Unassigned,18S,4b
4248,c04ead285479dcdb293fe5692a489d75,Ocean-lake-4b,5.0,Eukaryota,Mollusca,Bivalvia,Mytiloida,Mytiloida,Mytiloida,Unassigned,18S,4b
4249,d5920bb8fbfe88d34c987524596c44e1,Ocean-lake-4b,5.0,Eukaryota,Unassigned,Unassigned,Unassigned,Unassigned,Unassigned,Unassigned,18S,4b
4250,87b9b49a456b19372713d2627390bd4b,Ocean-lake-4b,6.0,Eukaryota,Unassigned,Unassigned,Unassigned,Unassigned,Unassigned,Unassigned,18S,4b
4251,91689ab1f070e392b9b34392f185aaeb,Ocean-lake-4b,9.0,Eukaryota,Unassigned,Unassigned,Unassigned,Unassigned,Unassigned,Unassigned,18S,4b
4252,64fa91cc956f463ed57e24e4e2044c08,Ocean-lake-4b,12.0,Eukaryota,SAR,Labyrinthulomycetes,Labyrinthulomycetes,Labyrinthulomycetes,Sorodiplophrys,Unassigned,18S,4b
4253,7a5fa3a48210bb04951538ef0949afc5,Ocean-lake-4b,12.0,Eukaryota,Unassigned,Unassigned,Unassigned,Unassigned,Unassigned,Unassigned,18S,4b
4254,581e7f150dfbb9b36b6e19e80a9d087d,Ocean-lake-4b,12.0,Eukaryota,Unassigned,Unassigned,Unassigned,Unassigned,Unassigned,Unassigned,18S,4b
4255,c784a9798f452dd597ecb0e4d71c4547,Ocean-lake-4b,12.0,Eukaryota,Unassigned,Unassigned,Unassigned,Unassigned,Unassigned,Unassigned,18S,4b
4256,72365c28934e19049fd4f4c686bcc604,Ocean-lake-4b,12.0,Eukaryota,Unassigned,Unassigned,Unassigned,Unassigned,Unassigned,Unassigned,18S,4b
4257,f790f85cc47560488584016b852eea59,Ocean-lake-4b,12.0,Eukaryota,Unassigned,Unassigned,Unassigned,Unassigned,Unassigned,Unassigned,18S,4b
4258,6c83f1be8ae2e0d2ccb72a7051087caa,Ocean-lake-4b,12.0,Unassigned,Unassigned,Unassigned,Unassigned,Unassigned,Unassigned,Unassigned,18S,4b
4259,9ef08510ee118d01c42a39553a766a5a,Ocean-lake-4b,12.0,Eukaryota,Unassigned,Unassigned,Unassigned,Unassigned,Unassigned,Unassigned,18S,4b
4260,790603257be3f0df25d3234312712ab5,Ocean-lake-4b,12.0,Unassigned,Unassigned,Unassigned,Unassigned,Unassigned,Unassigned,Unassigned,18S,4b
4261,c8038d7c3bfaa5cf1581918cf06029e5,Ocean-lake-4b,7.0,Eukaryota,Unassigned,Unassigned,Unassigned,Unassigned,Unassigned,Unassigned,18S,4b
4262,3e20e1989456ba4d1cd9898fd868eb78,Ocean-lake-4b,7.0,Eukaryota,Unassigned,Unassigned,Unassigned,Unassigned,Unassigned,Unassigned,18S,4b
4263,9e251db5a70d1672d4dfe284d5d683e8,Ocean-lake-4b,4.0,Eukaryota,Amoebozoa,Tubulinea,Euamoebida,Euamoebida,Euamoebida,Unassigned,18S,4b
4264,7b78b3fe9f0bf22949d1c2fb2200ecc9,Ocean-lake-4b,4.0,Eukaryota,Unassigned,Unassigned,Unassigned,Unassigned,Unassigned,Unassigned,18S,4b
4265,3475b98cb02b5268fab46b9e73842a9f,Ocean-lake-4b,4.0,Eukaryota,Unassigned,Unassigned,Unassigned,Unassigned,Unassigned,Unassigned,18S,4b
4266,4fc00b927ce5da763b036db9a20c246f,Ocean-lake-4b,5.0,Eukaryota,Unassigned,Unassigned,Unassigned,Unassigned,Unassigned,Unassigned,18S,4b
4267,0605d560e935ef25f45ad8e1d4f5db81,Ocean-lake-4b,8.0,Eukaryota,Unassigned,Unassigned,Unassigned,Unassigned,Unassigned,Unassigned,18S,4b
4268,727420cce5486d06e262d44c000f5ae8,Ocean-lake-4b,3.0,Eukaryota,Unassigned,Unassigned,Unassigned,Unassigned,Unassigned,Unassigned,18S,4b
4269,a4c9359f41be56343c3732d54d293614,Ocean-lake-4b,4.0,Eukaryota,Euglenozoa,Euglenida,Heteronematina,Heteronematina,Petalomonas,Unassigned,18S,4b
4270,5912986b6cc1df3cb6fed8b341026d7b,Ocean-lake-4b,5.0,Eukaryota,Unassigned,Unassigned,Unassigned,Unassigned,Unassigned,Unassigned,18S,4b
4271,f0a6f792c3f3a12bef49cb90816e4c05,Ocean-lake-4b,5.0,Eukaryota,Unassigned,Unassigned,Unassigned,Unassigned,Unassigned,Unassigned,18S,4b
4272,c6edcbb6f8c66d7b8f8cd9852d443232,Ocean-lake-4b,11.0,Eukaryota,Unassigned,Unassigned,Unassigned,Unassigned,Unassigned,Unassigned,18S,4b
4273,e7d3d66c9af594a7cb83da446f9ab5bd,Ocean-lake-4b,11.0,Eukaryota,Unassigned,Unassigned,Unassigned,Unassigned,Unassigned,Unassigned,18S,4b
4274,b2f337ba84fe1fee299c13bdee9a6e82,Ocean-lake-4b,11.0,Eukaryota,Unassigned,Unassigned,Unassigned,Unassigned,Unassigned,Unassigned,18S,4b
4275,2cd38283c805187fb55d8d2ebb21c4f0,Ocean-lake-4b,11.0,Eukaryota,Unassigned,Unassigned,Unassigned,Unassigned,Unassigned,Unassigned,18S,4b
4276,8323ed28468a99e1c50c6897873cd4c6,Ocean-lake-4b,11.0,Eukaryota,Unassigned,Unassigned,Unassigned,Unassigned,Unassigned,Unassigned,18S,4b
4277,427516f2a9e6e1962e62837d968f8eb1,Ocean-lake-4b,11.0,Eukaryota,Unassigned,Unassigned,Unassigned,Unassigned,Unassigned,Unassigned,18S,4b
4278,bc9d1d66d871a33faa574b8241f35799,Ocean-lake-4b,11.0,Eukaryota,Diatomea,Unassigned,Unassigned,Unassigned,Unassigned,Unassigned,18S,4b
4279,b8727ebae805b3d87d1a20024550453e,Ocean-lake-4b,11.0,Eukaryota,Unassigned,Unassigned,Unassigned,Unassigned,Unassigned,Unassigned,18S,4b
4280,03b52ac9a2448ed24c1f51322ee1d68f,Ocean-lake-4b,11.0,Eukaryota,Unassigned,Unassigned,Unassigned,Unassigned,Unassigned,Unassigned,18S,4b
4281,8837a10e8cb344fcf23e3f580a452c18,Ocean-lake-4b,11.0,Eukaryota,Unassigned,Unassigned,Unassigned,Unassigned,Unassigned,Unassigned,18S,4b
4282,cfa4ab04ad6f08ef03925831c30f6dda,Ocean-lake-4b,11.0,Eukaryota,Unassigned,Unassigned,Unassigned,Unassigned,Unassigned,Unassigned,18S,4b
4283,d9f122c519166a3ed6318a8600cf58e3,Ocean-lake-4b,11.0,Eukaryota,Unassigned,Unassigned,Unassigned,Unassigned,Unassigned,Unassigned,18S,4b
4284,ef51261ddedab86ba86b44fb06133655,Ocean-lake-4b,11.0,Eukaryota,MAST-3,MAST-3C,MAST-3C,MAST-3C,MAST-3C,Unassigned,18S,4b
4285,5cefa803981c863d49b51f7474a6c1de,Ocean-lake-4b,7.0,Eukaryota,Unassigned,Unassigned,Unassigned,Unassigned,Unassigned,Unassigned,18S,4b
4286,38162ab6214271e2d7d8059b3118fab9,Ocean-lake-4b,5.0,Eukaryota,Unassigned,Unassigned,Unassigned,Unassigned,Unassigned,Unassigned,18S,4b
4287,648792ec1181b4295a8296c5ad837b27,Ocean-lake-4b,5.0,Eukaryota,Unassigned,Unassigned,Unassigned,Unassigned,Unassigned,Unassigned,18S,4b
4288,e243cf7d34a792f25bf231c01178d399,Ocean-lake-4b,5.0,Bacteria,Unassigned,Unassigned,Unassigned,Unassigned,Unassigned,Unassigned,18S,4b
4289,fe80eac47102e7b0550d5c85f4e616f6,Ocean-lake-4b,5.0,Eukaryota,Unassigned,Unassigned,Unassigned,Unassigned,Unassigned,Unassigned,18S,4b
4290,77e5b3e0ff68f3df8c8aa33024606fb6,Ocean-lake-4b,4.0,Eukaryota,Unassigned,Unassigned,Unassigned,Unassigned,Unassigned,Unassigned,18S,4b
4291,7aa18244ac797317f11c356e34cd8143,Ocean-lake-4b,4.0,Unassigned,Unassigned,Unassigned,Unassigned,Unassigned,Unassigned,Unassigned,18S,4b
4292,f0ac0fb64a5381d2e1f431a507e7f63d,Ocean-lake-4b,4.0,Eukaryota,Unassigned,Unassigned,Unassigned,Unassigned,Unassigned,Unassigned,18S,4b
4293,63125ab4e17c7969257c05c2c440fd93,Ocean-lake-4b,4.0,Eukaryota,Unassigned,Unassigned,Unassigned,Unassigned,Unassigned,Unassigned,18S,4b
4294,fdbff8e5254cdad6c6606641f949d14d,Ocean-lake-4b,5.0,Eukaryota,Unassigned,Unassigned,Unassigned,Unassigned,Unassigned,Unassigned,18S,4b
4295,61d3050231acd6198565455bfd3c919e,Ocean-lake-4b,10.0,Eukaryota,Unassigned,Unassigned,Unassigned,Unassigned,Unassigned,Unassigned,18S,4b
4296,06bff646352f344e64d901bbae2df49f,Ocean-lake-4b,10.0,Eukaryota,Unassigned,Unassigned,Unassigned,Unassigned,Unassigned,Unassigned,18S,4b
4297,b5e4bd43155f6f91f1b43807a0120ce7,Ocean-lake-4b,10.0,Eukaryota,Unassigned,Unassigned,Unassigned,Unassigned,Unassigned,Unassigned,18S,4b
4298,a6b533b7f7bcaba03fec61c706d16373,Ocean-lake-4b,10.0,Eukaryota,Unassigned,Unassigned,Unassigned,Unassigned,Unassigned,Unassigned,18S,4b
4299,eb0956a7cb6c470191a4940b1bcd9374,Ocean-lake-4b,10.0,Eukaryota,Unassigned,Unassigned,Unassigned,Unassigned,Unassigned,Unassigned,18S,4b
4300,fd4f1dbccceec73d5808ae29f27419f2,Ocean-lake-4b,10.0,Eukaryota,Phragmoplastophyta,Embryophyta,Unassigned,Unassigned,Unassigned,Unassigned,18S,4b
4301,6ce243d35e4f0d9ab238eba8fce8f35b,Ocean-lake-4b,10.0,Eukaryota,Unassigned,Unassigned,Unassigned,Unassigned,Unassigned,Unassigned,18S,4b
4302,bc70b80c6f9a3191af5c845a8f398a1e,Ocean-lake-4b,10.0,Eukaryota,Kathablepharidae,Kathablepharidae,Kathablepharidae,Kathablepharidae,Roombia,Unassigned,18S,4b
4303,b3d47094a8863247852fcc13fa757f0c,Ocean-lake-4b,10.0,Eukaryota,Unassigned,Unassigned,Unassigned,Unassigned,Unassigned,Unassigned,18S,4b
4304,7d8acdc417ba89cdc0eaf7ca4cc6d157,Ocean-lake-4b,10.0,Eukaryota,SA1-3C06,SA1-3C06,SA1-3C06,SA1-3C06,SA1-3C06,Unassigned,18S,4b
4305,819974db111989dc506246792543ce41,Ocean-lake-4b,10.0,Eukaryota,Unassigned,Unassigned,Unassigned,Unassigned,Unassigned,Unassigned,18S,4b
4306,559cc6ad021ec634001111f710373825,Ocean-lake-4b,10.0,Eukaryota,Unassigned,Unassigned,Unassigned,Unassigned,Unassigned,Unassigned,18S,4b
4307,284820f0f1085985ee9ec68279d4989c,Ocean-lake-4b,10.0,Eukaryota,Unassigned,Unassigned,Unassigned,Unassigned,Unassigned,Unassigned,18S,4b
4308,53ddda9e70c0a51a45a5e687fef30f29,Ocean-lake-4b,10.0,Eukaryota,Unassigned,Unassigned,Unassigned,Unassigned,Unassigned,Unassigned,18S,4b
4309,b3babf52900d15721f20b256218f8c69,Ocean-lake-4b,10.0,Eukaryota,Unassigned,Unassigned,Unassigned,Unassigned,Unassigned,Unassigned,18S,4b
4310,7f47817d491ff080615757c6b78c1eaf,Ocean-lake-4b,10.0,Eukaryota,Unassigned,Unassigned,Unassigned,Unassigned,Unassigned,Unassigned,18S,4b
4311,2597ab9220eee7d7575630c0bc778d6d,Ocean-lake-4b,5.0,Eukaryota,Unassigned,Unassigned,Unassigned,Unassigned,Unassigned,Unassigned,18S,4b
4312,48a366c2451711b85464150efcaa082b,Ocean-lake-4b,5.0,Eukaryota,Unassigned,Unassigned,Unassigned,Unassigned,Unassigned,Unassigned,18S,4b
4313,50ff6b675797ebabaf888e4eb76587d7,Ocean-lake-4b,9.0,Eukaryota,Unassigned,Unassigned,Unassigned,Unassigned,Unassigned,Unassigned,18S,4b
4314,8de17c6119c62f5017fa419e4905f0a2,Ocean-lake-4b,9.0,Eukaryota,Unassigned,Unassigned,Unassigned,Unassigned,Unassigned,Unassigned,18S,4b
4315,d29aff8356b67421fc5dc566a5bb00a3,Ocean-lake-4b,9.0,Eukaryota,Unassigned,Unassigned,Unassigned,Unassigned,Unassigned,Unassigned,18S,4b
4316,7b71d771470efe7afdc6a0c72902fd5d,Ocean-lake-4b,9.0,Eukaryota,Picozoa,Picozoa,Picozoa,Picozoa,Picozoa,Unassigned,18S,4b
4317,247af30ffee8d6b8b04c679503b03e72,Ocean-lake-4b,9.0,Eukaryota,Unassigned,Unassigned,Unassigned,Unassigned,Unassigned,Unassigned,18S,4b
4318,d3ef2167525100d01d7d867556718ed7,Ocean-lake-4b,9.0,Eukaryota,Unassigned,Unassigned,Unassigned,Unassigned,Unassigned,Unassigned,18S,4b
4319,200b0dd04b3be01bc26e835f1721b6fe,Ocean-lake-4b,9.0,Eukaryota,Annelida,Unassigned,Unassigned,Unassigned,Unassigned,Unassigned,18S,4b
4320,79d05fc22bcd09172dfbb82a2173463c,Ocean-lake-4b,9.0,Eukaryota,Holozoa,Choanoflagellida,Acanthoecida,Acanthoecidae,Savillea,Unassigned,18S,4b
4321,3d41fcff0cb43dc5819520474a44f30a,Ocean-lake-4b,9.0,Eukaryota,Unassigned,Unassigned,Unassigned,Unassigned,Unassigned,Unassigned,18S,4b
4322,34e0b4fac3e8bdbb6196a43461f88384,Ocean-lake-4b,9.0,Eukaryota,Unassigned,Unassigned,Unassigned,Unassigned,Unassigned,Unassigned,18S,4b
4323,1d4378fdcba69708a8d54bbdb6cc61ef,Ocean-lake-4b,9.0,Eukaryota,Unassigned,Unassigned,Unassigned,Unassigned,Unassigned,Unassigned,18S,4b
4324,4f389fc13eed0156886cd30c4a64a7fb,Ocean-lake-4b,9.0,Eukaryota,Unassigned,Unassigned,Unassigned,Unassigned,Unassigned,Unassigned,18S,4b
4325,fdf92ff9f4b41b41dff2c79bb82be3aa,Ocean-lake-4b,9.0,Eukaryota,Unassigned,Unassigned,Unassigned,Unassigned,Unassigned,Unassigned,18S,4b
4326,53df17199bdff9ffd82a8faaccdf728b,Ocean-lake-4b,9.0,Eukaryota,Unassigned,Unassigned,Unassigned,Unassigned,Unassigned,Unassigned,18S,4b
4327,f372e2a1841932b718031a762cadb8c2,Ocean-lake-4b,9.0,Eukaryota,Unassigned,Unassigned,Unassigned,Unassigned,Unassigned,Unassigned,18S,4b
4328,559f38cfd39d36188f3c80824ab82c4d,Ocean-lake-4b,3.0,Eukaryota,Unassigned,Unassigned,Unassigned,Unassigned,Unassigned,Unassigned,18S,4b
4329,746f1e86822bcb89a7e70232ebfdf026,Ocean-lake-4b,4.0,Eukaryota,Unassigned,Unassigned,Unassigned,Unassigned,Unassigned,Unassigned,18S,4b
4330,1e4817b708d423aae8285f5b12d1eb27,Ocean-lake-4b,5.0,Eukaryota,Unassigned,Unassigned,Unassigned,Unassigned,Unassigned,Unassigned,18S,4b
4331,be31aa8091887ba3c694de89db8da954,Ocean-lake-4b,4.0,Eukaryota,Unassigned,Unassigned,Unassigned,Unassigned,Unassigned,Unassigned,18S,4b
4332,9041c193a3320afffea22f82ab3ce5a1,Ocean-lake-4b,3.0,Eukaryota,Unassigned,Unassigned,Unassigned,Unassigned,Unassigned,Unassigned,18S,4b
4333,f37d254257b1dddcbb2f9858195ff510,Ocean-lake-4b,4.0,Eukaryota,Unassigned,Unassigned,Unassigned,Unassigned,Unassigned,Unassigned,18S,4b
4334,fb755a17c95a7c8fcec3fadff8aa9b5d,Ocean-lake-4b,8.0,Eukaryota,Unassigned,Unassigned,Unassigned,Unassigned,Unassigned,Unassigned,18S,4b
4335,8d3dc56a3bbfdbcb7dabab78dea8db87,Ocean-lake-4b,8.0,Eukaryota,Unassigned,Unassigned,Unassigned,Unassigned,Unassigned,Unassigned,18S,4b
4336,7ccd5caef5c8dd1cfe4535a78b64f20a,Ocean-lake-4b,8.0,Eukaryota,Unassigned,Unassigned,Unassigned,Unassigned,Unassigned,Unassigned,18S,4b
4337,31f3b2370c575e04f69b0073d5706e73,Ocean-lake-4b,8.0,Eukaryota,Unassigned,Unassigned,Unassigned,Unassigned,Unassigned,Unassigned,18S,4b
4338,f083a48a5a22f27fb372326be091d302,Ocean-lake-4b,8.0,Eukaryota,Mollusca,Bivalvia,Veneroida,Veneroida,Veneroida,Unassigned,18S,4b
4339,c7f1e9b31d6f5fc352b6d3ec78877c78,Ocean-lake-4b,8.0,Eukaryota,Unassigned,Unassigned,Unassigned,Unassigned,Unassigned,Unassigned,18S,4b
4340,8bb1f50e086aea2ec50b87288a4788cf,Ocean-lake-4b,8.0,Eukaryota,Unassigned,Unassigned,Unassigned,Unassigned,Unassigned,Unassigned,18S,4b
4341,127f6b355216c5153dea3bac1022da6e,Ocean-lake-4b,8.0,Eukaryota,Unassigned,Unassigned,Unassigned,Unassigned,Unassigned,Unassigned,18S,4b
4342,8ab8ea45d59487b8d3a7bed3e322398d,Ocean-lake-4b,8.0,Eukaryota,Unassigned,Unassigned,Unassigned,Unassigned,Unassigned,Unassigned,18S,4b
4343,28d0e87ef6ad78b1840971e6eba692ba,Ocean-lake-4b,8.0,Eukaryota,Unassigned,Unassigned,Unassigned,Unassigned,Unassigned,Unassigned,18S,4b
4344,76f755303fe84b316f67e35e7cb46c85,Ocean-lake-4b,8.0,Eukaryota,Unassigned,Unassigned,Unassigned,Unassigned,Unassigned,Unassigned,18S,4b
4345,8d10eb9908152ecfa0a1cebb5ac062e2,Ocean-lake-4b,8.0,Eukaryota,Holozoa,Ichthyosporea,Pseudoperkinsidae,Pseudoperkinsidae,Creolimax,Unassigned,18S,4b
4346,0e6e3e6ffca6d174c588b9f98be84ee8,Ocean-lake-4b,8.0,Eukaryota,Unassigned,Unassigned,Unassigned,Unassigned,Unassigned,Unassigned,18S,4b
4347,377dc0d6662cb98d30836f1fe84b5059,Ocean-lake-4b,8.0,Eukaryota,Protalveolata,Syndiniales,Syndiniales,Syndiniales,Amoebophrya,Unassigned,18S,4b
4348,1194a8126dbbe036141a230dfd1740ca,Ocean-lake-4b,8.0,Eukaryota,Unassigned,Unassigned,Unassigned,Unassigned,Unassigned,Unassigned,18S,4b
4349,83bacbe6f48d27ebedde43d726d1ef54,Ocean-lake-4b,8.0,Eukaryota,Unassigned,Unassigned,Unassigned,Unassigned,Unassigned,Unassigned,18S,4b
4350,5fc6ceb8c0b42db75dedd4203b0344d5,Ocean-lake-4b,8.0,Eukaryota,MAST-7,MAST-7,MAST-7,MAST-7,MAST-7,Unassigned,18S,4b
4351,b6a2daf617c87da7cb1004e4ca382e46,Ocean-lake-4b,8.0,Eukaryota,Unassigned,Unassigned,Unassigned,Unassigned,Unassigned,Unassigned,18S,4b
4352,c692863a6658a01d1c2537385207df0e,Ocean-lake-4b,8.0,Eukaryota,Unassigned,Unassigned,Unassigned,Unassigned,Unassigned,Unassigned,18S,4b
4353,c557e7f31f269b45f17cb542af8af3c4,Ocean-lake-4b,8.0,Eukaryota,MAST-4,MAST-4D,MAST-4D,MAST-4D,MAST-4D,Unassigned,18S,4b
4354,ffe9c00b12e44551c83986bfc867fb55,Ocean-lake-4b,8.0,Eukaryota,Unassigned,Unassigned,Unassigned,Unassigned,Unassigned,Unassigned,18S,4b
4355,b8b16a8fa294ca14b02efc6afc95be86,Ocean-lake-4b,8.0,Eukaryota,Ciliophora,Intramacronucleata,Spirotrichea,Euplotia,Aspidisca,Unassigned,18S,4b
4356,5b5881968df2b48f096f747eb8f286cc,Ocean-lake-4b,8.0,Eukaryota,Unassigned,Unassigned,Unassigned,Unassigned,Unassigned,Unassigned,18S,4b
4357,2b2faf9b0757113488299d03db50c416,Ocean-lake-4b,8.0,Eukaryota,Unassigned,Unassigned,Unassigned,Unassigned,Unassigned,Unassigned,18S,4b
4358,3bbe9e7270c3b185131c0d64e634423e,Ocean-lake-4b,8.0,Eukaryota,Unassigned,Unassigned,Unassigned,Unassigned,Unassigned,Unassigned,18S,4b
4359,2e8614cd593918de311dcd2898dad252,Ocean-lake-4b,8.0,Eukaryota,Euglenozoa,Kinetoplastea,Unassigned,Unassigned,Unassigned,Unassigned,18S,4b
4360,fb47a036d1e3bc60fbc804eaebcb7759,Ocean-lake-4b,8.0,Eukaryota,Unassigned,Unassigned,Unassigned,Unassigned,Unassigned,Unassigned,18S,4b
4361,6b59a8f960d5e8f174aec7c10337cfed,Ocean-lake-4b,8.0,Eukaryota,Unassigned,Unassigned,Unassigned,Unassigned,Unassigned,Unassigned,18S,4b
4362,a358b35892e6cfc73b970cb280cca43d,Ocean-lake-4b,8.0,Eukaryota,Unassigned,Unassigned,Unassigned,Unassigned,Unassigned,Unassigned,18S,4b
4363,9a9f2c0a2d233dddbc08452fd4668d7b,Ocean-lake-4b,4.0,Eukaryota,Unassigned,Unassigned,Unassigned,Unassigned,Unassigned,Unassigned,18S,4b
4364,01f990aa15c7fd88cc1109818397786c,Ocean-lake-4b,7.0,Eukaryota,Unassigned,Unassigned,Unassigned,Unassigned,Unassigned,Unassigned,18S,4b
4365,9db7926367554032df5e85096c02f547,Ocean-lake-4b,7.0,Eukaryota,Unassigned,Unassigned,Unassigned,Unassigned,Unassigned,Unassigned,18S,4b
4366,c86cf67b82b58985961ae8badcf0a0e2,Ocean-lake-4b,7.0,Eukaryota,Unassigned,Unassigned,Unassigned,Unassigned,Unassigned,Unassigned,18S,4b
4367,c4691bc2c8c7227cf6a98f796368cd30,Ocean-lake-4b,7.0,Eukaryota,Unassigned,Unassigned,Unassigned,Unassigned,Unassigned,Unassigned,18S,4b
4368,51b7d11623b52a2d0a4e106e5cc32539,Ocean-lake-4b,7.0,Eukaryota,Unassigned,Unassigned,Unassigned,Unassigned,Unassigned,Unassigned,18S,4b
4369,08df6da5ab7198a3e5160e5428424d0a,Ocean-lake-4b,7.0,Eukaryota,Unassigned,Unassigned,Unassigned,Unassigned,Unassigned,Unassigned,18S,4b
4370,f96e870fb48dc0166b07b204b71663c7,Ocean-lake-4b,7.0,Eukaryota,Unassigned,Unassigned,Unassigned,Unassigned,Unassigned,Unassigned,18S,4b
4371,2f0b466c5d3a9418d1c545ed799b3367,Ocean-lake-4b,7.0,Eukaryota,Unassigned,Unassigned,Unassigned,Unassigned,Unassigned,Unassigned,18S,4b
4372,0b128eff5d4a3283dd2b68cc22677468,Ocean-lake-4b,7.0,Eukaryota,Unassigned,Unassigned,Unassigned,Unassigned,Unassigned,Unassigned,18S,4b
4373,bb2860c7cc1feb72fe2ddcef6c7b438d,Ocean-lake-4b,7.0,Eukaryota,Unassigned,Unassigned,Unassigned,Unassigned,Unassigned,Unassigned,18S,4b
4374,bfa99062bfc4fd809f6b82edf5addf4d,Ocean-lake-4b,7.0,Eukaryota,Unassigned,Unassigned,Unassigned,Unassigned,Unassigned,Unassigned,18S,4b
4375,157c3168e85a45f701c18b74303ac4d9,Ocean-lake-4b,7.0,Eukaryota,Unassigned,Unassigned,Unassigned,Unassigned,Unassigned,Unassigned,18S,4b
4376,f057362cba42a567d890721ec3b36bd8,Ocean-lake-4b,7.0,Eukaryota,Unassigned,Unassigned,Unassigned,Unassigned,Unassigned,Unassigned,18S,4b
4377,ad469fafaaa5fb17573db648b7aa86e8,Ocean-lake-4b,7.0,Eukaryota,Unassigned,Unassigned,Unassigned,Unassigned,Unassigned,Unassigned,18S,4b
4378,662d33f0fc316dbd200facec97269709,Ocean-lake-4b,7.0,Eukaryota,Prymnesiophyceae,Prymnesiophyceae,Prymnesiales,Prymnesiales,OLI16029,Unassigned,18S,4b
4379,fd2b4000ae9e85c3018d1dd32410afe0,Ocean-lake-4b,7.0,Eukaryota,Holozoa,Choanoflagellida,Acanthoecida,Stephanoecidae,Marine_Choanoflagellates_1,Unassigned,18S,4b
4380,a21072e7e1ba568c5cc2b44a2fdbd531,Ocean-lake-4b,7.0,Eukaryota,MAST-1,MAST-1C,MAST-1C,MAST-1C,MAST-1C,Unassigned,18S,4b
4381,81070b533b40c733ada308de2a875767,Ocean-lake-4b,7.0,Eukaryota,Unassigned,Unassigned,Unassigned,Unassigned,Unassigned,Unassigned,18S,4b
4382,8c810577ea5a0cda09e188469f4ea806,Ocean-lake-4b,7.0,Eukaryota,Unassigned,Unassigned,Unassigned,Unassigned,Unassigned,Unassigned,18S,4b
4383,f5ddeea58eb902cbaf075b441dd20464,Ocean-lake-4b,7.0,Eukaryota,Unassigned,Unassigned,Unassigned,Unassigned,Unassigned,Unassigned,18S,4b
4384,91625b3dc801339cfb92fff50c682153,Ocean-lake-4b,7.0,Eukaryota,Unassigned,Unassigned,Unassigned,Unassigned,Unassigned,Unassigned,18S,4b
4385,1832bdeae5d6c69d09eecab830839cb9,Ocean-lake-4b,7.0,Eukaryota,Unassigned,Unassigned,Unassigned,Unassigned,Unassigned,Unassigned,18S,4b
4386,cdf42d499628450a3cc052d41ef27868,Ocean-lake-4b,7.0,Eukaryota,Unassigned,Unassigned,Unassigned,Unassigned,Unassigned,Unassigned,18S,4b
4387,4a779e507ca0abb3b325352bf6780e56,Ocean-lake-4b,7.0,Eukaryota,Unassigned,Unassigned,Unassigned,Unassigned,Unassigned,Unassigned,18S,4b
4388,3a79c820b4203d7b426ec1232cb01282,Ocean-lake-4b,7.0,Eukaryota,Unassigned,Unassigned,Unassigned,Unassigned,Unassigned,Unassigned,18S,4b
4389,c9757331b0baf6d310bc59a31fad35ac,Ocean-lake-4b,7.0,Eukaryota,Euglenozoa,Euglenida,Heteronematina,Heteronematina,Petalomonas,Unassigned,18S,4b
4390,32c37eb7a13b3bbd3f177d290e555355,Ocean-lake-4b,7.0,Eukaryota,Unassigned,Unassigned,Unassigned,Unassigned,Unassigned,Unassigned,18S,4b
4391,d989b76693c16712413ab274cf3e4207,Ocean-lake-4b,7.0,Eukaryota,Unassigned,Unassigned,Unassigned,Unassigned,Unassigned,Unassigned,18S,4b
4392,a4518c3c0e5e2edfceb5c5b1474d0b05,Ocean-lake-4b,7.0,Eukaryota,Unassigned,Unassigned,Unassigned,Unassigned,Unassigned,Unassigned,18S,4b
4393,d66a13b3c84b36b9de9aba3eb166b34e,Ocean-lake-4b,7.0,Eukaryota,Unassigned,Unassigned,Unassigned,Unassigned,Unassigned,Unassigned,18S,4b
4394,4054e2e220b1a22c4dc0cab01f3b0363,Ocean-lake-4b,7.0,Eukaryota,Unassigned,Unassigned,Unassigned,Unassigned,Unassigned,Unassigned,18S,4b
4395,461b51c8c1aee07f506dbdc6b225a043,Ocean-lake-4b,7.0,Eukaryota,Unassigned,Unassigned,Unassigned,Unassigned,Unassigned,Unassigned,18S,4b
4396,ac02ca365dfc6b973ed30d30499663c5,Ocean-lake-4b,7.0,Eukaryota,Unassigned,Unassigned,Unassigned,Unassigned,Unassigned,Unassigned,18S,4b
4397,d954e4dc2714bd8485d6d3bbe8fdcab7,Ocean-lake-4b,7.0,Eukaryota,Holozoa,Choanoflagellida,Acanthoecida,Unassigned,Unassigned,Unassigned,18S,4b
4398,e78f583e54d07d959311fdc9c50a26e0,Ocean-lake-4b,7.0,Eukaryota,Unassigned,Unassigned,Unassigned,Unassigned,Unassigned,Unassigned,18S,4b
4399,87cf096a3010978b36c9b6dc5496fdf1,Ocean-lake-4b,2.0,Eukaryota,Unassigned,Unassigned,Unassigned,Unassigned,Unassigned,Unassigned,18S,4b
4400,9b6996bf9c2d7788637a83ebb7f3f4e8,Ocean-lake-4b,6.0,Eukaryota,Unassigned,Unassigned,Unassigned,Unassigned,Unassigned,Unassigned,18S,4b
4401,af046c978ea07921ecda1469fd121d4d,Ocean-lake-4b,6.0,Eukaryota,Mollusca,Gastropoda,Caenogastropoda,Caenogastropoda,Caenogastropoda,Unassigned,18S,4b
4402,a6609aa2cc1e0c552b1bc6e5a7e87339,Ocean-lake-4b,6.0,Eukaryota,Unassigned,Unassigned,Unassigned,Unassigned,Unassigned,Unassigned,18S,4b
4403,8be8d758430866d7bdbaafb86bd339cb,Ocean-lake-4b,6.0,Eukaryota,Ciliophora,Intramacronucleata,Spirotrichea,Hypotrichia,Metaurostylopsis,Unassigned,18S,4b
4404,1f20896588d6d24b5fa973be9d360b94,Ocean-lake-4b,6.0,Eukaryota,Unassigned,Unassigned,Unassigned,Unassigned,Unassigned,Unassigned,18S,4b
4405,82f357fece8d3bdb716b5c905c85c32d,Ocean-lake-4b,6.0,Eukaryota,Chlorophyta,Ulvophyceae,Unassigned,Unassigned,Unassigned,Unassigned,18S,4b
4406,6b77129924bec2593b213783d74c48a5,Ocean-lake-4b,6.0,Eukaryota,Cercozoa,Imbricatea,Imbricatea,Euglyphida,Cyphoderia,Unassigned,18S,4b
4407,c7499dc03984c2ae04bd462c8d2bda92,Ocean-lake-4b,6.0,Eukaryota,Unassigned,Unassigned,Unassigned,Unassigned,Unassigned,Unassigned,18S,4b
4408,67eb54b7331973e494758c45301a3850,Ocean-lake-4b,6.0,Eukaryota,Unassigned,Unassigned,Unassigned,Unassigned,Unassigned,Unassigned,18S,4b
4409,daf879629860dfbf3374bfc0025bdead,Ocean-lake-4b,6.0,Eukaryota,Unassigned,Unassigned,Unassigned,Unassigned,Unassigned,Unassigned,18S,4b
4410,6279094b4e923db2f6a68722e9aa4c78,Ocean-lake-4b,6.0,Eukaryota,Unassigned,Unassigned,Unassigned,Unassigned,Unassigned,Unassigned,18S,4b
4411,c86316360f5e5b5b765f75df80981870,Ocean-lake-4b,6.0,Eukaryota,Unassigned,Unassigned,Unassigned,Unassigned,Unassigned,Unassigned,18S,4b
4412,746411bbc6f724476b4e1319c144ebfb,Ocean-lake-4b,6.0,Eukaryota,Unassigned,Unassigned,Unassigned,Unassigned,Unassigned,Unassigned,18S,4b
4413,700c43de9717cd01b81e6a1d83769dfa,Ocean-lake-4b,6.0,Bacteria,Unassigned,Unassigned,Unassigned,Unassigned,Unassigned,Unassigned,18S,4b
4414,8a340bc64c2332463e52a7930e238e82,Ocean-lake-4b,6.0,Eukaryota,Unassigned,Unassigned,Unassigned,Unassigned,Unassigned,Unassigned,18S,4b
4415,60a7094c08472c6d31b64b5d394283e2,Ocean-lake-4b,6.0,Eukaryota,Unassigned,Unassigned,Unassigned,Unassigned,Unassigned,Unassigned,18S,4b
4416,a0f092257ea3cfc41aa3044991a18555,Ocean-lake-4b,6.0,Eukaryota,Diatomea,Unassigned,Unassigned,Unassigned,Unassigned,Unassigned,18S,4b
4417,fcae99725456a27e80df088586e76b50,Ocean-lake-4b,6.0,Eukaryota,Unassigned,Unassigned,Unassigned,Unassigned,Unassigned,Unassigned,18S,4b
4418,e050ea2e42e60836d5cf746875742052,Ocean-lake-4b,6.0,Eukaryota,Peronosporomycetes,Peronosporomycetes,Peronosporomycetes,Peronosporomycetes,Unassigned,Unassigned,18S,4b
4419,f9a05b6028f8230d35e5d886791ce730,Ocean-lake-4b,6.0,Eukaryota,Unassigned,Unassigned,Unassigned,Unassigned,Unassigned,Unassigned,18S,4b
4420,93c21429cf68a2e1fcfbd59362c17f28,Ocean-lake-4b,6.0,Eukaryota,Unassigned,Unassigned,Unassigned,Unassigned,Unassigned,Unassigned,18S,4b
4421,44e67eafc5e20844da5e289c46724843,Ocean-lake-4b,6.0,Eukaryota,Unassigned,Unassigned,Unassigned,Unassigned,Unassigned,Unassigned,18S,4b
4422,d98d8b3c640b925e3955cec2a4521f65,Ocean-lake-4b,6.0,Eukaryota,Unassigned,Unassigned,Unassigned,Unassigned,Unassigned,Unassigned,18S,4b
4423,dfe748e05236f0543779289bc025821b,Ocean-lake-4b,6.0,Eukaryota,Centrohelida,Centrohelida,Centrohelida,Heterophryidae,Oxnerella,Unassigned,18S,4b
4424,b756d555f9615a44c42caeeeae734c1f,Ocean-lake-4b,6.0,Eukaryota,Unassigned,Unassigned,Unassigned,Unassigned,Unassigned,Unassigned,18S,4b
4425,df1ff52a5fc859ad2cb24edf2382682c,Ocean-lake-4b,6.0,Eukaryota,Unassigned,Unassigned,Unassigned,Unassigned,Unassigned,Unassigned,18S,4b
4426,99011430ba6fe9c71e04bcbca037f393,Ocean-lake-4b,6.0,Eukaryota,Unassigned,Unassigned,Unassigned,Unassigned,Unassigned,Unassigned,18S,4b
4427,5218123e07f4f5a0507733e670adbcaa,Ocean-lake-4b,5.0,Eukaryota,Unassigned,Unassigned,Unassigned,Unassigned,Unassigned,Unassigned,18S,4b
4428,480dc4722743f01ed0c6357553e64aa4,Ocean-lake-4b,5.0,Eukaryota,Unassigned,Unassigned,Unassigned,Unassigned,Unassigned,Unassigned,18S,4b
4429,5a56d4058014da1c935fce7cd7ab0907,Ocean-lake-4b,5.0,Eukaryota,Unassigned,Unassigned,Unassigned,Unassigned,Unassigned,Unassigned,18S,4b
4430,a9f6fb70f3971775414161b2d5dfca77,Ocean-lake-4b,5.0,Eukaryota,Unassigned,Unassigned,Unassigned,Unassigned,Unassigned,Unassigned,18S,4b
4431,def70597db7ea4fdcc8e087a6d7c9e0e,Ocean-lake-4b,5.0,Eukaryota,Unassigned,Unassigned,Unassigned,Unassigned,Unassigned,Unassigned,18S,4b
4432,a65b28e89279e61a50dc5c006fa44ce4,Ocean-lake-4b,5.0,Eukaryota,Unassigned,Unassigned,Unassigned,Unassigned,Unassigned,Unassigned,18S,4b
4433,148fffbe6e41d26322317fe6133c9227,Ocean-lake-4b,5.0,Eukaryota,Unassigned,Unassigned,Unassigned,Unassigned,Unassigned,Unassigned,18S,4b
4434,09240aa70bcda37031b63b69bf8c5756,Ocean-lake-4b,5.0,Eukaryota,Unassigned,Unassigned,Unassigned,Unassigned,Unassigned,Unassigned,18S,4b
4435,7a8988abcb245fe55485a15f28baeae9,Ocean-lake-4b,5.0,Eukaryota,Unassigned,Unassigned,Unassigned,Unassigned,Unassigned,Unassigned,18S,4b
4436,dc6310354e2fae5b7829ae8f39126da5,Ocean-lake-4b,5.0,Eukaryota,Unassigned,Unassigned,Unassigned,Unassigned,Unassigned,Unassigned,18S,4b
4437,5ab73c1c9eb861d64496c9bdbd4110a1,Ocean-lake-4b,5.0,Eukaryota,Unassigned,Unassigned,Unassigned,Unassigned,Unassigned,Unassigned,18S,4b
4438,6377097f741acc2e2cae09aa948ab2ed,Ocean-lake-4b,5.0,Bacteria,Proteobacteria,Gammaproteobacteria,Unassigned,Unassigned,Unassigned,Unassigned,18S,4b
4439,bea45d6f9938a8c6cb857f7f2f726de6,Ocean-lake-4b,5.0,Eukaryota,Euglenozoa,Euglenida,Heteronematina,Heteronematina,Petalomonas,Unassigned,18S,4b
4440,1dad9144dde712b07ae4f3cec689d82b,Ocean-lake-4b,5.0,Eukaryota,Unassigned,Unassigned,Unassigned,Unassigned,Unassigned,Unassigned,18S,4b
4441,5586fa1d3b8cf624eac64124dcfca7eb,Ocean-lake-4b,5.0,Eukaryota,Unassigned,Unassigned,Unassigned,Unassigned,Unassigned,Unassigned,18S,4b
4442,a77c9018a0c3059aa8526e26703eb361,Ocean-lake-4b,5.0,Eukaryota,Unassigned,Unassigned,Unassigned,Unassigned,Unassigned,Unassigned,18S,4b
4443,c51dbec134706843487b81bec34696e7,Ocean-lake-4b,5.0,Eukaryota,Unassigned,Unassigned,Unassigned,Unassigned,Unassigned,Unassigned,18S,4b
4444,09c067351b0c0e541bd404af7c566a48,Ocean-lake-4b,5.0,Eukaryota,Unassigned,Unassigned,Unassigned,Unassigned,Unassigned,Unassigned,18S,4b
4445,1598f05afb2bca36db79e78a6fab51b3,Ocean-lake-4b,5.0,Eukaryota,Unassigned,Unassigned,Unassigned,Unassigned,Unassigned,Unassigned,18S,4b
4446,8f7ff3cbeeb209fd0ed8bf41997b2177,Ocean-lake-4b,5.0,Unassigned,Unassigned,Unassigned,Unassigned,Unassigned,Unassigned,Unassigned,18S,4b
4447,4628d0ec4c94359be204c57c7ea80aad,Ocean-lake-4b,5.0,Eukaryota,Unassigned,Unassigned,Unassigned,Unassigned,Unassigned,Unassigned,18S,4b
4448,f9f45df5dd00efff4bf8c45cc8dd83f8,Ocean-lake-4b,5.0,Eukaryota,Unassigned,Unassigned,Unassigned,Unassigned,Unassigned,Unassigned,18S,4b
4449,76fa5c8afe768a6dde82620a7f829cca,Ocean-lake-4b,5.0,Eukaryota,Unassigned,Unassigned,Unassigned,Unassigned,Unassigned,Unassigned,18S,4b
4450,f1b9f5a62be314aea0fa47ec3cee11d6,Ocean-lake-4b,5.0,Eukaryota,Unassigned,Unassigned,Unassigned,Unassigned,Unassigned,Unassigned,18S,4b
4451,f241a50d90a31f3cfbc3a3f07ec2bb8a,Ocean-lake-4b,5.0,Eukaryota,Unassigned,Unassigned,Unassigned,Unassigned,Unassigned,Unassigned,18S,4b
4452,913f15c6e7cce1cbc3ba6b918804dbc5,Ocean-lake-4b,5.0,Eukaryota,Unassigned,Unassigned,Unassigned,Unassigned,Unassigned,Unassigned,18S,4b
4453,4d214cc8735ddf80fe9af8566c948e0f,Ocean-lake-4b,5.0,Eukaryota,Unassigned,Unassigned,Unassigned,Unassigned,Unassigned,Unassigned,18S,4b
4454,906b2411262dcc8d89068dd5ed9ebf62,Ocean-lake-4b,5.0,Eukaryota,Unassigned,Unassigned,Unassigned,Unassigned,Unassigned,Unassigned,18S,4b
4455,6520b11a69c389efd4db06c81432da8d,Ocean-lake-4b,5.0,Eukaryota,Incertae_Sedis,Incertae_Sedis,Incertae_Sedis,Incertae_Sedis,Developayella,Unassigned,18S,4b
4456,9e78e0067dd666af4c9b6c8059b987fc,Ocean-lake-4b,5.0,Eukaryota,Unassigned,Unassigned,Unassigned,Unassigned,Unassigned,Unassigned,18S,4b
4457,ba27eedd27258dc456a94c0619c37444,Ocean-lake-4b,4.0,Eukaryota,Unassigned,Unassigned,Unassigned,Unassigned,Unassigned,Unassigned,18S,4b
4458,0a7e6a054c79a598f5b066c01bc85034,Ocean-lake-4b,4.0,Eukaryota,Ochrophyta,Dictyochophyceae,Pedinellales,Pedinellales,Ciliophrys,Unassigned,18S,4b
4459,3bb40bdbf074dcd021f59795d11881a2,Ocean-lake-4b,4.0,Eukaryota,Unassigned,Unassigned,Unassigned,Unassigned,Unassigned,Unassigned,18S,4b
4460,2d3e5e9be307ce19e66932f66c950f74,Ocean-lake-4b,4.0,Eukaryota,Unassigned,Unassigned,Unassigned,Unassigned,Unassigned,Unassigned,18S,4b
4461,f6da12295e101aaeae4b9f0a9650a806,Ocean-lake-4b,4.0,Eukaryota,Unassigned,Unassigned,Unassigned,Unassigned,Unassigned,Unassigned,18S,4b
4462,8e2d326b5244d04af1a6d03b14a87bf3,Ocean-lake-4b,4.0,Eukaryota,Unassigned,Unassigned,Unassigned,Unassigned,Unassigned,Unassigned,18S,4b
4463,dc8f55159081f05932bf30ef463fa707,Ocean-lake-4b,4.0,Eukaryota,Unassigned,Unassigned,Unassigned,Unassigned,Unassigned,Unassigned,18S,4b
4464,928f64a8b58e821653e47584ceb7c87b,Ocean-lake-4b,4.0,Eukaryota,Unassigned,Unassigned,Unassigned,Unassigned,Unassigned,Unassigned,18S,4b
4465,804c16d5c9e1ed94fe93e5e31e1436fe,Ocean-lake-4b,4.0,Eukaryota,Unassigned,Unassigned,Unassigned,Unassigned,Unassigned,Unassigned,18S,4b
4466,b91fc3c4db0399f84794fa076b264e52,Ocean-lake-4b,4.0,Eukaryota,Unassigned,Unassigned,Unassigned,Unassigned,Unassigned,Unassigned,18S,4b
4467,18bb38146caf9503a8511ef34a058a87,Ocean-lake-4b,4.0,Eukaryota,Unassigned,Unassigned,Unassigned,Unassigned,Unassigned,Unassigned,18S,4b
4468,6f4462c0d8041e3192ec5a368ae39686,Ocean-lake-4b,4.0,Eukaryota,Unassigned,Unassigned,Unassigned,Unassigned,Unassigned,Unassigned,18S,4b
4469,8e4d5d0b038720e66b2f6ae5bcf0cf46,Ocean-lake-4b,4.0,Bacteria,Unassigned,Unassigned,Unassigned,Unassigned,Unassigned,Unassigned,18S,4b
4470,d9f5f74aa0e8801c97c255fca71b106b,Ocean-lake-4b,4.0,Eukaryota,Unassigned,Unassigned,Unassigned,Unassigned,Unassigned,Unassigned,18S,4b
4471,533ab0c888e746c6fe2790737e2df4d6,Ocean-lake-4b,4.0,Eukaryota,Peronosporomycetes,Peronosporomycetes,Peronosporomycetes,Peronosporomycetes,Haptoglossa,Unassigned,18S,4b
4472,ccfeefc996c5b47b5de51654fe97a888,Ocean-lake-4b,4.0,Eukaryota,Unassigned,Unassigned,Unassigned,Unassigned,Unassigned,Unassigned,18S,4b
4473,6838464cec12b5840b3cf292e784de97,Ocean-lake-4b,4.0,Eukaryota,Unassigned,Unassigned,Unassigned,Unassigned,Unassigned,Unassigned,18S,4b
4474,52efa9969b83e0f723c719c61bb5865a,Ocean-lake-4b,4.0,Eukaryota,Unassigned,Unassigned,Unassigned,Unassigned,Unassigned,Unassigned,18S,4b
4475,1b421199c85716be716e0ab9c589352a,Ocean-lake-4b,4.0,Bacteria,Unassigned,Unassigned,Unassigned,Unassigned,Unassigned,Unassigned,18S,4b
4476,46533741d7343e43dc9216c391e782c6,Ocean-lake-4b,4.0,Eukaryota,Unassigned,Unassigned,Unassigned,Unassigned,Unassigned,Unassigned,18S,4b
4477,aa3f923783d36fbd303d46d67e60617a,Ocean-lake-4b,4.0,Eukaryota,Unassigned,Unassigned,Unassigned,Unassigned,Unassigned,Unassigned,18S,4b
4478,50b8c2465a61b19ec39616193ec31ce3,Ocean-lake-4b,4.0,Eukaryota,Unassigned,Unassigned,Unassigned,Unassigned,Unassigned,Unassigned,18S,4b
4479,76c2e7fecc9c42e201f4d36915e18838,Ocean-lake-4b,4.0,Eukaryota,Unassigned,Unassigned,Unassigned,Unassigned,Unassigned,Unassigned,18S,4b
4480,1ecc87731d51f28b50e1d5e56644b097,Ocean-lake-4b,3.0,Eukaryota,Apusomonadidae,Apusomonadidae,Apusomonadidae,Apusomonadidae,Multimonas,Unassigned,18S,4b
4481,f6dcf0f5aa85492a385619423e8038a8,Ocean-lake-4b,3.0,Eukaryota,Unassigned,Unassigned,Unassigned,Unassigned,Unassigned,Unassigned,18S,4b
4482,3071437a83b4f1e5a39e4000295f7cf4,Ocean-lake-4b,3.0,Eukaryota,Unassigned,Unassigned,Unassigned,Unassigned,Unassigned,Unassigned,18S,4b
4483,228183e9eab79853860294ad9bd4393b,Ocean-lake-4b,3.0,Eukaryota,Unassigned,Unassigned,Unassigned,Unassigned,Unassigned,Unassigned,18S,4b
4484,765007c5d26997f9d0ac94b4294003ab,Ocean-lake-4b,3.0,Eukaryota,Labyrinthulomycetes,Labyrinthulomycetes,Labyrinthulomycetes,Incertae_Sedis,Stellarchytrium,Unassigned,18S,4b
4485,e8394c2afef606c20b4728a6ef136a58,Ocean-lake-4b,3.0,Eukaryota,Unassigned,Unassigned,Unassigned,Unassigned,Unassigned,Unassigned,18S,4b
4486,35e37681ca61137ca2ac9e3e73249c48,Ocean-lake-4b,2.0,Eukaryota,Unassigned,Unassigned,Unassigned,Unassigned,Unassigned,Unassigned,18S,4b
4487,b852c98172054acb0d8f7505935cb19a,Ocean-lake-4b,2.0,Eukaryota,Unassigned,Unassigned,Unassigned,Unassigned,Unassigned,Unassigned,18S,4b
