Feature ID	Taxon	Confidence
7a67662a35c24ad02e1a9c553f695752	d__Bacteria;p__Cyanobacteria;c__Cyanobacteriia;o__Chloroplast;f__Chloroplast;g__Chloroplast;s__	0.9999565610737695
76cc4e4423fe1d58c82a861e79323bd7	d__Bacteria;p__Cyanobacteria;c__Cyanobacteriia;o__Chloroplast;f__Chloroplast;g__Chloroplast;s__	0.9999361495324969
2e06738ba1ef7e3f75f0ed55e95a2bb8	d__Bacteria;p__Cyanobacteria;c__Cyanobacteriia;o__Chloroplast;f__Chloroplast;g__Chloroplast;s__	0.999927159527033
e2fc9fa8e63d8276f399c93709e08fd5	d__Bacteria;p__Cyanobacteria;c__Cyanobacteriia;o__Chloroplast;f__Chloroplast;g__Chloroplast;s__	0.9999446118310735
c3caa6e2a48f3f2ab0b049512dc8ccda	d__Bacteria;p__Cyanobacteria;c__Cyanobacteriia;o__Chloroplast;f__Chloroplast;g__Chloroplast;s__	0.9999425143932195
f1ba05821c5f68be8c7b9ecdac04497b	d__Bacteria;p__Cyanobacteria;c__Cyanobacteriia;o__Chloroplast;f__Chloroplast;g__Chloroplast;s__	0.9999607810371665
a94a729130e76c26abd07844436fdeb5	d__Bacteria;p__Cyanobacteria;c__Cyanobacteriia;o__Chloroplast;f__Chloroplast;g__Chloroplast;s__	0.9999463177070361
391bf0e54f28aa990e4fb379aeb1e27b	d__Bacteria;p__Cyanobacteria;c__Cyanobacteriia;o__Chloroplast;f__Chloroplast;g__Chloroplast;s__	0.9999627630168336
8145f5e16c5514889a111411946fdce1	d__Bacteria;p__Cyanobacteria;c__Cyanobacteriia;o__Chloroplast;f__Chloroplast;g__Chloroplast;s__	0.9999193484840552
a179e3415f06dd7c5c01716613869de8	d__Bacteria;p__Cyanobacteria;c__Cyanobacteriia;o__Chloroplast;f__Chloroplast;g__Chloroplast;s__	0.9999465985090911
d9b68c2801789e5033af524e9579bc6c	d__Bacteria;p__Cyanobacteria;c__Cyanobacteriia;o__Synechococcales;f__Cyanobiaceae;g__Synechococcus_CC9902;s__	0.9498059405758033
e3a9f12464238cd45ef04be10f3221cc	d__Bacteria;p__Cyanobacteria;c__Cyanobacteriia;o__Synechococcales;f__Cyanobiaceae;g__Synechococcus_CC9902;s__	0.9572875217805015
6f1acc90123cbf55ff12a937e937378f	d__Bacteria;p__Proteobacteria;c__Alphaproteobacteria;o__Rhodobacterales;f__Rhodobacteraceae	0.9999766634843192
5867104194c871f7bcbf25f8a84e01f9	d__Bacteria;p__Cyanobacteria;c__Cyanobacteriia;o__Synechococcales;f__Cyanobiaceae;g__Synechococcus_CC9902;s__	0.9336881294849142
615c84c753ad586852541e8d7c4a56a2	d__Bacteria;p__Cyanobacteria;c__Cyanobacteriia;o__Synechococcales;f__Cyanobiaceae;g__Cyanobium_PCC-6307;s__	0.9067915493751322
2114195f7deaec4ce89b00725659cabf	d__Bacteria;p__Cyanobacteria;c__Cyanobacteriia;o__Synechococcales;f__Cyanobiaceae;g__Cyanobium_PCC-6307;s__	0.8687800022988194
2384db2d6d49bf5aa86c9a23542b4f39	d__Bacteria;p__Cyanobacteria;c__Cyanobacteriia;o__Chloroplast;f__Chloroplast;g__Chloroplast;s__	0.9999080954291238
7483ba9c65f3060172cad674add02163	d__Bacteria;p__Proteobacteria;c__Gammaproteobacteria;o__Pseudomonadales;f__Halieaceae;g__OM60(NOR5)_clade;s__	0.8282828615805389
30409ab8de31707cb4bd8310b08e40d4	d__Bacteria;p__Proteobacteria;c__Alphaproteobacteria;o__Rhodobacterales;f__Rhodobacteraceae	0.999884528576133
f342c8d7070cb66e871be0c9d05ff96e	d__Bacteria;p__Proteobacteria;c__Alphaproteobacteria;o__Rhodospirillales;f__AEGEAN-169_marine_group;g__AEGEAN-169_marine_group;s__	0.9996042854508699
1508ed417c566944af90f460dfae298c	d__Bacteria;p__Proteobacteria;c__Alphaproteobacteria;o__Rhodospirillales;f__AEGEAN-169_marine_group;g__AEGEAN-169_marine_group;s__	0.9992510994680882
11a50f916fbeebd53a431e8470460a14	d__Bacteria;p__Proteobacteria;c__Gammaproteobacteria;o__Pseudomonadales;f__Halieaceae;g__OM60(NOR5)_clade;s__	0.8252631917896364
216fe8337c03cae9ed97652a9258ad62	d__Bacteria;p__Cyanobacteria;c__Cyanobacteriia;o__Chloroplast;f__Chloroplast;g__Chloroplast;s__	0.990039085066678
58a58486e709fa496dd18a6ef65143f8	d__Bacteria;p__Actinobacteriota;c__Actinobacteria;o__Frankiales;f__Sporichthyaceae	0.9999840770112932
5a66bdde7cceb85406a90baaaa7569b5	d__Bacteria;p__Desulfobacterota;c__Desulfobacteria;o__Desulfobacterales;f__Desulfosarcinaceae;g__uncultured;s__	0.865628466048778
d0cd7a58b82ebe8aca394ba8fe8b7917	d__Bacteria;p__Cyanobacteria;c__Cyanobacteriia;o__Chloroplast;f__Chloroplast;g__Chloroplast;s__	0.9905639634478496
acc5e4c9c2d47752676a21e7b1538a76	d__Bacteria;p__Actinobacteriota;c__Acidimicrobiia;o__Microtrichales;f__Ilumatobacteraceae	0.9997877102925916
4b4b7c840d08128c0d56f51b17c2962a	d__Bacteria;p__Planctomycetota;c__Planctomycetes;o__Planctomycetales;f__Rubinisphaeraceae;g__uncultured;s__	0.9997648179618692
2c85718b65504152b771bdcdecb47332	d__Bacteria;p__Proteobacteria;c__Gammaproteobacteria;o__Enterobacterales;f__Vibrionaceae	0.999904153418458
bd786103272d12037e5554bdd0eae589	d__Bacteria;p__Bacteroidota;c__Bacteroidia;o__Flavobacteriales	0.9837518817317528
eee88cac1501937235073af05ace1427	d__Bacteria;p__Proteobacteria;c__Alphaproteobacteria;o__Rhizobiales;f__Rhizobiales_Incertae_Sedis;g__uncultured;s__	0.8864610905145448
602256abe201bd47abeafa91db0e2499	d__Bacteria;p__Proteobacteria;c__Alphaproteobacteria;o__Rhizobiales;f__Rhizobiales_Incertae_Sedis;g__uncultured;s__	0.9051047800544838
79df7438686fcd4adbd56a8cd92847ea	d__Bacteria;p__Planctomycetota;c__Planctomycetes;o__Pirellulales;f__Pirellulaceae;g__Rubripirellula;s__	0.9987670144095363
935ef60f7423e7669e69b6bd0212f4f7	d__Bacteria;p__Bacteroidota;c__Bacteroidia;o__Flavobacteriales;f__Flavobacteriaceae;g__Aquibacter;s__	0.7860783850164674
a765b3c2110496dff8576d1e0048b447	d__Bacteria;p__Actinobacteriota;c__Acidimicrobiia;o__Microtrichales;f__Ilumatobacteraceae	0.9973345930769999
a0aa0417f7eff21c194651c53cafdb58	d__Bacteria;p__Bacteroidota;c__Bacteroidia;o__Sphingobacteriales;f__NS11-12_marine_group;g__NS11-12_marine_group;s__	0.9333632043675609
26d1fdcb438006fa2f903da310c1fbc3	d__Bacteria;p__Proteobacteria;c__Alphaproteobacteria;o__Acetobacterales;f__Acetobacteraceae	0.9996129194827397
41a16213fe9d7430ff86dddb8cf64656	d__Bacteria;p__Verrucomicrobiota;c__Verrucomicrobiae;o__Pedosphaerales;f__Pedosphaeraceae	0.9918617076980982
474cbb4a4164aa210757188706628396	d__Bacteria;p__Proteobacteria;c__Alphaproteobacteria;o__Acetobacterales;f__Acetobacteraceae	0.9995340113774706
37e8ead35ba2e7fd71ce6f59a5657a11	d__Bacteria;p__Planctomycetota;c__Planctomycetes;o__Planctomycetales;f__Rubinisphaeraceae;g__uncultured;s__	0.9995994664678679
1e66eb11077b8b80e21f48b5bff68704	d__Bacteria;p__Cyanobacteria;c__Cyanobacteriia;o__Chloroplast;f__Chloroplast;g__Chloroplast;s__	0.9891292890452607
dc5f817a927fafc2ca08dbcc2f9f246b	d__Bacteria;p__Proteobacteria;c__Gammaproteobacteria;o__Pseudomonadales;f__Litoricolaceae;g__Litoricola;s__	0.9997234862276856
f8c0a524de1089bba610ccd739344b6d	d__Bacteria;p__Proteobacteria;c__Gammaproteobacteria;o__Burkholderiales;f__Nitrosomonadaceae	0.8910631105579921
4ae64d59f555d0f0d2926534262d5432	d__Bacteria;p__Proteobacteria;c__Alphaproteobacteria;o__Rhodobacterales;f__Rhodobacteraceae	0.9407426292175761
40ba3c1aa09d3a8cce37ac18193eb531	d__Bacteria;p__Proteobacteria;c__Alphaproteobacteria;o__Rhizobiales;f__Beijerinckiaceae	0.9367144915062595
651648fbfa525dcb6fb4fa9fe78a1797	d__Bacteria;p__Desulfobacterota;c__Desulfuromonadia;o__PB19;f__PB19;g__PB19;s__	0.9968032518634843
280546b7a3ea14b1c53f066f98e8a780	d__Bacteria;p__Proteobacteria;c__Gammaproteobacteria;o__Burkholderiales;f__MWH-UniP1_aquatic_group;g__MWH-UniP1_aquatic_group;s__	0.9991467832713432
ee53abd565a5fe40aa87ed1d54cde184	d__Bacteria;p__Cyanobacteria;c__Cyanobacteriia;o__Synechococcales;f__Cyanobiaceae;g__Cyanobium_PCC-6307;s__	0.9984890205045701
dc917b290d5a2df40220e48a864fd709	d__Bacteria;p__Cyanobacteria;c__Cyanobacteriia;o__Chloroplast;f__Chloroplast;g__Chloroplast;s__	0.9999141536126455
0ba6d5ecc95a82e0150e1dc653f69bb2	d__Bacteria;p__SAR324_clade(Marine_group_B);c__SAR324_clade(Marine_group_B);o__SAR324_clade(Marine_group_B);f__SAR324_clade(Marine_group_B);g__SAR324_clade(Marine_group_B);s__	0.9906416430391032
b9ef3e1976c0dddfd7cc916fdc4ecf8a	d__Bacteria;p__Proteobacteria;c__Gammaproteobacteria;o__Pseudomonadales;f__Pseudohongiellaceae;g__Pseudohongiella;s__	0.9998427879217693
debf4fce6d8f508aa8c602354ff9fd14	d__Bacteria;p__Cyanobacteria;c__Cyanobacteriia;o__Chloroplast;f__Chloroplast;g__Chloroplast;s__	0.9195383294917635
1af00457c4c79a07544d354737f23a7b	d__Bacteria;p__Cyanobacteria;c__Cyanobacteriia;o__Chloroplast;f__Chloroplast;g__Chloroplast;s__	0.9928453981995801
8ce05c8c495067b1090cc88bfec88e9b	d__Bacteria;p__Actinobacteriota;c__Actinobacteria;o__Micrococcales;f__Microbacteriaceae;g__Candidatus_Aquiluna;s__	0.9869388933406417
184797279cc3a7656cf1129a907ea3fa	d__Bacteria;p__Cyanobacteria;c__Cyanobacteriia;o__Chloroplast;f__Chloroplast;g__Chloroplast;s__	0.8997595188830096
0e1bfd0ee528e5463177ce2fe619c5b9	d__Bacteria;p__Proteobacteria;c__Gammaproteobacteria;o__Pseudomonadales	0.9992285854253935
532a63a809461d05c0379584c386b37c	d__Bacteria;p__Cyanobacteria;c__Cyanobacteriia;o__Chloroplast;f__Chloroplast;g__Chloroplast;s__	0.9999639194535395
84c26369fb960d440de8c39124a5cc00	d__Bacteria;p__Proteobacteria;c__Gammaproteobacteria;o__Enterobacterales;f__Vibrionaceae;g__Thaumasiovibrio;s__	0.996154031794187
9b027540621376c8e0b682720b523902	d__Bacteria;p__Cyanobacteria;c__Cyanobacteriia;o__Synechococcales;f__Cyanobiaceae;g__Cyanobium_PCC-6307;s__	0.9618984408251667
7bbabcdd78bb2bb68d5f71e71dac3126	d__Bacteria;p__Bacteroidota;c__Bacteroidia;o__Flavobacteriales;f__Cryomorphaceae;g__uncultured;s__	0.9990412485941427
f070337cb0d512394d60480f2b66b761	d__Bacteria;p__Bacteroidota;c__Bacteroidia;o__Flavobacteriales;f__Crocinitomicaceae;g__Fluviicola;s__	0.9418421059319517
8776b1c43d10097701ba80c43932e282	d__Bacteria;p__Acidobacteriota;c__Vicinamibacteria;o__Vicinamibacterales;f__uncultured;g__uncultured;s__	0.9998482804361242
7a809c1fa56b31b922d153aca924ec62	d__Bacteria;p__Planctomycetota;c__Planctomycetes;o__Pirellulales;f__Pirellulaceae;g__Rubripirellula;s__	0.999420134141786
d3cd4aa0d66bcf4fb174677d296d487c	d__Bacteria;p__Proteobacteria;c__Gammaproteobacteria;o__Burkholderiales;f__Nitrosomonadaceae	0.9232320811494785
25671d6851f287cbf801e297fa411651	d__Bacteria;p__Proteobacteria;c__Alphaproteobacteria;o__Rhizobiales;f__Stappiaceae;g__Stappiaceae;s__	0.961749829135547
a04b8f54ca3d935e024047fcdb81cb34	d__Bacteria;p__Proteobacteria;c__Alphaproteobacteria;o__Rhizobiales;f__Stappiaceae;g__Stappiaceae;s__	0.9469964825042863
3bb7602a5822221ffdbd55266d87a94a	d__Bacteria;p__Acidobacteriota;c__Vicinamibacteria;o__Vicinamibacterales;f__uncultured;g__uncultured;s__	0.9711627115832929
64007ed1f563bd50b266faf295f99139	d__Bacteria;p__Proteobacteria;c__Alphaproteobacteria;o__Rhodobacterales;f__Rhodobacteraceae	0.9993427523247287
080361f2074d9c1560e005a0257b7784	d__Bacteria;p__Proteobacteria;c__Gammaproteobacteria;o__Burkholderiales;f__Burkholderiaceae	0.98042764113551
c4d2b0f6786d980f0ea9a596e682da47	d__Bacteria;p__Bacteroidota;c__Bacteroidia;o__Chitinophagales;f__Chitinophagaceae	0.9999257184712445
3bc129284718de0ca4a3fc44026b9432	d__Bacteria;p__Proteobacteria;c__Gammaproteobacteria;o__Pseudomonadales;f__Halieaceae	0.9995260112835505
8e295f8ef43051fe5dcfcc1f1e9e174e	d__Bacteria;p__Proteobacteria;c__Gammaproteobacteria;o__Burkholderiales;f__MWH-UniP1_aquatic_group;g__MWH-UniP1_aquatic_group;s__	0.9955594661793391
36c2cf0d4ce79ca4f7fb1ff3d20466d0	d__Bacteria;p__Proteobacteria;c__Gammaproteobacteria;o__Pseudomonadales;f__Halieaceae;g__OM60(NOR5)_clade;s__	0.910877266955413
5050e1b453ce54b5804756f695a11396	d__Bacteria;p__Cyanobacteria;c__Cyanobacteriia;o__Synechococcales;f__Cyanobiaceae;g__Cyanobium_PCC-6307;s__	0.9471960310363875
1b91b8ed559e280b4754f05e3288f1ec	d__Bacteria;p__Campylobacterota;c__Campylobacteria;o__Campylobacterales;f__Sulfurovaceae;g__Sulfurovum;s__	0.999774711354464
86af44b65f30e93cf5d9964f62f5eca9	d__Bacteria;p__Proteobacteria;c__Gammaproteobacteria;o__Pseudomonadales;f__Halieaceae;g__OM60(NOR5)_clade;s__	0.8442596581018458
e79f4bd136281e64ca97be795598e9dd	d__Bacteria;p__Bdellovibrionota;c__Oligoflexia;o__Oligoflexales;f__Oligoflexaceae;g__Pseudobacteriovorax;s__	0.9933232151346609
c2bcdf835bcd3f44b8dd055920a14a6e	d__Bacteria;p__Planctomycetota;c__Planctomycetes;o__Planctomycetales;f__Rubinisphaeraceae;g__Planctomicrobium;s__	0.9990493965420555
a55e816e9176801a058fc60c9be2ed8d	d__Bacteria;p__Bacteroidota;c__Bacteroidia;o__Flavobacteriales	0.9828984420283426
f50cd182c69f0c54be1339b8a9503021	d__Bacteria;p__Proteobacteria;c__Gammaproteobacteria;o__Enterobacterales;f__Pseudoalteromonadaceae;g__Pseudoalteromonas;s__	0.99973555494763
f2165b309a00a791a430aed160732576	d__Bacteria;p__Cyanobacteria;c__Cyanobacteriia;o__Chloroplast;f__Chloroplast;g__Chloroplast;s__	0.9999693872924706
29dc7f1bba8c6c183ccb89880ae5a06b	d__Bacteria;p__Proteobacteria;c__Gammaproteobacteria;o__Burkholderiales	0.9999730174837019
d0b49959611ea19020b79f70f48229fc	d__Bacteria;p__Proteobacteria;c__Gammaproteobacteria;o__Pseudomonadales;f__Halieaceae;g__OM60(NOR5)_clade;s__	0.847671421577286
1bb42a22d7c273cace52c1d83dc0583e	d__Bacteria;p__Desulfobacterota;c__Desulfuromonadia;o__Desulfuromonadales	0.9923480639222949
af558fe3c71eb5df11193e6e4b89ab15	d__Bacteria;p__Proteobacteria;c__Alphaproteobacteria;o__Rhodobacterales;f__Rhodobacteraceae	0.9766801354494156
f34c049cafabf6747654eb44cf153d82	d__Bacteria;p__Cyanobacteria;c__Cyanobacteriia;o__Chloroplast;f__Chloroplast;g__Chloroplast;s__	0.9914363994693121
e9aecff8dcec879576ad958b3cb624c4	d__Bacteria;p__Actinobacteriota;c__Actinobacteria;o__Micrococcales;f__Microbacteriaceae	0.9997205567089906
6959cd643544eb382ec3614c80560a22	d__Bacteria;p__Proteobacteria;c__Alphaproteobacteria;o__Rhodobacterales;f__Rhodobacteraceae	0.9980248846777047
ab858886d68e14b71ffbaeccd59ef13d	d__Bacteria;p__Proteobacteria;c__Alphaproteobacteria;o__SAR11_clade;f__Clade_I;g__Clade_Ia;s__	0.8815929034777743
e942dd6afaaeb8f8441524baa1959993	d__Bacteria;p__Proteobacteria;c__Gammaproteobacteria;o__Pseudomonadales;f__Halieaceae;g__OM60(NOR5)_clade;s__	0.82311501769697
344bfb1f23f026d44d9bbf0db674c4b6	d__Bacteria;p__Bacteroidota;c__Bacteroidia;o__Flavobacteriales;f__Flavobacteriaceae;g__Robiginitalea;s__	0.9999977111784848
4befb424a392fb162e2701727ce4202e	d__Bacteria;p__Proteobacteria;c__Gammaproteobacteria	0.9964035023448594
92c09a6f1898b65d7af8b317b19d8557	d__Bacteria;p__Proteobacteria;c__Alphaproteobacteria;o__Rhizobiales;f__Xanthobacteraceae	0.9908976879409359
5510490cd0b58fccc100e072cb048895	d__Bacteria;p__Actinobacteriota;c__Actinobacteria;o__Micrococcales;f__Microbacteriaceae	0.9997591390500957
90681ba58a195f80e61a3e972172070d	d__Archaea;p__Nanoarchaeota;c__Nanoarchaeia;o__Woesearchaeales;f__Woesearchaeales;g__Woesearchaeales;s__	0.9991088161996347
8dfba2d529439fb462aae1344eced583	d__Bacteria;p__Cyanobacteria;c__Cyanobacteriia;o__Synechococcales;f__Cyanobiaceae;g__Cyanobium_PCC-6307;s__	0.7623015467481596
77d3b79630bd68a57f2a828fdc185eba	d__Bacteria;p__Desulfobacterota;c__Desulfobulbia;o__Desulfobulbales;f__Desulfocapsaceae	0.9945212677892604
591f69b0f54faa9c4d66f5eacb221a1b	d__Bacteria;p__Actinobacteriota;c__Actinobacteria;o__Frankiales;f__Sporichthyaceae	0.9999862431940965
02050ad4ffbcd2163b809040d5bbe638	d__Bacteria;p__Proteobacteria;c__Alphaproteobacteria;o__Rickettsiales;f__Mitochondria;g__Mitochondria;s__	0.9764285547645317
288822ce62594db9edc02d8cefdc48b3	d__Bacteria;p__Bacteroidota;c__Bacteroidia;o__Chitinophagales;f__Chitinophagaceae;g__Terrimonas;s__	0.9009644743748682
fbd67f533b85f7453e3608c8ff10ff6d	d__Bacteria;p__Proteobacteria;c__Gammaproteobacteria;o__Enterobacterales;f__Vibrionaceae	0.9996914713673053
a8cf027e2367ec0d1e4ae8c507fd47e5	d__Bacteria;p__Bacteroidota;c__Bacteroidia;o__Flavobacteriales;f__Flavobacteriaceae;g__Formosa;s__	0.8614212894976201
e4b139f03bd2e774972e05b6a5942278	d__Bacteria;p__Desulfobacterota;c__Desulfobacteria;o__Desulfobacterales;f__Desulfosarcinaceae	0.9810815103866233
800a6020f45052cfe44bc1b8e9a092f0	d__Bacteria;p__Cyanobacteria;c__Cyanobacteriia;o__Synechococcales;f__Cyanobiaceae;g__Cyanobium_PCC-6307;s__	0.8651383409489338
fd2a56458a99b0d6175af2566ca33b31	d__Bacteria;p__Proteobacteria;c__Alphaproteobacteria;o__SAR11_clade;f__Clade_I	0.9990170409452019
16a028aa8a27150eef70ea770d1d1c9d	d__Bacteria;p__Cyanobacteria;c__Cyanobacteriia;o__Chloroplast;f__Chloroplast;g__Chloroplast;s__	0.9999079270356417
97ca8c102e9b69b13d275c7b18e26e94	d__Bacteria;p__Planctomycetota;c__Planctomycetes;o__Pirellulales;f__Pirellulaceae;g__uncultured;s__	0.8921643618719557
bfb4a29593a49b6fde1e32812c0bfa9b	d__Bacteria;p__Proteobacteria;c__Gammaproteobacteria;o__Steroidobacterales;f__Woeseiaceae;g__Woeseia;s__	0.7872268939672106
98dc15ae7181e206379fed0f456b3b0a	d__Bacteria;p__Proteobacteria;c__Gammaproteobacteria	0.997087776540936
6041aba98fa23012517541f5448465b5	d__Bacteria;p__Proteobacteria;c__Alphaproteobacteria;o__Rickettsiales;f__Mitochondria;g__Mitochondria;s__	0.7730729131695352
2555de6497e55efbe462983bce595953	d__Bacteria;p__Proteobacteria;c__Gammaproteobacteria;o__Burkholderiales;f__TRA3-20;g__TRA3-20;s__	0.9724773335436737
bfcd130770220028e271cc9dfbd491ce	d__Bacteria;p__Proteobacteria;c__Gammaproteobacteria;o__Steroidobacterales;f__Woeseiaceae;g__Woeseia;s__	0.7688790414865754
12376daa686892f33112b40614b9559a	d__Bacteria;p__Bacteroidota;c__Bacteroidia	0.9998249436092272
27cf5cb17c29cc85d54c98e5b1f3bd24	d__Bacteria;p__Proteobacteria;c__Alphaproteobacteria;o__Rhizobiales;f__Hyphomicrobiaceae	0.952619252401596
891b7c7f753e468ed46cc13c95d18162	d__Bacteria;p__Bacteroidota;c__Bacteroidia;o__Flavobacteriales;f__Flavobacteriaceae	0.9999739490296953
4b796e32098a31b42694e3e2f1773aa2	d__Bacteria;p__Bacteroidota;c__Bacteroidia;o__Chitinophagales;f__Chitinophagaceae;g__Sediminibacterium;s__	0.9924928072744038
976477bd65b696f16ad6336b579512cd	d__Bacteria;p__Actinobacteriota;c__Acidimicrobiia;o__Actinomarinales;f__Actinomarinaceae;g__Candidatus_Actinomarina;s__	0.999999942487621
2dbd82e9f15cceb8df479fde9243c868	d__Bacteria;p__Proteobacteria;c__Alphaproteobacteria;o__SAR11_clade;f__Clade_III;g__Clade_III;s__	0.999999962589471
ea1100a1158f220ec1cc00c20e22e0a3	d__Bacteria;p__Proteobacteria;c__Alphaproteobacteria;o__Rhizobiales;f__Hyphomicrobiaceae;g__Pedomicrobium;s__	0.8997185246478955
4c3747409ac2661b2f265457be9c0931	d__Bacteria;p__Verrucomicrobiota;c__Verrucomicrobiae;o__Pedosphaerales;f__Pedosphaeraceae;g__uncultured;s__	0.999406653257646
dea77a14de7bcfbd1601ddab088626ce	d__Bacteria;p__Bacteroidota;c__Bacteroidia;o__Chitinophagales;f__Saprospiraceae;g__Aureispira;s__	0.9969541314891156
17f1e8013d28b4803b7a3ae6ca181834	d__Bacteria;p__Planctomycetota;c__Phycisphaerae;o__Phycisphaerales;f__Phycisphaeraceae;g__CL500-3;s__	0.9650161435355531
ccb612d9da0be39a5b601cffe4f8d45b	d__Bacteria;p__Proteobacteria;c__Gammaproteobacteria	0.9185659518468664
8d4084a5c3cf29ac3b68d3c6d4862d61	d__Bacteria;p__Proteobacteria;c__Gammaproteobacteria;o__Pseudomonadales;f__Halieaceae;g__Halioglobus;s__	0.7085649062632793
280836e330ea429763b2a93fd4e52284	d__Bacteria;p__Proteobacteria;c__Gammaproteobacteria;o__Burkholderiales;f__TRA3-20;g__TRA3-20;s__	0.9728477652808465
f2f556834fcd07e494e840aac5968652	d__Bacteria;p__Proteobacteria;c__Alphaproteobacteria;o__Rhizobiales;f__Hyphomicrobiaceae;g__Filomicrobium;s__	0.8673585353468615
47f868c9221d785a618a9f74e0b7da97	d__Bacteria;p__Proteobacteria;c__Gammaproteobacteria;o__Burkholderiales;f__Burkholderiaceae;g__Polynucleobacter;s__	0.9986125888012274
731607eed6915b901c31c31c8be72eae	d__Bacteria;p__Actinobacteriota;c__Acidimicrobiia;o__Actinomarinales;f__Actinomarinaceae;g__Candidatus_Actinomarina;s__	0.9999999689033251
914815fecd18328702303f77722b5e15	d__Bacteria;p__Acidobacteriota;c__Vicinamibacteria;o__Vicinamibacterales;f__uncultured;g__uncultured;s__	0.9999171460292521
3c8640de44c0bf521909bc6a8d344289	d__Bacteria;p__Actinobacteriota;c__Actinobacteria;o__Frankiales;f__Sporichthyaceae;g__hgcI_clade;s__	0.8712859368396367
65ce921c86e4cab041a11adc70e9ca48	d__Bacteria;p__Actinobacteriota;c__Acidimicrobiia;o__Microtrichales;f__Ilumatobacteraceae;g__Ilumatobacteraceae;s__	0.863035164190333
223bc9cc8ab060bcf3445bdd995154ca	d__Bacteria;p__Proteobacteria;c__Alphaproteobacteria;o__Rickettsiales;f__Mitochondria;g__Mitochondria;s__	0.8225737016017438
f804ab5c1d99eba6145bbd26c73896dc	d__Bacteria;p__Bacteroidota;c__Bacteroidia;o__Flavobacteriales;f__NS9_marine_group;g__NS9_marine_group;s__	0.7394009163987003
93cbf3493fe4b463bf35af341bff623b	d__Bacteria;p__Acidobacteriota;c__Vicinamibacteria;o__Vicinamibacterales;f__uncultured;g__uncultured;s__	0.9596503161449486
e305df1c7e75a7be3435165f40bb1c2a	d__Bacteria;p__Proteobacteria;c__Gammaproteobacteria;o__Burkholderiales;f__Methylophilaceae;g__Candidatus_Methylopumilus;s__	0.9655389633355219
9b86422917b7e359598489225b0f5e05	d__Bacteria;p__Bacteroidota;c__Bacteroidia;o__Flavobacteriales;f__Flavobacteriaceae;g__Muriicola;s__	0.981988537384086
2690f26d72b2bec2360383a792c0c9de	d__Bacteria;p__Bacteroidota;c__Bacteroidia;o__Chitinophagales;f__Saprospiraceae	0.9981249167968647
944edbc24b44e8a800d37f12e12c0a80	d__Bacteria;p__Cyanobacteria;c__Cyanobacteriia;o__Chloroplast;f__Chloroplast;g__Chloroplast;s__	0.9999065199656683
7bba0204fa8009f0dbe6ea395f2d6520	d__Bacteria;p__Actinobacteriota;c__Acidimicrobiia;o__Microtrichales;f__Ilumatobacteraceae	0.9982585845802211
afd9d44c84fe96150ecd36f4077ad3cb	d__Bacteria;p__Proteobacteria;c__Gammaproteobacteria;o__Burkholderiales;f__Comamonadaceae	0.9901015841956956
cc32b1911eaec7dd888daa7c6e9a89be	d__Bacteria;p__Planctomycetota;c__Phycisphaerae;o__Phycisphaerales;f__Phycisphaeraceae;g__CL500-3;s__	0.9681724700145123
89a8659c2a2a2057c9b18b35a4a69d89	d__Bacteria;p__Proteobacteria;c__Gammaproteobacteria;o__Pseudomonadales;f__OM182_clade;g__OM182_clade;s__	0.9998439214985246
e5fee45c0914d42e7c63e4f328d8ed64	d__Bacteria;p__Proteobacteria;c__Gammaproteobacteria;o__B2M28;f__B2M28;g__B2M28;s__	0.9916187985528577
4bc0d3f1bd5f0ca75ca8b9b257d66f50	d__Bacteria;p__Proteobacteria;c__Alphaproteobacteria;o__Rickettsiales;f__Mitochondria;g__Mitochondria;s__	0.9821220336964664
1a3b1183a03f6761cbdea545c9559836	d__Bacteria;p__Proteobacteria;c__Gammaproteobacteria;o__Burkholderiales;f__Methylophilaceae;g__Candidatus_Methylopumilus;s__	0.9125135280205809
3d9cd0ca553e0a3e1efd64e89f04290f	d__Bacteria;p__Chloroflexi;c__KD4-96;o__KD4-96;f__KD4-96;g__KD4-96;s__	0.9997944954933133
866299990579e4c80007d4e5e569a3ba	d__Bacteria;p__Planctomycetota;c__Phycisphaerae;o__Phycisphaerales;f__Phycisphaeraceae;g__CL500-3;s__	0.9812904558749019
cf89c1a62d9dda77fa716a025ab9c3f5	d__Bacteria;p__Proteobacteria;c__Gammaproteobacteria;o__CCD24;f__CCD24;g__CCD24;s__	0.9995922374838504
fb97eb1dde73a56cafc20a72252cfe4e	d__Bacteria;p__Proteobacteria;c__Gammaproteobacteria;o__Pseudomonadales;f__SAR86_clade;g__SAR86_clade;s__	0.9643290869417526
e65b6b9fa492374e113d5a1e6eb004ea	d__Bacteria;p__Cyanobacteria;c__Cyanobacteriia;o__Chloroplast;f__Chloroplast;g__Chloroplast;s__	0.9998660515381216
3ffd03dfce8eca519bcf63c48233c03b	d__Bacteria;p__Bacteroidota;c__Bacteroidia;o__Flavobacteriales;f__Flavobacteriaceae;g__Robiginitalea;s__	0.999997304397534
d85be576fdd3c9f871746a6d2b5e8555	d__Bacteria;p__Proteobacteria;c__Gammaproteobacteria;o__Burkholderiales;f__TRA3-20;g__TRA3-20;s__	0.9704921287919451
50d61f8a5b1089bc63ceae9efd3dd371	d__Bacteria;p__Bacteroidota;c__Bacteroidia;o__Cytophagales;f__Spirosomaceae;g__Pseudarcicella;s__	0.9999990478967774
f99b319e20f02984360446854b272873	d__Bacteria;p__Proteobacteria;c__Alphaproteobacteria;o__Rhizobiales;f__Xanthobacteraceae	0.9934888651009544
c762630536b5d5def62b995f67be5b5a	d__Bacteria;p__Proteobacteria;c__Gammaproteobacteria;o__Burkholderiales;f__Nitrosomonadaceae	0.8891289931908782
c57a22dffddb468fe2a83d4f54001fd7	d__Bacteria;p__Chloroflexi;c__KD4-96;o__KD4-96;f__KD4-96;g__KD4-96;s__	0.9970526728597138
62c65064cfda947ce40f558fcd4ec170	d__Bacteria;p__Bacteroidota;c__Bacteroidia;o__Flavobacteriales;f__Flavobacteriaceae	0.9997885930098735
37fd131036101ad2344207dff1dcae8f	d__Bacteria;p__Actinobacteriota;c__Actinobacteria;o__PeM15;f__PeM15;g__PeM15;s__	0.981132740967758
8dfd3941da45560af84b14538d6b69c0	d__Bacteria;p__Cyanobacteria;c__Cyanobacteriia;o__Cyanobacteriales;f__Cyanobacteriaceae;g__Symphothece_PCC-7002;s__	0.9997284674643163
5d62e1de9f8b39a0c2eee5a6880b971a	d__Bacteria;p__Cyanobacteria;c__Cyanobacteriia;o__Chloroplast;f__Chloroplast;g__Chloroplast;s__	0.9998966574895225
3e505dedf89f3c9890c8903c8744e04f	d__Bacteria;p__Actinobacteriota;c__Thermoleophilia;o__Gaiellales;f__uncultured;g__uncultured;s__	0.981398903660163
d31c2538d7797e232d5a409419597344	d__Bacteria;p__Proteobacteria;c__Alphaproteobacteria;o__Rhodobacterales;f__Rhodobacteraceae	0.9999278406105723
df53ffbec5794c0c24f03b2313343072	d__Bacteria;p__Proteobacteria;c__Gammaproteobacteria;o__Gammaproteobacteria_Incertae_Sedis;f__Unknown_Family;g__Marinicella;s__	0.999957823746442
54f2eaa9238e7b76cb144e039a5593f7	d__Bacteria;p__Proteobacteria;c__Gammaproteobacteria;o__B2M28;f__B2M28;g__B2M28;s__	0.9937499997624766
1a778d0209ae5b70e54b37cadb3cbc59	d__Bacteria;p__Proteobacteria;c__Gammaproteobacteria;o__CCD24;f__CCD24;g__CCD24;s__	0.9993104172689445
080442e38555cae2bfdf6f4474324116	d__Bacteria;p__Actinobacteriota;c__Thermoleophilia;o__Gaiellales;f__uncultured;g__uncultured;s__	0.9902556906758917
68b29db400619da240e010f5727e12c4	d__Bacteria;p__Proteobacteria;c__Gammaproteobacteria;o__Pseudomonadales;f__Spongiibacteraceae;g__BD1-7_clade;s__	0.9403150326842811
dd72258acedd6d827123b6afed9a06f9	d__Bacteria;p__Proteobacteria;c__Gammaproteobacteria;o__Pseudomonadales;f__Endozoicomonadaceae;g__Endozoicomonas;s__	0.9990291917621933
7cef6bee54c1ecf03af4a5c6426946f5	d__Bacteria;p__Proteobacteria;c__Gammaproteobacteria;o__Burkholderiales;f__Methylophilaceae;g__OM43_clade;s__	0.9121713904775482
ff9f6eec178da0a915898a3c9d664e3b	d__Bacteria;p__Proteobacteria;c__Gammaproteobacteria	0.9963233625587646
98f25dc1fbf976ce606a8d91f19a9097	d__Bacteria;p__Proteobacteria;c__Gammaproteobacteria;o__Pseudomonadales;f__Endozoicomonadaceae;g__Endozoicomonas;s__	0.9993676236133991
061234c3c60a6e2a05f9728fd4abbe37	d__Bacteria;p__Bacteroidota;c__Bacteroidia;o__Chitinophagales;f__Saprospiraceae	0.9983660736594309
93c2b4545be90892ed963596825f86d0	d__Bacteria;p__Actinobacteriota;c__Actinobacteria;o__Frankiales;f__Sporichthyaceae;g__hgcI_clade;s__	0.9500244322304904
982014c21071240155b66fcc319ad75a	d__Bacteria;p__Proteobacteria;c__Alphaproteobacteria;o__Rhizobiales;f__Beijerinckiaceae	0.972243163913845
98912a513f3a2008aee95eece680c8d7	d__Bacteria;p__Bacteroidota;c__Bacteroidia;o__Sphingobacteriales;f__NS11-12_marine_group;g__NS11-12_marine_group;s__	0.9949840134437111
5475034ff06592320d9bce862a97789d	d__Bacteria;p__Verrucomicrobiota;c__Verrucomicrobiae;o__Opitutales;f__Opitutaceae;g__Cephaloticoccus;s__	0.8158623306290782
d840364f2d91ba0888687dc52997888d	d__Bacteria;p__Planctomycetota;c__Phycisphaerae;o__Phycisphaerales;f__Phycisphaeraceae;g__CL500-3;s__	0.9964278038867392
b4ec1e5727c38d955c18e9cc6bcd798a	d__Bacteria;p__Proteobacteria;c__Gammaproteobacteria;o__Pseudomonadales;f__Halieaceae	0.9994600662616393
f66c48faac8dfcb21f546d9e4277dd60	d__Bacteria;p__Cyanobacteria;c__Cyanobacteriia;o__Chloroplast;f__Chloroplast;g__Chloroplast;s__	0.9921590277971344
ae28f1e66839c826f0f20ca48acdadbf	d__Bacteria;p__Proteobacteria;c__Gammaproteobacteria;o__CCD24;f__CCD24;g__CCD24;s__	0.999529864610771
42ceb665dd5c4679fba23b54fda37be2	d__Bacteria;p__Proteobacteria;c__Gammaproteobacteria;o__Pseudomonadales;f__Litoricolaceae;g__Litoricola;s__	0.9998073080278471
fd41795fd15d1155a35ebce9b9dad449	d__Bacteria;p__Proteobacteria;c__Gammaproteobacteria;o__Pseudomonadales;f__Halomonadaceae;g__Cobetia;s__	0.9821757366945552
abe5a6ebd5b43539bf24ae2e36b8e34f	d__Bacteria;p__Proteobacteria;c__Gammaproteobacteria	0.9972229695179071
4c72d04e96fd7257f35a1f3e829d12e5	d__Bacteria;p__Cyanobacteria;c__Cyanobacteriia;o__Chloroplast;f__Chloroplast;g__Chloroplast;s__	0.9997029204723409
e7d1fd86b411691540ea65b35f592fe5	d__Bacteria;p__Cyanobacteria;c__Cyanobacteriia;o__Chloroplast;f__Chloroplast;g__Chloroplast;s__	0.9700340683002672
924a8b129bab1cc6caaeda41e6e1e598	d__Bacteria;p__Bacteroidota;c__Bacteroidia;o__Flavobacteriales;f__Crocinitomicaceae;g__Fluviicola;s__	0.9981348131980546
72a2330276d898d8192ebbb2ca7b2986	d__Bacteria;p__Proteobacteria;c__Gammaproteobacteria;o__Steroidobacterales;f__Woeseiaceae;g__Woeseia;s__	0.861108638056569
fee9e1e2aa99961e8cf00ab96eafd9be	d__Bacteria;p__Proteobacteria;c__Gammaproteobacteria;o__Enterobacterales;f__Pseudoalteromonadaceae;g__Pseudoalteromonas;s__	0.999554879541154
3d501e7b7862b23fdf54fe5764413bb2	d__Bacteria;p__Cyanobacteria;c__Cyanobacteriia;o__Chloroplast;f__Chloroplast;g__Chloroplast;s__	0.9997294361410762
e6adc74f8fca91fc99cf9b7cf87ea0e4	d__Bacteria;p__Proteobacteria;c__Gammaproteobacteria;o__Pseudomonadales;f__Halomonadaceae;g__Cobetia;s__	0.9682567542274378
f1dfb2248efb56cd80ea5997cc4e4692	d__Bacteria;p__Proteobacteria;c__Alphaproteobacteria;o__Rhizobiales;f__Methyloligellaceae;g__Methyloceanibacter;s__	0.9417111715473544
b536b90ee5647c1f51da1165ac593121	d__Bacteria;p__Cyanobacteria;c__Cyanobacteriia;o__Synechococcales;f__Cyanobiaceae;g__Cyanobium_PCC-6307;s__	0.83283972612251
a6fa3518bcf54dd275bc3810533813e4	d__Bacteria;p__Cyanobacteria;c__Cyanobacteriia;o__Chloroplast;f__Chloroplast;g__Chloroplast;s__	0.9999112009980485
fdb9e8c3851f19c248eb322f9d6944a8	d__Bacteria;p__Proteobacteria;c__Gammaproteobacteria;o__Pseudomonadales	0.998554411964413
3a8062494ed86ee90d2ada130c52766b	d__Bacteria;p__Proteobacteria;c__Alphaproteobacteria;o__Rickettsiales;f__Mitochondria;g__Mitochondria;s__	0.9845759637463857
802603ab2368199770882ab5938e99e3	d__Bacteria;p__Verrucomicrobiota;c__Verrucomicrobiae;o__Opitutales;f__Puniceicoccaceae;g__Verruc-01;s__	0.9999309156618534
60d9e7fbb9b57e0d61bca27a0cba6afa	d__Bacteria;p__Bacteroidota;c__Bacteroidia;o__Chitinophagales;f__Chitinophagaceae;g__Sediminibacterium;s__	0.9921767385681578
aba2ba9a6ccce56101071f6cff9b9ef0	d__Bacteria;p__Actinobacteriota;c__Actinobacteria;o__PeM15;f__PeM15;g__PeM15;s__	0.9985860987259305
ef97914abb80472e2c9e4a058422e763	d__Bacteria;p__Cyanobacteria;c__Cyanobacteriia;o__Chloroplast;f__Chloroplast;g__Chloroplast;s__	0.9999622706556058
ad4caf99637c2a44c6308fa017e00704	d__Bacteria;p__Actinobacteriota;c__Actinobacteria;o__Micrococcales;f__Microbacteriaceae;g__Candidatus_Aquiluna;s__	0.9860077284089613
cbf032e396812b915ef6e12dbba9d8b6	d__Bacteria;p__Bacteroidota;c__Bacteroidia;o__Flavobacteriales;f__Cryomorphaceae;g__uncultured;s__	0.9850120900919281
11bf16b22eea91d1cb5766d8513c3d4c	d__Bacteria;p__Actinobacteriota;c__Acidimicrobiia;o__Microtrichales;f__Microtrichaceae;g__Sva0996_marine_group;s__	0.9643943310948048
b63647d73718b725337a49ab943eaf59	d__Bacteria;p__Bacteroidota;c__Bacteroidia;o__Flavobacteriales;f__Flavobacteriaceae;g__Ulvibacter;s__	0.7034129368468186
01048c9e8632c7d9b815131b667e8fe5	d__Bacteria;p__Proteobacteria;c__Alphaproteobacteria;o__Rhodobacterales;f__Rhodobacteraceae	0.99996169899141
fd8ffbf0381be91607af51398b99c548	d__Bacteria;p__Proteobacteria;c__Gammaproteobacteria	0.7969350546881664
bf10dd10fe5a4c88d54701ef1dddec34	d__Bacteria;p__Proteobacteria;c__Alphaproteobacteria;o__Rhodobacterales;f__Rhodobacteraceae	0.9987661792468001
354b58be7df67bb45ea1781765dd37f3	d__Bacteria;p__Proteobacteria;c__Gammaproteobacteria;o__Burkholderiales;f__Methylophilaceae;g__OM43_clade;s__	0.8677479317380405
588bb052624759ca8be0c079c726fadf	d__Bacteria;p__Proteobacteria;c__Gammaproteobacteria;o__Gammaproteobacteria_Incertae_Sedis;f__Unknown_Family;g__uncultured;s__	0.9614273842789439
ead425f0cd7639e6e38eaf071d54cbc0	d__Bacteria;p__Bacteroidota;c__Bacteroidia;o__Chitinophagales;f__Saprospiraceae	0.9984105018116448
016debe5b0f05b4750b4dac3ff5a30ab	d__Bacteria;p__Proteobacteria;c__Gammaproteobacteria;o__Pseudomonadales;f__Halieaceae;g__Luminiphilus;s__	0.983168633135907
2d9fd128a3d24f7111a89a240c4cddb6	d__Bacteria;p__Proteobacteria;c__Gammaproteobacteria;o__Burkholderiales;f__MWH-UniP1_aquatic_group;g__MWH-UniP1_aquatic_group;s__	0.9954785277901981
929b5c460cfed2a6a56c0e3a930b8848	d__Bacteria;p__Desulfobacterota;c__Desulfobacteria;o__Desulfobacterales;f__Desulfosarcinaceae	0.9739991178686843
24610a1b0d06b9f38035df84dab6eebc	d__Bacteria;p__Planctomycetota;c__OM190;o__OM190;f__OM190;g__OM190;s__	0.9952746449219048
d422d32d4e2edd6b1dd3dcb2fd4ea1ac	d__Bacteria;p__Bacteroidota;c__Bacteroidia;o__Flavobacteriales;f__Flavobacteriaceae;g__Ulvibacter;s__	0.8166594803125741
30ccf709045cc942ef0e3e5705ab9782	d__Bacteria;p__Cyanobacteria;c__Cyanobacteriia;o__Chloroplast;f__Chloroplast;g__Chloroplast;s__	0.9893687418406827
f334ad05275ee88fa81ed68e6ca5dd85	d__Bacteria;p__Cyanobacteria;c__Cyanobacteriia;o__Chloroplast;f__Chloroplast;g__Chloroplast;s__	0.9977409899951796
3f69d683c8fadee25cd1f438cf4bb9b3	d__Bacteria;p__Proteobacteria;c__Gammaproteobacteria	0.9970285799920088
38e6f8c7081c039dba990eb695236f01	d__Bacteria;p__Proteobacteria;c__Gammaproteobacteria;o__Burkholderiales;f__Comamonadaceae	0.9995438393152011
7b91c087b571c1d91b58a44d7bef4e71	d__Bacteria;p__Proteobacteria;c__Alphaproteobacteria;o__Sphingomonadales;f__Sphingomonadaceae	0.9986329227553086
f250a569b4b352cc7345f5520bda2062	d__Bacteria;p__Verrucomicrobiota;c__Verrucomicrobiae;o__Opitutales;f__Puniceicoccaceae;g__Verruc-01;s__	0.9999314887645252
0afd94a1b05a652ac8a77eff3900c174	d__Bacteria;p__Proteobacteria;c__Alphaproteobacteria;o__Sphingomonadales;f__Sphingomonadaceae	0.9977723300363093
cb97f7c7d3b3da274d77827cf90470df	d__Bacteria;p__Proteobacteria;c__Gammaproteobacteria;o__Gammaproteobacteria_Incertae_Sedis;f__Unknown_Family;g__Acidibacter;s__	0.9481130528062565
1d744cbce57e1870f13a7336e4a5d915	d__Bacteria;p__Actinobacteriota;c__Acidimicrobiia;o__Microtrichales;f__Microtrichaceae;g__Sva0996_marine_group;s__	0.9652060310112862
b342d18ec2ec33e30313ca441440aa5c	d__Bacteria;p__Proteobacteria;c__Alphaproteobacteria;o__Sphingomonadales;f__Sphingomonadaceae	0.9986728761668048
4f93e040fd83fa31f871e408ebd58934	d__Bacteria;p__Bacteroidota;c__Bacteroidia;o__Flavobacteriales;f__Flavobacteriaceae;g__Muriicola;s__	0.9752547824946239
bafbf2595e3d5ede58f4de672e2c334d	d__Bacteria;p__Desulfobacterota;c__Desulfobacteria;o__Desulfobacterales;f__Desulfosarcinaceae	0.9824618670947957
a8a1612d05185b10684cc5b95477e9f0	d__Bacteria;p__Verrucomicrobiota;c__Verrucomicrobiae;o__Pedosphaerales;f__Pedosphaeraceae;g__uncultured;s__	0.9997949663697145
f0f3de34e85e14706e63a5d910b5ff10	d__Bacteria;p__Actinobacteriota;c__Actinobacteria;o__PeM15;f__PeM15;g__PeM15;s__	0.9889819328967369
d8944d9b4ee768f8228f3c8395ce3133	d__Bacteria;p__Verrucomicrobiota;c__Verrucomicrobiae;o__Pedosphaerales;f__Pedosphaeraceae;g__SCGC_AAA164-E04;s__	0.9961450096022939
308bb8c656d76cbbef42523de6c1bec6	d__Bacteria;p__Proteobacteria;c__Gammaproteobacteria;o__Burkholderiales;f__MWH-UniP1_aquatic_group;g__MWH-UniP1_aquatic_group;s__	0.9959271494170447
3af00ac39a69094e2e6e00041a356497	d__Bacteria;p__Bacteroidota;c__Bacteroidia;o__Sphingobacteriales;f__NS11-12_marine_group;g__NS11-12_marine_group;s__	0.9098405100713215
dbd18b26559e35c1629ad47a672bdf23	d__Bacteria;p__Bacteroidota;c__Bacteroidia;o__Flavobacteriales;f__Crocinitomicaceae;g__Salinirepens;s__	0.8611153832219479
07a86ed30cdd04ee1f5b3185abdae81f	d__Bacteria;p__Bacteroidota;c__Bacteroidia;o__Flavobacteriales;f__Flavobacteriaceae;g__Aquibacter;s__	0.8903763092880597
b86f4d28bd757c34d11031d73c82ced0	d__Bacteria;p__Verrucomicrobiota;c__Verrucomicrobiae;o__Opitutales;f__Puniceicoccaceae;g__Lentimonas;s__	0.9202210040965697
88b0fc1374a9c589d0ceae3572fbfd08	d__Bacteria;p__Bacteroidota;c__Bacteroidia;o__Flavobacteriales;f__Flavobacteriaceae	0.9998966165376888
da4ae79e4fc2399b29ad45a83ecfab01	d__Bacteria;p__Proteobacteria;c__Gammaproteobacteria;o__Pseudomonadales;f__Pseudohongiellaceae;g__Pseudohongiella;s__	0.9931029181916433
aca01879888b271bf6a4ec8d4662591e	d__Bacteria;p__Bdellovibrionota;c__Bdellovibrionia;o__Bacteriovoracales;f__Bacteriovoracaceae	0.9999898463834687
f4866b1cab7f6d93e065ab597450b883	d__Bacteria;p__Proteobacteria;c__Gammaproteobacteria;o__Thiohalorhabdales;f__Thiohalorhabdaceae;g__uncultured;s__	0.9456032333056864
7da66fc177a6f547a83b804d8eb2b5b4	d__Bacteria;p__Proteobacteria;c__Gammaproteobacteria;o__Burkholderiales;f__MWH-UniP1_aquatic_group;g__MWH-UniP1_aquatic_group;s__	0.9943595427529828
848f79429800db328a759a2a28069321	d__Bacteria;p__Proteobacteria;c__Gammaproteobacteria;o__Enterobacterales;f__Vibrionaceae;g__Thaumasiovibrio;s__	0.9927392241837507
212396513900cd1a9e4c1a24a45127c3	d__Bacteria;p__Proteobacteria;c__Gammaproteobacteria;o__Gammaproteobacteria_Incertae_Sedis;f__Unknown_Family;g__uncultured;s__	0.9944869843681783
92ec5093ca04bdc4b5ed6b3903c8d8b9	d__Bacteria;p__Proteobacteria;c__Gammaproteobacteria	0.9979798182627675
54466145385a6d897b87de04f2446f86	d__Bacteria;p__Proteobacteria;c__Gammaproteobacteria	0.9981664541579915
31e0754fa344e5a86f8ca7414f7322e1	d__Bacteria;p__Actinobacteriota;c__Acidimicrobiia;o__Actinomarinales;f__uncultured;g__uncultured;s__	0.9496506745547164
8b432935c7568aab90eedf81072a50b7	d__Bacteria;p__Acidobacteriota;c__Vicinamibacteria;o__Vicinamibacterales;f__Vicinamibacteraceae;g__Vicinamibacteraceae;s__	0.9357626274843467
de36fd37d4a67a84ab10cf4dbc3c64ba	d__Bacteria	0.9999424719565768
0a756154b5455eb83cc52b7b21d89f78	d__Bacteria;p__Bacteroidota;c__Bacteroidia;o__Chitinophagales;f__Chitinophagaceae;g__Sediminibacterium;s__	0.9914270770383892
8f0b7554b217b3cfc3ec0bae5d6aec9f	d__Bacteria;p__Bacteroidota;c__Ignavibacteria;o__Ignavibacteriales;f__Ignavibacteriaceae;g__Ignavibacterium;s__	0.9322863728519387
28885d4cbd7c1f05052cdcfcc2caeb6e	d__Bacteria;p__Proteobacteria;c__Alphaproteobacteria;o__Puniceispirillales;f__SAR116_clade;g__Candidatus_Puniceispirillum;s__	0.8962057891250108
5466e69fccc4344e89813300c685f8bc	d__Bacteria;p__Proteobacteria;c__Alphaproteobacteria;o__Rhodobacterales;f__Rhodobacteraceae	0.9999754640592458
380a05a4da3c877b51078bfd63c4d22b	d__Bacteria;p__Cyanobacteria;c__Cyanobacteriia;o__Synechococcales;f__Cyanobiaceae	0.9999971572313014
33ba9187c4be108c179042620ae7e191	d__Bacteria;p__Bacteroidota;c__Bacteroidia;o__Flavobacteriales;f__Flavobacteriaceae;g__uncultured;s__	0.8518789731221279
f7df5b7b2080a758f6e7487f2b272399	d__Bacteria;p__Chloroflexi;c__KD4-96;o__KD4-96;f__KD4-96;g__KD4-96;s__	0.9992003081186578
d373541e8d1182ab16f04624fc5c5236	d__Bacteria;p__SAR324_clade(Marine_group_B);c__SAR324_clade(Marine_group_B);o__SAR324_clade(Marine_group_B);f__SAR324_clade(Marine_group_B);g__SAR324_clade(Marine_group_B);s__	0.9942375725903729
ffb70b771874d8abcb6003cd5a9d007c	d__Bacteria;p__Actinobacteriota;c__Actinobacteria;o__PeM15;f__PeM15;g__PeM15;s__	0.9869809578959701
aad9c82a5de104c7e117d10d93ea4ef0	d__Bacteria;p__Planctomycetota;c__Planctomycetes;o__Pirellulales;f__Pirellulaceae;g__uncultured;s__	0.9871681856040287
b319aaff9a6c35748f8354341cda0e51	d__Bacteria;p__Proteobacteria;c__Gammaproteobacteria	0.9982747730196901
3b6c03456397b2e17af5e24fa00bb822	d__Bacteria;p__Proteobacteria;c__Alphaproteobacteria;o__Rickettsiales;f__Mitochondria;g__Mitochondria;s__	0.8101519874786034
116d3f877360a6621569a60b59c29bd1	d__Bacteria;p__Proteobacteria;c__Alphaproteobacteria;o__Rickettsiales;f__Mitochondria;g__Mitochondria;s__	0.7692601207918804
6670e9537317b4dd8f3d343f4960dc2b	d__Bacteria;p__Bacteroidota;c__Bacteroidia;o__Flavobacteriales;f__Flavobacteriaceae;g__Muriicola;s__	0.9499923722805228
251ce2f138a57e0ac3720a13654f7569	d__Bacteria;p__Desulfobacterota;c__Desulfuromonadia;o__Desulfuromonadales;f__Geothermobacteraceae;g__Geothermobacter;s__	0.7460135811461389
3adac4efbcf4f8f0fccb7f69236e447f	d__Bacteria;p__Bacteroidota;c__Bacteroidia;o__Flavobacteriales;f__Flavobacteriaceae;g__NS4_marine_group;s__	0.9839528073822175
71a4d71469911440a4d35ecc47b564ed	d__Bacteria;p__Campylobacterota;c__Campylobacteria;o__Campylobacterales;f__Sulfurimonadaceae;g__Sulfurimonas;s__	0.9981532643394911
42d51aad2285762919b149371359ca95	d__Bacteria;p__Acidobacteriota;c__Vicinamibacteria;o__Vicinamibacterales;f__uncultured;g__uncultured;s__	0.9998719627093625
f806ac551ed8e99b52ccfda213f1c410	d__Bacteria;p__Proteobacteria;c__Gammaproteobacteria;o__Coxiellales;f__Coxiellaceae;g__Coxiella;s__	0.8977399838342898
bd4d7bb07191f528ca859097ccd20e0c	d__Bacteria;p__Proteobacteria;c__Gammaproteobacteria;o__Burkholderiales;f__TRA3-20;g__TRA3-20;s__	0.9751465427698408
0451e16356055ef07d9e8a1c99c04a8c	d__Bacteria;p__Actinobacteriota;c__Actinobacteria;o__PeM15;f__PeM15;g__PeM15;s__	0.9980735629605617
115c6541a062e6a0d4b77644924b93eb	d__Bacteria	0.9999460409572626
ccdb745e56465bb155740335247f0584	d__Bacteria;p__Proteobacteria;c__Alphaproteobacteria;o__Rhodobacterales;f__Rhodobacteraceae	0.943064137483032
c8e51f1f5f7d18cf5ed473430193b700	d__Bacteria;p__Cyanobacteria;c__Cyanobacteriia;o__Chloroplast;f__Chloroplast;g__Chloroplast;s__	0.9999593191334577
f7392f3eba084203cd26a67127f23d85	d__Bacteria;p__Bacteroidota;c__Bacteroidia;o__Flavobacteriales;f__Flavobacteriaceae;g__NS5_marine_group;s__	0.9994827804036556
e3e582f739aa7a0223696b1678cb5d37	d__Bacteria;p__Bacteroidota;c__Bacteroidia;o__Sphingobacteriales;f__NS11-12_marine_group;g__NS11-12_marine_group;s__	0.9973899511628098
a7f566b39ad4fa209f5dc61bd59b0cbc	d__Bacteria;p__Proteobacteria;c__Alphaproteobacteria;o__Sphingomonadales;f__Sphingomonadaceae;g__Novosphingobium;s__	0.9536643883330953
321184e924ab221f80b3c415020c340e	d__Bacteria;p__Cyanobacteria;c__Cyanobacteriia;o__Chloroplast;f__Chloroplast;g__Chloroplast;s__	0.7881770539880282
d007ed831a2240559a831fe2c95eea59	d__Bacteria;p__Proteobacteria;c__Alphaproteobacteria;o__Rhizobiales;f__Beijerinckiaceae	0.757559185909922
dfbad5f8cfae201c3b77e89441f4e22d	d__Bacteria;p__Verrucomicrobiota;c__Verrucomicrobiae;o__Pedosphaerales;f__Pedosphaeraceae;g__SCGC_AAA164-E04;s__	0.9960700710839309
17d3a59e4e0539b143e76ae91ec99351	d__Bacteria;p__Actinobacteriota;c__Actinobacteria;o__Frankiales;f__Sporichthyaceae;g__hgcI_clade;s__	0.9934307761052474
6b73a17136f9fb4764236c2433af790d	d__Bacteria;p__Actinobacteriota;c__Acidimicrobiia;o__Microtrichales;f__Ilumatobacteraceae;g__CL500-29_marine_group;s__	0.9923100057169544
f34b3ee5521b316cc0f252f348feb041	d__Bacteria;p__Bacteroidota;c__Bacteroidia;o__Flavobacteriales;f__Cryomorphaceae	0.7284178553846079
bd4c3dc85ca972f646df2e3139b9a9e5	d__Bacteria;p__Desulfobacterota;c__Desulfuromonadia;o__Desulfuromonadales;f__Geothermobacteraceae;g__Geothermobacter;s__	0.7940210790142829
182a7108f8abceaef86de8fb2dadbe9d	d__Bacteria;p__Proteobacteria;c__Gammaproteobacteria;o__Pseudomonadales;f__Halieaceae	0.9992303107943608
252c736a74b981463cb825b6a665997e	d__Bacteria;p__Bacteroidota;c__Rhodothermia;o__Balneolales;f__Balneolaceae;g__Balneola;s__	0.9972322245676379
2f6eaa34da053ec5a2ddbb9fe06c0dce	d__Bacteria;p__Proteobacteria;c__Gammaproteobacteria;o__Pseudomonadales;f__OM182_clade;g__OM182_clade;s__	0.9998549535426821
21d76eab23db7f56c8b45a7cdc318038	d__Bacteria;p__Proteobacteria;c__Alphaproteobacteria;o__Reyranellales;f__Reyranellaceae;g__Reyranella;s__	0.9999862744634024
2802e700944f95922c1c6c4b07dd25bf	d__Bacteria;p__Proteobacteria;c__Gammaproteobacteria;o__Gammaproteobacteria_Incertae_Sedis;f__Unknown_Family;g__Acidibacter;s__	0.95340036504542
4c7801ae09e27e6e6f721d00d3251479	d__Bacteria;p__Proteobacteria;c__Alphaproteobacteria;o__Rhizobiales;f__Xanthobacteraceae	0.9910838200393534
1ee1c6c25bb00826e5de9cf7a5653676	d__Bacteria;p__Proteobacteria;c__Gammaproteobacteria;o__Burkholderiales;f__MWH-UniP1_aquatic_group;g__MWH-UniP1_aquatic_group;s__	0.9958628239579765
3692378028ebd884bb61efac2a12e668	d__Bacteria;p__Bacteroidota;c__Bacteroidia;o__Flavobacteriales;f__Crocinitomicaceae;g__Fluviicola;s__	0.9979429290684286
81b77c703a7d4086712ee0a39ebc92a7	d__Bacteria;p__Proteobacteria;c__Gammaproteobacteria;o__Pseudomonadales;f__KI89A_clade;g__KI89A_clade;s__	0.9978341556255442
e4903459c415dcde500f2688edd1ae42	d__Bacteria;p__Chloroflexi;c__Anaerolineae	0.8164167122402399
c2a2ac73af56d9dddd01dd25c4f570e2	d__Bacteria;p__Proteobacteria;c__Gammaproteobacteria;o__Enterobacterales;f__Vibrionaceae;g__Vibrio;s__	0.8270298973028293
8f3444c1ec0dd50a3ab15238671caf88	d__Bacteria;p__Proteobacteria;c__Alphaproteobacteria;o__SAR11_clade;f__Clade_III;g__Clade_III;s__	0.9999997549462608
36687e344e14c7daf0a0ee41d376f6cc	d__Bacteria;p__Actinobacteriota;c__Acidimicrobiia;o__Actinomarinales;f__Actinomarinaceae;g__Candidatus_Actinomarina;s__	0.9999999564081473
22d47b08a2dbca52cc994660256e9336	d__Bacteria;p__Bacteroidota;c__Bacteroidia;o__Chitinophagales;f__Chitinophagaceae	0.998806417002827
83fad85c3b37f7a5329f270a3e9f65dc	d__Bacteria;p__Bacteroidota;c__Bacteroidia;o__Flavobacteriales;f__Crocinitomicaceae;g__Fluviicola;s__	0.9659303893587612
4c52b3c99ef61ec2bf1dfc5d8c9164b9	d__Bacteria;p__Verrucomicrobiota;c__Verrucomicrobiae;o__Verrucomicrobiales;f__DEV007;g__DEV007;s__	0.9992227227347976
0483d8c6d27c44d1f4d1c3431f223672	d__Bacteria;p__Proteobacteria;c__Gammaproteobacteria;o__Thiotrichales;f__Thiotrichaceae;g__uncultured;s__	0.9907238794961033
112cf939b887bd6da721b5481b25459c	d__Bacteria;p__Proteobacteria;c__Alphaproteobacteria;o__Puniceispirillales;f__SAR116_clade;g__SAR116_clade;s__	0.8786139377887481
1f1f75da0d5131f2cf29c1833507119f	d__Bacteria;p__Cyanobacteria;c__Cyanobacteriia;o__Chloroplast;f__Chloroplast;g__Chloroplast;s__	0.999768095195896
596039dee03b2290efc2a6839df90e33	d__Bacteria;p__Proteobacteria;c__Alphaproteobacteria;o__Rhodobacterales;f__Rhodobacteraceae	0.9978977246791738
f4c9313fb766158b1ba9815e9fb3c407	d__Bacteria;p__Proteobacteria;c__Gammaproteobacteria;o__Enterobacterales;f__Alteromonadaceae	0.9999995724720194
f060396427777e4044657f91db673c69	d__Bacteria;p__Planctomycetota;c__Planctomycetes;o__Planctomycetales;f__Rubinisphaeraceae;g__uncultured;s__	0.9997672352430579
a6d76a6d8c78376b520780f08945ed70	d__Bacteria;p__Proteobacteria;c__Alphaproteobacteria;o__Rhizobiales;f__Beijerinckiaceae	0.9746270936861317
f868071f1321119c25fb06432ebbb2b4	d__Bacteria;p__Proteobacteria;c__Gammaproteobacteria;o__Ga0077536;f__Ga0077536;g__Ga0077536;s__	0.7733489848561796
a34354b9bf17c4b5cb5968b35b200941	d__Bacteria;p__Cyanobacteria;c__Cyanobacteriia;o__Synechococcales;f__Cyanobiaceae;g__Cyanobium_PCC-6307;s__	0.9976828369077253
3686f067c308a0a4875179668ed12c6a	d__Bacteria;p__Actinobacteriota;c__Actinobacteria;o__PeM15;f__PeM15;g__PeM15;s__	0.9997650074150325
50252e0cc8f1229b87376fcb519b7d9b	d__Bacteria;p__Proteobacteria;c__Gammaproteobacteria;o__Burkholderiales;f__Burkholderiaceae;g__Polynucleobacter;s__	0.998564475437092
cce6de3c2af90c139b50a45da8c9ec55	d__Bacteria;p__Proteobacteria;c__Alphaproteobacteria;o__Rhizobiales;f__Xanthobacteraceae	0.989194004636033
446e60b2e63649d61502566d44eac880	d__Bacteria;p__Bacteroidota;c__Bacteroidia;o__Flavobacteriales;f__Flavobacteriaceae	0.9978472990152847
cd56fed3f4e7c0d3dfdca11dbd56680d	d__Bacteria;p__Desulfobacterota;c__Desulfobacteria;o__Desulfobacterales;f__Desulfosarcinaceae;g__Sva0081_sediment_group;s__	0.9564228636216847
dc2728c4063fef5544710cba3bb53561	d__Bacteria;p__Bacteroidota;c__Bacteroidia;o__Flavobacteriales;f__Cryomorphaceae;g__uncultured;s__	0.9997491686889134
48617ef6e592b86983cb9aa8ced9a836	d__Bacteria;p__Proteobacteria;c__Gammaproteobacteria;o__Pseudomonadales;f__Litoricolaceae;g__Litoricola;s__	0.9995887132029286
7fce830b406710a0f7c936a569ed62b1	d__Bacteria;p__Proteobacteria;c__Alphaproteobacteria;o__Rhizobiales;f__Hyphomicrobiaceae;g__Filomicrobium;s__	0.9389674214969754
bd45f7e751f95aedf2172c43792dcf70	d__Bacteria;p__Proteobacteria;c__Alphaproteobacteria;o__Rickettsiales;f__Mitochondria;g__Mitochondria;s__	0.9120592468352765
296116558099e68137a4ff09d95d92da	d__Bacteria;p__Proteobacteria;c__Alphaproteobacteria;o__Rhodospirillales;f__Magnetospiraceae;g__uncultured;s__	0.9036040829271842
dfe6afd73463ece87fa2d899e0263396	d__Bacteria;p__Proteobacteria;c__Gammaproteobacteria;o__Burkholderiales;f__Gallionellaceae	0.9473881391555323
a32dc8d9b90c0603f9f4b84941d705c9	d__Bacteria;p__Actinobacteriota;c__Actinobacteria;o__PeM15;f__PeM15;g__PeM15;s__	0.9997964266872255
57a2ca3991f73b3c18634e5f7d67406a	d__Bacteria;p__Planctomycetota;c__Phycisphaerae;o__Phycisphaerales;f__Phycisphaeraceae;g__CL500-3;s__	0.9100293259432211
672243085f44c6032db2c2ebb18305e2	d__Bacteria;p__Proteobacteria;c__Gammaproteobacteria;o__Burkholderiales;f__Comamonadaceae	0.9999555305940323
b0304b76f75a873e03cfc89d6ad3978f	d__Bacteria;p__Proteobacteria;c__Gammaproteobacteria	0.995643933388509
6e94007632e16f0a9b13bce3756c7990	d__Bacteria;p__Bacteroidota;c__Bacteroidia;o__Chitinophagales;f__Saprospiraceae;g__uncultured;s__	0.8180139393734321
0f9a66d2ad5f5b114c218a7e68b0c574	d__Bacteria;p__Bacteroidota;c__Bacteroidia;o__Flavobacteriales;f__Flavobacteriaceae	0.999817539532943
d982bb39b232f6403102fe8a3b9cc72b	d__Bacteria;p__Myxococcota;c__Polyangia;o__Polyangiales;f__Sandaracinaceae;g__uncultured;s__	0.9988598687548395
8cea95354d215ac3239d062bd0ea6e3f	d__Bacteria;p__Cyanobacteria;c__Cyanobacteriia;o__Synechococcales;f__Cyanobiaceae;g__Cyanobium_PCC-6307;s__	0.9986990788570396
a770728579a0e654c76f02d8616b1f35	d__Bacteria;p__Proteobacteria;c__Gammaproteobacteria;o__Steroidobacterales;f__Steroidobacteraceae;g__uncultured;s__	0.9967385006488665
c8ba225b5f9a727198c710e9b7ae57eb	d__Bacteria;p__Cyanobacteria;c__Cyanobacteriia;o__Chloroplast;f__Chloroplast;g__Chloroplast;s__	0.998683032075639
5ac1e375b1ae0f02abc70b64c3ee8ff8	d__Bacteria;p__Proteobacteria;c__Gammaproteobacteria;o__Acidiferrobacterales;f__Acidiferrobacteraceae;g__Sulfurifustis;s__	0.9928673297239134
179433475324ceb7d90c9ad610072c8b	d__Bacteria;p__Nitrospirota;c__Nitrospiria;o__Nitrospirales;f__Nitrospiraceae;g__Nitrospira;s__	0.9999774824961504
acfcba80a512880b3d571b3824628a87	d__Bacteria;p__Bacteroidota;c__Bacteroidia;o__Flavobacteriales;f__Flavobacteriaceae;g__NS2b_marine_group;s__	0.9809983724078942
37ecea6d788afe2ab3bef0b23b0ec15a	d__Bacteria;p__Desulfobacterota;c__Desulfobacteria;o__Desulfobacterales;f__Desulfosarcinaceae;g__Desulfosarcina;s__	0.9801907475953079
4fb3bb2939508cc7d3022a89285f6450	d__Bacteria;p__Bacteroidota;c__Bacteroidia;o__Flavobacteriales;f__Flavobacteriaceae;g__Robiginitalea;s__	0.9995017944007588
c00be8c4cb4fd04de3314a06c73c0cae	d__Bacteria;p__Bacteroidota;c__Bacteroidia;o__Flavobacteriales;f__Flavobacteriaceae;g__Tenacibaculum;s__	0.8877175802870494
63dfb6a612258543ac1ddba86fa49a9e	d__Bacteria;p__Bacteroidota;c__Bacteroidia;o__Flavobacteriales;f__Flavobacteriaceae;g__Muriicola;s__	0.9813110391511363
ce1a3e841f52faf447d17b3e81937ea9	d__Bacteria;p__Fusobacteriota;c__Fusobacteriia;o__Fusobacteriales;f__Fusobacteriaceae;g__Propionigenium;s__	0.8518886946770986
6f76e80de3a79ae955cc2c823ac151bf	d__Bacteria;p__Proteobacteria;c__Gammaproteobacteria;o__Enterobacterales;f__Vibrionaceae	0.9997378671235156
63072208619b8284ec53ebfafc9e38c7	d__Bacteria;p__Actinobacteriota;c__Acidimicrobiia;o__Microtrichales;f__Microtrichaceae;g__Sva0996_marine_group;s__	0.9723579916833629
fb9fd7cbe11aebaf5de961d05d6a0e72	d__Bacteria;p__Proteobacteria;c__Gammaproteobacteria;o__UBA10353_marine_group;f__UBA10353_marine_group;g__UBA10353_marine_group;s__	0.9654617309722772
47edf45454a77ae6d3bb10963b9b371c	d__Bacteria;p__Proteobacteria;c__Gammaproteobacteria	0.9965169221950194
0b450a14e9a38a041edeebbf0c1dd368	d__Bacteria;p__Proteobacteria;c__Gammaproteobacteria;o__Burkholderiales;f__MWH-UniP1_aquatic_group;g__MWH-UniP1_aquatic_group;s__	0.9963269072830206
091ff959ca5d6446d4771cc8cd87a15a	d__Bacteria;p__Proteobacteria;c__Alphaproteobacteria;o__Rhodobacterales;f__Rhodobacteraceae	0.9303639861721463
04d38bc9c44806aafe38d05caec83a18	d__Bacteria;p__Proteobacteria;c__Alphaproteobacteria;o__Rhizobiales;f__Beijerinckiaceae	0.9164575443496051
3be660a5cb20ede66c296fd7af6f740a	d__Bacteria;p__Actinobacteriota;c__Actinobacteria;o__PeM15;f__PeM15;g__PeM15;s__	0.9982189483628615
ca42212a70c9adfaef88a2786e4e01f0	d__Bacteria;p__Verrucomicrobiota;c__Verrucomicrobiae;o__Opitutales;f__Puniceicoccaceae;g__Verruc-01;s__	0.9999189603710347
9d9ce47887ab30cd35f4ca234fac9f9a	d__Bacteria;p__Proteobacteria;c__Gammaproteobacteria;o__Pseudomonadales;f__Halomonadaceae;g__Cobetia;s__	0.9907503859042968
470ab85962231352eec6ff8e9f27cfe3	d__Bacteria;p__Proteobacteria;c__Gammaproteobacteria	0.9893698241717364
46e259bd8bd56152c8e84d9edb10abd2	d__Bacteria;p__Proteobacteria;c__Gammaproteobacteria;o__Pseudomonadales;f__Halieaceae;g__Luminiphilus;s__	0.9772080790920149
87b6cd2e8c6f46f47538fbd5458d6424	d__Bacteria;p__Bacteroidota;c__Bacteroidia;o__Flavobacteriales;f__Flavobacteriaceae;g__NS4_marine_group;s__	0.984015608585561
afef3b665fa975c62bb88aeef0bd73ce	d__Archaea;p__Nanoarchaeota;c__Nanoarchaeia;o__Woesearchaeales;f__Woesearchaeales;g__Woesearchaeales;s__	0.9992489888665361
52d1462158e6e54814faba1a4facf8ba	d__Bacteria;p__Cyanobacteria;c__Cyanobacteriia;o__Synechococcales;f__Cyanobiaceae;g__Cyanobium_PCC-6307;s__	0.8412841607289997
5280e3c81e779dce6523787a4708bed9	d__Bacteria;p__Bacteroidota;c__Bacteroidia;o__Chitinophagales;f__Saprospiraceae;g__Lewinella;s__	0.9647148528690825
2c1c57d865a88101bdb2414ca4600d37	d__Bacteria;p__Cyanobacteria;c__Cyanobacteriia;o__Chloroplast;f__Chloroplast;g__Chloroplast;s__	0.9999399357282689
27a4c424ba63c43e07a1ddf2a260f035	d__Bacteria;p__Cyanobacteria;c__Cyanobacteriia;o__Chloroplast;f__Chloroplast;g__Chloroplast;s__	0.9948130102583271
66246f5434fa12cb378ac6f65c469643	d__Bacteria;p__Actinobacteriota;c__Acidimicrobiia;o__Microtrichales;f__Ilumatobacteraceae;g__CL500-29_marine_group;s__	0.9932312660548276
aa0bb727fd57e98e60785300af7905d1	d__Bacteria;p__Proteobacteria;c__Gammaproteobacteria;o__Enterobacterales;f__Colwelliaceae	0.9869065262935985
669541119562739367366e9c67e30dba	d__Bacteria;p__Proteobacteria;c__Gammaproteobacteria;o__Pseudomonadales;f__Halieaceae;g__OM60(NOR5)_clade;s__	0.8795693725471316
be0ed6ad9079763812d983f19c0b537a	d__Bacteria;p__Planctomycetota;c__Pla3_lineage;o__Pla3_lineage;f__Pla3_lineage;g__Pla3_lineage;s__	0.9935288938420597
f9f3720d5d00e6e25a6ccba3c1841540	d__Bacteria;p__Planctomycetota;c__Pla3_lineage;o__Pla3_lineage;f__Pla3_lineage;g__Pla3_lineage;s__	0.9924545737624035
53567468b790e07d7de37e6371983b48	d__Bacteria;p__Proteobacteria;c__Gammaproteobacteria;o__Enterobacterales;f__Alteromonadaceae	0.9999997052998347
4d60d003a32a61c3a5a8d0b470025838	d__Bacteria;p__Bacteroidota;c__Bacteroidia	0.9984431225553644
28c9478d44b1d7df988979991ccfb97e	d__Bacteria;p__Bacteroidota;c__Bacteroidia;o__Flavobacteriales;f__Flavobacteriaceae;g__Muriicola;s__	0.921933002616372
a4d398c3566e8bede76c6498184a2b36	d__Bacteria;p__Desulfobacterota;c__Desulfobacteria;o__Desulfobacterales;f__Desulfosarcinaceae;g__Desulfosarcina;s__	0.9392758365354665
5d0e40c00436c79abb62e87c17ae87b8	d__Bacteria;p__Proteobacteria;c__Gammaproteobacteria;o__Burkholderiales;f__Comamonadaceae	0.9996362877918457
bcc8a832ca1ae070aeca778690a6919c	d__Bacteria;p__Proteobacteria;c__Alphaproteobacteria;o__Sphingomonadales;f__Sphingomonadaceae	0.9999624357731477
db944d477ba9b90aa90225541fd21dda	d__Bacteria;p__Acidobacteriota;c__Vicinamibacteria;o__Vicinamibacterales;f__Vicinamibacteraceae;g__Vicinamibacteraceae;s__	0.9172283091367586
f6084a45b22ca6a8da8d02379f25cb51	d__Bacteria;p__Proteobacteria;c__Gammaproteobacteria	0.9968027560977477
5d8bf86dd4f71cd9448d9779a9e8c9eb	d__Bacteria;p__Proteobacteria;c__Alphaproteobacteria;o__Rhizobiales;f__Beijerinckiaceae	0.8396989219861118
f5a3592177c584b1aa645d2d63482954	d__Bacteria;p__Proteobacteria;c__Alphaproteobacteria;o__Reyranellales;f__Reyranellaceae;g__Reyranella;s__	0.999980377108588
9a810276c579cc74f636e197580298a0	d__Bacteria;p__Actinobacteriota;c__Actinobacteria;o__Frankiales;f__Sporichthyaceae	0.9999616386879696
1cdefb34f54eb428b83d8278eed509dc	d__Bacteria;p__Bacteroidota;c__Bacteroidia;o__Chitinophagales;f__Chitinophagaceae	0.9984327090148588
4e698d5a948455ba4a37d189b8e2d890	d__Bacteria;p__Cyanobacteria;c__Cyanobacteriia;o__Chloroplast;f__Chloroplast;g__Chloroplast;s__	0.999917013687545
bc47d6d42a14b934a8f9608169a9d955	d__Bacteria;p__Proteobacteria;c__Gammaproteobacteria;o__Pseudomonadales;f__Oleiphilaceae;g__Oleiphilus;s__	0.970312413643048
4d3ce1bc47e11282a66527989c8319bd	d__Bacteria;p__Proteobacteria;c__Gammaproteobacteria;o__Burkholderiales;f__MWH-UniP1_aquatic_group;g__MWH-UniP1_aquatic_group;s__	0.9262656833059032
30a4e5b6f5ced1829c0b28c55d689a7c	d__Bacteria;p__Bacteroidota;c__Bacteroidia;o__Sphingobacteriales;f__NS11-12_marine_group;g__NS11-12_marine_group;s__	0.9627934162781775
02af5ab13c91ef2bd2bfdf5ee43091cc	d__Bacteria;p__Bacteroidota;c__Bacteroidia;o__Flavobacteriales;f__Cryomorphaceae;g__uncultured;s__	0.9996754511396237
9c2ead9817e1895485717d43ea143d36	d__Bacteria;p__Proteobacteria;c__Gammaproteobacteria;o__Thiotrichales;f__Thiotrichaceae;g__uncultured;s__	0.9861653148414016
975f8fc4d67d806f088fd3ea6c2a6346	d__Bacteria;p__Bacteroidota;c__Bacteroidia;o__Chitinophagales;f__Saprospiraceae	0.998651464384998
44faaefc30a986790e5bb184324dd3cc	d__Bacteria;p__Cyanobacteria;c__Cyanobacteriia;o__Synechococcales;f__Cyanobiaceae;g__Synechococcus_CC9902;s__	0.8843000923748896
dbbfaa27e65e2deb60a3ae44da7a26da	d__Bacteria;p__Actinobacteriota;c__Acidimicrobiia;o__Microtrichales;f__Ilumatobacteraceae;g__Ilumatobacteraceae;s__	0.8702883159068143
ed840e555f9c7d8c5dd4884e1202ce2a	d__Bacteria;p__Actinobacteriota;c__Thermoleophilia;o__Gaiellales;f__uncultured;g__uncultured;s__	0.9835471036661972
f33ea538f3b840e170f0364c9b66c6bd	d__Bacteria;p__Chloroflexi;c__KD4-96;o__KD4-96;f__KD4-96;g__KD4-96;s__	0.9984572925211422
32a53340e8d184b824370ba5d2d46285	d__Bacteria;p__Planctomycetota;c__Phycisphaerae;o__Phycisphaerales;f__Phycisphaeraceae;g__CL500-3;s__	0.9965754694195814
4b1b31aba1e627cd18b703d70cf5a964	d__Bacteria;p__Proteobacteria;c__Alphaproteobacteria;o__Rickettsiales;f__Mitochondria;g__Mitochondria;s__	0.7611417647448502
9a4a312c8e71f5368c7e398c10d71767	d__Bacteria;p__Proteobacteria;c__Gammaproteobacteria;o__CCD24;f__CCD24;g__CCD24;s__	0.9995130553794798
c975a810a5260735deb6272dc96f7d54	d__Bacteria;p__Cyanobacteria;c__Cyanobacteriia;o__Synechococcales;f__Cyanobiaceae;g__Synechococcus_CC9902;s__	0.8735249518767014
7ba5ad501a9a924e2a0a35bf44857ac9	d__Bacteria;p__Acidobacteriota;c__Vicinamibacteria;o__Vicinamibacterales;f__uncultured;g__uncultured;s__	0.9997251922765644
52a561e8a62a3fd53d5efcad3b6634f8	d__Bacteria;p__Actinobacteriota;c__Actinobacteria;o__PeM15;f__PeM15;g__PeM15;s__	0.9844728037491093
2a46d9b7290266e8d756cb88b77e3229	d__Bacteria	0.9999999719159133
765dd9d1a0adf3bf245099d6677d8a8e	d__Bacteria;p__Proteobacteria;c__Gammaproteobacteria;o__Ga0077536;f__Ga0077536;g__Ga0077536;s__	0.7574707407959772
4ec0f53ee61e673bc20d001fa2f2e077	d__Bacteria;p__Cyanobacteria;c__Cyanobacteriia;o__Chloroplast;f__Chloroplast;g__Chloroplast;s__	0.9980506784518558
1837861c37ecc185d1c8e0cbb5ffb1aa	d__Bacteria;p__Proteobacteria;c__Alphaproteobacteria;o__Rhodobacterales;f__Rhodobacteraceae	0.9997670134176364
1c0f4bf977628867eedb46560f182914	d__Bacteria;p__Bacteroidota;c__Bacteroidia;o__Flavobacteriales;f__Flavobacteriaceae;g__Actibacter;s__	0.7384772416575792
2c5cf024210410edfa1df415053276ec	d__Bacteria;p__Planctomycetota;c__Planctomycetes;o__Pirellulales;f__Pirellulaceae;g__uncultured;s__	0.990251059077305
6b0217722b78ab92951d30d016abedc9	d__Bacteria;p__Proteobacteria;c__Gammaproteobacteria	0.9958054727411452
1bd6cc0c03cbf305f2f472a086311710	d__Bacteria;p__Proteobacteria;c__Alphaproteobacteria;o__Caulobacterales;f__Hyphomonadaceae;g__Hyphomonas;s__	0.8857587859004223
e37301f6039aa55bbf4681ec7f2672b8	d__Bacteria;p__Actinobacteriota;c__Acidimicrobiia;o__Microtrichales;f__Ilumatobacteraceae;g__CL500-29_marine_group;s__	0.9924339863720214
fc3f33dc97a703e320a39dc4e19bcbe6	d__Bacteria;p__Proteobacteria;c__Gammaproteobacteria	0.9995300698953766
b5467eabf4637dfcebca9cd58993bc87	d__Bacteria;p__Nitrospirota;c__Nitrospiria;o__Nitrospirales;f__Nitrospiraceae;g__Nitrospira;s__	0.9999804239346818
4eb565b967a71cb0f4d9dcfb609ec33b	d__Bacteria;p__Bdellovibrionota;c__Oligoflexia;o__0319-6G20;f__0319-6G20;g__0319-6G20;s__	0.9990746139587848
2344ac6c05469a2435699a2da7e5791c	d__Bacteria;p__Actinobacteriota;c__Actinobacteria;o__Micrococcales;f__Microbacteriaceae	0.9998451017424033
5a5ed30d5a4b378ccabb4d742f46242e	d__Bacteria;p__Bacteroidota;c__Bacteroidia;o__Chitinophagales;f__Saprospiraceae;g__uncultured;s__	0.8419920330985822
7224abc458fb0fa8dbbbeb83262ddf79	d__Bacteria;p__Proteobacteria;c__Alphaproteobacteria;o__Rhodobacterales;f__Rhodobacteraceae	0.9995195371508274
5c157ae452b538e8eba896b826c7573d	d__Bacteria;p__Planctomycetota;c__OM190;o__OM190;f__OM190;g__OM190;s__	0.9693406455673533
14f996cb93b4756baffe5c4ce0ac7d7a	d__Bacteria;p__Proteobacteria;c__Gammaproteobacteria;o__Pseudomonadales;f__Halieaceae;g__OM60(NOR5)_clade;s__	0.9162992374387728
5ebb62a905f1e7fe7c2a16bfefb55e03	d__Bacteria;p__Bacteroidota;c__Bacteroidia;o__Cytophagales	0.8112127833051856
1ce7d2a43d3f5e6a4b92104acce94318	d__Bacteria;p__Bacteroidota;c__Bacteroidia;o__Flavobacteriales;f__Flavobacteriaceae	0.9994063289085744
4b4f955720aad96b38aab360f4796376	d__Bacteria;p__Proteobacteria;c__Gammaproteobacteria;o__Pseudomonadales;f__Marinomonadaceae;g__Marinomonas;s__	0.997029229193488
d2720b5148124066337ada6d9bd8a360	d__Bacteria;p__Cyanobacteria;c__Cyanobacteriia;o__Chloroplast;f__Chloroplast;g__Chloroplast;s__	0.9998985030125199
dcab078b62149fe7e098c0354045dca3	d__Bacteria;p__Proteobacteria;c__Gammaproteobacteria	0.9966665474006984
4b4fb2271825c4f0abecbb904dedbb08	d__Bacteria;p__Proteobacteria;c__Alphaproteobacteria;o__Caulobacterales;f__Hyphomonadaceae	0.99795453657102
99c8c6eae73a98ac1c426e784824b6ba	d__Bacteria;p__Bacteroidota;c__Bacteroidia;o__Chitinophagales;f__Saprospiraceae;g__uncultured;s__	0.810475612000637
2bdd98b97e336fa8174d775a826072c5	d__Bacteria;p__Cyanobacteria;c__Cyanobacteriia;o__Synechococcales;f__Cyanobiaceae;g__Cyanobium_PCC-6307;s__	0.7721272769310236
3f61c035c9837c0dbc4efbf6a322dce7	d__Bacteria;p__Verrucomicrobiota;c__Verrucomicrobiae;o__Opitutales;f__Puniceicoccaceae;g__Verruc-01;s__	0.9998903174796387
10a6bdc90632e23f2bf97752f296b5c3	d__Bacteria;p__Planctomycetota;c__Planctomycetes;o__Pirellulales;f__Pirellulaceae;g__uncultured;s__	0.9848162767833626
382bd321f36e008525299f02f4477ede	d__Bacteria;p__Cyanobacteria;c__Cyanobacteriia;o__Chloroplast;f__Chloroplast;g__Chloroplast;s__	0.9999047118503266
eb58bf1e3783d547c5170fbc74741238	d__Bacteria;p__Proteobacteria;c__Alphaproteobacteria;o__Rhizobiales;f__Beijerinckiaceae	0.7827140074423472
d590983e304b8dedfa35f4fe0d19a196	d__Bacteria;p__Actinobacteriota;c__Actinobacteria;o__Frankiales;f__Sporichthyaceae;g__Longivirga;s__	0.9947542066306302
424fd584bcc4c7d90d5b426fb843b26d	d__Bacteria;p__Cyanobacteria;c__Cyanobacteriia;o__Chloroplast;f__Chloroplast;g__Chloroplast;s__	0.9943924210248232
dc6dfed813cbe541edfbc3a9d5abf59f	d__Bacteria;p__Actinobacteriota;c__Actinobacteria;o__Micrococcales;f__Microbacteriaceae	0.9998368928605853
04feb9ae97b0fefb87104ec1410ca0dd	d__Bacteria;p__Cyanobacteria;c__Cyanobacteriia;o__Chloroplast;f__Chloroplast;g__Chloroplast;s__	0.9879953424639656
4833f1fd6521811ccdc59dbf1aa56e70	d__Bacteria;p__Bacteroidota;c__Bacteroidia;o__Sphingobacteriales;f__NS11-12_marine_group;g__NS11-12_marine_group;s__	0.9919766025748784
5d7b816aaf6565bed6fd6df61f6596b4	d__Bacteria;p__Proteobacteria;c__Alphaproteobacteria;o__Sphingomonadales;f__Sphingomonadaceae	0.9989174030196006
20d26f01d8601fcac61b985841d82082	d__Bacteria;p__Proteobacteria;c__Gammaproteobacteria;o__Burkholderiales;f__Methylophilaceae;g__Candidatus_Methylopumilus;s__	0.9689609303542261
aa92a2f08025f26e2d7bf66579743694	d__Bacteria;p__Proteobacteria;c__Gammaproteobacteria	0.9972199129989625
dd7f9be0f3c3df07e9f8e44774adc468	d__Bacteria;p__SAR324_clade(Marine_group_B);c__SAR324_clade(Marine_group_B);o__SAR324_clade(Marine_group_B);f__SAR324_clade(Marine_group_B);g__SAR324_clade(Marine_group_B);s__	0.9910085424540275
4bcbd737cc86ca559ee60325ac4b29d2	d__Bacteria;p__Bacteroidota;c__Bacteroidia;o__Flavobacteriales;f__Flavobacteriaceae;g__uncultured;s__	0.7472492490062917
61e9ffb991c840a045ba0d4e3bdc9004	d__Bacteria;p__Chloroflexi;c__Anaerolineae;o__Ardenticatenales;f__uncultured;g__uncultured;s__	0.9986178723833414
0d11fc7cc33f280a701b063677d92b90	d__Bacteria;p__Proteobacteria;c__Gammaproteobacteria;o__Pseudomonadales;f__Oleiphilaceae;g__Oleiphilus;s__	0.9907569492881048
c95346150f4761349ecaeafe663c382e	d__Bacteria;p__Cyanobacteria;c__Cyanobacteriia;o__Chloroplast;f__Chloroplast;g__Chloroplast;s__	0.9806181009117798
a25569f7e870dbe42f133ea0ea89bc99	d__Bacteria;p__Cyanobacteria;c__Cyanobacteriia;o__Chloroplast;f__Chloroplast;g__Chloroplast;s__	0.999377839345596
8f152bd0a69cc68742c06907155e5a22	d__Bacteria;p__Bacteroidota;c__Bacteroidia;o__Flavobacteriales;f__NS9_marine_group;g__NS9_marine_group;s__	0.8658767038955556
c681a8a87dd793ccba5119b014343628	d__Bacteria;p__Bacteroidota;c__Rhodothermia;o__Balneolales;f__Balneolaceae;g__Balneola;s__	0.9976401638486532
87e6fdcd0039de6465007118d9edd00d	d__Bacteria;p__Actinobacteriota;c__Actinobacteria;o__Micrococcales;f__Microbacteriaceae;g__Candidatus_Aquiluna;s__	0.9847974441525003
847e2dd311083537239ae256661a4f17	d__Bacteria;p__Planctomycetota;c__Phycisphaerae;o__Phycisphaerales;f__Phycisphaeraceae;g__CL500-3;s__	0.9687856366101676
e92a45ce235ec39b70be925a6979d83a	d__Bacteria;p__Cyanobacteria;c__Cyanobacteriia;o__Chloroplast;f__Chloroplast;g__Chloroplast;s__	0.9999541572717899
f3d29127aabde3b3973047192a1e9988	d__Bacteria;p__Proteobacteria;c__Alphaproteobacteria;o__Rhizobiales;f__Beijerinckiaceae	0.9264838634442824
fc9806026c81f3ed751650e41e7f6f85	d__Bacteria;p__Proteobacteria;c__Alphaproteobacteria;o__Sphingomonadales;f__Sphingomonadaceae	0.9999743762510953
e1da002597a218715ac9be4467d68491	d__Bacteria;p__Proteobacteria;c__Alphaproteobacteria;o__Sphingomonadales;f__Sphingomonadaceae;g__Novosphingobium;s__	0.950537523290756
68423ddd667543f39442089deef59799	d__Bacteria;p__Proteobacteria;c__Gammaproteobacteria;o__Burkholderiales;f__Burkholderiaceae;g__Polynucleobacter;s__	0.9979479546348865
7df546e333e9b2790f028e1208866a78	d__Bacteria;p__Proteobacteria;c__Alphaproteobacteria;o__Rhizobiales;f__Beijerinckiaceae;g__FukuN57;s__	0.9756991696298845
5d5c8030b0d20b563e4842d7195080ae	d__Bacteria;p__Proteobacteria;c__Alphaproteobacteria;o__SAR11_clade;f__Clade_I	0.9992471320692217
6413adc9aa45499796e81951e6adb334	d__Bacteria;p__Bacteroidota;c__Bacteroidia;o__Chitinophagales;f__Saprospiraceae;g__uncultured;s__	0.8014256473892986
cb88aba2ff819e3550fb5327ade15609	d__Bacteria;p__Bacteroidota;c__Bacteroidia;o__Flavobacteriales;f__Flavobacteriaceae	0.9999983684075124
b3f52d8308732bcf08f1033f558a2c97	d__Bacteria;p__Proteobacteria;c__Gammaproteobacteria;o__Pseudomonadales;f__SAR86_clade;g__SAR86_clade;s__	0.9999911098861786
e332b55ba3adaf62b10a477c01a14a60	d__Bacteria;p__Bacteroidota;c__Bacteroidia;o__Flavobacteriales;f__Flavobacteriaceae	0.9999992097434967
03d6ca3ef6a7d154a85d74f90f6fb31b	d__Bacteria;p__Proteobacteria;c__Alphaproteobacteria;o__Rhodobacterales;f__Rhodobacteraceae	0.9994641143053425
20fe88fb893960d6e016b1c8a24df73f	d__Bacteria	0.9777893078185361
170dea3c2439107f9237cabfe8f8a0da	d__Bacteria;p__Proteobacteria;c__Alphaproteobacteria;o__Sphingomonadales;f__Sphingomonadaceae	0.9973885458145962
506c237ea62190a31ec7c71b072d97a4	d__Bacteria;p__Actinobacteriota;c__Acidimicrobiia;o__Microtrichales;f__Ilumatobacteraceae;g__Ilumatobacteraceae;s__	0.85537261964038
f822df89d7b81772fbb699a21d6365ea	d__Bacteria	0.9864279233073214
6c4e5cce44834b188f50503373c86d1d	d__Bacteria;p__Proteobacteria;c__Alphaproteobacteria;o__Rhodobacterales;f__Rhodobacteraceae	0.9759954137925664
c3b7ff971a3757803a4d15b09fbf3c02	d__Bacteria;p__Proteobacteria;c__Alphaproteobacteria;o__Reyranellales;f__Reyranellaceae;g__Reyranella;s__	0.9999605842035074
7ad54cf13316a6badcce774e3049d148	d__Bacteria;p__Proteobacteria;c__Gammaproteobacteria;o__Burkholderiales;f__Gallionellaceae	0.8139725152032815
13c7e322f47bca6eafac8f6242de75ce	d__Bacteria;p__Proteobacteria;c__Alphaproteobacteria	0.9767335489476053
d7afc6ada98f3fed334fba5d4ece6fb9	d__Bacteria;p__Planctomycetota;c__Planctomycetes;o__Planctomycetales;f__Rubinisphaeraceae;g__Planctomicrobium;s__	0.9995625006249661
7a51a82cfb95ab5e31f1f78bd3175b97	d__Bacteria;p__Patescibacteria	0.7623566963192265
6ddec7961724a54f608592f32e322346	d__Bacteria;p__Bacteroidota;c__Rhodothermia;o__Balneolales;f__Balneolaceae;g__Balneola;s__	0.9985110370971315
f52c880877eb1df6e13e10f94245ab22	d__Bacteria;p__Desulfobacterota;c__Desulfobacteria;o__Desulfobacterales;f__Desulfosarcinaceae	0.9629693427023536
06e8c43e172483db287265dd1fde1420	d__Bacteria;p__Bacteroidota;c__Bacteroidia;o__Flavobacteriales;f__Flavobacteriaceae;g__Arcticiflavibacter;s__	0.7386700221505637
c1d2bf5d880babab78f56202f6d73abe	d__Bacteria;p__Cyanobacteria;c__Cyanobacteriia;o__Synechococcales;f__Cyanobiaceae	0.9999980000190827
9206ad0f973d4c9e1768400548315919	d__Bacteria;p__Proteobacteria;c__Gammaproteobacteria;o__Enterobacterales;f__Alteromonadaceae	0.9999995470670144
968f32d8ff6fbb24f15afa33a60c8914	d__Bacteria;p__Verrucomicrobiota;c__Verrucomicrobiae;o__Opitutales;f__Puniceicoccaceae;g__Lentimonas;s__	0.995517080484473
ac0a209622b58499bacbc9a79cb8b0d2	d__Bacteria;p__Proteobacteria;c__Gammaproteobacteria;o__Pseudomonadales;f__SAR86_clade;g__SAR86_clade;s__	0.9999794986252997
3d2cf4d53aef8d9a00794b036c772d7a	d__Bacteria;p__Proteobacteria;c__Alphaproteobacteria;o__Rhizobiales;f__Hyphomicrobiaceae;g__Filomicrobium;s__	0.8281021735236308
065ffe83a35bb102951c9a2bc6e1fc4e	d__Bacteria;p__Bacteroidota;c__Bacteroidia	0.9998280587257244
d4c61e2c603e45d328b116a1e7eb77d6	d__Bacteria;p__Verrucomicrobiota;c__Verrucomicrobiae;o__Opitutales;f__Opitutaceae;g__Cephaloticoccus;s__	0.933383553729422
99c0e374fa4ade07da51d72d4f28e465	d__Bacteria;p__Bacteroidota;c__Bacteroidia;o__Flavobacteriales;f__Crocinitomicaceae;g__Fluviicola;s__	0.9673571728945817
2bb1a2c152a8a05621a61f1324b64fa4	d__Bacteria;p__Bacteroidota;c__Bacteroidia;o__Sphingobacteriales;f__LiUU-11-161;g__LiUU-11-161;s__	0.9835029986766706
54a667c05929a3476de21645776adf88	d__Bacteria;p__Proteobacteria;c__Gammaproteobacteria	0.9318769057722817
0acd86f1e2e0b9b7c606e1ad3463873e	d__Bacteria;p__Cyanobacteria;c__Cyanobacteriia;o__Chloroplast;f__Chloroplast;g__Chloroplast;s__	0.9999462186935651
5c2b18f8e570a3acc948782b94c1c029	d__Bacteria;p__Proteobacteria;c__Gammaproteobacteria;o__R7C24;f__R7C24;g__R7C24;s__	0.9986351404910575
060f46235fbfc2c7ea30fab414c416c8	d__Bacteria;p__Proteobacteria;c__Gammaproteobacteria;o__Burkholderiales;f__Comamonadaceae	0.9916477893795609
361867cf859b5bf79f73c22ab5bbbaaa	d__Bacteria;p__Actinobacteriota;c__Actinobacteria;o__Frankiales;f__Sporichthyaceae;g__Longivirga;s__	0.9929880767251152
5c6af816f2a4ee917c195b2c1c7c1f7d	d__Bacteria;p__Actinobacteriota;c__Acidimicrobiia;o__Microtrichales;f__Ilumatobacteraceae	0.9999351375172844
7aba6ce2d5b01e5df0d89239ecd6a62a	d__Bacteria;p__Planctomycetota;c__Planctomycetes;o__Pirellulales;f__Pirellulaceae;g__Blastopirellula;s__	0.9970471935611456
198f63cd48e5f35fa2f1b202eead5499	d__Bacteria;p__Proteobacteria;c__Gammaproteobacteria;o__Thiotrichales;f__Thiotrichaceae;g__uncultured;s__	0.9750135862254519
75e7c78cd307fb985711b8633818a482	d__Bacteria;p__Bacteroidota;c__Bacteroidia;o__Chitinophagales;f__Saprospiraceae;g__uncultured;s__	0.7892824988793421
b52a50006e7beaf4da15179548995054	d__Bacteria;p__Proteobacteria;c__Alphaproteobacteria;o__Caulobacterales;f__Hyphomonadaceae;g__Hyphomonas;s__	0.9898494017925038
30c72f0a28325e155d0cde3684fda2b1	d__Bacteria;p__Bacteroidota;c__Bacteroidia;o__Cytophagales;f__Spirosomaceae;g__Taeseokella;s__	0.9999839735492785
fa94923d44c5e5623854403b7b300408	d__Bacteria;p__Proteobacteria;c__Alphaproteobacteria;o__Rickettsiales;f__Mitochondria;g__Mitochondria;s__	0.9845428600999233
4a0c94802bc5c6217d4c7423fa7c0d5e	d__Bacteria;p__Proteobacteria;c__Alphaproteobacteria;o__Puniceispirillales;f__SAR116_clade;g__SAR116_clade;s__	0.999506017257659
6b0c6369d5f99d82703fe153b1eb22c5	d__Bacteria;p__Desulfobacterota;c__Desulfobulbia;o__Desulfobulbales;f__Desulfocapsaceae;g__uncultured;s__	0.7735027704637742
ee82415c6eb91e3580e251fa06a46fa6	d__Bacteria;p__Verrucomicrobiota;c__Verrucomicrobiae;o__Verrucomicrobiales;f__DEV007;g__DEV007;s__	0.9987744404415642
4636d6dc1c7bbbc487a137cc329228b5	d__Bacteria;p__Proteobacteria;c__Alphaproteobacteria;o__Sphingomonadales;f__Sphingomonadaceae	0.9992616659491819
369ed43ec64300009d635072432e8084	d__Bacteria;p__Bacteroidota;c__Bacteroidia;o__Flavobacteriales;f__Flavobacteriaceae;g__uncultured;s__	0.7051717173728536
15ac55500846e240a3991d2ec085d8ae	d__Bacteria;p__Proteobacteria;c__Gammaproteobacteria;o__BD7-8;f__BD7-8;g__BD7-8;s__	0.7677870265307792
ff447df6eb1c09f249ec1ca28ff5ec85	d__Bacteria;p__Proteobacteria;c__Gammaproteobacteria;o__Ga0077536;f__Ga0077536;g__Ga0077536;s__	0.8091697511686308
e7fef3f9467064c811b81a96b948ff55	d__Bacteria;p__Proteobacteria;c__Alphaproteobacteria;o__Rhizobiales;f__Beijerinckiaceae;g__FukuN57;s__	0.9790544609677453
7da22d142a75e12d19cc9585a2ff843c	d__Bacteria;p__Verrucomicrobiota;c__Verrucomicrobiae;o__Pedosphaerales;f__Pedosphaeraceae;g__uncultured;s__	0.9861001467340674
802a533d597a6abd0c3cd8d82a6bfd13	d__Bacteria;p__Proteobacteria;c__Alphaproteobacteria;o__Rhizobiales;f__Hyphomicrobiaceae;g__Pedomicrobium;s__	0.7831193665072457
d87d3cb80bfdcf6e327313545dafc03e	d__Bacteria;p__Proteobacteria;c__Alphaproteobacteria;o__Puniceispirillales;f__uncultured;g__uncultured;s__	0.9997238060552875
17a113c9a3b6a69c8bc3009be9154522	d__Bacteria;p__Proteobacteria;c__Gammaproteobacteria;o__Pseudomonadales;f__Halieaceae	0.9994606565207624
df3447d65e2c7445a0bb644dfec47cd1	d__Bacteria	0.9999671383188595
d5a99a7592abc3d424c1c23db23a6fad	d__Bacteria;p__Proteobacteria;c__Alphaproteobacteria;o__Sphingomonadales;f__Sphingomonadaceae	0.9987864825751258
85239445504541d7fbe666c950769df5	d__Bacteria;p__Proteobacteria;c__Alphaproteobacteria;o__Puniceispirillales;f__uncultured;g__uncultured;s__	0.9727182469725998
fb7293200f3490e476d1d23d6f2c57a2	d__Bacteria;p__Bacteroidota;c__Bacteroidia;o__Flavobacteriales;f__Flavobacteriaceae;g__Euzebyella;s__	0.9982125027823697
c4fdccf1fa32ab2fa4c499d7c90de3d3	d__Bacteria;p__Bacteroidota;c__Bacteroidia;o__Flavobacteriales	0.8854001338176146
6c8873cffb9bd5550e4f48302250ac46	d__Bacteria;p__Proteobacteria;c__Gammaproteobacteria;o__B2M28;f__B2M28;g__B2M28;s__	0.9863013896227302
e70be2097d0e88a327315d2f4f9047ae	d__Bacteria;p__Bacteroidota;c__Bacteroidia;o__Flavobacteriales;f__Flavobacteriaceae;g__Euzebyella;s__	0.9987766815832435
aab2196768eb31ef6098400df6c4be24	d__Bacteria;p__Bacteroidota;c__Bacteroidia;o__Flavobacteriales;f__Flavobacteriaceae;g__uncultured;s__	0.8384560947895286
7f7422f0b482cbdcd24bc6eb2d165bb7	d__Bacteria;p__Proteobacteria;c__Gammaproteobacteria;o__Enterobacterales;f__Alteromonadaceae	0.9999947940072045
8b06dffb06783feba0aaa59e8cd5237d	d__Bacteria;p__Chloroflexi;c__Anaerolineae;o__SBR1031	0.8187616592462793
9dd164db869681468ba42c35e5ba2e97	d__Bacteria;p__Bacteroidota;c__Bacteroidia;o__Flavobacteriales	0.875472697868517
83913ad96c9b7e67b3d5b2f8183f29ca	d__Bacteria;p__Actinobacteriota;c__Acidimicrobiia;o__Microtrichales;f__Microtrichaceae;g__Sva0996_marine_group;s__	0.8942132503086312
44704986a9e12a066f0f1643184bde1a	d__Bacteria;p__Bacteroidota;c__Bacteroidia;o__Flavobacteriales;f__Flavobacteriaceae	0.9999779388533763
6460b63bc386421214c7da1d132037eb	d__Bacteria;p__Bacteroidota;c__Bacteroidia;o__Flavobacteriales;f__Crocinitomicaceae;g__Fluviicola;s__	0.966477966628812
327a7902cf92b7839dd5808fbd03213c	d__Bacteria;p__Cyanobacteria;c__Cyanobacteriia;o__Chloroplast;f__Chloroplast;g__Chloroplast;s__	0.9999150857770281
72fb7702bba3d76a988c68ba42bf390e	d__Bacteria;p__Chloroflexi;c__Anaerolineae	0.8009010624092158
23ef0bb78e54572bd3d0c2d039241728	d__Bacteria;p__Bdellovibrionota;c__Oligoflexia;o__Oligoflexales;f__Oligoflexaceae;g__uncultured;s__	0.9867854735757825
6b8f2043452cfc0094820f83f97cd6a5	d__Bacteria;p__Proteobacteria;c__Gammaproteobacteria	0.9105136467778003
fca30e752959a969c612775bb7d48a6c	d__Bacteria;p__Proteobacteria;c__Alphaproteobacteria;o__SAR11_clade;f__Clade_III;g__Clade_III;s__	0.9999999583760095
77a549768de4ae9a8456e28d62291b79	d__Bacteria;p__Bacteroidota;c__Bacteroidia;o__Cytophagales;f__Spirosomaceae;g__Pseudarcicella;s__	0.9985380559179451
18d38e3eb7004bd734f2c797fdc3233f	d__Bacteria;p__Proteobacteria;c__Alphaproteobacteria;o__SAR11_clade;f__Clade_III;g__Clade_III;s__	0.9999993385249212
df52fa92cf306f4013b812bb500f36f3	d__Bacteria;p__Cyanobacteria;c__Cyanobacteriia;o__Chloroplast;f__Chloroplast;g__Chloroplast;s__	0.9999338837545262
91ae43595df2f507d4675abe7534e758	d__Bacteria;p__Actinobacteriota;c__Actinobacteria;o__Frankiales;f__Sporichthyaceae;g__hgcI_clade;s__	0.8738022331671121
9f2d1958b631f581071f4e318c0d8f73	d__Bacteria;p__Cyanobacteria;c__Cyanobacteriia;o__Chloroplast;f__Chloroplast;g__Chloroplast;s__	0.9999485799763098
943f2ae8d5a45583af62d1de831467f7	d__Bacteria;p__Proteobacteria;c__Gammaproteobacteria	0.9956694302394777
18792d0449a89d2a461193b688ba884c	d__Bacteria;p__Bacteroidota;c__Bacteroidia;o__Flavobacteriales;f__Flavobacteriaceae	0.9995711864209885
cb4a5c5c8ebe1ca4d27de7ba71f4ac3e	d__Bacteria;p__Proteobacteria;c__Gammaproteobacteria;o__B2M28;f__B2M28;g__B2M28;s__	0.9902140152517991
d4d73efd724a81cdc0ea36ae343a570b	d__Bacteria;p__Proteobacteria;c__Gammaproteobacteria;o__Pseudomonadales;f__KI89A_clade;g__KI89A_clade;s__	0.9993556767949153
a224cd410000278802f3d1ad257c9912	d__Bacteria;p__Bacteroidota;c__Bacteroidia;o__Flavobacteriales;f__Flavobacteriaceae;g__NS2b_marine_group;s__	0.9588430171386669
67b696a1ec327bb2c6106464d669abeb	d__Bacteria;p__Campylobacterota;c__Campylobacteria;o__Campylobacterales;f__Sulfurovaceae;g__Sulfurovum;s__	0.9971249705583087
631142a3ad4dee3a494b81dff4dfaf40	d__Bacteria;p__Proteobacteria;c__Alphaproteobacteria;o__SAR11_clade;f__Clade_II;g__Clade_II;s__	0.9220666350270986
cac6ccf0f041e493a0ccf631f900c726	d__Bacteria;p__Bacteroidota;c__Bacteroidia;o__Chitinophagales;f__Saprospiraceae;g__uncultured;s__	0.7983393378939618
c602a355d140685915337101892cef38	d__Bacteria;p__Verrucomicrobiota;c__Verrucomicrobiae;o__Verrucomicrobiales;f__DEV007;g__DEV007;s__	0.999209743795726
e89ceaed02d0a1c0661cdc4506f1a5de	d__Bacteria;p__Proteobacteria;c__Alphaproteobacteria;o__Rhizobiales;f__Hyphomicrobiaceae	0.9440179691824961
8bcac90ee92584b9d43e32336983137c	d__Bacteria;p__Proteobacteria;c__Gammaproteobacteria;o__Burkholderiales;f__Hydrogenophilaceae;g__Thiobacillus;s__	0.9987526199990315
fc4983655021f0b7a041566727a8d742	d__Bacteria;p__Bacteroidota;c__Bacteroidia;o__Flavobacteriales;f__Crocinitomicaceae;g__Fluviicola;s__	0.9980257501277988
887f85f039c57b15842baa7935aeb43a	d__Bacteria;p__Proteobacteria;c__Gammaproteobacteria;o__Burkholderiales;f__Gallionellaceae	0.8346676045996714
771208154228d958c6a4060c35376a07	d__Bacteria	0.9874424347891061
83461fa751ff4c21dfe8c841c335140a	d__Bacteria;p__Proteobacteria;c__Gammaproteobacteria;o__Ga0077536;f__Ga0077536;g__Ga0077536;s__	0.7166555544877061
f985210e2ade8f8b8968e72a711ae59f	d__Bacteria;p__Proteobacteria;c__Gammaproteobacteria;o__Ga0077536;f__Ga0077536;g__Ga0077536;s__	0.7500556501600598
ba0160a560cd805b91a7e897dfc8aff1	d__Bacteria;p__Planctomycetota;c__Planctomycetes;o__Planctomycetales;f__Schlesneriaceae;g__Planctopirus;s__	0.9947198427741033
2fe15dafc3f86773eff3a8f203f941dd	d__Bacteria;p__Proteobacteria;c__Gammaproteobacteria	0.9915089212701598
fa5be674ed793562f35e16891f253372	d__Bacteria;p__Chloroflexi;c__KD4-96;o__KD4-96;f__KD4-96;g__KD4-96;s__	0.9999230175625896
791e886c2ad651a63641f16ae42486cd	d__Bacteria;p__Proteobacteria;c__Gammaproteobacteria;o__Steroidobacterales;f__Steroidobacteraceae;g__uncultured;s__	0.8995315775292333
f2e90e8bb303f80b5ddd2880220a1060	d__Bacteria;p__Proteobacteria;c__Alphaproteobacteria;o__Rhizobiales;f__Beijerinckiaceae	0.7412395897551177
b7dc8c07e2b9b7a6e6fb4c257b570a3f	d__Bacteria;p__Cyanobacteria;c__Cyanobacteriia;o__Chloroplast;f__Chloroplast;g__Chloroplast;s__	0.9998614956966448
ef8884ad8bd0b68224340f65a07844dc	d__Bacteria;p__Proteobacteria;c__Gammaproteobacteria;o__Granulosicoccales;f__Granulosicoccaceae;g__Granulosicoccus;s__	0.9937732920778818
da26b910f23202858768cd82e239d08b	d__Bacteria;p__Bacteroidota;c__Bacteroidia;o__Flavobacteriales;f__Flavobacteriaceae;g__Actibacter;s__	0.8583650409329274
e9130768db7a69511022fbc89e965c48	d__Bacteria;p__Gemmatimonadota;c__BD2-11_terrestrial_group;o__BD2-11_terrestrial_group;f__BD2-11_terrestrial_group;g__BD2-11_terrestrial_group;s__	0.9994466073325746
dd523948a1c85bc856ff948853153bc4	d__Bacteria;p__Bacteroidota;c__Bacteroidia	0.9992323919531663
28c6ae762ec710dfa6141b1216d34dd4	d__Bacteria;p__Cyanobacteria;c__Cyanobacteriia;o__Chloroplast;f__Chloroplast;g__Chloroplast;s__	0.999941579236526
be5a666eb61924c70f5e49218048b65a	d__Bacteria;p__Proteobacteria;c__Alphaproteobacteria;o__Rhizobiales;f__Rhizobiaceae;g__Hoeflea;s__	0.8211735170532631
0ec6567516bfeb327385ee5560f68f9c	d__Bacteria;p__Proteobacteria;c__Alphaproteobacteria;o__Sphingomonadales;f__Sphingomonadaceae;g__Altererythrobacter;s__	0.7599823652318638
afc9cfe3343e86ac999248bbc50e5132	d__Bacteria;p__Proteobacteria;c__Gammaproteobacteria;o__BD7-8;f__BD7-8;g__BD7-8;s__	0.7897290723788727
c44b7f9163b1c7841d65d51bb4fe8e92	d__Archaea;p__Nanoarchaeota;c__Nanoarchaeia;o__Woesearchaeales;f__Woesearchaeales;g__Woesearchaeales;s__	0.9986845018553877
0cacb1b5c483110c75a130f7657ac4ce	d__Bacteria;p__Proteobacteria;c__Gammaproteobacteria;o__Pseudomonadales;f__Oleiphilaceae;g__Oleiphilus;s__	0.9696135470302256
3d9ba4d6757f6f575452deb923ce5ec9	d__Bacteria;p__Proteobacteria;c__Alphaproteobacteria;o__Rhodobacterales;f__Rhodobacteraceae	0.9999748949678051
4bbc955cefc62229598c091ffbded0cf	d__Bacteria;p__Bacteroidota;c__Bacteroidia;o__Flavobacteriales;f__Flavobacteriaceae;g__Robiginitalea;s__	0.9999972172473471
03a1cd1d42e59f1bd4e41f7787bcc113	d__Bacteria;p__Bacteroidota;c__Bacteroidia;o__Flavobacteriales;f__Flavobacteriaceae	0.998480501244849
7cd19a8213d63efaf422b626872adc18	d__Bacteria;p__Cyanobacteria;c__Cyanobacteriia;o__Chloroplast;f__Chloroplast;g__Chloroplast;s__	0.9977306573743464
ea271abe0d3811152c12c2ffdc15d154	d__Bacteria;p__Proteobacteria;c__Alphaproteobacteria;o__Rhodobacterales;f__Rhodobacteraceae	0.9995183680151205
cfd453de293f5feb281a26733dd72ff9	d__Bacteria;p__Actinobacteriota;c__Actinobacteria;o__Frankiales;f__Sporichthyaceae;g__hgcI_clade;s__	0.9951799722622974
27dd4953f7d631eb450f7096337983da	d__Bacteria;p__Planctomycetota;c__Planctomycetes;o__Planctomycetales;f__Rubinisphaeraceae;g__SH-PL14;s__	0.9983471902284864
dcf5c47170d51dc4f09384111d9ac614	d__Bacteria;p__Proteobacteria;c__Alphaproteobacteria;o__Rickettsiales;f__Mitochondria;g__Mitochondria;s__	0.7343598790881208
657c0fd2f3882e99760dde2bb417d8b9	d__Bacteria;p__Bacteroidota;c__Bacteroidia;o__Sphingobacteriales;f__LiUU-11-161;g__LiUU-11-161;s__	0.9871326949640739
840a9ad0eebdd5c71a530e8da46fb6f8	d__Bacteria;p__Cyanobacteria;c__Cyanobacteriia;o__Chloroplast;f__Chloroplast;g__Chloroplast;s__	0.9998729770290726
e726ab234079880af2c35142261f53d5	d__Bacteria;p__Bacteroidota;c__Bacteroidia;o__Chitinophagales;f__Chitinophagaceae;g__Sediminibacterium;s__	0.9896393708288536
6e67ca351453a3ba1c4508ae872f4d66	d__Bacteria;p__Bacteroidota;c__Bacteroidia;o__Flavobacteriales;f__Flavobacteriaceae;g__Ulvibacter;s__	0.8175304824565434
319cc14743341e3d26c02941d8a53823	d__Bacteria;p__Bacteroidota;c__Bacteroidia;o__Flavobacteriales;f__Flavobacteriaceae;g__NS4_marine_group;s__	0.9986414506662737
2bb5836ed477bbdb1b659d4051ad04a9	d__Bacteria;p__Proteobacteria;c__Gammaproteobacteria;o__Gammaproteobacteria_Incertae_Sedis;f__Unknown_Family;g__uncultured;s__	0.9918037590752496
78fa9db293a92906bc16769ea362c919	d__Bacteria;p__Cyanobacteria;c__Cyanobacteriia;o__Chloroplast;f__Chloroplast;g__Chloroplast;s__	0.9999156531908002
1da0b743b6ff0483ec5a7744c32ea11b	d__Bacteria;p__Desulfobacterota;c__Syntrophobacteria;o__Syntrophobacterales;f__uncultured;g__uncultured;s__	0.9964995116088623
b1cc3af712b74101f419708ecc8f3633	d__Bacteria;p__Cyanobacteria;c__Cyanobacteriia;o__Synechococcales;f__Cyanobiaceae	0.9999992482231966
1d87f422379fecaede86b9e8201a2a2a	d__Bacteria;p__Cyanobacteria;c__Cyanobacteriia;o__Chloroplast;f__Chloroplast;g__Chloroplast;s__	0.9966451852033847
0fd151524cfc8553a0aca0215ee86cc2	d__Bacteria;p__Proteobacteria;c__Gammaproteobacteria;o__Pseudomonadales;f__Halieaceae;g__Luminiphilus;s__	0.9780340979401811
bcb336b919b50bf89c614eb137085045	d__Bacteria;p__Acidobacteriota;c__Thermoanaerobaculia;o__Thermoanaerobaculales;f__Thermoanaerobaculaceae;g__Subgroup_23;s__	0.9999844139427589
745f43b7b3dc4e1d6db9fbef43af6aec	d__Bacteria;p__Proteobacteria;c__Gammaproteobacteria;o__Enterobacterales;f__Vibrionaceae	0.7977310445708775
8f8d5efa5a59f64c14c3b7323b6fd395	d__Bacteria;p__Bacteroidota;c__Bacteroidia;o__Chitinophagales;f__Saprospiraceae;g__uncultured;s__	0.753215662908741
e3fe8c994a1f0cb193248f9ae8121ffb	d__Bacteria;p__Proteobacteria;c__Alphaproteobacteria;o__Rhizobiales;f__Hyphomicrobiaceae;g__Pedomicrobium;s__	0.8925079312946891
ea1df597560297260e8e4f9c4c3dbb0e	d__Bacteria;p__Planctomycetota;c__Planctomycetes;o__Pirellulales;f__Pirellulaceae;g__uncultured;s__	0.9198817585441083
7167228d7c53f7b9e031a155c0c59bc3	d__Bacteria;p__Proteobacteria;c__Alphaproteobacteria;o__Rickettsiales;f__Rickettsiaceae;g__Candidatus_Megaira;s__	0.9997083568827017
fa50158056c23db462e09688d4b438ca	d__Bacteria;p__Proteobacteria;c__Gammaproteobacteria	0.9983177060548926
70330ef0e17851b4088c4cab905cc296	d__Bacteria;p__Planctomycetota;c__Planctomycetes;o__Pirellulales;f__Pirellulaceae;g__uncultured;s__	0.9872370114969177
78cde1ddd161b62888e9cf9b293a7182	d__Bacteria;p__Proteobacteria;c__Alphaproteobacteria;o__Rhizobiales;f__Hyphomicrobiaceae	0.9698708227107894
8a40b87b203294ccff2444b9bb8f5d51	d__Bacteria;p__Proteobacteria;c__Gammaproteobacteria;o__Burkholderiales;f__Gallionellaceae	0.8925531829078968
f4e13c22d7ba7416eb953f5b8e822876	d__Bacteria;p__Proteobacteria;c__Alphaproteobacteria;o__Rhizobiales;f__Beijerinckiaceae;g__FukuN57;s__	0.9599434373118398
f8e4d731516eafc7c631941d03c729eb	d__Bacteria;p__Proteobacteria;c__Alphaproteobacteria;o__SAR11_clade;f__Clade_I	0.9984026501602437
e184f8379f87c6372d54f496a3adb3b4	d__Bacteria;p__Proteobacteria;c__Alphaproteobacteria;o__Reyranellales;f__Reyranellaceae;g__Reyranella;s__	0.999986672320656
72bfc114c0976b9edb1362a2168c7720	d__Bacteria;p__Actinobacteriota;c__Acidimicrobiia;o__IMCC26256;f__IMCC26256;g__IMCC26256;s__	0.8491902861410533
bce0c8a28ae709a692b65b1c8949cc49	d__Bacteria;p__Proteobacteria;c__Alphaproteobacteria;o__Rhizobiales;f__Hyphomicrobiaceae;g__Pedomicrobium;s__	0.8159545952420884
001d08fe6d5575f318d37f9ad8b630a6	d__Bacteria;p__Fusobacteriota;c__Fusobacteriia;o__Fusobacteriales;f__Fusobacteriaceae;g__Propionigenium;s__	0.9307400262775944
3c721ce999c2b3bcb3f90468ae6c3d50	d__Bacteria;p__Proteobacteria;c__Alphaproteobacteria;o__SAR11_clade;f__Clade_III;g__Clade_III;s__	0.9999986388071306
f36a10610141fbbda7d57b7910f5b60c	d__Bacteria;p__Proteobacteria;c__Alphaproteobacteria;o__Rhodobacterales;f__Rhodobacteraceae	0.9979449173820396
cb489a57e46b96a5d02aecfd735984d0	d__Bacteria;p__Proteobacteria;c__Gammaproteobacteria;o__Enterobacterales;f__Vibrionaceae	0.8249643289456319
70d5063f6559096df860090de697d22c	d__Bacteria;p__Planctomycetota;c__Planctomycetes;o__Planctomycetales;f__Rubinisphaeraceae;g__uncultured;s__	0.9998866839458466
a8a174c209cc97da0a60dfe756ba42cf	d__Bacteria;p__Bacteroidota;c__Bacteroidia;o__Flavobacteriales;f__Flavobacteriaceae;g__Aquibacter;s__	0.869158799924478
0146239113b4973b2a453f93c3dec4a9	d__Bacteria;p__Campylobacterota;c__Campylobacteria;o__Campylobacterales;f__Sulfurimonadaceae;g__Sulfurimonas;s__	0.9999964529588777
5e7c96fd933e0d2c81b21c0f518bae36	d__Bacteria;p__Proteobacteria;c__Alphaproteobacteria;o__Puniceispirillales;f__uncultured;g__uncultured;s__	0.9620586887343477
bda156fb12f852278763a72beef7f659	d__Bacteria;p__Planctomycetota;c__Pla3_lineage;o__Pla3_lineage;f__Pla3_lineage;g__Pla3_lineage;s__	0.9912576082778235
d7d970ddf8643f4ae4a6d7b01f4472b0	d__Bacteria;p__Proteobacteria;c__Alphaproteobacteria;o__Rickettsiales;f__S25-593;g__S25-593;s__	0.9999968517320885
a8f7afd4588be3b40d428408b728dc4b	d__Bacteria;p__Bacteroidota;c__Bacteroidia;o__Flavobacteriales;f__Flavobacteriaceae;g__NS5_marine_group;s__	0.9995215457997367
7582975042d82ac58da41ef7d774eefc	d__Bacteria;p__Bacteroidota;c__Bacteroidia;o__Flavobacteriales;f__Crocinitomicaceae;g__Fluviicola;s__	0.9973877072241079
688c98c7b900a2b8c1647b0d66df38c7	d__Bacteria;p__Acidobacteriota;c__Vicinamibacteria;o__Vicinamibacterales;f__uncultured;g__uncultured;s__	0.9996966262614644
c5ff92be6eb48e1ae861716592ece307	d__Bacteria;p__Verrucomicrobiota;c__Verrucomicrobiae;o__Pedosphaerales;f__Pedosphaeraceae	0.9928552081061377
9084bb5cd9628653eb28ad4c9178be2e	d__Bacteria;p__Proteobacteria;c__Gammaproteobacteria;o__Pseudomonadales;f__Pseudohongiellaceae;g__Pseudohongiella;s__	0.9999019513335912
dcad62d689d699d3c4f765f6a818bd7f	d__Bacteria;p__Bacteroidota;c__Bacteroidia;o__Flavobacteriales;f__Flavobacteriaceae	0.9978492697661696
cf2dc74fb169d41fb8402e4aeda92032	d__Bacteria;p__Bacteroidota;c__Bacteroidia;o__Flavobacteriales;f__Flavobacteriaceae;g__Robiginitalea;s__	0.9988209056476867
5412cbb34a554e1f5447787f97ee8a85	d__Bacteria;p__Bacteroidota;c__Bacteroidia;o__Cytophagales;f__Spirosomaceae;g__Pseudarcicella;s__	0.9999989192852623
756467ebc766b1bfc4089a0f31cb8ac3	d__Bacteria;p__Proteobacteria;c__Gammaproteobacteria	0.9423437668319685
71c72793b346b3a4295c203a4653f89f	d__Bacteria;p__Proteobacteria;c__Gammaproteobacteria;o__Burkholderiales;f__Gallionellaceae;g__Gallionella;s__	0.7289555459666788
8fdd660354abead79acc56d81cabce77	d__Bacteria;p__Proteobacteria;c__Alphaproteobacteria;o__Rhizobiales;f__Methyloligellaceae;g__Methyloceanibacter;s__	0.957185652591646
49d67ff0f11f15c6237c2ee772ad59ce	d__Bacteria;p__Proteobacteria;c__Gammaproteobacteria;o__Pseudomonadales;f__Nitrincolaceae;g__Neptunomonas;s__	0.8912837803607379
102e8937fb7b2dd6a38d231bbfabf281	d__Bacteria;p__Proteobacteria;c__Alphaproteobacteria;o__Puniceispirillales;f__SAR116_clade;g__SAR116_clade;s__	0.9994525136118835
b50f90df8f54fdecd09f5f11f8329e3c	d__Bacteria;p__Proteobacteria;c__Gammaproteobacteria;o__Enterobacterales;f__Alteromonadaceae	0.999993861475049
4a8721027b296f0251066fd4c1920cf2	d__Bacteria;p__Proteobacteria;c__Gammaproteobacteria;o__Pseudomonadales;f__OM182_clade;g__OM182_clade;s__	0.9996156183108591
4b81f438b19f778c554fb316dc1d3e72	d__Bacteria;p__Proteobacteria;c__Gammaproteobacteria;o__Burkholderiales;f__Methylophilaceae;g__OM43_clade;s__	0.9059915467223159
d0c2bb2254270c902ff1033c86119bf3	d__Bacteria;p__Proteobacteria;c__Alphaproteobacteria;o__Rhodobacterales;f__Rhodobacteraceae;g__HIMB11;s__	0.731122183611361
06801600cfb76ac2f3969b6ec18e0b9b	d__Bacteria;p__Proteobacteria;c__Gammaproteobacteria;o__Pseudomonadales;f__Halieaceae;g__OM60(NOR5)_clade;s__	0.8782060837460794
3528b40ce0ed55b1a73c4af7ff4e34da	d__Bacteria;p__Cyanobacteria;c__Cyanobacteriia;o__Chloroplast;f__Chloroplast;g__Chloroplast;s__	0.999913560151319
7667a2328071f11e93cf6a51ceae802e	d__Bacteria;p__Proteobacteria;c__Gammaproteobacteria;o__Pseudomonadales;f__Pseudohongiellaceae;g__Pseudohongiella;s__	0.9983694731845159
0b694b958417bcd7faccec0545c5ed10	d__Bacteria;p__Bacteroidota;c__Bacteroidia;o__Flavobacteriales;f__Flavobacteriaceae;g__Arcticiflavibacter;s__	0.7476515979095506
28b62f0c0c2574934ca0854428beeaf1	d__Bacteria;p__Bacteroidota;c__Bacteroidia;o__Chitinophagales;f__Saprospiraceae;g__uncultured;s__	0.8483499509861253
e57a8340e34086c4c3da451ca1f1192c	d__Bacteria;p__Proteobacteria;c__Gammaproteobacteria;o__Pseudomonadales;f__Halieaceae;g__Luminiphilus;s__	0.9795797833062461
7e2edc4c5eee335b75aff4feda3cc7c1	d__Bacteria;p__Bacteroidota;c__Bacteroidia;o__Chitinophagales;f__Saprospiraceae;g__uncultured;s__	0.7755646094561292
590f05a0dab6324b6a91529b502db193	d__Bacteria;p__Bacteroidota;c__Bacteroidia;o__Flavobacteriales;f__Flavobacteriaceae;g__uncultured;s__	0.869131074186627
829abd027e74e03ada6b6df571365798	d__Bacteria;p__Bacteroidota;c__Bacteroidia;o__Sphingobacteriales;f__NS11-12_marine_group;g__NS11-12_marine_group;s__	0.9620217715584567
7786b2d3e2377c3c4c6452729d561be5	d__Bacteria;p__Proteobacteria;c__Gammaproteobacteria;o__Pseudomonadales	0.7168416721741104
289998c4f829c989648cf45568aa0054	d__Bacteria;p__Proteobacteria;c__Alphaproteobacteria;o__Rickettsiales;f__Mitochondria;g__Mitochondria;s__	0.7679594521388332
6837cce5e5504ded3db9f5e65aaabbb4	d__Bacteria;p__Actinobacteriota;c__Actinobacteria;o__Frankiales;f__Sporichthyaceae;g__hgcI_clade;s__	0.8538020552418116
004b9574f6bcfda41cd195bf8f3436f8	d__Bacteria;p__Planctomycetota;c__Phycisphaerae;o__Phycisphaerales;f__Phycisphaeraceae;g__CL500-3;s__	0.9972154232895211
34183690d187b3bcaaae9393f5ee5477	d__Bacteria;p__Proteobacteria;c__Gammaproteobacteria;o__Gammaproteobacteria_Incertae_Sedis;f__Unknown_Family;g__Acidibacter;s__	0.9783541115955781
2e0d382add17f600d3c6d55fef6d7da8	d__Bacteria;p__Proteobacteria;c__Gammaproteobacteria	0.9972322422662376
7867617ca4d68421420cc278cbf1eb2d	d__Bacteria;p__Proteobacteria;c__Alphaproteobacteria;o__Puniceispirillales;f__uncultured;g__uncultured;s__	0.9996053949586882
93db5b25601df070be0034aaee457f4f	d__Bacteria;p__Proteobacteria;c__Gammaproteobacteria;o__Pseudomonadales;f__Spongiibacteraceae;g__BD1-7_clade;s__	0.8335299415511748
fd42ba826988393aed11f9ac3d912def	d__Bacteria;p__Bacteroidota;c__Bacteroidia;o__Flavobacteriales;f__Flavobacteriaceae;g__NS5_marine_group;s__	0.9972540874093979
49b578f12703a33f5e70b5d73bbb8b63	d__Bacteria;p__Planctomycetota;c__Planctomycetes;o__Pirellulales;f__Pirellulaceae;g__uncultured;s__	0.9878787423195619
233b466d0dbb6125c53ed0ddc484297f	d__Bacteria;p__Bacteroidota;c__Bacteroidia;o__Cytophagales;f__Spirosomaceae;g__Pseudarcicella;s__	0.9999992423304633
e09717723f0bfb849516887b6ce13dcc	d__Bacteria;p__Cyanobacteria;c__Cyanobacteriia;o__Synechococcales;f__Cyanobiaceae;g__Cyanobium_PCC-6307;s__	0.998891914362341
36ed7781ab3b91a11f3bf21bf40872f2	d__Bacteria;p__Proteobacteria;c__Gammaproteobacteria;o__Pseudomonadales;f__Marinomonadaceae;g__Marinomonas;s__	0.9983518631510074
d282eaf7202c1278ba54aeccad1cce4b	d__Bacteria;p__Proteobacteria;c__Alphaproteobacteria;o__Rhodobacterales;f__Rhodobacteraceae	0.9721591929661583
2006ee8b6964679ce150fa326cc25b31	d__Bacteria;p__Bacteroidota;c__Bacteroidia;o__Flavobacteriales;f__Flavobacteriaceae	0.9999982189406948
607117f28dbdacbd4e423bf43eeaceb3	d__Bacteria	0.999932170420823
06feb2fafb4fb65ffea79d46e63bb009	d__Bacteria;p__Proteobacteria;c__Gammaproteobacteria;o__Pseudomonadales;f__Nitrincolaceae;g__uncultured;s__	0.8790681023225597
735a76f9c3b92ce75766381682ab4947	d__Bacteria;p__Proteobacteria;c__Gammaproteobacteria;o__Enterobacterales;f__Vibrionaceae;g__Thaumasiovibrio;s__	0.9967660583352358
0d37c96f6a6c7de0305939bacd2e7c80	d__Bacteria;p__Bacteroidota;c__Bacteroidia;o__Chitinophagales;f__Saprospiraceae;g__uncultured;s__	0.7276526044867209
fc9fbc0c338070bda84bd986a8aefa38	d__Bacteria;p__Cyanobacteria;c__Cyanobacteriia;o__Chloroplast;f__Chloroplast;g__Chloroplast;s__	0.9986309411070735
df077848dab04f3ae19bda441f33eece	d__Bacteria;p__Bacteroidota;c__Bacteroidia;o__Flavobacteriales;f__Flavobacteriaceae;g__NS5_marine_group;s__	0.9900926607197514
768856edd88ca5c36371f4cfc6f22df9	d__Bacteria;p__Bacteroidota;c__Bacteroidia;o__Flavobacteriales;f__Cryomorphaceae;g__uncultured;s__	0.9996940958001935
e5b99bc31d6ea769a1eee78c54f9ccef	d__Bacteria;p__Bacteroidota;c__Bacteroidia;o__Flavobacteriales;f__Flavobacteriaceae;g__Muriicola;s__	0.9797563345160685
2b301b16819e52b2d2c5470afa58824a	d__Bacteria;p__Proteobacteria;c__Gammaproteobacteria;o__Pseudomonadales;f__SAR86_clade;g__SAR86_clade;s__	0.999965046871587
4b7f4d56df530ce18bb9bf028220e08e	d__Bacteria;p__Proteobacteria;c__Alphaproteobacteria;o__Rickettsiales;f__Mitochondria;g__Mitochondria;s__	0.9729222624993807
872baedf68cbb96136d6ea743d3875b6	d__Bacteria;p__Verrucomicrobiota;c__Verrucomicrobiae;o__Verrucomicrobiales;f__DEV007;g__DEV007;s__	0.9975307900908621
ee037f3b8d83ce3f3563f0b8a99fb6a6	d__Bacteria;p__Campylobacterota;c__Campylobacteria;o__Campylobacterales;f__Sulfurovaceae;g__Sulfurovum;s__	0.9997626495960906
3f15105ad6a1f7518f61aaa2f2548f5d	d__Bacteria;p__Proteobacteria;c__Alphaproteobacteria;o__Sphingomonadales;f__Sphingomonadaceae	0.9999831996659618
c9ae60bcc1251e9ef579d6e96ba7eb97	d__Bacteria;p__Proteobacteria;c__Alphaproteobacteria;o__Rickettsiales;f__Mitochondria;g__Mitochondria;s__	0.7596836535097821
af01ff46761cc68812ac61d5c01dc8ee	d__Bacteria;p__Proteobacteria;c__Alphaproteobacteria;o__Rickettsiales;f__Mitochondria;g__Mitochondria;s__	0.7755022413763414
cfd16e6c0ffde29165e3ecd96e25c70f	d__Bacteria;p__Cyanobacteria;c__Cyanobacteriia;o__Chloroplast;f__Chloroplast;g__Chloroplast;s__	0.9886087753546965
0be9330d18384b14aa3d37d5215de63c	d__Bacteria;p__Cyanobacteria;c__Cyanobacteriia;o__Chloroplast;f__Chloroplast;g__Chloroplast;s__	0.9944364836880587
9a8a1b4524b1000e1fae95f043154f1b	d__Bacteria;p__Actinobacteriota;c__Acidimicrobiia;o__Microtrichales;f__Ilumatobacteraceae;g__CL500-29_marine_group;s__	0.9897432192108779
d7632b50f231cdcdbaf6961cdbe54225	d__Bacteria;p__Cyanobacteria;c__Cyanobacteriia;o__Chloroplast;f__Chloroplast;g__Chloroplast;s__	0.9959740463658239
a337448fc46f279f3ba8a807d446e529	d__Bacteria;p__Gemmatimonadota;c__BD2-11_terrestrial_group;o__BD2-11_terrestrial_group;f__BD2-11_terrestrial_group;g__BD2-11_terrestrial_group;s__	0.9999437547472629
d27af2b2fd58a4786b668f3a652b7ccf	d__Bacteria;p__Proteobacteria;c__Alphaproteobacteria;o__Puniceispirillales;f__uncultured;g__uncultured;s__	0.9681789191694787
f342ac9d0d2ab4811c9939e21e1c1b3f	d__Bacteria;p__Proteobacteria;c__Alphaproteobacteria;o__Rickettsiales;f__Mitochondria;g__Mitochondria;s__	0.9314842788867305
999e5622287de3f425b65228982d4836	d__Bacteria;p__Bdellovibrionota;c__Oligoflexia;o__Oligoflexales;f__Oligoflexaceae;g__Pseudobacteriovorax;s__	0.9924166239717722
168d092e9a0cbb4522d207f5a0a250ef	d__Bacteria;p__Proteobacteria;c__Alphaproteobacteria;o__Rhodobacterales;f__Rhodobacteraceae	0.9998522014400089
0d26dc0f233385f046900a400410edb5	d__Bacteria;p__Desulfobacterota;c__Syntrophobacteria;o__Syntrophobacterales;f__uncultured;g__uncultured;s__	0.9897278113495839
31c8d3318177c66ba9b990e3081c0b64	d__Bacteria;p__Cyanobacteria;c__Cyanobacteriia;o__Chloroplast;f__Chloroplast;g__Chloroplast;s__	0.9999381354982656
f0236cd98256276280372e0050be002d	d__Bacteria;p__Bacteroidota;c__Bacteroidia;o__Flavobacteriales;f__Crocinitomicaceae;g__Fluviicola;s__	0.8256661774026048
f87daf219ebab4383f4b79d9ecb801dc	d__Bacteria;p__Bacteroidota;c__Bacteroidia;o__Flavobacteriales;f__NS9_marine_group;g__NS9_marine_group;s__	0.8624763260274774
829e0ab457dddf4964e31337d724bac3	d__Bacteria;p__Proteobacteria;c__Gammaproteobacteria;o__Pseudomonadales;f__Halieaceae	0.983028022884813
8feb5eb038c29b491008510befb8a9d0	d__Bacteria;p__Planctomycetota;c__Planctomycetes;o__Pirellulales;f__Pirellulaceae;g__Blastopirellula;s__	0.9908007484284346
3160969a08647418fb81009dd75a3b2f	d__Bacteria;p__Verrucomicrobiota;c__Verrucomicrobiae;o__Verrucomicrobiales;f__DEV007;g__DEV007;s__	0.9998346755470694
c857adc05d29bc61d99904b991fe5d9f	d__Bacteria;p__Proteobacteria;c__Gammaproteobacteria;o__Pseudomonadales;f__SAR86_clade;g__SAR86_clade;s__	0.9999844784700916
9e8c4d8335bc116dda957174034a785e	d__Bacteria;p__Bacteroidota;c__Bacteroidia;o__Flavobacteriales;f__Flavobacteriaceae	0.9999993115364253
398aae8b9870fef044191c0cab57b4be	d__Bacteria;p__Bacteroidota;c__Rhodothermia;o__Balneolales;f__Balneolaceae;g__Balneola;s__	0.9948563946657456
77910e2a81e7f0b483fdf35b79c6fc9a	d__Bacteria;p__Bacteroidota;c__Bacteroidia;o__Flavobacteriales;f__Crocinitomicaceae;g__Crocinitomix;s__	0.997343266317085
073942c21a98d86950051641e5d57f3f	d__Bacteria;p__Cyanobacteria;c__Cyanobacteriia;o__Synechococcales;f__Cyanobiaceae;g__Cyanobium_PCC-6307;s__	0.9795223603548919
2a170230614204dc725f4357ac20a4b4	d__Bacteria;p__Bacteroidota;c__Bacteroidia;o__Flavobacteriales;f__Flavobacteriaceae;g__NS4_marine_group;s__	0.9986751790803128
16fb39a2ccd3c6b6edea14c0f5067c0b	d__Bacteria;p__Cyanobacteria;c__Cyanobacteriia;o__Chloroplast;f__Chloroplast;g__Chloroplast;s__	0.9983558267189375
92c31995a19f0131803b53f231f91f2e	d__Bacteria;p__Bacteroidota;c__Bacteroidia;o__Chitinophagales;f__Saprospiraceae;g__uncultured;s__	0.8685853552666394
37df5eb89794a0327c5a716c1f561489	d__Bacteria;p__Proteobacteria;c__Gammaproteobacteria;o__Burkholderiales;f__Methylophilaceae;g__OM43_clade;s__	0.8671589936394787
f7b0ba18c1569bb74500c182541fbeed	d__Bacteria;p__Proteobacteria;c__Gammaproteobacteria;o__Pseudomonadales;f__Pseudohongiellaceae;g__Pseudohongiella;s__	0.9984964163983105
5816f65e3b34f07599411228827be7d1	d__Bacteria;p__Proteobacteria;c__Gammaproteobacteria	0.9949157846328358
940280f68ddf46ff33217e32758483ce	d__Bacteria;p__Bacteroidota;c__Bacteroidia;o__Flavobacteriales;f__Flavobacteriaceae;g__Robiginitalea;s__	0.9958164688562134
72890d3dc5416e48462312598ecffede	d__Bacteria;p__Proteobacteria;c__Gammaproteobacteria	0.9936997744638618
790fb9942a493b2253d25ada55d70df6	d__Bacteria;p__Proteobacteria;c__Gammaproteobacteria;o__Burkholderiales;f__Methylophilaceae;g__OM43_clade;s__	0.9168301698546094
3ffa9217b053e06cb9e42fa7fcaefa6a	d__Bacteria;p__Gemmatimonadota;c__Gemmatimonadetes;o__Gemmatimonadales;f__Gemmatimonadaceae	0.9998479901406698
7cd16a3de24ea25708549f4e00d1173a	d__Bacteria	0.9978025648989124
262adfd4a8850c6a829c7d264060f21c	d__Bacteria;p__Campylobacterota;c__Campylobacteria;o__Campylobacterales;f__Sulfurovaceae;g__Sulfurovum;s__	0.9997346578050227
1d5bb96ce40e3729e8537cf54cbed16a	d__Bacteria;p__Proteobacteria;c__Gammaproteobacteria	0.9188819424577477
5b5007d3097e1ae721ea9f8d02c44275	d__Bacteria;p__Cyanobacteria;c__Cyanobacteriia;o__Cyanobacteriales;f__Cyanobacteriaceae;g__Symphothece_PCC-7002;s__	0.9995853811027565
d1726d37c8535fd05ca27b42ea2bbe2f	d__Bacteria	0.9998135774415644
32665b5fc067da6f5ce94f1c77ea823d	d__Bacteria;p__Planctomycetota;c__OM190;o__OM190;f__OM190;g__OM190;s__	0.9169998486075629
c305857978f9aef97975a8ffe8055e63	d__Bacteria;p__Bacteroidota;c__Bacteroidia;o__Flavobacteriales;f__Cryomorphaceae;g__uncultured;s__	0.9988615354773057
605390101d89349ee70da5bd779aa9a7	d__Bacteria;p__Planctomycetota;c__Planctomycetes;o__Pirellulales;f__Pirellulaceae;g__Rubripirellula;s__	0.9990376499719088
d6e7ffcca72f2f5fec901f370b41376a	d__Bacteria;p__Proteobacteria;c__Alphaproteobacteria;o__Rhodobacterales;f__Rhodobacteraceae	0.9997043412973813
563ee6f3bee1fb0b2a6a5dc8b454b30d	d__Bacteria;p__Cyanobacteria;c__Cyanobacteriia;o__Chloroplast;f__Chloroplast;g__Chloroplast;s__	0.9999464608054563
1ddb750809516ad0be8b29c64a9e199c	d__Bacteria;p__Bacteroidota;c__Bacteroidia;o__Cytophagales;f__Cyclobacteriaceae;g__uncultured;s__	0.9642184927190233
38d7103d6046581004c2bcf0e7b1f9d8	d__Bacteria	0.999842514186625
b77a47ec85c1267a24247533c4c906e5	d__Bacteria;p__Verrucomicrobiota;c__Verrucomicrobiae;o__Verrucomicrobiales;f__DEV007;g__DEV007;s__	0.9979537481134667
aa78968421511f1d28dae90091f3923c	d__Bacteria;p__Proteobacteria;c__Alphaproteobacteria;o__Sphingomonadales;f__Sphingomonadaceae	0.9978878790600547
bb8e37a26660063970770febce3cdbcb	d__Bacteria;p__Bacteroidota;c__Bacteroidia	0.9994389014490827
fcf14328820c707b3739e27372c68b1c	d__Bacteria;p__Proteobacteria;c__Gammaproteobacteria;o__Acidiferrobacterales;f__Acidiferrobacteraceae;g__Sulfurifustis;s__	0.9907417441953806
109fdcf46b8d88a728cf707c86c46847	d__Bacteria;p__Proteobacteria;c__Alphaproteobacteria	0.9531994828572263
4e375d11b78307893cff88d502e883c4	d__Bacteria;p__Proteobacteria;c__Alphaproteobacteria;o__Rickettsiales;f__Rickettsiaceae;g__Candidatus_Megaira;s__	0.9997948669832114
454686e20a335b72e1fe052fa23a31cf	d__Bacteria;p__Gemmatimonadota;c__Gemmatimonadetes;o__Gemmatimonadales;f__Gemmatimonadaceae	0.9998356442262637
7d5fbf1f6e39dcb1c5ceef7e9247430e	d__Bacteria;p__Cyanobacteria;c__Cyanobacteriia;o__Synechococcales;f__Cyanobiaceae;g__Cyanobium_PCC-6307;s__	0.9989145012419783
df49e5e31ac48a79405dadbb33352444	d__Bacteria;p__Bacteroidota;c__Bacteroidia;o__Flavobacteriales;f__Flavobacteriaceae	0.9982467887096564
45eacde90706aaa2c3377a73df085b07	d__Bacteria;p__Proteobacteria;c__Gammaproteobacteria;o__Burkholderiales;f__Gallionellaceae	0.9011192980704088
d35b3d1a43418c8af1cc45f5f8479a35	d__Bacteria;p__Acidobacteriota;c__Vicinamibacteria;o__Vicinamibacterales;f__Vicinamibacteraceae;g__Vicinamibacteraceae;s__	0.9240588055823942
55ab7cb3d4ce03e33b857da3a85791bd	d__Bacteria;p__Cyanobacteria;c__Cyanobacteriia;o__Chloroplast;f__Chloroplast;g__Chloroplast;s__	0.7229838249607478
cd691ebae48fe64dc55f759f9602b19d	d__Bacteria;p__Proteobacteria;c__Alphaproteobacteria;o__Rickettsiales;f__Mitochondria;g__Mitochondria;s__	0.8833724092979769
46c89240015b71eeed05da1206a91cd9	d__Bacteria;p__Proteobacteria;c__Alphaproteobacteria;o__SAR11_clade;f__Clade_I	0.9991406263422948
9617aef73de4a80b7c535eef7ffcd187	d__Bacteria;p__Cyanobacteria;c__Cyanobacteriia;o__Chloroplast;f__Chloroplast;g__Chloroplast;s__	0.9999556112374253
a38dcd4f300f58c107684b52b40ab46d	d__Bacteria;p__Actinobacteriota;c__Acidimicrobiia;o__Microtrichales;f__Ilumatobacteraceae;g__Ilumatobacter;s__	0.7814497942401348
45cb42584fcaf6e38eab2955faa480df	d__Bacteria;p__Bacteroidota;c__Bacteroidia;o__Flavobacteriales;f__Crocinitomicaceae;g__Fluviicola;s__	0.9616146091471026
7b98ab6e04360fd0156d583772c05e84	d__Bacteria;p__Proteobacteria;c__Gammaproteobacteria;o__Enterobacterales;f__Vibrionaceae	0.7649343276194022
8e7471e408e7f6d77c821a84a59ba36f	d__Bacteria;p__Proteobacteria;c__Gammaproteobacteria;o__UBA10353_marine_group;f__UBA10353_marine_group;g__UBA10353_marine_group;s__	0.9692166184254881
731a7c0c017eb56e4a5fce5538adc5ad	d__Bacteria;p__Bacteroidota;c__Bacteroidia;o__Flavobacteriales;f__Flavobacteriaceae;g__NS4_marine_group;s__	0.9979672474862266
894170748b6926c50da669bd28fa3729	d__Bacteria;p__Cyanobacteria;c__Cyanobacteriia;o__Chloroplast;f__Chloroplast;g__Chloroplast;s__	0.9999553850585178
fc4a6a5a8d7b8f0d7e76da16d41a98a7	d__Bacteria;p__Proteobacteria;c__Gammaproteobacteria;o__Pseudomonadales;f__Halieaceae;g__OM60(NOR5)_clade;s__	0.867243298288911
487fd7ac238aa3774a9a8ac8170f8d14	d__Bacteria;p__Cyanobacteria;c__Cyanobacteriia;o__Chloroplast;f__Chloroplast;g__Chloroplast;s__	0.9999194632953525
2d21ce2898a7bd82ad2006293b1c0073	d__Bacteria;p__Verrucomicrobiota;c__Verrucomicrobiae;o__Pedosphaerales;f__Pedosphaeraceae;g__SCGC_AAA164-E04;s__	0.9814285450162549
36304054570e2fe77f1dbaae7cc29f34	d__Bacteria;p__Planctomycetota;c__OM190;o__OM190;f__OM190;g__OM190;s__	0.8940769995335305
a614329a29566a3c6d3b57cebb07f6f2	d__Bacteria	0.9892986001025057
9bdbdbacd4e700c41355b2abf5718899	d__Bacteria;p__Cyanobacteria;c__Cyanobacteriia;o__Chloroplast;f__Chloroplast;g__Chloroplast;s__	0.9977722177764415
5ab3e178c09a30de6122a8e848b6e328	d__Bacteria;p__Proteobacteria;c__Gammaproteobacteria;o__Pseudomonadales;f__KI89A_clade;g__KI89A_clade;s__	0.9976639763149637
05af73ce393a4631f2f7ea5a60492928	d__Bacteria;p__Proteobacteria;c__Alphaproteobacteria;o__Rhizobiales;f__Hyphomicrobiaceae;g__Pedomicrobium;s__	0.8460861366434302
138a7e6c8e6106ef4dbbf3aacfba5050	d__Bacteria;p__Planctomycetota;c__Planctomycetes;o__Planctomycetales;f__Schlesneriaceae;g__Planctopirus;s__	0.982891847214343
3a849404bfde45bb5dc766e45b7ac9c3	d__Bacteria;p__Cyanobacteria;c__Cyanobacteriia;o__Chloroplast;f__Chloroplast;g__Chloroplast;s__	0.9974229565977732
5eae1fce860b04b0e81d6737a7267323	d__Bacteria;p__Proteobacteria;c__Gammaproteobacteria;o__Acidiferrobacterales;f__Acidiferrobacteraceae;g__Sulfurifustis;s__	0.9876098031853642
16bbaa5d7513f6a84d91a6a5753f203e	d__Bacteria;p__Cyanobacteria;c__Cyanobacteriia;o__Chloroplast;f__Chloroplast;g__Chloroplast;s__	0.9976861954836683
3d77d6e421e1016fe7110759f26a8c6b	d__Bacteria;p__Proteobacteria;c__Alphaproteobacteria	0.9783020464847814
92c9c8652b760d2a8ea5e17aa8fd14e2	d__Bacteria;p__Cyanobacteria;c__Cyanobacteriia;o__Chloroplast;f__Chloroplast;g__Chloroplast;s__	0.9736183370409873
25f1f55a8908ff6a624fb41130a5ede1	d__Bacteria;p__Actinobacteriota;c__Actinobacteria;o__Frankiales;f__Sporichthyaceae;g__hgcI_clade;s__	0.9533045458090529
513ce328d0316b10dace763c3c1fb536	d__Bacteria;p__Proteobacteria;c__Alphaproteobacteria;o__Rhizobiales;f__Rhizobiales_Incertae_Sedis;g__Anderseniella;s__	0.9956833603523116
ab35899a6996d4d57ff1c9f0496630e7	d__Bacteria;p__Cyanobacteria;c__Cyanobacteriia;o__Chloroplast;f__Chloroplast;g__Chloroplast;s__	0.9999158071264036
ade7808d461f8aecbebbfc9afccdc1df	d__Bacteria;p__Verrucomicrobiota;c__Verrucomicrobiae;o__Verrucomicrobiales;f__DEV007;g__DEV007;s__	0.9986874338527582
f850ca852c0eb45fb99f0f9a52308f03	d__Bacteria;p__Proteobacteria;c__Gammaproteobacteria;o__BD7-8;f__BD7-8;g__BD7-8;s__	0.7199233666004723
221524040c29576086db84a0c608304c	d__Bacteria;p__Bacteroidota;c__Bacteroidia;o__Flavobacteriales;f__Crocinitomicaceae;g__Salinirepens;s__	0.8395252104941995
6dd6ef9df7fd44f0f410549f77974ec5	d__Bacteria;p__Bacteroidota;c__Bacteroidia;o__Flavobacteriales;f__Flavobacteriaceae	0.9999998333677479
c44203d050e080cc609e448a00eae952	d__Bacteria;p__Proteobacteria;c__Alphaproteobacteria;o__Sphingomonadales;f__Sphingomonadaceae	0.9988080039742487
62efb666659980ef112e479a0ac84125	d__Bacteria;p__Proteobacteria;c__Gammaproteobacteria	0.9988113449632647
6000cdbaa0f0fa49d8a075b0a745272b	d__Bacteria;p__Proteobacteria;c__Gammaproteobacteria;o__Gammaproteobacteria_Incertae_Sedis;f__Unknown_Family;g__uncultured;s__	0.7783177331092221
c773a2e78a73bc50760ffc6a18bfeedc	d__Bacteria;p__Proteobacteria;c__Alphaproteobacteria;o__Puniceispirillales;f__SAR116_clade;g__SAR116_clade;s__	0.9985866736100408
9c272a0175b2b38abf6c44b5c8c5a349	d__Bacteria;p__Fusobacteriota;c__Fusobacteriia;o__Fusobacteriales;f__Fusobacteriaceae;g__Propionigenium;s__	0.8519522784993192
3d99fa2f479e596bab90088fcda4c020	d__Bacteria;p__Bacteroidota;c__Bacteroidia;o__Sphingobacteriales;f__LiUU-11-161;g__LiUU-11-161;s__	0.9759035721791559
55f35145de3eb592516840b5c6178e58	d__Bacteria	0.9928117123304105
26f02baf64ff410100df87bc21b8649a	d__Bacteria;p__Planctomycetota;c__Planctomycetes;o__Pirellulales;f__Pirellulaceae;g__uncultured;s__	0.954730276967021
033934e0a76be9fee61837b6c5d99c22	d__Bacteria;p__Bacteroidota;c__Bacteroidia;o__Chitinophagales;f__Chitinophagaceae;g__uncultured;s__	0.8040159449891148
c14aefcd7e83dfed2a24c9b018710b27	d__Bacteria;p__Planctomycetota;c__Planctomycetes;o__Planctomycetales;f__Schlesneriaceae;g__Planctopirus;s__	0.9919088193452376
4a9f7ce7f85e0d608b23ae0351052676	d__Bacteria;p__Actinobacteriota;c__Actinobacteria;o__Frankiales;f__Sporichthyaceae;g__hgcI_clade;s__	0.9401604567063775
a1bf5932e24b181d735b4893686640c6	d__Bacteria;p__Proteobacteria;c__Gammaproteobacteria;o__Pseudomonadales;f__Spongiibacteraceae;g__BD1-7_clade;s__	0.8452995672545222
a8c2452a6fa336f0e9bbb5828ab79e2b	d__Bacteria;p__Actinobacteriota;c__Acidimicrobiia;o__Microtrichales;f__Ilumatobacteraceae	0.9981035795589515
9138925c055aa65b073bda7025000de8	d__Bacteria;p__Bacteroidota;c__Bacteroidia;o__Flavobacteriales;f__NS9_marine_group;g__NS9_marine_group;s__	0.8291712660721325
2e1ea3c7f18a1c2055fbc0b891d6023b	d__Bacteria;p__Proteobacteria;c__Gammaproteobacteria;o__Burkholderiales	0.9999821591593429
f893226efa80ed289975fd68d76b0a94	d__Bacteria;p__Proteobacteria;c__Gammaproteobacteria;o__Burkholderiales	0.9999798767978387
92df778906d9cb1e836098da0636acd5	d__Bacteria;p__Proteobacteria;c__Alphaproteobacteria;o__Rhodospirillales;f__Magnetospiraceae;g__uncultured;s__	0.9053509994493099
a28c407ddd2a32479a2fc8a2eaa97fb4	d__Bacteria;p__Bacteroidota;c__Bacteroidia;o__Sphingobacteriales;f__NS11-12_marine_group;g__NS11-12_marine_group;s__	0.9208559008591661
495c4ceadabaa4d6c2bc6ba016c637ea	d__Bacteria;p__Proteobacteria;c__Alphaproteobacteria;o__Rhodobacterales;f__Rhodobacteraceae	0.9989843328971744
74c372d71585932dfe5782cbd12f5f53	d__Bacteria;p__Cyanobacteria;c__Cyanobacteriia;o__Chloroplast;f__Chloroplast;g__Chloroplast;s__	0.9994134495196144
36ecddf3629870f29f2d7f31eb8ffc63	d__Bacteria;p__Acidobacteriota;c__Thermoanaerobaculia;o__Thermoanaerobaculales;f__Thermoanaerobaculaceae;g__Subgroup_10;s__	0.9973474430566416
eef5591b157d2e4b1c8c4f56b1f341bd	d__Bacteria;p__Proteobacteria;c__Gammaproteobacteria;o__Gammaproteobacteria_Incertae_Sedis;f__Unknown_Family;g__uncultured;s__	0.9948720061696202
f1293f649c63369f92780ad2a979456c	d__Bacteria;p__Planctomycetota;c__Planctomycetes;o__Planctomycetales;f__Rubinisphaeraceae;g__uncultured;s__	0.9999325486532908
c6581c619aeb404bd7604bcb728cdeb1	d__Bacteria;p__Proteobacteria;c__Gammaproteobacteria;o__UBA10353_marine_group;f__UBA10353_marine_group;g__UBA10353_marine_group;s__	0.9628704847477347
fd987f04644c53f88896c72da786f305	d__Bacteria;p__Myxococcota;c__Polyangia;o__Polyangiales;f__Sandaracinaceae;g__uncultured;s__	0.9986842776872029
01d9139b26f0329920f1dcbf126afe7f	d__Bacteria;p__Proteobacteria;c__Alphaproteobacteria;o__Sphingomonadales;f__Sphingomonadaceae;g__Erythrobacter;s__	0.7442701571587002
29b7ba4833c36d357f89ba155f50b82d	d__Bacteria;p__Cyanobacteria;c__Cyanobacteriia;o__Chloroplast;f__Chloroplast;g__Chloroplast;s__	0.9795311256867384
7b633efba90effdf180b009f1e67884c	d__Bacteria;p__Proteobacteria;c__Alphaproteobacteria;o__Rickettsiales;f__Mitochondria;g__Mitochondria;s__	0.9879986826004126
90242d9575af3276a1a38c75c705771f	d__Bacteria;p__Proteobacteria;c__Gammaproteobacteria;o__Pseudomonadales;f__Pseudohongiellaceae;g__Pseudohongiella;s__	0.9991353320656314
c3b66e576b7a68803962d01394bf858e	d__Bacteria;p__Planctomycetota;c__OM190;o__OM190;f__OM190;g__OM190;s__	0.9783825022441948
34a19eca76de2f9dc30d7128afcef39e	d__Bacteria;p__Bacteroidota;c__Bacteroidia;o__Flavobacteriales;f__Flavobacteriaceae;g__Muriicola;s__	0.9029842188883704
e2a8ddaea7a7a213ec610fd7aa812595	d__Bacteria;p__Bacteroidota;c__Bacteroidia;o__Flavobacteriales;f__Flavobacteriaceae	0.999995436141148
b590349cc2156d707a2f401f97f9ce84	d__Bacteria;p__Planctomycetota;c__Planctomycetes;o__Planctomycetales;f__Rubinisphaeraceae;g__SH-PL14;s__	0.9986389902044345
5f881f9bd19dc084d32b012a63ef15e8	d__Bacteria;p__Proteobacteria;c__Alphaproteobacteria;o__Rhodobacterales;f__Rhodobacteraceae	0.9992234928631457
94151dff6cf329a2ae1a1937d17ba764	d__Bacteria;p__Verrucomicrobiota;c__Verrucomicrobiae;o__Pedosphaerales;f__Pedosphaeraceae;g__uncultured;s__	0.9830623527292683
eff1e4da071e5524da9655b03f35de88	d__Bacteria;p__Cyanobacteria;c__Cyanobacteriia;o__Chloroplast;f__Chloroplast;g__Chloroplast;s__	0.9981264993923072
2d7f217f50407d9e9ff9e42317aba7b7	d__Bacteria;p__Cyanobacteria;c__Cyanobacteriia;o__Synechococcales;f__Cyanobiaceae;g__Cyanobium_PCC-6307;s__	0.9817450469583543
c3c56380792e4bd1fa8f56badc2b7f3a	d__Bacteria;p__Proteobacteria;c__Gammaproteobacteria;o__Burkholderiales;f__Burkholderiaceae;g__Polynucleobacter;s__	0.9985974661996391
edc2263c37733af7748fc7ebe49ff614	d__Bacteria;p__Proteobacteria;c__Gammaproteobacteria;o__Burkholderiales;f__Comamonadaceae	0.9998856999183466
b79fedf88922dbabe8e8f9e313230c1b	d__Bacteria;p__Planctomycetota;c__Planctomycetes;o__Planctomycetales;f__Rubinisphaeraceae;g__uncultured;s__	0.999875996198722
18b6122f3b6458a1694ca6cf7eaeb5bd	d__Bacteria;p__Bacteroidota;c__Bacteroidia;o__Cytophagales;f__Microscillaceae	0.9994476329950167
1d93ba0452e6db0e1fa923607e9ae0be	d__Bacteria;p__Bacteroidota;c__Bacteroidia;o__Flavobacteriales;f__Flavobacteriaceae;g__NS5_marine_group;s__	0.996427182289195
85b28953addef26a2cea469601c4bfe3	d__Bacteria;p__Proteobacteria;c__Gammaproteobacteria;o__Burkholderiales;f__Comamonadaceae	0.9888136801669256
1c35399b0edf3ae8a770306eb5bbe8e9	d__Bacteria;p__Bdellovibrionota;c__Bdellovibrionia;o__Bdellovibrionales;f__Bdellovibrionaceae;g__Bdellovibrio;s__	0.9978844675597002
ecb0846a15612585d5ac307b7ee2db24	d__Bacteria;p__Bdellovibrionota;c__Oligoflexia;o__Oligoflexales;f__Oligoflexaceae;g__uncultured;s__	0.9837702796239102
4dce86cf4a9113d799c305a174601d45	d__Bacteria;p__Bacteroidota;c__Bacteroidia;o__Flavobacteriales;f__NS9_marine_group;g__NS9_marine_group;s__	0.7805734854080146
256e25169385a7d879305b5200aa8956	d__Bacteria;p__Bacteroidota;c__Bacteroidia;o__Flavobacteriales;f__Flavobacteriaceae	0.9997025204237673
31f92859a63d7311df8ad71d145a28b5	d__Bacteria;p__Bdellovibrionota;c__Bdellovibrionia;o__Bacteriovoracales;f__Bacteriovoracaceae;g__uncultured;s__	0.8403642945950139
7410eac527516fea1b52b5d1f4e6552d	d__Bacteria;p__Verrucomicrobiota;c__Verrucomicrobiae;o__Pedosphaerales;f__Pedosphaeraceae;g__SCGC_AAA164-E04;s__	0.9886254843641124
f85f0f0621ef7a974838a53faa9133e1	d__Bacteria;p__Bacteroidota;c__Bacteroidia;o__Chitinophagales;f__Saprospiraceae;g__uncultured;s__	0.7745528581223265
dab861cde7f9381f35bbd406a10d3483	d__Bacteria;p__Cyanobacteria;c__Cyanobacteriia;o__Synechococcales;f__Cyanobiaceae;g__Synechococcus_CC9902;s__	0.9112740850255168
6e772550082dece4a55d96b8605d6449	d__Bacteria;p__Chloroflexi;c__KD4-96;o__KD4-96;f__KD4-96;g__KD4-96;s__	0.9990356416686564
09f201265ce2f81bfcf3c3e6d314ac48	d__Bacteria;p__Bacteroidota;c__Bacteroidia;o__Flavobacteriales;f__Flavobacteriaceae;g__Winogradskyella;s__	0.8524981799879154
15d2740384dd0f9fc12397c159d6c5fa	d__Bacteria;p__Bacteroidota;c__Bacteroidia;o__Chitinophagales;f__Saprospiraceae;g__Lewinella;s__	0.8060777734465697
bd219bb8785cceb317476d73d4e183b3	d__Bacteria;p__Proteobacteria;c__Gammaproteobacteria;o__Enterobacterales;f__Alteromonadaceae	0.9999929077141949
50eaaa28277fa850e60d15aeffa46ced	d__Bacteria;p__Proteobacteria;c__Gammaproteobacteria;o__Enterobacterales;f__Pseudoalteromonadaceae;g__Psychrosphaera;s__	0.8218244150714036
8d0124f313d397a38846f247511d17a0	d__Bacteria;p__Bacteroidota;c__Bacteroidia;o__Flavobacteriales;f__NS9_marine_group;g__NS9_marine_group;s__	0.8568425382320644
935df80ccd39fd4520d814e1adc0400b	d__Bacteria;p__Proteobacteria;c__Alphaproteobacteria;o__Puniceispirillales;f__SAR116_clade;g__SAR116_clade;s__	0.9994740805517414
171e496615dc8580b17593e4cef5f02d	d__Bacteria;p__Bacteroidota;c__Bacteroidia;o__Sphingobacteriales;f__NS11-12_marine_group;g__NS11-12_marine_group;s__	0.9617435848790656
e0c5583e31a26ae6497018172ee5d070	d__Bacteria;p__Proteobacteria;c__Gammaproteobacteria;o__Burkholderiales;f__Methylophilaceae;g__OM43_clade;s__	0.8440318453518783
5603fd5d9e5f89d21071b2e3a0d98283	d__Bacteria;p__Proteobacteria;c__Alphaproteobacteria;o__Rhizobiales;f__Rhizobiales_Incertae_Sedis;g__Anderseniella;s__	0.9974011796255093
9019ffb6323e009b203a14293d6d331d	d__Bacteria;p__Verrucomicrobiota;c__Verrucomicrobiae;o__Verrucomicrobiales;f__DEV007;g__DEV007;s__	0.997672873432819
f3c038761f320cf6bf4de75e531d6d98	d__Bacteria;p__Proteobacteria;c__Gammaproteobacteria;o__Pseudomonadales;f__SAR86_clade;g__SAR86_clade;s__	0.9813513449989697
9875ab0b7dbd909676a912cf496e8c59	d__Bacteria;p__Proteobacteria;c__Gammaproteobacteria;o__Pseudomonadales;f__Pseudohongiellaceae;g__Pseudohongiella;s__	0.9914476200028925
34f5d88e261ac9ea5e796294d9f0ec9c	d__Bacteria;p__Proteobacteria;c__Gammaproteobacteria;o__Burkholderiales	0.9999770813352079
c7e6285f01470088d02528123061677a	d__Bacteria;p__Proteobacteria;c__Alphaproteobacteria;o__Rhodobacterales;f__Rhodobacteraceae	0.9993180559025383
2b506b95319bca9ba11f76539d0fdd50	d__Bacteria;p__Proteobacteria;c__Gammaproteobacteria;o__Acidiferrobacterales;f__Acidiferrobacteraceae;g__Sulfurifustis;s__	0.9901733314808718
36ee0f96aa2c426aea050a1f156f40df	d__Bacteria;p__Actinobacteriota;c__Actinobacteria;o__PeM15;f__PeM15;g__PeM15;s__	0.9982513300317599
014370b15fba76deb1a60c9081faa2cd	d__Bacteria;p__Bdellovibrionota;c__Oligoflexia;o__Oligoflexales;f__Oligoflexaceae;g__uncultured;s__	0.9820774426999511
4e32a8f8eb2941e1339fe3b2982e55f1	d__Bacteria;p__Patescibacteria	0.7888419332811636
2daaa1a97ea9bc3e9dc928b0a6e1eb25	d__Bacteria;p__Bacteroidota;c__Rhodothermia;o__Rhodothermales;f__Rhodothermaceae;g__uncultured;s__	0.9950459973652478
430139d9d585897fdd61ff3434412b64	d__Bacteria;p__Proteobacteria;c__Gammaproteobacteria;o__Ga0077536;f__Ga0077536;g__Ga0077536;s__	0.7899648967132332
ba90570d582acd45c186e334e3bbc7a0	d__Bacteria;p__Marinimicrobia_(SAR406_clade);c__Marinimicrobia_(SAR406_clade);o__Marinimicrobia_(SAR406_clade);f__Marinimicrobia_(SAR406_clade);g__Marinimicrobia_(SAR406_clade);s__	0.9662241210040828
be242a411be3f6098751e8b2be219f30	d__Bacteria;p__Verrucomicrobiota;c__Verrucomicrobiae;o__Pedosphaerales;f__Pedosphaeraceae;g__uncultured;s__	0.9859788073006727
c246840e9bbb482e7d94aa23be72407e	d__Bacteria;p__Planctomycetota;c__Planctomycetes;o__Planctomycetales;f__Rubinisphaeraceae;g__uncultured;s__	0.9998144877583658
60a18fefb1b3d600a9742125bf16faf5	d__Bacteria;p__Proteobacteria;c__Gammaproteobacteria;o__Pseudomonadales;f__Marinomonadaceae;g__Marinomonas;s__	0.9904180302745444
89c28b1891fbc958f9dfd61e9e54d213	d__Bacteria;p__Bacteroidota;c__Bacteroidia;o__Chitinophagales;f__Saprospiraceae;g__uncultured;s__	0.9096663669134389
0697d29d76a94c5a7f57ca22d1f0eecb	d__Bacteria;p__Proteobacteria;c__Alphaproteobacteria;o__Rickettsiales;f__Mitochondria;g__Mitochondria;s__	0.7890726185711684
611f3445cad7b19cf855019e108cbfff	d__Bacteria;p__Proteobacteria;c__Alphaproteobacteria;o__Rhodobacterales;f__Rhodobacteraceae	0.9935971840552442
956438fc99b21ec0273957cc05167d81	d__Bacteria;p__Bacteroidota;c__Bacteroidia;o__Flavobacteriales;f__Flavobacteriaceae;g__NS5_marine_group;s__	0.9992844865315269
004c30b93f282b88fad547ecc990653f	d__Bacteria;p__Proteobacteria;c__Gammaproteobacteria;o__Enterobacterales;f__Alteromonadaceae	0.999993542851704
8ff6edae3244a820eab78d4c0d5829f2	d__Bacteria;p__Proteobacteria;c__Gammaproteobacteria;o__Pseudomonadales;f__Marinomonadaceae;g__Marinomonas;s__	0.9950265410258112
23b9ef993a49a25a7054e8b2fab7f633	d__Bacteria;p__Proteobacteria;c__Gammaproteobacteria;o__Pseudomonadales;f__Marinomonadaceae;g__Marinomonas;s__	0.99631209685776
2bced6ef69638c9611d55e920a40bc10	d__Bacteria;p__Proteobacteria;c__Alphaproteobacteria;o__Rhodobacterales;f__Rhodobacteraceae	0.9997243426441627
d949c42d7ce1d8425d9738571bd30118	d__Bacteria;p__Bacteroidota;c__Bacteroidia;o__Flavobacteriales;f__Flavobacteriaceae;g__Muriicola;s__	0.9044383305051622
913689df7b18fc0a9b353d278e867ead	d__Bacteria;p__Bacteroidota;c__Bacteroidia;o__Flavobacteriales;f__Crocinitomicaceae;g__Fluviicola;s__	0.9956095902993127
2b64c1d08b27c4520253a39c73a2f421	d__Bacteria;p__Bacteroidota;c__Bacteroidia;o__Flavobacteriales;f__NS9_marine_group;g__NS9_marine_group;s__	0.7723231700291452
cfc7b2afbf6fdd7d8b741b38df6d6e83	d__Bacteria;p__Proteobacteria;c__Alphaproteobacteria;o__Rhodobacterales;f__Rhodobacteraceae	0.999146052405999
fb5e384d07fcd975a1e742a9c2f90eae	d__Bacteria	0.9999999662143753
4196d5dddf5ad5f2b4b953cf663e1db4	d__Bacteria;p__Proteobacteria;c__Alphaproteobacteria;o__Rhizobiales;f__Beijerinckiaceae;g__FukuN57;s__	0.9683371197242923
a2b18424ca60d7f9f48c78ce152b72b8	d__Bacteria;p__Planctomycetota;c__Planctomycetes;o__Planctomycetales;f__Rubinisphaeraceae;g__Planctomicrobium;s__	0.9702341398466895
95c1dc6329366a069e4b2369d2d395e9	d__Bacteria;p__Cyanobacteria;c__Cyanobacteriia;o__Synechococcales;f__Cyanobiaceae;g__Cyanobium_PCC-6307;s__	0.9977269307966375
3dec0698e5d93155e3b9acb764fbdfe8	d__Bacteria;p__Proteobacteria;c__Gammaproteobacteria;o__Burkholderiales;f__Methylophilaceae;g__OM43_clade;s__	0.8709228381060299
209df275916cb529333b07ecdb7184e2	d__Bacteria;p__Cyanobacteria;c__Cyanobacteriia;o__Chloroplast;f__Chloroplast;g__Chloroplast;s__	0.8130364902425885
3d13a5deff4c20abe34d0769ddbfa5bb	d__Bacteria;p__Proteobacteria;c__Gammaproteobacteria;o__Pseudomonadales;f__Pseudohongiellaceae;g__Pseudohongiella;s__	0.9923486712322
b13ad9f9b36ca567be96a9a48a10f2dc	d__Bacteria;p__Bacteroidota;c__Bacteroidia;o__Flavobacteriales;f__Crocinitomicaceae;g__Crocinitomix;s__	0.9970052491686457
41c625a756d9ac20d31fa042fe132bf0	d__Bacteria;p__Proteobacteria;c__Alphaproteobacteria;o__Sphingomonadales;f__Sphingomonadaceae	0.9991292409170656
9fab95d80221d61c84470c89151a1e7c	d__Bacteria;p__Cyanobacteria;c__Cyanobacteriia;o__Synechococcales;f__Cyanobiaceae	0.9999979778777807
75aad90db7d3e76720fb4927a312ec34	d__Bacteria;p__Verrucomicrobiota;c__Verrucomicrobiae;o__Verrucomicrobiales;f__DEV007;g__DEV007;s__	0.9999564863777163
a5c8484ab5a995cc91bbbe2ff6a50cb2	d__Bacteria;p__Acidobacteriota;c__Thermoanaerobaculia;o__Thermoanaerobaculales;f__Thermoanaerobaculaceae;g__Subgroup_10;s__	0.9968282028444482
6c246d4b7628a47d47d3bcdf9d223b50	d__Bacteria;p__Proteobacteria;c__Gammaproteobacteria	0.998307538565927
01f9631e663e874cefe031ff983adc85	d__Bacteria;p__Bacteroidota;c__Bacteroidia;o__Flavobacteriales	0.9594383201681671
cfe99a2fc5f0e3199d3e9769de709796	d__Bacteria;p__Planctomycetota;c__Planctomycetes;o__Planctomycetales;f__Rubinisphaeraceae;g__uncultured;s__	0.9998230144757793
644110ed149aadf2d7e4fa733240859d	d__Bacteria;p__Bacteroidota;c__Bacteroidia;o__Chitinophagales;f__Saprospiraceae	0.9984911278999082
e790266eded1aca945d866f14d3d102a	d__Bacteria;p__Proteobacteria;c__Alphaproteobacteria;o__Rhizobiales;f__Stappiaceae;g__Stappiaceae;s__	0.9880911632107039
c5551a0308a09d45d8406eabae70a581	d__Bacteria;p__Acidobacteriota;c__Thermoanaerobaculia;o__Thermoanaerobaculales;f__Thermoanaerobaculaceae;g__Subgroup_10;s__	0.9959072852711716
2ecb521a1820c2b52934cf33045b44ab	d__Bacteria;p__Actinobacteriota;c__Acidimicrobiia;o__Microtrichales;f__Microtrichaceae;g__Sva0996_marine_group;s__	0.9069380241937803
d713148292d86e67c770ecfd61798251	d__Bacteria;p__Proteobacteria;c__Gammaproteobacteria;o__Gammaproteobacteria_Incertae_Sedis;f__Unknown_Family;g__uncultured;s__	0.9955534330066887
f2a09070f37e752f821a618b7501a2d4	d__Bacteria	0.7286165044548522
424e986c3e98854b1ee4a41792a25508	d__Bacteria	0.9955705674982286
5b797bab8be395cb61248f26b008d9a1	d__Bacteria;p__Cyanobacteria;c__Cyanobacteriia;o__Chloroplast;f__Chloroplast;g__Chloroplast;s__	0.971383186855549
51f6cf4e082882cb1bf0964edf3631cf	d__Bacteria;p__Bacteroidota;c__Rhodothermia;o__Rhodothermales;f__Rhodothermaceae;g__uncultured;s__	0.9899518060214428
9b8f67906ea75e6516a8e0e3bd4a7879	d__Bacteria;p__Cyanobacteria;c__Cyanobacteriia;o__Chloroplast;f__Chloroplast;g__Chloroplast;s__	0.9975128070877656
694147d5e5a80c75634d1e51a6362214	d__Bacteria;p__Actinobacteriota;c__Acidimicrobiia;o__Microtrichales;f__Ilumatobacteraceae	0.9997914927576671
88ad2dd277f593c8d3724c0999def7d5	d__Bacteria;p__Proteobacteria;c__Gammaproteobacteria;o__Pseudomonadales;f__Pseudohongiellaceae;g__Pseudohongiella;s__	0.9998542472600683
fe3243a4fc9bb952751825eb6cfed821	d__Bacteria;p__Verrucomicrobiota;c__Verrucomicrobiae;o__Chthoniobacterales;f__Terrimicrobiaceae;g__Terrimicrobium;s__	0.9992829377167451
bc0335d77786abdc08165751f486aadd	d__Bacteria;p__Actinobacteriota;c__Acidimicrobiia;o__Microtrichales;f__Ilumatobacteraceae;g__Ilumatobacteraceae;s__	0.8759109233988704
cd604572dbc9e84571642110c1d1c217	d__Bacteria;p__Cyanobacteria;c__Cyanobacteriia;o__Chloroplast;f__Chloroplast;g__Chloroplast;s__	0.9883523616282793
aea21aee83e294957ce007640563a942	d__Bacteria;p__Actinobacteriota;c__Acidimicrobiia;o__Microtrichales;f__Ilumatobacteraceae;g__Ilumatobacteraceae;s__	0.8289816888669373
270e825161625ba2097b9c7f087008cf	d__Bacteria;p__Cyanobacteria;c__Cyanobacteriia;o__Chloroplast;f__Chloroplast;g__Chloroplast;s__	0.9985606412193008
bbcdfe8d99d630b3701526101f22ed71	d__Bacteria;p__Desulfobacterota;c__Desulfobulbia;o__Desulfobulbales;f__Desulfobulbaceae;g__uncultured;s__	0.9978355985959361
a766904cc84bccfcdab864c382dedae5	d__Bacteria;p__Bacteroidota;c__Bacteroidia	0.9985330926440306
196d99f31eb4d15b9416bf7313483f79	d__Bacteria;p__Cyanobacteria;c__Cyanobacteriia;o__Chloroplast;f__Chloroplast;g__Chloroplast;s__	0.995928746333285
fc3b6cd4631f87bdd8ce26859527301f	d__Bacteria;p__Bacteroidota;c__Bacteroidia;o__Chitinophagales;f__Saprospiraceae	0.9955024485379715
0a1d14ade6fe2cf6c6754c625658b153	d__Bacteria;p__Bacteroidota;c__Bacteroidia;o__Flavobacteriales;f__Flavobacteriaceae	0.9999504529959424
23b711890d22d9b1f878a06ce2da1d52	d__Bacteria;p__Actinobacteriota;c__Acidimicrobiia;o__Actinomarinales;f__uncultured;g__uncultured;s__	0.9515006703369463
b6835c5c0fc05f59b6df06085fc34de6	d__Bacteria;p__Planctomycetota;c__OM190;o__OM190;f__OM190;g__OM190;s__	0.9658958649092901
cc46641f635f4cd9be2a734405847c25	d__Bacteria;p__Proteobacteria;c__Alphaproteobacteria;o__Rickettsiales;f__Mitochondria;g__Mitochondria;s__	0.9148889918123053
8d13b17c17da7f10fc72698f36cddb0c	d__Bacteria;p__Bacteroidota;c__Bacteroidia	0.9990651820773849
c3bd55271969d243196b3168e7e927bb	d__Bacteria;p__Proteobacteria;c__Alphaproteobacteria;o__Rickettsiales;f__Mitochondria;g__Mitochondria;s__	0.8696887295673793
71f998de38e9c26f4c1651886b634e09	d__Bacteria;p__Bacteroidota;c__Bacteroidia;o__Flavobacteriales;f__Flavobacteriaceae;g__Robiginitalea;s__	0.9999979534639659
6f9acb437791e67a1bd79f62f286552a	d__Bacteria;p__Actinobacteriota;c__Acidimicrobiia;o__Actinomarinales;f__Actinomarinaceae;g__Candidatus_Actinomarina;s__	0.9999999390888964
0aa0875a4e384cdc5971e80b7d8e455d	d__Bacteria;p__Proteobacteria;c__Alphaproteobacteria;o__Rickettsiales;f__Mitochondria;g__Mitochondria;s__	0.7961670904863231
11b1630c34ed615428341dd728003378	d__Bacteria;p__Bacteroidota;c__Bacteroidia;o__Chitinophagales;f__Saprospiraceae;g__Lewinella;s__	0.7136929439845376
9691e141583e4589e758bbdebeea8a1e	d__Bacteria;p__Planctomycetota;c__Phycisphaerae;o__Phycisphaerales;f__Phycisphaeraceae;g__CL500-3;s__	0.9986422263313487
b1865e3436a34014d0ca956feab7f70b	d__Bacteria;p__Proteobacteria;c__Alphaproteobacteria;o__Puniceispirillales;f__uncultured;g__uncultured;s__	0.9995351758250769
4be27b709ac73d934f3fd0298af5c02f	d__Bacteria;p__Planctomycetota;c__Phycisphaerae;o__Phycisphaerales;f__Phycisphaeraceae;g__CL500-3;s__	0.8977604170410619
95ee5099322e76a119b5f7ec61537084	d__Bacteria;p__Bacteroidota;c__Bacteroidia;o__Sphingobacteriales;f__NS11-12_marine_group;g__NS11-12_marine_group;s__	0.9966728968603448
26d3bf8b8e86c2dd5b84c67687e476f6	d__Bacteria;p__Bacteroidota;c__Bacteroidia;o__Flavobacteriales;f__Crocinitomicaceae;g__Fluviicola;s__	0.9706112201308238
5d95c8abdb55fdd2a22f0125691d2cc5	d__Bacteria;p__Proteobacteria;c__Gammaproteobacteria;o__Pseudomonadales	0.9992696460377826
861266cae7e6deb0fc00f2ddc9dcf728	d__Bacteria;p__Proteobacteria;c__Gammaproteobacteria;o__Burkholderiales;f__Sutterellaceae;g__uncultured;s__	0.9970342909746485
6aed97348445510e431de637e0b11334	d__Bacteria;p__Bacteroidota;c__Bacteroidia;o__Flavobacteriales;f__Crocinitomicaceae;g__Fluviicola;s__	0.9959151541032866
baffb9f3a8211f35c459539556e0bed5	d__Bacteria;p__Proteobacteria;c__Alphaproteobacteria;o__Rhodospirillales;f__Magnetospiraceae;g__uncultured;s__	0.9310821706965509
684888407b6e5dca7a092e855238c0ea	d__Bacteria;p__Bacteroidota;c__Kryptonia;o__Kryptoniales;f__BSV26;g__BSV26;s__	0.9999362351540836
b1b015a701e5d4d625ed33b7f874226d	d__Bacteria;p__Bacteroidota;c__Bacteroidia;o__Sphingobacteriales;f__NS11-12_marine_group;g__NS11-12_marine_group;s__	0.8838333150835396
c3281284d6d56ad20bb09b1d0af11771	d__Bacteria;p__Bacteroidota;c__Bacteroidia;o__Flavobacteriales;f__Crocinitomicaceae;g__Fluviicola;s__	0.9961769089091281
5a0bc22a732fb4cacc4ce7487082d6e1	d__Bacteria;p__Planctomycetota;c__Phycisphaerae;o__Phycisphaerales;f__Phycisphaeraceae;g__CL500-3;s__	0.9709647454275213
d65985806115ce767ce098b59d6870f8	d__Bacteria;p__Cyanobacteria;c__Cyanobacteriia;o__Chloroplast;f__Chloroplast;g__Chloroplast;s__	0.9995852443454825
d7e605fa9503fe6ddfe8c20f20f973be	d__Bacteria;p__Proteobacteria;c__Alphaproteobacteria;o__Caulobacterales;f__Hyphomonadaceae;g__uncultured;s__	0.8527166837192349
2c50dd491add5080862ba136330b15df	d__Bacteria;p__Cyanobacteria;c__Cyanobacteriia;o__Chloroplast;f__Chloroplast;g__Chloroplast;s__	0.9999387207545262
0252c9d87da5a3da956b647b023b64eb	d__Bacteria;p__Cyanobacteria;c__Cyanobacteriia;o__Chloroplast;f__Chloroplast;g__Chloroplast;s__	0.9998643005214364
4b71335fc5f8b51d55b31e108f777147	d__Bacteria;p__Proteobacteria;c__Gammaproteobacteria;o__Thiotrichales;f__Thiotrichaceae;g__uncultured;s__	0.991958322396865
c4fa04951ad1efd00e39e01c10c23ae7	d__Bacteria;p__Proteobacteria;c__Gammaproteobacteria;o__Gammaproteobacteria_Incertae_Sedis;f__Unknown_Family;g__uncultured;s__	0.9914706312547289
587ce0c339634e208c532dbbe24d5839	d__Bacteria;p__Proteobacteria;c__Alphaproteobacteria;o__Rhodobacterales;f__Rhodobacteraceae	0.9997630388291099
c7b151425502ad21d9597157e1c21f1d	d__Bacteria;p__Cyanobacteria;c__Cyanobacteriia;o__Chloroplast;f__Chloroplast;g__Chloroplast;s__	0.9999024111729818
e295858b361bf238d2bb46b43d7cdd1c	d__Bacteria;p__Desulfobacterota;c__Desulfobulbia;o__Desulfobulbales;f__Desulfocapsaceae;g__uncultured;s__	0.8124325541705789
c5ea85035eeec0ae1fe008dd5219e087	d__Bacteria;p__Myxococcota;c__Polyangia;o__Nannocystales;f__Nannocystaceae;g__uncultured;s__	0.973309379962462
b0121f9b9b0ad7287b43ac67a5a719e2	d__Bacteria;p__Bacteroidota;c__Bacteroidia;o__Chitinophagales;f__Saprospiraceae;g__uncultured;s__	0.8490403734526136
ec6976654dc1ef07e368654b6823aebb	d__Bacteria;p__Proteobacteria;c__Alphaproteobacteria;o__Rickettsiales;f__Mitochondria;g__Mitochondria;s__	0.8708163915112559
750b706553c155bdc71dd67abcb48600	d__Bacteria;p__Bacteroidota;c__Bacteroidia;o__Flavobacteriales;f__Flavobacteriaceae	0.9999997968034071
7a43d809d9c2ad3de67422ade7ee4ede	d__Bacteria;p__Bacteroidota;c__Bacteroidia;o__Chitinophagales;f__Saprospiraceae	0.9981049836379277
78dacc7c5816f84e2ac37cb4cc5dfed3	d__Bacteria;p__Proteobacteria;c__Alphaproteobacteria;o__Rickettsiales;f__Mitochondria;g__Mitochondria;s__	0.9049611582287489
ddcf9b20c8b153bfb4a3e1973b146b94	d__Bacteria;p__Bacteroidota;c__Bacteroidia	0.9992846766882617
0115cfa1cec519098806a78c91581bf8	d__Bacteria;p__Calditrichota;c__Calditrichia;o__Calditrichales;f__Calditrichaceae;g__Calditrichaceae;s__	0.9703894581339129
f47db810ef391d4c5314c7cbc619920e	d__Bacteria;p__Proteobacteria;c__Alphaproteobacteria;o__Rickettsiales;f__Mitochondria;g__Mitochondria;s__	0.976146128757062
ec80756bfd760f1eba62bebc55aa87a9	d__Bacteria;p__Bacteroidota;c__Bacteroidia;o__Flavobacteriales;f__Flavobacteriaceae;g__Arcticiflavibacter;s__	0.819726813748024
4cb180ee63e6c6cf81a4dcc2fae88d0f	d__Bacteria;p__Myxococcota;c__Polyangia;o__Nannocystales;f__Nannocystaceae;g__uncultured;s__	0.982515618689378
c58915eef67be49c9233dfc9f3728db3	d__Bacteria;p__Proteobacteria;c__Alphaproteobacteria;o__Rickettsiales;f__Mitochondria;g__Mitochondria;s__	0.942003978215516
ff03b32731ad68826a8b2a5d5e7256a0	d__Bacteria;p__Bacteroidota;c__Bacteroidia;o__Chitinophagales;f__Chitinophagaceae	0.998442329029581
cf2fa4de407c3520aa2482b77251f8e6	d__Bacteria;p__Bacteroidota;c__Bacteroidia;o__Sphingobacteriales;f__NS11-12_marine_group;g__NS11-12_marine_group;s__	0.8698060523127402
233e25d59b315426387702057b29d923	d__Bacteria;p__Cyanobacteria;c__Cyanobacteriia;o__Chloroplast;f__Chloroplast;g__Chloroplast;s__	0.9855235103001962
191641731a9abdfb2ad6422104e1d39d	d__Bacteria	0.9971540970578898
f12456caeda156d2837f55c2ec158506	d__Bacteria;p__Planctomycetota;c__Phycisphaerae;o__Phycisphaerales;f__Phycisphaeraceae;g__CL500-3;s__	0.9987441752390216
54ca714dd1d39daa5d0b529c6d8d5a33	d__Bacteria;p__Proteobacteria;c__Gammaproteobacteria;o__Gammaproteobacteria_Incertae_Sedis;f__Unknown_Family;g__Acidibacter;s__	0.9618694918588727
83c273f7b2438f8eb8f4c7f8e2a8e6a3	d__Bacteria;p__Actinobacteriota;c__Actinobacteria;o__Frankiales;f__Sporichthyaceae;g__hgcI_clade;s__	0.9235353441586742
762a07c8e78418538e4b634f06a17ab2	d__Bacteria	0.998195953584017
45863093bae6279d66cae26eae3dcc56	d__Bacteria;p__Proteobacteria;c__Gammaproteobacteria;o__Burkholderiales;f__Methylophilaceae;g__uncultured;s__	0.8795601266361402
4f29eb9183e5369a3593ff2c0460fe1a	d__Bacteria;p__Bdellovibrionota;c__Bdellovibrionia;o__Bdellovibrionales;f__Bdellovibrionaceae;g__OM27_clade;s__	0.9975493663684435
5a0e76ec8590233fe06279bcf8cdd39e	d__Bacteria;p__Proteobacteria;c__Alphaproteobacteria;o__Rickettsiales;f__Rickettsiaceae;g__Candidatus_Megaira;s__	0.9997897714493151
74b1fb2e0cb5b7223ea08d5d24aaa84e	d__Bacteria;p__Proteobacteria;c__Alphaproteobacteria	0.9596543848500323
8e5e4ab1e5399e3966d278981902576c	d__Bacteria;p__Cyanobacteria;c__Cyanobacteriia;o__Chloroplast;f__Chloroplast;g__Chloroplast;s__	0.9998946411831308
134d501fe123bd3722ca90b9591034bb	d__Bacteria;p__Bacteroidota;c__Bacteroidia;o__Flavobacteriales;f__Flavobacteriaceae;g__NS5_marine_group;s__	0.9895714282696817
c68900e5fae3ee7ee67e78fd088d0de0	d__Bacteria;p__Bacteroidota;c__Bacteroidia;o__Flavobacteriales;f__Flavobacteriaceae;g__Wenyingzhuangia;s__	0.9948626940609302
f506874eafcf51dab20aaeb04d4ce555	d__Bacteria;p__Cyanobacteria;c__Cyanobacteriia;o__Chloroplast;f__Chloroplast;g__Chloroplast;s__	0.9994564939677703
e406f97d28660598649c090bfdb866c1	d__Bacteria;p__Proteobacteria;c__Gammaproteobacteria;o__Pseudomonadales;f__Nitrincolaceae;g__uncultured;s__	0.8683613406570334
8cf1970eec7b703e99cac71c31b58af0	d__Bacteria;p__Verrucomicrobiota;c__Verrucomicrobiae;o__Opitutales;f__Puniceicoccaceae;g__Pelagicoccus;s__	0.9989578800877027
88e86acda3c0bdd0d10d985553326020	d__Bacteria;p__Bacteroidota;c__Bacteroidia;o__Chitinophagales;f__Saprospiraceae;g__uncultured;s__	0.8319906848762434
d0d5961f3bf79a02696f6431baf159bc	d__Bacteria;p__Bacteroidota;c__Bacteroidia;o__Chitinophagales;f__Saprospiraceae;g__uncultured;s__	0.821852911289921
544f09f5d85b876ef19356ecfe2a1fbc	d__Bacteria;p__Proteobacteria;c__Alphaproteobacteria;o__Rhizobiales;f__Methyloligellaceae;g__Methyloceanibacter;s__	0.9433804919931313
6ccb7bbf087c49090ba4e6fbe7105076	d__Bacteria;p__Planctomycetota;c__OM190;o__OM190;f__OM190;g__OM190;s__	0.9062296221182651
98efa0350b17dbcc155f37bea8bfee97	d__Bacteria;p__Bacteroidota;c__Bacteroidia;o__Chitinophagales;f__Saprospiraceae;g__uncultured;s__	0.9063322889143515
0a250f575aba22caf8dc95054074efda	d__Bacteria;p__Verrucomicrobiota;c__Verrucomicrobiae;o__Verrucomicrobiales;f__Rubritaleaceae;g__Roseibacillus;s__	0.8958451455897555
7b3c70de6bd3e68a34fcf02ee00a903c	d__Bacteria;p__Proteobacteria;c__Alphaproteobacteria;o__Rickettsiales;f__S25-593;g__S25-593;s__	0.9999943276619387
9e3d498e249f158a06549e1ccfb11a81	d__Bacteria;p__Proteobacteria;c__Alphaproteobacteria;o__Sphingomonadales;f__Sphingomonadaceae	0.9979793269253951
bed2374726cb25786f8fe37a55dd69f9	d__Bacteria;p__Proteobacteria;c__Gammaproteobacteria;o__Thiotrichales;f__Thiotrichaceae;g__uncultured;s__	0.9384610462136898
ee57049b2ddbac8d1cc2ee62f8188c91	d__Bacteria;p__Proteobacteria;c__Gammaproteobacteria	0.9982580486324542
30f403a9b112cc46d2090a5b6a5d2481	d__Bacteria;p__Desulfobacterota;c__Desulfuromonadia;o__PB19;f__PB19;g__PB19;s__	0.9977518198935915
60d06214adf6852d1e1d60cb51ab530a	d__Bacteria;p__Proteobacteria;c__Alphaproteobacteria	0.9801350866253221
daa085e22d79435a9434414b57fa04ab	d__Bacteria;p__Chloroflexi;c__KD4-96;o__KD4-96;f__KD4-96;g__KD4-96;s__	0.9991339292034952
bdeb71287676b1bcd6e0c85d7b60f0f4	d__Bacteria;p__Planctomycetota;c__Planctomycetes;o__Pirellulales;f__Pirellulaceae;g__uncultured;s__	0.9066769127815532
9ae130b04b8df745a634b7d1728753f0	d__Bacteria;p__Proteobacteria;c__Alphaproteobacteria;o__Rickettsiales;f__Rickettsiaceae;g__Candidatus_Megaira;s__	0.9998322607974287
0c5287f23a7eabbfe7f681749697ce6a	d__Bacteria;p__Proteobacteria;c__Gammaproteobacteria;o__PLTA13;f__PLTA13;g__PLTA13;s__	0.7263115216783352
74c9b2b06a1209fb00d197e5e18c2018	d__Bacteria;p__Proteobacteria;c__Gammaproteobacteria;o__Coxiellales;f__Coxiellaceae;g__Coxiella;s__	0.9174818253379102
b5545525de15e6fb5fde78d2b712d206	d__Bacteria;p__Gemmatimonadota;c__Gemmatimonadetes;o__Gemmatimonadales;f__Gemmatimonadaceae;g__uncultured;s__	0.971726841568546
2b019ab4d0859c8f2c0bf11cb60f7909	d__Bacteria;p__Verrucomicrobiota;c__Verrucomicrobiae;o__Verrucomicrobiales	0.9800086340911097
7c92e1a4b5eec8eba2a08a83275b0b0a	d__Bacteria;p__Verrucomicrobiota;c__Verrucomicrobiae;o__Verrucomicrobiales;f__Rubritaleaceae;g__Persicirhabdus;s__	0.9999968951889738
d52cfff73c7f5ec56dedc25e1adfc344	d__Bacteria;p__Bacteroidota;c__Bacteroidia;o__Chitinophagales;f__Saprospiraceae;g__Lewinella;s__	0.9794931407846247
3ff88f3ebb3cad554b558ccfa5c5a752	d__Bacteria;p__Bacteroidota;c__Bacteroidia;o__Chitinophagales;f__Saprospiraceae;g__uncultured;s__	0.7349866623530692
d483a00a65dc0ad480798d636fd62b00	d__Bacteria;p__Proteobacteria;c__Gammaproteobacteria;o__Gammaproteobacteria_Incertae_Sedis;f__Unknown_Family;g__uncultured;s__	0.8205163614005332
b5d7074dc057220ff5a760d5e85425eb	d__Bacteria;p__Bacteroidota;c__Rhodothermia;o__Rhodothermales;f__Rhodothermaceae;g__uncultured;s__	0.9928539402744841
7efab5e1490315c37f828d1e5a64d521	d__Bacteria;p__Proteobacteria;c__Alphaproteobacteria;o__Rhizobiales;f__Stappiaceae;g__Stappiaceae;s__	0.9910101397178194
8b8ec296d4a1bd7d94b61c8c488ea901	d__Bacteria;p__Cyanobacteria;c__Cyanobacteriia;o__Chloroplast;f__Chloroplast;g__Chloroplast;s__	0.9915296528340437
7cd4d1247876e82cfcef72a1b8e02617	d__Bacteria;p__Bacteroidota;c__Bacteroidia;o__Chitinophagales;f__Saprospiraceae;g__Aureispira;s__	0.9961311717540242
fafaa508b80739122bc8e897c10611b3	d__Bacteria;p__Myxococcota;c__Polyangia;o__Polyangiales;f__Sandaracinaceae;g__uncultured;s__	0.9987079928094884
d69f302f333cb44226e8dd758a8bbb30	d__Bacteria;p__Bacteroidota;c__Bacteroidia;o__Chitinophagales;f__Saprospiraceae;g__Lewinella;s__	0.9630940081156597
739825989aedba75fa34729636eb0e69	d__Bacteria;p__Proteobacteria;c__Gammaproteobacteria;o__Pseudomonadales;f__Nitrincolaceae;g__uncultured;s__	0.8828527333533769
b7047c7064fa6534515ca840314e875b	d__Bacteria;p__Proteobacteria;c__Alphaproteobacteria;o__SAR11_clade;f__Clade_II;g__Clade_II;s__	0.9632907522049944
a136ef3895d5fe122201e367521b25ff	d__Bacteria;p__Cyanobacteria;c__Cyanobacteriia;o__Synechococcales;f__Cyanobiaceae;g__Synechococcus_CC9902;s__	0.9412954677453019
fc9e06e50d4cbeec2fe14c6433b0e806	d__Bacteria;p__Proteobacteria;c__Gammaproteobacteria;o__Enterobacterales;f__Pseudoalteromonadaceae;g__Psychrosphaera;s__	0.7159604925435522
f983be1253ea2bfc0acba20a369ef2b2	d__Bacteria;p__Actinobacteriota;c__Acidimicrobiia;o__IMCC26256;f__IMCC26256;g__IMCC26256;s__	0.8529172778728614
58765edc7b53b3a90c5b6e04f46149ce	d__Bacteria;p__Bacteroidota;c__Bacteroidia;o__Flavobacteriales;f__NS9_marine_group;g__NS9_marine_group;s__	0.808268987786717
eb8c278f9f2a2186ba39145770598151	d__Bacteria;p__Acidobacteriota;c__Acidobacteriae;o__Bryobacterales;f__Bryobacteraceae;g__Bryobacter;s__	0.9995394094616422
6f40d18a489baf5623b15ba9fe9f2655	d__Bacteria;p__Actinobacteriota;c__Actinobacteria;o__Frankiales;f__Sporichthyaceae;g__hgcI_clade;s__	0.9135159341787547
b560228c70e563f65b38129f6cb1c883	d__Bacteria;p__Cyanobacteria;c__Cyanobacteriia;o__Chloroplast;f__Chloroplast;g__Chloroplast;s__	0.8025345609042673
658efc5a4e2e2227975bbff498972c78	d__Bacteria;p__Actinobacteriota;c__Actinobacteria;o__Frankiales;f__Sporichthyaceae;g__hgcI_clade;s__	0.94303112634338
daf84ba77b103f24eb10801d0b4ef2c8	d__Bacteria;p__Proteobacteria;c__Gammaproteobacteria;o__Steroidobacterales;f__Steroidobacteraceae;g__uncultured;s__	0.8118316202446507
9191080310feb70c5411e1fa810a4bda	d__Bacteria;p__Acidobacteriota;c__Vicinamibacteria;o__Vicinamibacterales;f__uncultured;g__uncultured;s__	0.9509084549161677
518ab33e63937e7d986f30dfa6425367	d__Bacteria;p__Proteobacteria;c__Alphaproteobacteria;o__Rickettsiales;f__Mitochondria;g__Mitochondria;s__	0.9508027418521211
18bad0b6dd2c701705a51335ac092268	d__Bacteria;p__Cyanobacteria;c__Cyanobacteriia;o__Chloroplast;f__Chloroplast;g__Chloroplast;s__	0.9998021482944979
5e81b62498e0fa9b08a557c68802b651	d__Bacteria;p__Proteobacteria;c__Gammaproteobacteria;o__Methylococcales;f__Methylomonadaceae	0.7921913150246394
42d096f915cc0be6eb443cb360104058	d__Bacteria;p__Proteobacteria;c__Gammaproteobacteria	0.9969116935717344
223cb4f741c6cb1232803a84c7312286	d__Bacteria;p__Bacteroidota;c__Bacteroidia	0.9995443707550813
c8ddd9da275395c79a233c8953f31faf	d__Bacteria;p__Myxococcota;c__Polyangia;o__Polyangiales;f__Sandaracinaceae;g__uncultured;s__	0.9992479469643809
d18338da00aaa230b2ee9e4040d28013	d__Bacteria;p__Proteobacteria;c__Gammaproteobacteria;o__Burkholderiales;f__Hydrogenophilaceae;g__Thiobacillus;s__	0.998494397638097
e77691a9368ea42c9151a4f27eee6534	d__Bacteria;p__Bacteroidota;c__Bacteroidia;o__Sphingobacteriales;f__LiUU-11-161;g__LiUU-11-161;s__	0.9754986127227059
3d0f95bf5fde1d3e690e22ecbb70eccb	d__Bacteria;p__Planctomycetota;c__Planctomycetes;o__Planctomycetales;f__Rubinisphaeraceae;g__SH-PL14;s__	0.9982223891284603
7d3deed87682e8f3f59b4dc5a9e51d10	d__Bacteria;p__Bacteroidota;c__Bacteroidia	0.9998373457397413
ad113af42cfb9a1f0d6fb919534de07b	d__Bacteria;p__Cyanobacteria;c__Cyanobacteriia;o__Synechococcales;f__Cyanobiaceae;g__Cyanobium_PCC-6307;s__	0.948976645895076
001455d16d8c1cf4be79f4e1b432cbf3	d__Bacteria;p__Actinobacteriota;c__Acidimicrobiia;o__Microtrichales;f__Ilumatobacteraceae	0.991166423836899
e9d0dc8ac5ebb79ae4e1f66d8bfc3661	d__Bacteria;p__Verrucomicrobiota;c__Verrucomicrobiae;o__Chthoniobacterales;f__Chthoniobacteraceae	0.7193036416203927
d4d22b734c5a9e7a40502728e38cd9c8	d__Bacteria;p__Proteobacteria;c__Gammaproteobacteria;o__Pseudomonadales;f__Alcanivoracaceae1;g__Alcanivorax;s__	0.9969507411634257
08291eda66945d0548d0085f51009036	d__Bacteria	0.9995526156999761
aaae132af47f68f1e42e2df7c2c32572	d__Bacteria;p__Proteobacteria;c__Gammaproteobacteria;o__Pseudomonadales;f__Saccharospirillaceae;g__Reinekea;s__	0.9913191568941243
654d0718d1c6819a771236667d1d7762	d__Bacteria;p__Proteobacteria;c__Gammaproteobacteria;o__UBA10353_marine_group;f__UBA10353_marine_group;g__UBA10353_marine_group;s__	0.9319594385117749
d3d3108c70a635ee8cb4ee2e24a7bba8	d__Bacteria;p__Proteobacteria;c__Alphaproteobacteria;o__Puniceispirillales;f__SAR116_clade;g__SAR116_clade;s__	0.9567048031553058
a7fc9f5a56b31e98f21ac864f39a4aae	d__Bacteria;p__Cyanobacteria;c__Cyanobacteriia;o__Chloroplast;f__Chloroplast;g__Chloroplast;s__	0.9999539576612838
70a160f14c977a8a2b5ac4cfb71c1e64	d__Bacteria;p__Desulfobacterota;c__Desulfobulbia;o__Desulfobulbales;f__Desulfocapsaceae;g__uncultured;s__	0.8455498752168166
85c86faffe36c59224610094c11439c3	d__Bacteria;p__Proteobacteria;c__Alphaproteobacteria;o__Rickettsiales;f__Mitochondria;g__Mitochondria;s__	0.7808655420175697
ce1a72ee469fef874f4a8852c248a68e	d__Bacteria;p__Cyanobacteria;c__Cyanobacteriia;o__Synechococcales;f__Cyanobiaceae;g__Synechococcus_CC9902;s__	0.939484342981313
a691e0d8db0336d0c51de005eaecd16f	d__Bacteria;p__Verrucomicrobiota;c__Verrucomicrobiae;o__Verrucomicrobiales;f__Rubritaleaceae;g__Rubritalea;s__	0.9999698655962981
c78a9946dfc946d2a5d7e2d335a0df1d	d__Bacteria;p__Bacteroidota;c__Bacteroidia;o__Chitinophagales;f__Saprospiraceae;g__uncultured;s__	0.7424207161392419
2dc0dabbf95399a54f5a56af71eaa295	d__Bacteria;p__Proteobacteria;c__Alphaproteobacteria;o__Rickettsiales;f__Mitochondria;g__Mitochondria;s__	0.9571876073275577
81b4188523559a710683b7dd880f4d57	d__Bacteria;p__Planctomycetota;c__Planctomycetes;o__Pirellulales;f__Pirellulaceae;g__Blastopirellula;s__	0.9956643128451607
1ec37864ed0a455ea0e8543206908475	d__Bacteria;p__Proteobacteria;c__Alphaproteobacteria;o__Rickettsiales;f__Mitochondria;g__Mitochondria;s__	0.7530808835591842
24ea2182a019d471d5fa915cc3c61d80	d__Bacteria;p__Cyanobacteria;c__Cyanobacteriia;o__Chloroplast;f__Chloroplast;g__Chloroplast;s__	0.9966248514543145
783ab88f4db28b858695a5265e987538	d__Bacteria;p__Proteobacteria;c__Gammaproteobacteria;o__Pseudomonadales;f__SAR86_clade;g__SAR86_clade;s__	0.9999878070215524
a348015940c87f418314689f7eb83592	d__Bacteria;p__Proteobacteria;c__Alphaproteobacteria;o__Rickettsiales;f__Mitochondria;g__Mitochondria;s__	0.8986918131365316
e97ea9f1bba3fe3c089c92f4128894d7	d__Bacteria;p__Proteobacteria;c__Gammaproteobacteria;o__Burkholderiales;f__Methylophilaceae;g__Candidatus_Methylopumilus;s__	0.9770936319950472
030ead61ae77f101c18bc02e5736bcbd	d__Bacteria;p__Actinobacteriota;c__Thermoleophilia;o__Gaiellales;f__Gaiellaceae;g__Gaiella;s__	0.7968813934703302
b93ed225b2c6b055379e0e310c1bbcb9	d__Bacteria;p__Actinobacteriota;c__Acidimicrobiia;o__Microtrichales;f__Ilumatobacteraceae;g__Ilumatobacter;s__	0.994923515921133
42edafda7d3e3eaa9ed5f0b0eda65ddf	d__Bacteria	0.9999129312906374
c938008359040961e6001807a97b38cc	d__Bacteria;p__Actinobacteriota;c__Acidimicrobiia;o__IMCC26256;f__IMCC26256;g__IMCC26256;s__	0.9923038020230435
842e2343ee31a41c2fa025761fa9b944	d__Bacteria;p__Planctomycetota;c__Planctomycetes;o__Pirellulales;f__Pirellulaceae;g__uncultured;s__	0.9546874518475054
4ca46b37b60bf8ee8a163ac783238d1a	d__Bacteria;p__Proteobacteria;c__Gammaproteobacteria;o__Steroidobacterales;f__Steroidobacteraceae;g__uncultured;s__	0.8820363834567141
cf1f995b470262ebe37e2d6d04ea840a	d__Bacteria	0.9960077566416088
a29e0abbd32f77bca9e366b993770762	d__Bacteria;p__Proteobacteria;c__Alphaproteobacteria;o__SAR11_clade;f__Clade_III;g__Clade_III;s__	0.9999998017182377
a2b929db07b8412f0fa8f7ee3677c89f	d__Bacteria;p__Armatimonadota;c__Fimbriimonadia;o__Fimbriimonadales;f__Fimbriimonadaceae;g__Fimbriimonadaceae;s__	0.9953559722389096
9cc45ebb354f6a6ca1e9e26e6cb7be96	d__Bacteria;p__Proteobacteria;c__Alphaproteobacteria;o__Rhodospirillales;f__Magnetospiraceae;g__uncultured;s__	0.8994486225191781
7b5467596ec99f9f19029867a9d88c5c	d__Bacteria;p__Nitrospirota;c__Nitrospiria;o__Nitrospirales;f__Nitrospiraceae;g__Nitrospira;s__	0.9999811142211493
3fa3b8508b7429c2ae910bb042f096c5	d__Bacteria;p__Chloroflexi;c__Anaerolineae;o__Anaerolineales;f__Anaerolineaceae;g__uncultured;s__	0.777544648339834
bf5aef49320face1cdeed221a9b61698	d__Bacteria;p__Cyanobacteria;c__Cyanobacteriia;o__Chloroplast;f__Chloroplast;g__Chloroplast;s__	0.9967080121895299
a5143e2228a2164755310f21ac98d4df	d__Bacteria;p__Bacteroidota;c__Bacteroidia;o__Flavobacteriales;f__Flavobacteriaceae	0.999974655716136
caf45bedf49b7f2976b051f20f46afef	d__Bacteria;p__Bacteroidota;c__Bacteroidia;o__Chitinophagales;f__Saprospiraceae;g__uncultured;s__	0.8079491432186567
edb8a91874bce8d35d24052f1621b6ce	d__Bacteria;p__Bacteroidota;c__Bacteroidia;o__Flavobacteriales;f__Flavobacteriaceae;g__NS5_marine_group;s__	0.9992915537198847
d07279765abdf26bb8127a1e3348b5d8	d__Bacteria;p__Bacteroidota;c__Bacteroidia;o__Flavobacteriales;f__Flavobacteriaceae;g__Tenacibaculum;s__	0.8678917627989206
ca364739702791d2c7eb377926866a58	d__Bacteria;p__Bacteroidota;c__Bacteroidia;o__Cytophagales;f__Cyclobacteriaceae;g__uncultured;s__	0.9448672813810826
f8c32fa4b83ce8283f7b26135ff272cd	d__Bacteria;p__Bacteroidota;c__Bacteroidia;o__Flavobacteriales;f__Flavobacteriaceae	0.9999807433642429
feece60037fd0468a8e96d74bde47cbc	d__Bacteria;p__Bacteroidota;c__Bacteroidia;o__Chitinophagales;f__Saprospiraceae	0.9976567287393188
c9d257fe9c9521b3f4106ae33f1d614b	d__Bacteria;p__Planctomycetota;c__Planctomycetes;o__Pirellulales;f__Pirellulaceae;g__Rhodopirellula;s__	0.9908495599553654
503eca33fcfe3fc40a273dcec5219d41	d__Bacteria;p__Proteobacteria;c__Gammaproteobacteria;o__Pseudomonadales;f__Pseudohongiellaceae;g__Pseudohongiella;s__	0.9987675391186278
4968c98e5bf3ad103aa5d911ac9ea6ed	d__Bacteria;p__Bacteroidota;c__Bacteroidia;o__Flavobacteriales;f__Flavobacteriaceae;g__NS5_marine_group;s__	0.9894339388503807
242f9b91d8560aa6faa2833a23e4df4f	d__Bacteria;p__Campylobacterota;c__Campylobacteria;o__Campylobacterales;f__Sulfurovaceae;g__Sulfurovum;s__	0.9921857706143528
aa7075e91d75ae2571f11145da683bd1	d__Bacteria;p__Proteobacteria;c__Gammaproteobacteria;o__Gammaproteobacteria_Incertae_Sedis;f__Unknown_Family;g__uncultured;s__	0.8308055042922612
648d8de70727ca39bf4607668589955e	d__Bacteria;p__Cyanobacteria;c__Cyanobacteriia;o__Chloroplast;f__Chloroplast;g__Chloroplast;s__	0.9994087667767204
ccdc2f5392fdad420e88ffac176753a5	d__Bacteria;p__Latescibacterota;c__Latescibacterota;o__Latescibacterota;f__Latescibacterota;g__Latescibacterota;s__	0.9806573039701132
920c3d03c50efc1496f3e188a4eeb064	d__Bacteria;p__Bacteroidota;c__Bacteroidia;o__Flavobacteriales;f__Flavobacteriaceae;g__Euzebyella;s__	0.9977500241817469
1673c562b41666e1b9e52646f65dff3c	d__Bacteria;p__Bacteroidota;c__Bacteroidia;o__Flavobacteriales;f__Flavobacteriaceae;g__Actibacter;s__	0.7547705945178429
db82b4bf53bf9cdebbc581f0ad74a25f	d__Bacteria;p__Cyanobacteria;c__Cyanobacteriia;o__Chloroplast;f__Chloroplast;g__Chloroplast;s__	0.9894284741880266
5174c49e19f68007c80028104411cad8	d__Bacteria;p__Desulfobacterota;c__Desulfuromonadia;o__Desulfuromonadales;f__Sva1033;g__Sva1033;s__	0.9982218781723706
5d8506ecf72752f4585f56e575d6c9df	d__Bacteria;p__Proteobacteria;c__Alphaproteobacteria;o__SAR11_clade;f__Clade_I;g__Clade_Ia;s__	0.8880055323817869
9f91bd1870db8dce90b00fe59dcc3f19	d__Bacteria;p__Bacteroidota;c__Bacteroidia	0.999375969490926
e58c3d93c5ef404c6f2f11b9266b630e	d__Bacteria;p__Proteobacteria;c__Gammaproteobacteria;o__Pseudomonadales;f__Saccharospirillaceae;g__Reinekea;s__	0.9973269713615938
e9178ed7d68df9fa24d1c164c9508cc5	d__Bacteria;p__Verrucomicrobiota;c__Verrucomicrobiae;o__Pedosphaerales;f__Pedosphaeraceae;g__SCGC_AAA164-E04;s__	0.9877768255070556
8519a05a6a8367b259aeea93a619239e	d__Bacteria;p__SAR324_clade(Marine_group_B);c__SAR324_clade(Marine_group_B);o__SAR324_clade(Marine_group_B);f__SAR324_clade(Marine_group_B);g__SAR324_clade(Marine_group_B);s__	0.9922008134003265
40dde30405f525a52c5a0770e7567d74	d__Bacteria;p__Bacteroidota;c__Bacteroidia;o__Flavobacteriales	0.8684318537742338
82b672e6844cb46ffe2b7cb3cc559521	d__Bacteria;p__Proteobacteria;c__Gammaproteobacteria;o__Burkholderiales;f__MWH-UniP1_aquatic_group;g__MWH-UniP1_aquatic_group;s__	0.9329115482349578
36c8eb1a71cf34bf89f0490737d9b8a8	d__Bacteria;p__Proteobacteria;c__Alphaproteobacteria;o__Puniceispirillales;f__SAR116_clade;g__SAR116_clade;s__	0.9997493140768129
da595650c98ba25e20dca94d504e701e	d__Bacteria;p__Bacteroidota;c__Bacteroidia;o__Flavobacteriales;f__Flavobacteriaceae	0.9999999044883918
7bd9a466a3ed23a3b9e261e90cc4f8a5	d__Bacteria;p__Proteobacteria;c__Gammaproteobacteria;o__Milano-WF1B-44;f__Milano-WF1B-44;g__Milano-WF1B-44;s__	0.7010466394587418
9b3906a1629aef39ce7ab3164dd8ea7f	d__Bacteria;p__Bacteroidota;c__Bacteroidia;o__Chitinophagales;f__Saprospiraceae;g__uncultured;s__	0.8520264857187302
70ab08168af6a94f6dd442fbc1b96d2b	d__Bacteria;p__Proteobacteria;c__Gammaproteobacteria;o__Pseudomonadales;f__KI89A_clade;g__KI89A_clade;s__	0.9997987334247123
fe32818c583d7686450899fc44738384	d__Bacteria;p__Desulfobacterota;c__Syntrophobacteria;o__Syntrophobacterales;f__uncultured;g__uncultured;s__	0.9921947139591969
5caa7004e295b22623c0d653317cf6e1	d__Bacteria;p__Proteobacteria;c__Alphaproteobacteria;o__Rickettsiales;f__Rickettsiaceae;g__uncultured;s__	0.9935689871603294
6facb5ba5f9794b5af5d99a72647c226	d__Bacteria;p__Planctomycetota;c__Planctomycetes;o__Planctomycetales;f__Schlesneriaceae;g__Planctopirus;s__	0.9932942771627722
7f7d412e63c6ed8edd6bb5ef74395ec8	d__Bacteria;p__Bacteroidota;c__Rhodothermia;o__Rhodothermales;f__Rhodothermaceae;g__uncultured;s__	0.9916796287598673
81900ec43254cbbf2f306629d41c4475	d__Bacteria;p__Bacteroidota;c__Bacteroidia;o__Chitinophagales;f__Chitinophagaceae	0.9999527080054377
5f55d0df6962e428a3077365ed8a746b	d__Bacteria	0.9937729639117268
ca26352607a98dcc5a4e3f2fe0c64284	d__Bacteria;p__Proteobacteria;c__Alphaproteobacteria;o__Rickettsiales;f__Mitochondria;g__Mitochondria;s__	0.9484202838129933
52084f73baf34f9bdb65047b6e7f1ece	d__Bacteria;p__Acidobacteriota;c__Acidobacteriae;o__Subgroup_2;f__Subgroup_2;g__Subgroup_2;s__	0.9999696534497162
b347aefcaae1d0e0d175a03ffb2bf458	d__Bacteria;p__Proteobacteria;c__Gammaproteobacteria;o__Methylococcales;f__Methylomonadaceae	0.8628374286674593
b4a3127162c6cd85f32af4e529140a3f	d__Bacteria;p__Bacteroidota;c__Bacteroidia;o__Chitinophagales;f__Chitinophagaceae	0.9998691283713512
a03f589ad388ad3cc59a72d586227700	d__Bacteria;p__Bdellovibrionota;c__Bdellovibrionia;o__Bacteriovoracales;f__Bacteriovoracaceae;g__Peredibacter;s__	0.993965999041582
939a2452baacbf990cea0dbee679829f	d__Bacteria;p__Cyanobacteria;c__Cyanobacteriia;o__Synechococcales;f__Cyanobiaceae;g__Synechococcus_CC9902;s__	0.8953598105333598
240842ba4818250544b26ecbcabaabf1	d__Bacteria;p__Cyanobacteria;c__Cyanobacteriia;o__Synechococcales;f__Cyanobiaceae;g__Cyanobium_PCC-6307;s__	0.9924923686808722
2279de20eb23fb96e512da86f88244c2	d__Bacteria;p__Proteobacteria;c__Gammaproteobacteria;o__Enterobacterales;f__Alteromonadaceae	0.9999996236499313
db799a1afe8d7673d261c2249fb0f79c	d__Bacteria;p__Verrucomicrobiota;c__Verrucomicrobiae;o__Pedosphaerales;f__Pedosphaeraceae;g__SCGC_AAA164-E04;s__	0.9789855746497357
c1d0c221b9a045a3f6ebece39c02312a	d__Bacteria;p__Cyanobacteria;c__Cyanobacteriia;o__Chloroplast;f__Chloroplast;g__Chloroplast;s__	0.991394345210952
6051639b2c7aa3d3820eeb4fb1d127ce	d__Bacteria;p__Bacteroidota;c__Bacteroidia;o__Sphingobacteriales;f__NS11-12_marine_group;g__NS11-12_marine_group;s__	0.9972067643993614
d5e7dd171fdba2fd5c2b71abb21ec37a	d__Bacteria;p__Campylobacterota;c__Campylobacteria;o__Campylobacterales;f__Sulfurimonadaceae;g__Sulfurimonas;s__	0.9985767451651477
3018a5e3f8d2beb3551f7705bc479d29	d__Bacteria;p__Bacteroidota;c__Bacteroidia;o__Flavobacteriales;f__Flavobacteriaceae;g__Leeuwenhoekiella;s__	0.9909028768594199
d43c66e0ded32851764c4a5e05b618b2	d__Bacteria;p__Proteobacteria;c__Alphaproteobacteria;o__Rickettsiales;f__Mitochondria;g__Mitochondria;s__	0.8211616924234582
6710344bea5306977b12cb42c2a3d0cd	d__Bacteria;p__Acidobacteriota;c__Thermoanaerobaculia;o__Thermoanaerobaculales;f__Thermoanaerobaculaceae;g__Subgroup_23;s__	0.999979820128576
40cd3a948c95615158ed3a6ed6092aa5	d__Bacteria;p__Bacteroidota;c__Bacteroidia;o__Flavobacteriales;f__Flavobacteriaceae;g__Leeuwenhoekiella;s__	0.9956445617838998
80c0c358e34193e33a7a12f2df7f5335	d__Bacteria;p__Proteobacteria;c__Alphaproteobacteria;o__Rickettsiales;f__Mitochondria;g__Mitochondria;s__	0.7215354101374009
eadb08231401239b4414716df1b61714	d__Bacteria;p__Bacteroidota;c__Bacteroidia;o__Flavobacteriales;f__Flavobacteriaceae;g__Aureitalea;s__	0.7586577785273674
6b3f2e16d6af5114bfd3dbdebbbb7eec	d__Bacteria;p__Bacteroidota;c__Bacteroidia;o__Flavobacteriales;f__Flavobacteriaceae;g__Leeuwenhoekiella;s__	0.9954767601981119
c0f9ed7c02f905ba673da81527447839	d__Bacteria;p__Bacteroidota;c__Bacteroidia;o__Flavobacteriales;f__Flavobacteriaceae	0.9999991435275256
a9dbbcd04a92a2a53d3507598cf2d6ef	d__Bacteria;p__Proteobacteria;c__Gammaproteobacteria;o__Pseudomonadales;f__OM182_clade;g__OM182_clade;s__	0.9999101747687952
2700cd6a04a638baf86e94fb3420bbce	d__Bacteria;p__Cyanobacteria;c__Cyanobacteriia;o__Chloroplast;f__Chloroplast;g__Chloroplast;s__	0.9999500077218314
1ef6a55c8f6fbb93d5ee84bc5999a8f9	d__Bacteria;p__Proteobacteria;c__Gammaproteobacteria;o__Burkholderiales;f__Comamonadaceae	0.9999209936971065
5a47fa78b49dd6c7b7e8d2ea41760fba	d__Bacteria;p__Armatimonadota;c__Fimbriimonadia;o__Fimbriimonadales;f__Fimbriimonadaceae;g__Fimbriimonadaceae;s__	0.9932953834939999
82de64dd4c83a3f11620ecfb6c57fb1e	d__Bacteria;p__Proteobacteria;c__Alphaproteobacteria	0.9690063130920603
f1cda04e4e9f3ae4a9940dd4b98ebf98	d__Bacteria;p__Cyanobacteria;c__Cyanobacteriia;o__Chloroplast;f__Chloroplast;g__Chloroplast;s__	0.9998459327988594
6e69a3dbef9362c21f3ddfb3964d090c	d__Bacteria;p__Proteobacteria;c__Alphaproteobacteria;o__Rickettsiales;f__Rickettsiaceae;g__uncultured;s__	0.9922331279628335
1fce0f5fa0c5d3f9b6a1eda71a609a43	d__Bacteria;p__Actinobacteriota;c__Acidimicrobiia;o__IMCC26256;f__IMCC26256;g__IMCC26256;s__	0.8861336315609549
ffb9fae22a289041a445f517c02dfd0d	d__Bacteria;p__Cyanobacteria;c__Cyanobacteriia;o__Chloroplast;f__Chloroplast;g__Chloroplast;s__	0.9999219753064839
9cc0582bb8043b92207b40871cd717bf	d__Bacteria;p__Proteobacteria;c__Gammaproteobacteria	0.9504072487431082
60f798c6f56075fc4476b1f4bdc4f672	d__Bacteria;p__Proteobacteria;c__Alphaproteobacteria;o__Rickettsiales;f__Mitochondria;g__Mitochondria;s__	0.9664849369542294
565eec02b8877a31aaf53ee37e178cc0	d__Bacteria;p__Proteobacteria;c__Alphaproteobacteria;o__Sphingomonadales;f__Sphingomonadaceae	0.9999718071612826
00d2baccfa0e5e4637d0db14857dea45	d__Bacteria;p__Proteobacteria;c__Alphaproteobacteria;o__Rhizobiales;f__Methyloligellaceae	0.7195720181240223
cd9873050733741db1eea6e88ab5147f	d__Bacteria;p__Cyanobacteria;c__Cyanobacteriia;o__Chloroplast;f__Chloroplast;g__Chloroplast;s__	0.9968237067510536
16118a99d5b976ff701d9813080d4d97	d__Bacteria;p__Desulfobacterota;c__Desulfobacteria;o__Desulfobacterales;f__Desulfosarcinaceae	0.7289009011526273
0016aed9ad3f32c230a90b4e6b8a00fb	d__Bacteria;p__Bacteroidota;c__Bacteroidia;o__Chitinophagales	0.8047674096053395
04099e48122f118c8681594e519016cd	d__Bacteria;p__Bacteroidota;c__Bacteroidia;o__Flavobacteriales;f__Flavobacteriaceae;g__Aquibacter;s__	0.8489804770649346
7af8a9b66621544435163a567f4b4b75	d__Bacteria;p__Campylobacterota;c__Campylobacteria;o__Campylobacterales;f__Sulfurimonadaceae;g__Sulfurimonas;s__	0.9981956578048085
69f61c923222a64b9eb04ec4af985ecd	d__Bacteria;p__Cyanobacteria;c__Cyanobacteriia;o__Chloroplast;f__Chloroplast;g__Chloroplast;s__	0.9999520613536714
6f3a167f17f8993be1020266641847f1	d__Bacteria;p__Cyanobacteria;c__Cyanobacteriia;o__Chloroplast;f__Chloroplast;g__Chloroplast;s__	0.9999471642440306
9fd7b18cb68874a6126b74d6a5b362c1	d__Bacteria;p__Bacteroidota;c__Bacteroidia;o__Flavobacteriales;f__Flavobacteriaceae;g__Tamlana;s__	0.8872444079001072
1b70c6660cfde12739d90919c832f079	d__Bacteria;p__Planctomycetota;c__OM190;o__OM190;f__OM190;g__OM190;s__	0.9068110597939932
9c1825b416d0646c553bd57f478e7a08	d__Bacteria;p__Proteobacteria;c__Alphaproteobacteria;o__Rhizobiales;f__Stappiaceae	0.966362630241909
54bbf6464e059af88e7a269addbffe47	d__Bacteria;p__Proteobacteria;c__Alphaproteobacteria;o__Puniceispirillales;f__uncultured;g__uncultured;s__	0.9638349983086214
17d87ac4dab861e1d6178da34a90b356	d__Bacteria;p__Verrucomicrobiota;c__Verrucomicrobiae;o__Opitutales;f__Puniceicoccaceae;g__Coraliomargarita;s__	0.9457985343910735
90f912afd9e440e2a84e904d95e47233	d__Bacteria;p__Proteobacteria;c__Gammaproteobacteria	0.9855543836759431
6b5e74435776971bb98965b364bb37bc	d__Bacteria;p__Bacteroidota;c__Bacteroidia;o__Flavobacteriales;f__Flavobacteriaceae;g__NS2b_marine_group;s__	0.9834731513825058
98c7168ba7b7b5515b39451f5a7d8a7e	d__Bacteria;p__Actinobacteriota;c__Acidimicrobiia;o__Microtrichales;f__Ilumatobacteraceae;g__Ilumatobacter;s__	0.7800382357928468
07bf8b3987503656eae621f43f2387a9	d__Bacteria;p__Proteobacteria;c__Gammaproteobacteria;o__Pseudomonadales;f__Halomonadaceae;g__Cobetia;s__	0.9880735468493174
1b984cd6291083fc16a939e6c0abd32d	d__Bacteria;p__Proteobacteria;c__Gammaproteobacteria;o__Pseudomonadales;f__BD2-7;g__BD2-7;s__	0.9808610178107467
c3142484c7b019fa2238e2d9c58734e8	d__Bacteria;p__Actinobacteriota;c__Actinobacteria;o__PeM15;f__PeM15;g__PeM15;s__	0.999753800164147
866b66157abe5002f4c9b560c678f91e	d__Bacteria;p__Bacteroidota;c__Bacteroidia;o__Flavobacteriales;f__Cryomorphaceae;g__uncultured;s__	0.9863972689626278
d243fae2b9d207bd4c22082d6b91b13e	d__Bacteria;p__Proteobacteria;c__Gammaproteobacteria;o__Pseudomonadales;f__KI89A_clade;g__KI89A_clade;s__	0.996945992834454
8dee723cc72bf638145b677f0611418e	d__Bacteria;p__Bacteroidota;c__Bacteroidia;o__Sphingobacteriales;f__NS11-12_marine_group;g__NS11-12_marine_group;s__	0.9931014468489809
426dfe8b07bd9292cca743bbd71e42d3	d__Bacteria;p__Proteobacteria;c__Alphaproteobacteria;o__Rhodospirillales;f__Magnetospiraceae;g__uncultured;s__	0.9490481309198637
384a4fe7702f8060b9ced180716412ea	d__Bacteria;p__Proteobacteria;c__Alphaproteobacteria;o__Rickettsiales;f__Mitochondria;g__Mitochondria;s__	0.7905556450860679
1209ee90aea862500781f38ce307e61f	d__Bacteria;p__Bacteroidota;c__Bacteroidia;o__Flavobacteriales;f__NS9_marine_group;g__NS9_marine_group;s__	0.7879865088985897
b9e29783b466334efcd55ce81793ee4c	d__Bacteria;p__Bacteroidota;c__Bacteroidia;o__Flavobacteriales;f__Flavobacteriaceae;g__NS5_marine_group;s__	0.9963469721260144
382a8979856be8877a3bdeefa12dcb60	d__Bacteria	0.996316862413877
9125c2d122f57be396121e61ebe014ed	d__Bacteria;p__Proteobacteria;c__Alphaproteobacteria;o__Puniceispirillales;f__uncultured;g__uncultured;s__	0.9997283717555678
df70bdfefc45a50aaa2db8dfdce7bf17	d__Bacteria;p__Bacteroidota;c__Bacteroidia;o__Sphingobacteriales;f__NS11-12_marine_group;g__NS11-12_marine_group;s__	0.9376151163812054
906ad8b96f6d406a1b0574a9a33840d9	d__Bacteria;p__Verrucomicrobiota;c__Verrucomicrobiae;o__Pedosphaerales;f__Pedosphaeraceae;g__SCGC_AAA164-E04;s__	0.9966711712910736
3423b9a50ef4f6117d2eeac455cc2ab0	d__Bacteria;p__Planctomycetota;c__Planctomycetes;o__Pirellulales;f__Pirellulaceae;g__uncultured;s__	0.9584557333140159
95e4c556a00cccfc44c2ccaf81f8f6ac	d__Bacteria;p__Cyanobacteria;c__Cyanobacteriia;o__Chloroplast;f__Chloroplast;g__Chloroplast;s__	0.9912397963994526
01e22b9da0322fd210bf650b9d070a3e	d__Bacteria;p__Planctomycetota;c__Planctomycetes;o__Planctomycetales;f__Rubinisphaeraceae;g__Planctomicrobium;s__	0.99924546691714
241f20c8167178f810faccb57d727951	d__Bacteria;p__Acidobacteriota;c__Acidobacteriae;o__Bryobacterales;f__Bryobacteraceae;g__Bryobacter;s__	0.9973235616297028
92b46781b7dd2d5574f660dafa36ac2a	d__Bacteria;p__Bacteroidota;c__Bacteroidia	0.9995551265077844
ff01a6fc037423035a1a2bf9108f71e5	d__Bacteria;p__Proteobacteria;c__Alphaproteobacteria;o__Rickettsiales;f__Mitochondria;g__Mitochondria;s__	0.9771814035846211
178f350c97477a7e22751d7e637ff71a	d__Bacteria;p__Cyanobacteria;c__Cyanobacteriia;o__Chloroplast;f__Chloroplast;g__Chloroplast;s__	0.9989951326502268
bc1c9eff620849e88d8c72fbc6ebd891	d__Bacteria;p__Bacteroidota;c__Bacteroidia;o__Cytophagales;f__Cyclobacteriaceae;g__uncultured;s__	0.9708601369019269
793484e82a2b910aae094edc33456b44	d__Bacteria;p__Planctomycetota;c__Pla3_lineage;o__Pla3_lineage;f__Pla3_lineage;g__Pla3_lineage;s__	0.9818096673976002
28617314a7cd16c0bedc9e82953e0472	d__Bacteria;p__Campylobacterota;c__Campylobacteria;o__Campylobacterales;f__Sulfurimonadaceae;g__Sulfurimonas;s__	0.9999952219254065
02de696c54ce018709790e6c3b7f0752	d__Bacteria;p__Cyanobacteria;c__Cyanobacteriia;o__Chloroplast;f__Chloroplast;g__Chloroplast;s__	0.9971585376248439
72e859369e10cca6d8ea5add7650f197	d__Bacteria;p__Bacteroidota;c__Bacteroidia;o__Flavobacteriales;f__Flavobacteriaceae;g__NS4_marine_group;s__	0.9979250224442766
a34d8658e3e0235bdb82c34806f1f8e2	d__Bacteria;p__Planctomycetota;c__OM190;o__OM190;f__OM190;g__OM190;s__	0.9845109828156003
8b4d4a01ac5e52cd406206aa4de07357	d__Bacteria;p__SAR324_clade(Marine_group_B);c__SAR324_clade(Marine_group_B);o__SAR324_clade(Marine_group_B);f__SAR324_clade(Marine_group_B);g__SAR324_clade(Marine_group_B);s__	0.9904011091017446
e634830df913dc841021e8bfbdeadb28	d__Bacteria;p__Proteobacteria;c__Gammaproteobacteria;o__Pseudomonadales;f__SAR86_clade;g__SAR86_clade;s__	0.8870660677348401
7c627fde969c8bbb48a06a461e7d7ad6	d__Bacteria;p__Bdellovibrionota;c__Oligoflexia;o__Oligoflexales;f__Oligoflexaceae;g__uncultured;s__	0.9924242517050784
11bac466174d64f762a1afb3a16343a3	d__Bacteria;p__Bacteroidota;c__Bacteroidia;o__Flavobacteriales;f__Cryomorphaceae;g__uncultured;s__	0.9992417084074139
283ac8aec465b84fe9be6ac19603e6e2	d__Bacteria;p__Myxococcota;c__Polyangia;o__Nannocystales;f__Nannocystaceae;g__uncultured;s__	0.9580629933330869
98c19a3a7b17b1098cf3ca5bb9bc8c22	d__Bacteria;p__Actinobacteriota;c__Acidimicrobiia;o__Actinomarinales;f__uncultured;g__uncultured;s__	0.9995907845632941
4be8e002241f78898f746a4d7be93657	d__Bacteria;p__Proteobacteria;c__Gammaproteobacteria;o__Gammaproteobacteria_Incertae_Sedis;f__Unknown_Family;g__Marinicella;s__	0.9999219143771415
a2c29fd371c1bd8753bf456c33f89f98	d__Bacteria;p__Bacteroidota;c__Bacteroidia;o__Flavobacteriales;f__Flavobacteriaceae	0.9999995338879035
53ad9feb36fa3d889d143c88a986e823	d__Bacteria;p__Bacteroidota;c__Bacteroidia;o__Chitinophagales;f__Saprospiraceae;g__uncultured;s__	0.9257128228967807
7e9cc99e2e983fc78af6da6cae6df936	d__Bacteria;p__Proteobacteria;c__Gammaproteobacteria;o__Pseudomonadales;f__SAR86_clade;g__SAR86_clade;s__	0.8767465213117797
f58358ad7715f1c19747cf836959b88c	d__Bacteria;p__Proteobacteria;c__Alphaproteobacteria;o__Rhodobacterales;f__Rhodobacteraceae;g__HIMB11;s__	0.7136362321331389
1678799d333cc36f4ee45de7b7c378b2	d__Bacteria;p__Planctomycetota;c__Planctomycetes;o__Pirellulales;f__Pirellulaceae;g__Blastopirellula;s__	0.7181889943505522
28a53769f954217db6a66f1daeaec7e0	d__Bacteria;p__Proteobacteria;c__Gammaproteobacteria;o__Thiotrichales;f__Thiotrichaceae;g__uncultured;s__	0.9771136526316447
ddc9e9c15ceaced7567faeb15fca42b6	d__Bacteria;p__Proteobacteria;c__Alphaproteobacteria;o__SAR11_clade;f__Clade_I;g__Clade_Ia;s__	0.8849005381855795
83a3278f9b34f5941eef8d5502754144	d__Bacteria;p__Campylobacterota;c__Campylobacteria;o__Campylobacterales;f__Sulfurimonadaceae;g__Sulfurimonas;s__	0.9999960633190778
5b3d895be0e295f649a0d2e37a9df310	d__Bacteria;p__Bacteroidota;c__Bacteroidia;o__Flavobacteriales;f__Flavobacteriaceae;g__Winogradskyella;s__	0.7954002143163401
53c8f12709a0166fd5d72bea87bea1a7	d__Bacteria;p__Proteobacteria;c__Gammaproteobacteria;o__Gammaproteobacteria_Incertae_Sedis;f__Unknown_Family;g__uncultured;s__	0.9918740520452529
49e62d41345845a5f9018dff12c63cef	d__Bacteria;p__Proteobacteria;c__Gammaproteobacteria;o__Pseudomonadales;f__Spongiibacteraceae;g__BD1-7_clade;s__	0.786391053908748
41d2b3b33fb5c5872a3d054acb4f1f92	d__Bacteria	0.9973004419583837
39cf35c4472ca2cca3d0614dbfdd7bb2	d__Bacteria;p__Proteobacteria;c__Gammaproteobacteria;o__Methylococcales;f__Methylococcaceae;g__uncultured;s__	0.991124399917816
b9deb1e999aafec40a48c7e5bfcfa437	d__Bacteria;p__Verrucomicrobiota;c__Verrucomicrobiae;o__Pedosphaerales;f__Pedosphaeraceae;g__uncultured;s__	0.989739054008147
bd0f008be74bbf86f5c801d43fcc7dad	d__Bacteria;p__Marinimicrobia_(SAR406_clade);c__Marinimicrobia_(SAR406_clade);o__Marinimicrobia_(SAR406_clade);f__Marinimicrobia_(SAR406_clade);g__Marinimicrobia_(SAR406_clade);s__	0.9582728314712636
107bb9732080523536657602153c131d	d__Bacteria;p__Proteobacteria;c__Alphaproteobacteria;o__Rickettsiales;f__Mitochondria;g__Mitochondria;s__	0.9700675030967788
088867f3616ab2634a8752b0d1d3f119	d__Bacteria;p__Proteobacteria;c__Gammaproteobacteria;o__Steroidobacterales;f__Steroidobacteraceae;g__uncultured;s__	0.9934977513430032
aae6e20ec102a6190aac8cbd10cdd974	d__Bacteria;p__Proteobacteria;c__Alphaproteobacteria;o__Micavibrionales;f__uncultured;g__uncultured;s__	0.7735566887883768
b6aa2b283355215bc49464d665f2d2b0	d__Bacteria;p__Bacteroidota;c__Bacteroidia;o__Flavobacteriales;f__Crocinitomicaceae;g__Fluviicola;s__	0.9950031428926662
143426b3d58f870ce935ded44c4dee35	d__Bacteria;p__Proteobacteria;c__Gammaproteobacteria;o__Coxiellales;f__Coxiellaceae;g__Coxiella;s__	0.9135389000963082
b83c0f5ac8ff625c075d100d949f6682	d__Bacteria;p__Bacteroidota;c__Bacteroidia;o__Bacteroidales	0.9553390004271742
448e9e57c2b13c1bc01807dad5d7fb63	d__Bacteria;p__Proteobacteria;c__Gammaproteobacteria;o__Burkholderiales;f__Comamonadaceae	0.9997071879509968
3857e27aeb5e3394acfa0da5e31b344d	d__Bacteria;p__Bacteroidota;c__Bacteroidia;o__Cytophagales;f__Spirosomaceae;g__Pseudarcicella;s__	0.9974302678647506
4b3d5bb56896db8115c9755eb0abf50b	d__Bacteria;p__Proteobacteria;c__Alphaproteobacteria;o__SAR11_clade;f__uncultured;g__uncultured;s__	0.7083189068402139
2dee9ac28dd6a0f4e418bf8237134faa	d__Bacteria;p__Desulfobacterota;c__Desulfuromonadia;o__PB19;f__PB19;g__PB19;s__	0.9986903514664391
5cc6eb190b961e3a43602357741baa53	d__Bacteria;p__Proteobacteria;c__Alphaproteobacteria;o__Rickettsiales;f__Mitochondria;g__Mitochondria;s__	0.9312953131587012
eeca79ca1ac9d996de2acb28996c190e	d__Bacteria;p__Bacteroidota;c__Bacteroidia;o__Flavobacteriales;f__Flavobacteriaceae;g__Leeuwenhoekiella;s__	0.9952127743377926
c760e45dc27860be97914fb70836559c	d__Bacteria;p__Chloroflexi;c__Anaerolineae;o__Anaerolineales;f__Anaerolineaceae;g__uncultured;s__	0.9506011418231634
30c902b4c6a0527e474b8bca76225b26	d__Bacteria;p__Cyanobacteria;c__Cyanobacteriia;o__Chloroplast;f__Chloroplast;g__Chloroplast;s__	0.9914912317801301
4739e45a62343df9b68cf438fc1d941c	d__Bacteria;p__Planctomycetota;c__Planctomycetes;o__Planctomycetales;f__Gimesiaceae;g__uncultured;s__	0.9874752019311945
652cdaf552d3693fe89ba455e1db488c	d__Bacteria;p__Cyanobacteria;c__Cyanobacteriia;o__Chloroplast;f__Chloroplast;g__Chloroplast;s__	0.9975230391138931
1e672764983b43f16b6634b972882cd4	d__Bacteria;p__Planctomycetota;c__OM190;o__OM190;f__OM190;g__OM190;s__	0.9783502111037572
3878030d605b95d10ea5a3a2766f7ad1	d__Bacteria;p__Cyanobacteria;c__Cyanobacteriia;o__Chloroplast;f__Chloroplast;g__Chloroplast;s__	0.9993474662031567
6d6ca9fc113a21c223ce229ae113a895	d__Bacteria;p__Verrucomicrobiota;c__Verrucomicrobiae;o__Chthoniobacterales	0.9135299732111388
d669c318f4cdf3604f9f7c35c30729e2	d__Bacteria;p__Verrucomicrobiota;c__Verrucomicrobiae;o__Verrucomicrobiales;f__DEV007;g__DEV007;s__	0.998108780294992
33b0117b3ceb3b2aaf612ff6dba1f096	d__Bacteria;p__Bacteroidota;c__Bacteroidia;o__Chitinophagales;f__Saprospiraceae;g__uncultured;s__	0.8640062341679146
d85ff109d94bf79521d72e4764697058	d__Bacteria;p__Planctomycetota;c__Pla3_lineage;o__Pla3_lineage;f__Pla3_lineage;g__Pla3_lineage;s__	0.9835442171983858
68db3715d2dfb7305b400a2644dd5abd	d__Bacteria;p__Bacteroidota;c__Bacteroidia;o__Flavobacteriales;f__Flavobacteriaceae	0.9999260843895666
be8bb64c45948f083507dbea1e1d0ca5	d__Bacteria;p__Bacteroidota;c__Bacteroidia;o__Flavobacteriales;f__Flavobacteriaceae	0.9999011661638038
a42630bbaf6232ca96858f3f9c13fceb	d__Bacteria;p__Bacteroidota;c__Bacteroidia;o__Chitinophagales;f__Saprospiraceae;g__uncultured;s__	0.7443647951902158
423ec052cffb7c8a89ab9dfb8b3a2a95	d__Bacteria	0.980599328890226
4686f479a887ee8f83e96d6f7ee7b2cc	d__Bacteria;p__Bacteroidota;c__Bacteroidia;o__Chitinophagales;f__Saprospiraceae	0.983099792493216
448a19ecd146136c335c6ebf29ad091a	d__Bacteria;p__Bacteroidota;c__Bacteroidia;o__Cytophagales;f__Cyclobacteriaceae;g__Marinoscillum;s__	0.9999082890232734
87d3ce70ac955415b8e14e872d8750dd	d__Bacteria;p__Planctomycetota;c__Pla3_lineage;o__Pla3_lineage;f__Pla3_lineage;g__Pla3_lineage;s__	0.9852666695638508
b87870be14f3d88b1c638dbe4dadcb98	d__Bacteria;p__Cyanobacteria;c__Cyanobacteriia;o__Cyanobacteriales;f__Cyanobacteriaceae;g__Symphothece_PCC-7002;s__	0.9996995831605411
c3ae9023c5be2a2aea7e9a5dc5c3d248	d__Bacteria;p__Actinobacteriota;c__Acidimicrobiia;o__Microtrichales;f__Microtrichaceae;g__Sva0996_marine_group;s__	0.9560779955209641
82922c6931fe81c33d6395416c8911ef	d__Bacteria;p__Proteobacteria;c__Gammaproteobacteria;o__Pseudomonadales;f__Nitrincolaceae;g__uncultured;s__	0.8720264284860361
cd0c1af2b145ee2bfaa19b6a6e97e5b4	d__Bacteria;p__Bdellovibrionota;c__Oligoflexia;o__Oligoflexales;f__Oligoflexaceae;g__uncultured;s__	0.9922726939519919
c7490478e432f719c69c6daf776f8a16	d__Bacteria;p__Proteobacteria;c__Alphaproteobacteria;o__Rickettsiales;f__Mitochondria;g__Mitochondria;s__	0.7507597690775657
675d74c3af3da2719b752ca84672921c	d__Bacteria;p__Proteobacteria;c__Alphaproteobacteria;o__Sphingomonadales;f__Sphingomonadaceae	0.9993882335767282
fde2c9f7b2ce72dd6cfea0502d23c432	d__Bacteria;p__Verrucomicrobiota;c__Verrucomicrobiae;o__Verrucomicrobiales;f__Rubritaleaceae;g__Luteolibacter;s__	0.9990948585572257
c06278f889864f86c42ec766499e5db9	d__Bacteria;p__Proteobacteria;c__Alphaproteobacteria;o__Puniceispirillales;f__uncultured;g__uncultured;s__	0.9702818062438735
65aa2a986c510f7575078c0f1b6c8c7a	d__Bacteria;p__Planctomycetota;c__Planctomycetes;o__Pirellulales;f__Pirellulaceae	0.9958013368617521
067d231d70c90365313b7f06c22c2c37	d__Bacteria;p__Verrucomicrobiota;c__Verrucomicrobiae;o__Chthoniobacterales;f__Terrimicrobiaceae;g__Terrimicrobium;s__	0.9996897481233811
066b6dc04792e8e7f6c692325ffb4999	d__Bacteria;p__Armatimonadota;c__Armatimonadia;o__Armatimonadales;f__Armatimonadaceae;g__Armatimonas;s__	0.9783681669084595
8818c0cdfac98f9a05a198a64e7fd180	d__Bacteria;p__Bacteroidota;c__Bacteroidia;o__Sphingobacteriales;f__NS11-12_marine_group;g__NS11-12_marine_group;s__	0.8863918017299254
3b143fbbfa889a8c0651342758a29480	d__Bacteria;p__Planctomycetota;c__Planctomycetes;o__Planctomycetales;f__Rubinisphaeraceae;g__uncultured;s__	0.9998697941640862
a3f5a078938cd4ba10081dbb98707b1e	d__Bacteria;p__Proteobacteria;c__Alphaproteobacteria;o__Rickettsiales;f__Mitochondria;g__Mitochondria;s__	0.8887925835676124
9f50c6f5a2e6756eef76b013d0dff65a	d__Bacteria;p__Campylobacterota;c__Campylobacteria;o__Campylobacterales;f__Sulfurimonadaceae;g__Sulfurimonas;s__	0.9999974552949857
6de5c926b8d9a3cef202989434f2c55f	d__Bacteria;p__Actinobacteriota;c__Actinobacteria;o__PeM15;f__PeM15;g__PeM15;s__	0.9997193263119944
27ed1017b52a2ea32e528dbd506f54f5	d__Bacteria;p__Bacteroidota;c__Bacteroidia;o__Flavobacteriales	0.9791674083144707
4ae16abe72c43adcb030a03490b34efb	d__Bacteria;p__Proteobacteria;c__Alphaproteobacteria;o__Rickettsiales;f__S25-593;g__S25-593;s__	0.9999968788892595
d73ffd3e19c18e25e53d75ebcaf3957c	d__Bacteria;p__Desulfobacterota;c__Desulfuromonadia;o__Desulfuromonadales;f__Geopsychrobacteraceae;g__Malonomonas;s__	0.9079028450084937
7770b4ebd1510f7ac72c0e2bb7433c96	d__Bacteria;p__Bacteroidota;c__Bacteroidia;o__Bacteroidales;f__Bacteroidetes_BD2-2;g__Bacteroidetes_BD2-2;s__	0.8984141832061029
406128ea87b3e7df14cc23578e7d8d59	d__Bacteria;p__Verrucomicrobiota;c__Lentisphaeria;o__Victivallales;f__PRD18C08;g__PRD18C08;s__	0.8378873510453416
5f64dd086bb797e680fcec56c92e7ca0	d__Bacteria;p__Planctomycetota;c__Pla3_lineage;o__Pla3_lineage;f__Pla3_lineage;g__Pla3_lineage;s__	0.9949251271089552
7a5cc5165ef4e7646d3d6b49f11182d3	d__Bacteria;p__Bdellovibrionota;c__Oligoflexia;o__Oligoflexales;f__Oligoflexaceae;g__uncultured;s__	0.9925929284242788
a75e2fc78c6f0312c5ce1885ab0c1bb6	d__Bacteria;p__Verrucomicrobiota;c__Verrucomicrobiae;o__Verrucomicrobiales;f__DEV007;g__DEV007;s__	0.9990322046400136
ec14d38c42d3ffa85168c799bad9928e	d__Bacteria;p__Proteobacteria;c__Gammaproteobacteria	0.9988429096890326
3a4bfb27646285d0ff6647252b1aae71	d__Bacteria;p__Bacteroidota;c__Bacteroidia	0.9982959248139516
597f3e677ef53fc9d486f107a0dc1468	d__Bacteria;p__Proteobacteria;c__Alphaproteobacteria;o__Rickettsiales;f__Mitochondria;g__Mitochondria;s__	0.8909813774017048
f287e4849765339a78b89c84193b35c6	d__Bacteria;p__Bacteroidota;c__Bacteroidia;o__Flavobacteriales;f__Flavobacteriaceae	0.9997426814390941
12c30ff709dde5d8952ae238cc73cdbc	d__Bacteria;p__Verrucomicrobiota;c__Verrucomicrobiae;o__Verrucomicrobiales	0.9771358937098676
729aad5043eeb69fda0627e8254cb697	d__Bacteria;p__Proteobacteria;c__Alphaproteobacteria;o__SAR11_clade;f__Clade_III;g__Clade_III;s__	0.9999990598207248
f599809a21f5ba1c72cc21c0130ff53c	d__Bacteria;p__Proteobacteria;c__Gammaproteobacteria;o__Gammaproteobacteria_Incertae_Sedis;f__Unknown_Family;g__uncultured;s__	0.8356200376768702
3cd0d550903209816c7daf305c1ae22a	d__Bacteria;p__Acidobacteriota;c__Subgroup_22;o__Subgroup_22;f__Subgroup_22;g__Subgroup_22;s__	0.8143643624014629
5e601b5ef38883fd2af2f8786d1fc0d5	d__Bacteria;p__Bacteroidota;c__Bacteroidia;o__Chitinophagales;f__Saprospiraceae	0.9936989469000497
9ab07c470e2829dacfdb5bac9a01e1a0	d__Bacteria;p__Verrucomicrobiota;c__Verrucomicrobiae;o__Verrucomicrobiales;f__DEV007;g__DEV007;s__	0.9999456832766561
1f990aef7f713168c8fde737734829c9	d__Bacteria;p__Bacteroidota;c__Bacteroidia;o__Flavobacteriales;f__Flavobacteriaceae;g__Tamlana;s__	0.9222848508309935
2dc1939469aed4bead33d8d49e760eb1	d__Bacteria;p__Proteobacteria;c__Gammaproteobacteria	0.9986328012677965
4163bf2299099e4fbd86b7eaffe654fd	d__Bacteria;p__Planctomycetota;c__OM190;o__OM190;f__OM190;g__OM190;s__	0.9764402549202993
d8b3cb1917d38ab3942fbd45753b063d	d__Bacteria;p__Bacteroidota;c__Bacteroidia;o__Flavobacteriales;f__Flavobacteriaceae;g__NS5_marine_group;s__	0.9913499080879613
bb63ca5b56d550bfeef4e6c42b56e17c	d__Bacteria;p__Proteobacteria;c__Alphaproteobacteria;o__Micavibrionales;f__uncultured;g__uncultured;s__	0.7387059755068215
1c1efc8526a918918236f0dfb480b3ca	d__Bacteria	0.9978008529170306
e356328b9d47b4b877af6659f38be5f4	d__Bacteria;p__Bacteroidota;c__Bacteroidia;o__Flavobacteriales;f__Flavobacteriaceae;g__NS5_marine_group;s__	0.996725037509143
a6b75409b26a616f3e8fe401d94404eb	d__Bacteria;p__Actinobacteriota;c__Actinobacteria;o__Frankiales;f__Sporichthyaceae;g__hgcI_clade;s__	0.8392814585496634
48894c915163f86e7539181a731c925d	d__Bacteria;p__Verrucomicrobiota;c__Verrucomicrobiae;o__Chthoniobacterales;f__Terrimicrobiaceae;g__Terrimicrobium;s__	0.999584756096216
9130471dfba679981e81e101b86b0186	d__Bacteria;p__Bacteroidota;c__Bacteroidia;o__Cytophagales;f__Microscillaceae;g__uncultured;s__	0.8572283093565745
0935377a39d8e27beef7304efae3e07e	d__Bacteria;p__Cyanobacteria;c__Cyanobacteriia;o__Chloroplast;f__Chloroplast;g__Chloroplast;s__	0.9999110164149719
eb2138001112c587538c1e041c132d8a	d__Bacteria;p__Actinobacteriota;c__Thermoleophilia;o__Gaiellales;f__Gaiellaceae;g__Gaiella;s__	0.948943221409823
535bbadfcd312fe3828896abd98cb5e7	d__Bacteria;p__Cyanobacteria;c__Cyanobacteriia;o__Chloroplast;f__Chloroplast;g__Chloroplast;s__	0.9891710956765771
0f6997be9967137abac375d5c868b0ed	d__Bacteria;p__Verrucomicrobiota;c__Verrucomicrobiae;o__Opitutales;f__Opitutaceae;g__Cephaloticoccus;s__	0.8116252013767649
3bdc4da898e5017abaf7411f7494b432	d__Bacteria;p__Cyanobacteria;c__Cyanobacteriia;o__Chloroplast;f__Chloroplast;g__Chloroplast;s__	0.997725258414864
c634f50230f7c17fdf8dd061386e05af	d__Bacteria;p__Gemmatimonadota;c__Gemmatimonadetes;o__Gemmatimonadales;f__Gemmatimonadaceae	0.9999121251108651
ed67d5c65df806363d03ebe6325e16f4	d__Bacteria;p__Proteobacteria;c__Gammaproteobacteria;o__Enterobacterales	0.9999931686277045
ada2c06c265d543ecd6934865e7ccaaa	d__Bacteria;p__Proteobacteria;c__Alphaproteobacteria;o__Rhizobiales;f__A0839;g__A0839;s__	0.9998318016754882
fa54d4cc705db84f4014df5d9a43d832	d__Bacteria;p__Desulfobacterota;c__Syntrophobacteria;o__Syntrophobacterales;f__uncultured;g__uncultured;s__	0.990087207047659
843620e744cfb1f29a4862593d27f689	d__Bacteria;p__Proteobacteria;c__Alphaproteobacteria;o__Rhizobiales;f__Rhizobiales_Incertae_Sedis;g__Anderseniella;s__	0.9949572154296652
d3329c3d1f2a0109f00a5e4b6c7d4302	d__Bacteria;p__Actinobacteriota;c__Thermoleophilia;o__Solirubrobacterales;f__67-14;g__67-14;s__	0.9966081123083189
0b98e78a5c1c8ace7cd48c313daebb41	d__Bacteria;p__Bacteroidota;c__Bacteroidia;o__Flavobacteriales;f__Crocinitomicaceae;g__Fluviicola;s__	0.994818323024314
df9dcb3847d9556ccc7515ea8ce3d6e4	d__Bacteria;p__Proteobacteria;c__Gammaproteobacteria;o__Milano-WF1B-44;f__Milano-WF1B-44;g__Milano-WF1B-44;s__	0.7197220134802963
abe6207e2a394a262c41573f1512e3c3	d__Bacteria;p__Proteobacteria;c__Gammaproteobacteria;o__Pseudomonadales;f__Alcanivoracaceae1;g__Alcanivorax;s__	0.7096528947599167
a882a6a2b5ab8e0943895247221b44e4	d__Bacteria;p__Campylobacterota;c__Campylobacteria;o__Campylobacterales;f__Sulfurovaceae;g__Sulfurovum;s__	0.9939412428866559
02fc89a299e13fc07a93ff198420c84d	d__Bacteria;p__Bacteroidota;c__Bacteroidia;o__Flavobacteriales;f__Crocinitomicaceae	0.9994615430169435
d1b8050333a02f6c666f253620d9b7c2	d__Bacteria;p__Proteobacteria;c__Gammaproteobacteria;o__Gammaproteobacteria_Incertae_Sedis;f__Unknown_Family;g__uncultured;s__	0.9745498663118627
0bab87c67079f9d2cade62884a60702f	d__Bacteria;p__Proteobacteria;c__Gammaproteobacteria;o__Burkholderiales;f__Methylophilaceae;g__OM43_clade;s__	0.9233883877701414
7e83e45b118e79b7f4f592961f061623	d__Bacteria;p__Bacteroidota;c__Bacteroidia;o__Chitinophagales;f__Saprospiraceae;g__uncultured;s__	0.7972623798256414
a6522f77077eab45ff3cf02cf685d0dc	d__Bacteria;p__Bacteroidota;c__Bacteroidia;o__Flavobacteriales;f__Flavobacteriaceae;g__Winogradskyella;s__	0.849241644852176
e6f7f3fa6f7edc7c2baf99d26ae0838f	d__Bacteria;p__Bacteroidota;c__Bacteroidia;o__Cytophagales;f__Spirosomaceae;g__Taeseokella;s__	0.9999730427896428
c52328079216bd7d613d92d52b3a41bc	d__Bacteria;p__Bacteroidota;c__Bacteroidia;o__Flavobacteriales	0.8591831075210429
5b586e2ce49057f0097883f3d9631587	d__Bacteria;p__Bacteroidota;c__Rhodothermia;o__Rhodothermales;f__Rhodothermaceae;g__uncultured;s__	0.9982119705447179
ee3289293968ef9771cb974ccaa99f66	d__Bacteria;p__Proteobacteria;c__Alphaproteobacteria;o__SAR11_clade;f__Clade_I	0.9992529606444908
68c58fd04a43454e9960a222d4a1237c	d__Bacteria;p__Planctomycetota;c__Planctomycetes;o__Pirellulales;f__Pirellulaceae;g__Blastopirellula;s__	0.994035828612305
07dab57e05c466e6c0709e7d3e849a82	d__Bacteria;p__Calditrichota;c__Calditrichia;o__Calditrichales;f__Calditrichaceae;g__Calditrichaceae;s__	0.959669088086009
1a510468ae15ffa2cd145a65f89dfd54	d__Bacteria;p__Bacteroidota;c__Bacteroidia;o__Chitinophagales;f__Saprospiraceae	0.9975287238159498
4d1f07f45cc4177e00b425fbc0c7a528	d__Bacteria;p__Cyanobacteria;c__Cyanobacteriia;o__Chloroplast;f__Chloroplast;g__Chloroplast;s__	0.9993077522133336
083ba8fcd93dd5187b485ee49d303d92	d__Bacteria;p__Cyanobacteria;c__Cyanobacteriia;o__Synechococcales;f__Cyanobiaceae;g__Cyanobium_PCC-6307;s__	0.9889821561526031
66d66a8194034101d9fd02ca172b0f93	d__Bacteria;p__Proteobacteria;c__Alphaproteobacteria;o__Rickettsiales;f__Mitochondria;g__Mitochondria;s__	0.9105371018388112
0a5f2f17496742468e76478c8c1dac6c	d__Bacteria;p__Proteobacteria;c__Gammaproteobacteria	0.9974661183235145
52f055aed84e28320080f676296898b1	d__Bacteria;p__Patescibacteria	0.7808149913120184
47339a8240cf841f3e118117b001bab3	d__Bacteria;p__Proteobacteria;c__Gammaproteobacteria;o__PLTA13;f__PLTA13;g__PLTA13;s__	0.8149347412258107
15da022850dda1fd5f57481ee5cf70d0	d__Bacteria;p__Proteobacteria;c__Alphaproteobacteria;o__SAR11_clade;f__Clade_I	0.9989377945151421
9e13f2b762f8caeabb0d676113b15fe5	d__Bacteria;p__Cyanobacteria;c__Cyanobacteriia;o__Chloroplast;f__Chloroplast;g__Chloroplast;s__	0.9928809904314473
f7d98580ea1d991d43f676ea38709f57	d__Bacteria;p__Bacteroidota;c__Bacteroidia;o__Bacteroidales;f__Bacteroidetes_vadinHA17;g__Bacteroidetes_vadinHA17;s__	0.9954019672183878
16fbf1b1a96aed02e59a0bff28dfd094	d__Bacteria;p__Proteobacteria;c__Gammaproteobacteria;o__Pseudomonadales;f__SAR86_clade;g__SAR86_clade;s__	0.9999911563525898
dee82a0af3256d516a414050441f6124	d__Bacteria;p__Cyanobacteria;c__Cyanobacteriia;o__Synechococcales;f__Cyanobiaceae;g__Cyanobium_PCC-6307;s__	0.965464506268877
f905f21920d888991958c3837c42fc2a	d__Bacteria;p__Actinobacteriota;c__Thermoleophilia;o__Gaiellales;f__Gaiellaceae;g__Gaiella;s__	0.9298532924563645
6f334e19ec24bdd75ab8d23f30856e6a	d__Bacteria;p__Cyanobacteria;c__Cyanobacteriia;o__Chloroplast;f__Chloroplast;g__Chloroplast;s__	0.9972518452218874
723de0ddd2de856155d61c3b4823b7ac	d__Bacteria;p__Bacteroidota;c__Bacteroidia;o__Flavobacteriales;f__Flavobacteriaceae;g__Flavobacterium;s__	0.9999264255283932
8dd4485e31bd2a43c597da200720c53b	d__Bacteria;p__Planctomycetota;c__Planctomycetes;o__Planctomycetales;f__Rubinisphaeraceae;g__Planctomicrobium;s__	0.9536893910590983
ced1e4c2bb5af15f2076da1598d5f767	d__Bacteria;p__Proteobacteria;c__Alphaproteobacteria;o__SAR11_clade;f__Clade_III;g__Clade_III;s__	0.9999995481811821
4b28c277c890a731866d305e73aec739	d__Bacteria;p__Cyanobacteria;c__Cyanobacteriia;o__Chloroplast;f__Chloroplast;g__Chloroplast;s__	0.9999421339589485
781170d4c903db057a344f67eb1b8c45	d__Bacteria;p__Bacteroidota;c__Bacteroidia;o__Chitinophagales;f__Saprospiraceae;g__uncultured;s__	0.7964694878394958
3edb577b5500c8e787dc7565b7c79ce6	d__Bacteria;p__Proteobacteria;c__Gammaproteobacteria	0.9953088892458595
e545b73968947236725d7bfea0ebfdaa	d__Bacteria;p__Planctomycetota;c__Planctomycetes;o__Planctomycetales;f__Rubinisphaeraceae;g__uncultured;s__	0.9488205930737549
d77204e257a516f4ccc1ef9e8c61881c	d__Bacteria;p__Bacteroidota;c__Bacteroidia;o__Chitinophagales;f__Saprospiraceae;g__Aureispira;s__	0.9991837088646157
8aa7db50b2bc73b874296696d0d7902a	d__Bacteria;p__Proteobacteria;c__Alphaproteobacteria;o__Caulobacterales;f__Hyphomonadaceae;g__uncultured;s__	0.825188358552161
af8d7c86e7a2fb637a8f58f6f91c56f3	d__Bacteria;p__Chloroflexi;c__Anaerolineae;o__SBR1031	0.8003281315609028
1b0f8c0777013042de7d8314fa7bcfb7	d__Bacteria;p__Cyanobacteria;c__Cyanobacteriia;o__Chloroplast;f__Chloroplast;g__Chloroplast;s__	0.9993305875481635
b84da83e039e8bde13c4f852cf00cd45	d__Bacteria;p__Verrucomicrobiota;c__Verrucomicrobiae;o__Verrucomicrobiales;f__DEV007;g__DEV007;s__	0.9982005476825483
fb30effb62d4c5dae0a8b48aff868fdf	d__Bacteria;p__Proteobacteria;c__Gammaproteobacteria	0.979803407848924
1cb12016cf95585d07b40f21f64cfa11	d__Bacteria;p__Cyanobacteria;c__Cyanobacteriia;o__Chloroplast;f__Chloroplast;g__Chloroplast;s__	0.9992924612708439
98a008a92ad5f5c39cd904bf5144618b	d__Bacteria;p__Verrucomicrobiota;c__Verrucomicrobiae;o__Chthoniobacterales	0.8459155181441247
ddcc896d8a070134450d0003c3c54b4b	d__Bacteria;p__Proteobacteria;c__Alphaproteobacteria;o__Caulobacterales;f__Hyphomonadaceae;g__uncultured;s__	0.8507154342752478
9c685d78c8734d64755dc9f3861e8013	d__Bacteria;p__Proteobacteria;c__Alphaproteobacteria;o__Puniceispirillales;f__SAR116_clade;g__SAR116_clade;s__	0.9020175325544147
968f1bb297f0074d1eccae7631fe3faf	d__Bacteria;p__Desulfobacterota;c__Desulfuromonadia;o__Desulfuromonadales;f__Sva1033;g__Sva1033;s__	0.9965548129810918
106b9f1b9e97245c6456953caeb6da9b	d__Bacteria;p__Actinobacteriota;c__Acidimicrobiia;o__Actinomarinales;f__Actinomarinaceae;g__Candidatus_Actinomarina;s__	0.9999998888917565
8d2defa96e1d3d142a8f45916ea5caed	d__Bacteria;p__Planctomycetota;c__OM190;o__OM190;f__OM190;g__OM190;s__	0.965235694940747
4c8727dfa8e92e1ef7ca3cb3be6e920b	d__Bacteria;p__Verrucomicrobiota;c__Verrucomicrobiae;o__Chthoniobacterales	0.849507874094217
e761e5753c2b486c75b66e29ddf0414a	d__Bacteria;p__Cyanobacteria;c__Cyanobacteriia;o__Chloroplast;f__Chloroplast;g__Chloroplast;s__	0.9988733106148114
f08d5f29e18542dbdb0021a35d19025c	d__Bacteria;p__Cyanobacteria;c__Cyanobacteriia;o__Chloroplast;f__Chloroplast;g__Chloroplast;s__	0.9999403049161886
a3f3831c5089f8a2cef50d8d7b91db0e	d__Bacteria;p__Bacteroidota;c__Bacteroidia;o__Cytophagales;f__Microscillaceae;g__OLB12;s__	0.7867188842870035
4e67f97a3fa3f0f67683fed87b249cc0	d__Bacteria;p__Planctomycetota;c__Planctomycetes;o__Planctomycetales;f__Rubinisphaeraceae;g__uncultured;s__	0.9998546433784657
2c8126d13f9e736857f5fcf763ecb2cc	d__Bacteria;p__Bacteroidota;c__Bacteroidia;o__Sphingobacteriales;f__NS11-12_marine_group;g__NS11-12_marine_group;s__	0.914075278078484
9a6ae52144eff47beb0064d3bb0fd3f6	d__Bacteria;p__Proteobacteria;c__Gammaproteobacteria;o__Methylococcales;f__Methylococcaceae;g__uncultured;s__	0.9888988974245343
11b121227c48b148d65e2445231a38d7	d__Bacteria;p__Actinobacteriota;c__Actinobacteria;o__Frankiales;f__Sporichthyaceae;g__hgcI_clade;s__	0.936484653981384
b58c16b379b65a7fa69144e6dd67eb21	d__Bacteria;p__Proteobacteria;c__Alphaproteobacteria;o__Rickettsiales;f__Rickettsiaceae;g__uncultured;s__	0.9901243112440935
12d6a8f173dc7fbfa3da849d708fbdb1	d__Bacteria;p__Bacteroidota;c__Bacteroidia;o__Bacteroidales;f__Prolixibacteraceae	0.9990095585144323
d8c9f82c1e99f2221b29d7819de0d0a3	d__Bacteria;p__Bacteroidota;c__Bacteroidia;o__Flavobacteriales	0.7361759630560554
d4f593769a7687dae75c6932c2fa5268	d__Bacteria;p__Proteobacteria;c__Alphaproteobacteria;o__Rickettsiales;f__Mitochondria;g__Mitochondria;s__	0.9696110776735585
083e9c2a2ea460459e58e21cfb2eb072	d__Bacteria;p__Proteobacteria;c__Alphaproteobacteria;o__Holosporales;f__Holosporaceae;g__Holosporaceae;s__	0.9991621295854867
3b521ba9f4003312f65be3ac902640f9	d__Bacteria;p__Proteobacteria;c__Alphaproteobacteria;o__Caulobacterales;f__Parvularculaceae;g__uncultured;s__	0.813266995347198
976423d54c12dc65a41e6aafb0f0bf2a	d__Bacteria;p__Bacteroidota;c__Bacteroidia	0.9999847095229222
5bfa1788dcf4570c2e58882cfad1aa9a	d__Bacteria;p__Proteobacteria;c__Alphaproteobacteria;o__Rhodospirillales;f__Thalassospiraceae;g__Thalassospira;s__	0.9999979877385452
8645d72f1c2d29dc5e47739d41227611	d__Bacteria;p__Actinobacteriota;c__Acidimicrobiia;o__Microtrichales;f__Microtrichaceae;g__Sva0996_marine_group;s__	0.9008392884259144
a0c5169c37021d52b1d023a33b55eab9	d__Bacteria;p__Cyanobacteria;c__Sericytochromatia;o__Sericytochromatia;f__Sericytochromatia;g__Sericytochromatia;s__	0.9781146951704331
91342c1bd67be6c043fc1ed02c4b8ede	d__Bacteria;p__Bacteroidota;c__Bacteroidia;o__Bacteroidales;f__Prolixibacteraceae;g__Draconibacterium;s__	0.9803598972975301
1af725f9d982d1e7f89bf87bff2156c9	d__Bacteria;p__Planctomycetota;c__Pla3_lineage;o__Pla3_lineage;f__Pla3_lineage;g__Pla3_lineage;s__	0.9746748705055459
dfd81bc3aabab0953964aebe32ebb33c	d__Bacteria;p__Proteobacteria;c__Alphaproteobacteria;o__Caulobacterales;f__Hyphomonadaceae;g__Hyphomonas;s__	0.976884263972917
a4ea1294975ab75a3adf753ae5fd32b2	d__Bacteria;p__Desulfobacterota;c__Syntrophobacteria;o__Syntrophobacterales;f__uncultured;g__uncultured;s__	0.995630910865189
d90d58016c41a0c9819796e9342d6a08	d__Bacteria;p__Bacteroidota;c__Bacteroidia;o__Flavobacteriales;f__NS9_marine_group;g__NS9_marine_group;s__	0.8273681601311554
612b6670d2fda78f79ebc7fa05e44cd2	d__Bacteria;p__Chloroflexi;c__Anaerolineae;o__Anaerolineales;f__Anaerolineaceae;g__uncultured;s__	0.7364081203960071
689401d32a0261175740e2e9b9fc0fea	d__Bacteria;p__Proteobacteria;c__Gammaproteobacteria;o__Thiohalorhabdales;f__Thiohalorhabdaceae;g__uncultured;s__	0.865798307016045
26b12d8675e46d7be1f4e0c6cecb41fc	d__Bacteria;p__Verrucomicrobiota;c__Verrucomicrobiae;o__Verrucomicrobiales;f__Rubritaleaceae;g__Roseibacillus;s__	0.9998028768091598
3db00c503df57418fe956593803e94ef	d__Bacteria;p__Bacteroidota;c__Bacteroidia;o__Cytophagales;f__Cyclobacteriaceae;g__Marinoscillum;s__	0.9999325278469338
63485756c7983d80f85c6be35f410fe2	d__Bacteria;p__Bacteroidota;c__Bacteroidia;o__Flavobacteriales;f__Flavobacteriaceae	0.9999287523665599
8f17f4ad1a8391b30a66c42efd801b53	d__Bacteria;p__Campylobacterota;c__Campylobacteria;o__Campylobacterales;f__Sulfurovaceae;g__Sulfurovum;s__	0.9950246566976004
63265897714887056da9e867a8041705	d__Bacteria;p__Proteobacteria;c__Gammaproteobacteria;o__Pseudomonadales;f__SAR86_clade;g__SAR86_clade;s__	0.999986653453241
373dbeb34221b1f87f877f5f1e5877d0	d__Bacteria;p__Cyanobacteria;c__Cyanobacteriia;o__Chloroplast;f__Chloroplast;g__Chloroplast;s__	0.9734016528356632
3a85a3563284b7ce2488750cd5ccb4a7	d__Bacteria;p__Bacteroidota;c__Bacteroidia;o__Flavobacteriales;f__Flavobacteriaceae	0.9993224258391517
6d51de9cd7746ca674846c6155af948f	d__Bacteria;p__Bacteroidota;c__Bacteroidia;o__Chitinophagales;f__Saprospiraceae;g__uncultured;s__	0.8832028955374167
c6bf84c986df372ac334f58a5a408d57	d__Bacteria;p__Latescibacterota;c__Latescibacterota;o__Latescibacterota;f__Latescibacterota;g__Latescibacterota;s__	0.869998886990334
84ae811b4f4539c7ef5087aed4a0493d	d__Bacteria;p__Proteobacteria;c__Gammaproteobacteria	0.9896263890568904
4e30ab187a2c4cf5c42676d485c682ec	d__Bacteria;p__Cyanobacteria;c__Cyanobacteriia;o__Chloroplast;f__Chloroplast;g__Chloroplast;s__	0.9960333255438041
60db01eafb5a23ba0f31e920e30d0286	d__Bacteria;p__Bacteroidota;c__Bacteroidia;o__Chitinophagales;f__Chitinophagaceae	0.9994679870249044
9aa8d70a76793195a9705480fbb4e522	d__Bacteria;p__Bacteroidota;c__Bacteroidia;o__Flavobacteriales	0.9744567862071642
2eb4f647b700c85a63e110020c1a8957	d__Bacteria;p__Bacteroidota;c__Bacteroidia;o__Flavobacteriales;f__Crocinitomicaceae;g__Fluviicola;s__	0.9947821602564665
7d5309c365bf1c4c895b0fb74a7a3e44	d__Bacteria;p__Planctomycetota;c__Planctomycetes;o__Planctomycetales;f__Rubinisphaeraceae;g__SH-PL14;s__	0.9992893417324434
79f1f711f2f07ab0a84c24b39688c660	d__Bacteria;p__Proteobacteria;c__Alphaproteobacteria;o__Rhodobacterales;f__Rhodobacteraceae	0.9993273442488926
543c3cdeb48a234c6a7da4a238d151f6	d__Bacteria;p__Planctomycetota;c__Planctomycetes;o__Planctomycetales;f__Rubinisphaeraceae;g__SH-PL14;s__	0.976336196888423
a7e734d67d0146ef885d7bf496ed8701	d__Bacteria;p__Bacteroidota;c__Bacteroidia;o__Flavobacteriales;f__Flavobacteriaceae;g__NS3a_marine_group;s__	0.9762590791471456
bde48c7ee929e04524a77f1559384a47	d__Bacteria;p__Proteobacteria;c__Gammaproteobacteria	0.8321878512255076
c72fa91dace80878dc2f25f5ad05d7b8	d__Bacteria;p__Proteobacteria;c__Alphaproteobacteria;o__Micropepsales;f__Micropepsaceae;g__uncultured;s__	0.9195653333161998
8a073897f7a71c926686d1f5b399ef2a	d__Bacteria;p__Cyanobacteria;c__Cyanobacteriia;o__Chloroplast;f__Chloroplast;g__Chloroplast;s__	0.9999251257974121
b7d5a5179695ead70de767fd385c4eb8	d__Bacteria;p__Planctomycetota;c__Planctomycetes;o__Pirellulales;f__Pirellulaceae	0.9952285249217343
0cecc430a13722a380ede4ce71e6f470	d__Bacteria;p__Cyanobacteria;c__Cyanobacteriia;o__Chloroplast;f__Chloroplast;g__Chloroplast;s__	0.9546217469323148
13967d608ba0a30eaaaf7b9c477d3f6b	d__Bacteria;p__Proteobacteria;c__Alphaproteobacteria;o__Rickettsiales;f__Mitochondria;g__Mitochondria;s__	0.7491920401284958
f82761d4110eb14d5ca61f07fbec3049	d__Bacteria;p__Proteobacteria;c__Gammaproteobacteria;o__Thiomicrospirales;f__Thiomicrospiraceae;g__Thiomicrorhabdus;s__	0.9787072337670706
1a48b6be92944ed10bfcb46e70e4248f	d__Bacteria;p__Proteobacteria;c__Gammaproteobacteria;o__Enterobacterales;f__Kangiellaceae;g__Pleionea;s__	0.9970563254530216
9917d638302e3e910d916e07f958e9f1	d__Bacteria;p__Proteobacteria;c__Alphaproteobacteria;o__SAR11_clade;f__Clade_III;g__Clade_III;s__	0.9999990207063512
72428d38022055bd5cc40eb2352b90aa	d__Bacteria;p__Proteobacteria;c__Gammaproteobacteria;o__Pseudomonadales;f__SAR86_clade;g__SAR86_clade;s__	0.9774692880201259
75b6e63fb6b658f4c73db2ab13ab88da	d__Bacteria;p__Planctomycetota;c__Planctomycetes;o__Planctomycetales;f__Rubinisphaeraceae;g__uncultured;s__	0.9638752685419185
1594eb23c35c321c1b3514b8193900a4	d__Bacteria	0.9868798496192188
f92c7b0ca3c42cefaf1500de89751917	d__Bacteria;p__Fusobacteriota;c__Fusobacteriia;o__Fusobacteriales;f__Fusobacteriaceae;g__Propionigenium;s__	0.9446988313934049
180694d81b20ebad4f6b574d182b6a0e	d__Bacteria;p__Proteobacteria;c__Gammaproteobacteria;o__Burkholderiales;f__Nitrosomonadaceae;g__oc32;s__	0.7351099104491421
eabd2eaeab06e3bb1d590e9ca92a6527	d__Bacteria;p__Proteobacteria;c__Alphaproteobacteria;o__Puniceispirillales;f__uncultured;g__uncultured;s__	0.9824796074701299
cea62e041de68a869c03955eea36dc75	d__Bacteria;p__Planctomycetota;c__Planctomycetes;o__Planctomycetales;f__Gimesiaceae;g__uncultured;s__	0.9740837001558952
fabf942dabcc91eed53391e5ca82fd15	d__Bacteria;p__Acidobacteriota;c__Subgroup_22;o__Subgroup_22;f__Subgroup_22;g__Subgroup_22;s__	0.8691266208941596
5c43dd43f6b994523b5482c3b5cf888f	d__Bacteria;p__Bacteroidota;c__Bacteroidia;o__Cytophagales;f__Cyclobacteriaceae;g__Marinoscillum;s__	0.9775694760804544
48ce581b057a35061685bd81631f9b00	d__Bacteria;p__Verrucomicrobiota;c__Verrucomicrobiae;o__Verrucomicrobiales;f__Rubritaleaceae;g__Roseibacillus;s__	0.9998951226823583
eb8871d5699d4f1badd76de7fd64ccb2	d__Bacteria;p__Planctomycetota;c__Planctomycetes;o__Planctomycetales;f__Rubinisphaeraceae	0.9999916657481014
dc230ae3f93de5254d328336102e6671	d__Bacteria	0.9999421801156749
f32ab12fbd0166006abbcfda046b51d6	d__Bacteria;p__Bacteroidota;c__Bacteroidia;o__Flavobacteriales;f__Flavobacteriaceae;g__Formosa;s__	0.9048355831732436
f0e849249315b6bf82e19288b27817bb	d__Bacteria;p__Cyanobacteria;c__Cyanobacteriia;o__Synechococcales;f__Cyanobiaceae;g__Cyanobium_PCC-6307;s__	0.9805548861186847
316df845e1b016eb5bee07941218bd2b	d__Bacteria;p__Gemmatimonadota;c__BD2-11_terrestrial_group;o__BD2-11_terrestrial_group;f__BD2-11_terrestrial_group;g__BD2-11_terrestrial_group;s__	0.9999686987770416
4ce99dc60797f0f2f230e94914aa72b4	d__Bacteria;p__Proteobacteria;c__Alphaproteobacteria;o__Rickettsiales;f__Rickettsiaceae;g__uncultured;s__	0.9889547639773283
9e71e48a117c2b8c277e18b6c75b7e91	d__Bacteria;p__Cyanobacteria;c__Cyanobacteriia;o__Chloroplast;f__Chloroplast;g__Chloroplast;s__	0.8615607320130149
d2656bdd079061494665b6fd6c648cec	d__Bacteria;p__Proteobacteria;c__Alphaproteobacteria;o__Rhizobiales;f__Beijerinckiaceae	0.9919252647198342
f6d8a9d447d586dabd2ea8439c25cce2	d__Bacteria;p__Proteobacteria;c__Gammaproteobacteria;o__Methylococcales;f__Methylomonadaceae;g__Methylomicrobium;s__	0.9010849664313202
1c220b62480ea745f60604e5523e5411	d__Bacteria;p__Proteobacteria;c__Alphaproteobacteria;o__Micavibrionales;f__uncultured;g__uncultured;s__	0.7486258976740248
247c07718c429ec65bbfe40ef62c80a5	d__Bacteria;p__Proteobacteria;c__Gammaproteobacteria;o__uncultured;f__uncultured;g__uncultured;s__	0.7671621600951921
f02d5966a8005ee2ce6d8b2932761cee	d__Bacteria;p__Bdellovibrionota;c__Bdellovibrionia;o__Bdellovibrionales;f__Bdellovibrionaceae;g__OM27_clade;s__	0.9962209264660837
b13352284ef0a738fd43218ead4e730a	d__Bacteria;p__Proteobacteria;c__Alphaproteobacteria;o__Rhodospirillales;f__Magnetospiraceae;g__uncultured;s__	0.94757349962947
4eb05106494f02c8a5dccbaa96a90de6	d__Bacteria;p__Acidobacteriota;c__Vicinamibacteria;o__Vicinamibacterales;f__Vicinamibacteraceae;g__Vicinamibacteraceae;s__	0.9011089419758039
b61b4ee413764fc0af05f9ee06f78407	d__Bacteria;p__Bdellovibrionota;c__Bdellovibrionia;o__Bdellovibrionales;f__Bdellovibrionaceae;g__Bdellovibrio;s__	0.9987359982305108
1efae7a8d266bbb14fe28674ee6a8659	d__Bacteria;p__Patescibacteria;c__Gracilibacteria	0.8413002249296618
cf26b49ae8cdfc16d9f4aaf54a03c7e1	d__Bacteria;p__Bacteroidota;c__Bacteroidia;o__Chitinophagales;f__Saprospiraceae;g__uncultured;s__	0.7242149889410173
4469657b1bd19612438bc5e84e422fa6	d__Bacteria;p__Cyanobacteria;c__Cyanobacteriia;o__Chloroplast;f__Chloroplast;g__Chloroplast;s__	0.9935265203280284
489ebf1abc22ee36540e0dea06e22c2b	d__Bacteria;p__Bacteroidota;c__Bacteroidia;o__Flavobacteriales;f__Flavobacteriaceae	0.9997154444269288
68d2d8a57624e3e66d38e7f118571ea7	d__Bacteria;p__Proteobacteria;c__Alphaproteobacteria;o__Rickettsiales;f__Mitochondria;g__Mitochondria;s__	0.8062851197584809
5d15de98cf627b6745d0518a3301be8d	d__Bacteria;p__Proteobacteria;c__Gammaproteobacteria	0.9982109477339649
64302b57de803d7791471026f5b9e50b	d__Bacteria;p__Proteobacteria;c__Alphaproteobacteria;o__SAR11_clade;f__Clade_III;g__Clade_III;s__	0.9999987449758894
716b25889f3b35b4307de5ebf722bba3	d__Bacteria;p__Bacteroidota;c__Bacteroidia;o__Flavobacteriales	0.7128482497356345
cbd94a4a84e3eb7f3b43bfc58cc64cd8	d__Bacteria;p__Planctomycetota;c__OM190;o__OM190;f__OM190;g__OM190;s__	0.9802869464939576
f2900a26e589b53401a9546c3c002b1a	d__Bacteria;p__Proteobacteria;c__Gammaproteobacteria;o__Burkholderiales;f__Nitrosomonadaceae	0.9663464065998243
3a321e41cccc70530f349b7480d55094	d__Bacteria;p__Proteobacteria;c__Alphaproteobacteria;o__Parvibaculales;f__PS1_clade;g__PS1_clade;s__	0.9918407590454158
d5d7d15ed60ec9ffc60bc120dcb94e11	d__Bacteria;p__Planctomycetota;c__Planctomycetes;o__Pirellulales;f__Pirellulaceae;g__uncultured;s__	0.9245090795864943
71ce99d012cb6f1bf6ce3834651ffee5	d__Bacteria;p__Planctomycetota;c__Phycisphaerae;o__Phycisphaerales;f__Phycisphaeraceae;g__CL500-3;s__	0.99722667122566
b64180816c7ba39cd6dfa418bd187426	d__Bacteria;p__Bacteroidota;c__Bacteroidia	0.9992528690151629
475d568e27b0c4ec38bdd939667c1b9b	d__Bacteria;p__Proteobacteria;c__Alphaproteobacteria;o__Rhodobacterales;f__Rhodobacteraceae;g__HIMB11;s__	0.7136405229679524
39a7b6abfc720653039f5919682a37d4	d__Bacteria;p__Bacteroidota;c__Bacteroidia;o__Cytophagales;f__Cyclobacteriaceae;g__uncultured;s__	0.9674633893355002
ba96b4fdcd3af73ef7d12f73e749fc6b	d__Bacteria;p__Proteobacteria;c__Alphaproteobacteria;o__Rickettsiales;f__Mitochondria;g__Mitochondria;s__	0.9621203288202846
07dee22e37f1fff841c5fa059cb57ab2	d__Bacteria;p__Bacteroidota;c__Bacteroidia;o__Cytophagales;f__Cyclobacteriaceae;g__Marinoscillum;s__	0.943204607178743
ab436fda9c77dad08784f987f7f76318	d__Bacteria	0.9998952967749004
cbab5a4a92a51b7f3b233a83960142a1	d__Bacteria;p__Planctomycetota;c__Planctomycetes;o__Pirellulales;f__Pirellulaceae;g__Blastopirellula;s__	0.9963919527425873
8f90e663c929a6a4978b51c2a1c8be2c	d__Bacteria	0.9999659103481401
2d0fa158c0a8b2d4c2c6074402cfea84	d__Bacteria;p__Actinobacteriota;c__Acidimicrobiia;o__Actinomarinales;f__uncultured;g__uncultured;s__	0.856238648285293
87a118bd3e99965898a68e2e8f565092	d__Bacteria;p__Bacteroidota;c__Bacteroidia;o__Chitinophagales;f__Saprospiraceae	0.9917487384763738
64f1314dfe19cb1600757fe820f367ac	d__Bacteria;p__Cyanobacteria;c__Cyanobacteriia;o__Chloroplast;f__Chloroplast;g__Chloroplast;s__	0.9990004023878184
0b56f9c1774e157c20829457871b4582	d__Bacteria;p__Cyanobacteria;c__Cyanobacteriia;o__Chloroplast;f__Chloroplast;g__Chloroplast;s__	0.9994553076039201
fb0accf70765f39fe5607487dc08d567	d__Bacteria;p__Verrucomicrobiota;c__Verrucomicrobiae;o__Opitutales;f__Puniceicoccaceae;g__Coraliomargarita;s__	0.9388455177482621
5400e2bcdf5fc61a816152e8707f5e2e	d__Bacteria;p__Cyanobacteria;c__Cyanobacteriia;o__Chloroplast;f__Chloroplast;g__Chloroplast;s__	0.9991587297853127
13613ace6ee94a34d1eb9a872aa8d26a	d__Bacteria;p__Cyanobacteria;c__Vampirivibrionia;o__Caenarcaniphilales;f__Caenarcaniphilales;g__Caenarcaniphilales;s__	0.9984087737504744
aa48e73f97b15b0641b4c507a36de168	d__Bacteria;p__Cyanobacteria;c__Cyanobacteriia;o__Chloroplast;f__Chloroplast;g__Chloroplast;s__	0.9578808742925881
dea6faa7a3a527306e16455bee8063a0	d__Bacteria;p__Proteobacteria;c__Alphaproteobacteria;o__Micropepsales;f__Micropepsaceae;g__uncultured;s__	0.9662605203546
dab5f4a214f690d178d0bed005c7cbb2	d__Bacteria;p__Proteobacteria;c__Alphaproteobacteria;o__Micropepsales;f__Micropepsaceae;g__uncultured;s__	0.9884855759814062
53e14e8bb24159489e66508b9705ddb1	d__Bacteria;p__Proteobacteria;c__Gammaproteobacteria	0.8306874824435183
2ce3ed73f1961922f56acdb8ea09b88e	d__Bacteria;p__Bacteroidota;c__Bacteroidia;o__Flavobacteriales;f__Flavobacteriaceae	0.9998258995826941
fd016088abf0c8a07974aeaa40b9635e	d__Bacteria;p__Cyanobacteria;c__Cyanobacteriia;o__Chloroplast;f__Chloroplast;g__Chloroplast;s__	0.998893880812201
2f7f08bf8a868da7409b1e2babc02b4e	d__Bacteria;p__Bacteroidota;c__Bacteroidia;o__Bacteroidales;f__Prolixibacteraceae;g__uncultured;s__	0.820039139064207
e070cafe0fbdff170edd1727551170ea	d__Bacteria;p__Bacteroidota;c__Bacteroidia;o__Cytophagales;f__Microscillaceae;g__uncultured;s__	0.8648222650796711
466d78816610717fe6d4562d08004a2c	d__Bacteria;p__Proteobacteria;c__Alphaproteobacteria;o__Rhizobiales;f__KF-JG30-B3;g__KF-JG30-B3;s__	0.9933938860702477
30df77e9f43e30471b653ee97afc9183	d__Bacteria;p__Patescibacteria	0.8974853419317792
fdb93602ab4fc05d87f0fbb788a7d5d8	d__Bacteria;p__Proteobacteria;c__Gammaproteobacteria;o__Pseudomonadales;f__SAR86_clade;g__SAR86_clade;s__	0.9999931172600721
1cd3639f9f3a15b3393eb673cfdb3af4	d__Bacteria;p__Bdellovibrionota;c__Bdellovibrionia;o__Bdellovibrionales;f__Bdellovibrionaceae;g__OM27_clade;s__	0.8759210460387042
d1d1244dc47ab862369bfa9a240561e9	d__Bacteria;p__Bacteroidota;c__Bacteroidia;o__Chitinophagales;f__Saprospiraceae;g__uncultured;s__	0.8758611394632073
059c62da5544858247b24baf4d25a848	d__Bacteria;p__Latescibacterota;c__Latescibacterota;o__Latescibacterota;f__Latescibacterota;g__Latescibacterota;s__	0.9841790799144999
f4e7c62f4fce74e3f2e8655abe4e8dd6	d__Bacteria;p__Bacteroidota;c__Bacteroidia;o__Chitinophagales;f__Saprospiraceae	0.9666016780375835
41a28d7c1df336cec2036e8821405f92	d__Bacteria;p__Bacteroidota;c__Bacteroidia;o__Chitinophagales;f__Saprospiraceae	0.9936951260129516
713aac1f0fa19ee3d974acd17be70cc8	d__Bacteria;p__Bacteroidota;c__Bacteroidia;o__Flavobacteriales;f__Flavobacteriaceae;g__NS5_marine_group;s__	0.9910582408294256
6caff38669d707371d65837eefc250f8	d__Bacteria;p__Cyanobacteria;c__Cyanobacteriia;o__Synechococcales;f__Cyanobiaceae;g__Cyanobium_PCC-6307;s__	0.9570523994419231
e721262ed7e3ee1e37a2b2be73eae15f	d__Bacteria;p__Proteobacteria;c__Alphaproteobacteria	0.9932616518661673
85665b75c649efe6bdbb7324e82a074e	d__Bacteria;p__Proteobacteria;c__Gammaproteobacteria;o__HOC36;f__HOC36;g__HOC36;s__	0.7697611809482865
b0929ee624f7111487b94246c0fca716	d__Bacteria;p__Bacteroidota;c__Bacteroidia;o__Flavobacteriales;f__Flavobacteriaceae;g__NS5_marine_group;s__	0.9916577567765896
c1b4f832dfc5a67775b1da54260e5e0a	d__Bacteria;p__Bacteroidota;c__Bacteroidia;o__Flavobacteriales;f__Flavobacteriaceae	0.9991460287082735
1ef1a74d492ba64a749f610e8ae095b7	d__Bacteria;p__Bacteroidota;c__Bacteroidia;o__Chitinophagales;f__Saprospiraceae;g__uncultured;s__	0.8607162448267722
0b3d99f12163f07816bd33630ec9d9e0	d__Bacteria;p__Bacteroidota;c__Bacteroidia;o__Sphingobacteriales;f__Lentimicrobiaceae;g__Lentimicrobiaceae;s__	0.9540338034910187
72277def763253f33afbd3ab88499cbe	d__Bacteria;p__Proteobacteria;c__Gammaproteobacteria;o__Pseudomonadales;f__Saccharospirillaceae;g__Reinekea;s__	0.9972854636490902
afc359ebb66828bd84bd7385a3453461	d__Bacteria;p__Verrucomicrobiota;c__Verrucomicrobiae;o__Opitutales;f__Puniceicoccaceae;g__Coraliomargarita;s__	0.9215704258533133
36e9b836eb259817bf620bd7ef029edb	d__Bacteria;p__Bacteroidota;c__Bacteroidia;o__Flavobacteriales	0.9324914508044375
87d4a28beeff3d25fae1eeef85f3fa7b	d__Bacteria;p__Proteobacteria;c__Gammaproteobacteria;o__Pseudomonadales;f__Alcanivoracaceae1;g__Alcanivorax;s__	0.9960450715539523
e718e877d1565bc6acae6fea3718f0e3	d__Bacteria;p__Bdellovibrionota;c__Bdellovibrionia;o__Bacteriovoracales;f__Bacteriovoracaceae;g__uncultured;s__	0.8588931823387395
bcf9e9b771e97547814b1c0e2700bb30	d__Bacteria;p__Proteobacteria;c__Gammaproteobacteria;o__HOC36;f__HOC36;g__HOC36;s__	0.7766220928755385
95a85b80271e246b6eee337a9434a03a	d__Bacteria;p__Bacteroidota;c__Bacteroidia;o__Flavobacteriales	0.8358766442511905
4c22dfc733ca8c711713f2c9a7fca40b	d__Bacteria;p__Cyanobacteria;c__Cyanobacteriia;o__Chloroplast;f__Chloroplast;g__Chloroplast;s__	0.999542523704497
d389f2fd3c5857a4350e6fe0e83f2752	d__Bacteria;p__Bacteroidota;c__Bacteroidia;o__Flavobacteriales;f__Flavobacteriaceae;g__NS5_marine_group;s__	0.9876924015612811
e0265f3e111ec20104a0c05fa8b955be	d__Bacteria;p__Bacteroidota;c__Bacteroidia	0.9968379623045143
38ad5aee5a1f9c8d602d7ab9175c862e	d__Bacteria;p__Proteobacteria;c__Gammaproteobacteria;o__Pseudomonadales;f__Oleiphilaceae;g__Oleiphilus;s__	0.9398578346883789
1dff75a8f5dca26426f2cad4463a8cd0	d__Bacteria;p__Cyanobacteria;c__Cyanobacteriia;o__Chloroplast;f__Chloroplast;g__Chloroplast;s__	0.995925569707667
443365771db556234ae971ad46b3ba2f	d__Bacteria;p__Planctomycetota;c__Planctomycetes;o__Planctomycetales;f__Schlesneriaceae;g__Schlesneria;s__	0.9986625659486101
2eca2218827496529d42881d0ce1c39a	d__Bacteria;p__Bacteroidota;c__Bacteroidia;o__Flavobacteriales;f__Crocinitomicaceae;g__Fluviicola;s__	0.9963281724078465
52db79e424fa45e487487753f5d6a91b	d__Bacteria;p__Cyanobacteria;c__Cyanobacteriia;o__Chloroplast;f__Chloroplast;g__Chloroplast;s__	0.9922604657863089
04b9da153aab76258b75a7dc510ec3e8	d__Bacteria;p__Bdellovibrionota;c__Bdellovibrionia;o__Bdellovibrionales;f__Bdellovibrionaceae;g__OM27_clade;s__	0.9958590255668056
b6865beb8d213f9510556829f0c4b99d	d__Bacteria	0.9981643535027547
a0348fe594fb9bcfcc6dd71699c5f2af	d__Bacteria	0.9855177626476506
04003672fcbd0cbc96f4620c9eacefd1	d__Bacteria;p__Actinobacteriota;c__Acidimicrobiia;o__Microtrichales;f__Ilumatobacteraceae	0.9977908194042548
38f33f92c45d2bee9b50028951629867	d__Bacteria;p__Actinobacteriota;c__Thermoleophilia;o__Gaiellales	0.9994233698390123
80e12e6a9c1b21b486a0b1412d3bc2c5	d__Bacteria;p__Cyanobacteria;c__Cyanobacteriia;o__Chloroplast;f__Chloroplast;g__Chloroplast;s__	0.9084532067285315
85977160ddf5c60eb88c36886b6d155f	d__Bacteria;p__Cyanobacteria;c__Vampirivibrionia;o__Caenarcaniphilales;f__Caenarcaniphilales;g__Caenarcaniphilales;s__	0.9938193440227185
ce97a0a542a4491dac97a9d76583895b	d__Bacteria;p__Cyanobacteria;c__Cyanobacteriia;o__Chloroplast;f__Chloroplast;g__Chloroplast;s__	0.9995609400269267
4d7f5813b1bbf69c13b656b2ca310937	d__Bacteria;p__Bacteroidota;c__Ignavibacteria;o__Ignavibacteriales;f__Ignavibacteriaceae;g__Ignavibacterium;s__	0.8670379279509288
045596dd92ace67244d6aa8d8f6e744e	d__Bacteria;p__Planctomycetota;c__Planctomycetes;o__Planctomycetales;f__Rubinisphaeraceae;g__uncultured;s__	0.9997112049282035
8b45af2f279f908da9cd3ab751319ff9	d__Bacteria;p__Cyanobacteria;c__Vampirivibrionia;o__Caenarcaniphilales;f__Caenarcaniphilales;g__Caenarcaniphilales;s__	0.9975504257370842
3b4f7d4fb6004feda9bb7ff063cff771	d__Bacteria;p__Proteobacteria;c__Gammaproteobacteria;o__Steroidobacterales;f__Steroidobacteraceae;g__uncultured;s__	0.9994127803373206
1949ef5b5ed6386009ae725886eb91ce	d__Bacteria;p__Cyanobacteria;c__Cyanobacteriia;o__Chloroplast;f__Chloroplast;g__Chloroplast;s__	0.9915866238064345
9a4fb90c9f8219ee8d89a4cd6c7124ce	d__Bacteria;p__Bacteroidota;c__Bacteroidia;o__Flavobacteriales;f__Cryomorphaceae;g__uncultured;s__	0.7001596004896053
8a19ccd1941e294844e59fc66472ae76	d__Bacteria;p__SAR324_clade(Marine_group_B);c__SAR324_clade(Marine_group_B);o__SAR324_clade(Marine_group_B);f__SAR324_clade(Marine_group_B);g__SAR324_clade(Marine_group_B);s__	0.9939199780289314
3b8dc9d0b47050d3099bca1e77123f8a	d__Bacteria;p__Planctomycetota;c__Planctomycetes;o__Pirellulales;f__Pirellulaceae;g__Blastopirellula;s__	0.7076590087655225
d65791c7beeea0906ff3773cc947deb3	d__Bacteria;p__Planctomycetota;c__Planctomycetes;o__Pirellulales;f__Pirellulaceae;g__Bythopirellula;s__	0.9748552298786317
5b7bb82468cad37312757cd0892b65fe	d__Bacteria;p__Bacteroidota;c__Bacteroidia;o__Cytophagales;f__Cyclobacteriaceae;g__Marinoscillum;s__	0.9999289172689093
fd83ec7736fb737b55209f0ec8be0351	d__Bacteria;p__Actinobacteriota;c__Actinobacteria;o__Micrococcales;f__Beutenbergiaceae;g__Beutenbergia;s__	0.7970294464078678
c95afc7300f60d3ac44fec0a78b84333	d__Bacteria;p__Planctomycetota;c__Phycisphaerae;o__Phycisphaerales;f__Phycisphaeraceae;g__Phycisphaera;s__	0.9999909059219739
0271873a2442984abec2ce8c7fbcfe86	d__Archaea;p__Thermoplasmatota;c__Thermoplasmata;o__Marine_Group_II;f__Marine_Group_II;g__Marine_Group_II;s__	0.9999994812049163
4125eed1bb3ea65ae7cc9f4c449e173e	d__Bacteria;p__Bacteroidota;c__Bacteroidia;o__Flavobacteriales;f__Flavobacteriaceae;g__Aureitalea;s__	0.703038780472527
415895e56f80f3ae806e3b3b77907f49	d__Bacteria;p__Proteobacteria;c__Gammaproteobacteria;o__Burkholderiales;f__MWH-UniP1_aquatic_group;g__MWH-UniP1_aquatic_group;s__	0.9558388743591627
290a09aeec56c864b0afdd51199e1b1e	d__Bacteria;p__Planctomycetota;c__Planctomycetes;o__Pirellulales;f__Pirellulaceae;g__Pirellula;s__	0.8078104834085136
aafca09ec30bc49d4b4421aa26f21aae	d__Bacteria;p__Bacteroidota;c__Bacteroidia;o__Flavobacteriales;f__Flavobacteriaceae;g__Aquibacter;s__	0.8714701003753901
6ecbf0f5d64211f86c56f26c92059be4	d__Bacteria;p__Planctomycetota;c__OM190;o__OM190;f__OM190;g__OM190;s__	0.9806162252717449
3b0718a8f279d6f715fdc487ddeb3ae5	d__Bacteria;p__Bacteroidota;c__Bacteroidia;o__Cytophagales;f__Cyclobacteriaceae;g__uncultured;s__	0.9149643368924691
61e7f6ea5ad74c209cd648a6cb23f95d	d__Bacteria;p__Bacteroidota;c__Bacteroidia;o__Flavobacteriales;f__Flavobacteriaceae;g__Tenacibaculum;s__	0.8895701065938475
67cd3e1f89d221df05c5a1399b3c8888	d__Bacteria;p__Actinobacteriota;c__Actinobacteria;o__PeM15;f__PeM15;g__PeM15;s__	0.9997784003967437
7202665c9317b9d304b696e61a563e74	d__Bacteria;p__Proteobacteria;c__Alphaproteobacteria;o__Rickettsiales;f__Mitochondria;g__Mitochondria;s__	0.9096431093081514
e842fbb983c331da3db5d6bf5fccaaae	d__Bacteria;p__Proteobacteria;c__Gammaproteobacteria;o__HOC36;f__HOC36;g__HOC36;s__	0.9772906873265691
4bdd1da967cc44aef2ac0f3cf5f45be2	d__Bacteria;p__Planctomycetota;c__Planctomycetes;o__Pirellulales;f__Pirellulaceae	0.9988250951427772
f203afb2a5dccf8c8b5d895bbbd935e1	d__Bacteria	0.9982555960975037
dceedc65e230fe0fc3913ea64800f070	d__Bacteria;p__Verrucomicrobiota;c__Verrucomicrobiae;o__Verrucomicrobiales;f__DEV007;g__DEV007;s__	0.9995983142822379
253cad804f2aa0399149e4a33c6a1dd8	d__Bacteria;p__Chloroflexi;c__Anaerolineae;o__SBR1031;f__A4b;g__A4b;s__	0.9648402922361086
7a1e0699d25011622c517794c3d983ad	d__Bacteria;p__Actinobacteriota;c__Actinobacteria;o__Frankiales;f__Sporichthyaceae;g__hgcI_clade;s__	0.8973277730138179
0e8e2f733f64526d4cbb0da4daa4e665	d__Bacteria;p__Bdellovibrionota;c__Bdellovibrionia;o__Bdellovibrionales;f__Bdellovibrionaceae;g__Bdellovibrio;s__	0.9983190902172124
d41678a5451f2ab4d1179d7f58f38595	d__Bacteria;p__Planctomycetota;c__Planctomycetes;o__Planctomycetales;f__Rubinisphaeraceae;g__Planctomicrobium;s__	0.9517424857555946
2a8d256b81029c69e7bb4ac1d24a4869	d__Bacteria;p__Desulfobacterota;c__Desulfuromonadia;o__PB19;f__PB19;g__PB19;s__	0.9980736240597263
09adfb5f894a32bb7d196461f204ca8d	d__Bacteria;p__Bacteroidota;c__Bacteroidia	0.9995722083947101
e74f682ac5289e544b3e60054e36fd6a	d__Bacteria;p__Proteobacteria;c__Alphaproteobacteria;o__Rickettsiales;f__Mitochondria;g__Mitochondria;s__	0.9683025631298054
5f4d29cc1fa16dc0bb494c17c4d600f4	d__Bacteria;p__Bacteroidota;c__Bacteroidia;o__Flavobacteriales;f__NS9_marine_group;g__NS9_marine_group;s__	0.8759641532507685
bf458610abc6ccd882545e9bd906290a	d__Bacteria;p__Cyanobacteria;c__Cyanobacteriia;o__Chloroplast;f__Chloroplast;g__Chloroplast;s__	0.992758369508689
12876320597131e6de2484ca4f898314	d__Bacteria;p__Bacteroidota;c__Bacteroidia;o__Flavobacteriales;f__Crocinitomicaceae;g__Fluviicola;s__	0.9951367854670369
05ddf673cf6262bf1d0ec3b78a063f82	d__Bacteria;p__Armatimonadota;c__Fimbriimonadia;o__Fimbriimonadales;f__Fimbriimonadaceae;g__Fimbriimonadaceae;s__	0.996086003371456
3ed3a246a21621fccd1191d5ad8234ef	d__Bacteria;p__Chloroflexi;c__Anaerolineae;o__SBR1031;f__A4b;g__A4b;s__	0.9448985024218183
7cfcd0f1325be40c6c61f10cfb188c39	d__Bacteria;p__Bacteroidota;c__Bacteroidia;o__Bacteroidales;f__Marinilabiliaceae;g__Carboxylicivirga;s__	0.8823957472552635
59d1429859094c68efd19d4e94f8f540	d__Bacteria;p__Bacteroidota;c__Bacteroidia	0.9995029213201183
01650cc5bc93bb7a6e3d3ff80b02e88c	d__Bacteria;p__Calditrichota;c__Calditrichia;o__Calditrichales;f__Calditrichaceae;g__Calditrichaceae;s__	0.9877821078337872
7ffd726686265d1c88fd082d4eb33cb8	d__Bacteria;p__Acidobacteriota;c__Thermoanaerobaculia;o__Thermoanaerobaculales;f__Thermoanaerobaculaceae;g__Subgroup_10;s__	0.9974257005417645
a45722bbf4ba988102e71cee81dc115d	d__Bacteria;p__Bacteroidota;c__Bacteroidia;o__Chitinophagales;f__Saprospiraceae;g__uncultured;s__	0.7498740079665638
5aede0499741f05c69ccdc38ddd7a082	d__Bacteria;p__Planctomycetota;c__Planctomycetes;o__Pirellulales;f__Pirellulaceae;g__Blastopirellula;s__	0.7242973627647317
b0d3461a4aab8f0aee3855bc04f59156	d__Bacteria;p__Proteobacteria;c__Alphaproteobacteria;o__Holosporales;f__Holosporaceae;g__Holosporaceae;s__	0.9990940380180724
a695a659da7571ff64d6434ecbe19483	d__Bacteria;p__Actinobacteriota;c__Acidimicrobiia;o__Actinomarinales;f__Actinomarinaceae;g__Candidatus_Actinomarina;s__	0.9999999335247787
1cdcf62d70cb17917c0e6b0131846759	d__Bacteria;p__Proteobacteria;c__Alphaproteobacteria;o__Rhodospirillales;f__Magnetospiraceae;g__uncultured;s__	0.8179474569747701
89b1e0aac8f4adf0723051cd0e28541e	d__Bacteria;p__Planctomycetota;c__Planctomycetes;o__Pirellulales;f__Pirellulaceae;g__Pirellula;s__	0.8486184410500683
f427bc168d65aaef5825de379cadb547	d__Bacteria;p__SAR324_clade(Marine_group_B);c__SAR324_clade(Marine_group_B);o__SAR324_clade(Marine_group_B);f__SAR324_clade(Marine_group_B);g__SAR324_clade(Marine_group_B);s__	0.9958206668397804
3e8730a3c9f81cefca2b07b2e52cbdbc	d__Bacteria;p__Bacteroidota;c__Bacteroidia;o__Chitinophagales;f__Saprospiraceae	0.9975218625676108
a6f70092ad6f55fd8e3f2ffe45eefc0b	d__Bacteria;p__Bacteroidota;c__Bacteroidia;o__Flavobacteriales;f__Flavobacteriaceae	0.9998010423795994
ee6df67bcaaf5ec3654bbf5afc31645c	d__Bacteria;p__Myxococcota;c__Polyangia;o__Polyangiales;f__Sandaracinaceae;g__uncultured;s__	0.9740782026142949
c1c20c1ca0970d343609808a9fbe9414	d__Bacteria;p__Proteobacteria;c__Alphaproteobacteria;o__Rickettsiales;f__Mitochondria;g__Mitochondria;s__	0.966787982715027
15482291650e00d4f6b863fd0208cf04	d__Bacteria;p__Patescibacteria;c__Gracilibacteria	0.8332543024744867
510577800175f441e43836c78cb41b5e	d__Bacteria	0.9977891890552778
b63a79d9821a4cd9d6bf14dc6293b605	d__Bacteria;p__Chloroflexi;c__Anaerolineae;o__Anaerolineales;f__Anaerolineaceae;g__uncultured;s__	0.8997195298520816
5cac395d714a1b998a97402eb5cadf94	d__Bacteria;p__Cyanobacteria;c__Cyanobacteriia;o__Chloroplast;f__Chloroplast;g__Chloroplast;s__	0.9929473595082411
eddc8e618232b1c9db1c570fb7f47d79	d__Bacteria;p__Proteobacteria;c__Alphaproteobacteria;o__Micavibrionales;f__uncultured;g__uncultured;s__	0.8099460908461741
7ab67a5cbbe55fcad3188f0ef9693b63	d__Bacteria;p__Proteobacteria;c__Alphaproteobacteria;o__Rickettsiales;f__Rickettsiaceae;g__uncultured;s__	0.8743940381595828
e50cfa2833d19c892e997b4cace01cc8	d__Bacteria;p__Cyanobacteria;c__Cyanobacteriia;o__Chloroplast;f__Chloroplast;g__Chloroplast;s__	0.9803795496624241
8fe51105f8916244b49309e98923379a	d__Bacteria;p__Bacteroidota;c__Bacteroidia;o__Chitinophagales;f__Saprospiraceae;g__uncultured;s__	0.8093710730834383
bfa34b79f816bf39798b71976d494c57	d__Bacteria;p__Bacteroidota;c__Bacteroidia;o__Flavobacteriales;f__Flavobacteriaceae;g__Aquibacter;s__	0.7977995723195601
6c8a3b918ff2ce2ea54c2969f180aa13	d__Bacteria;p__Bacteroidota;c__Bacteroidia;o__Cytophagales;f__Cyclobacteriaceae;g__uncultured;s__	0.9614238316933279
f31c1421b4abf5c039765f9cbf5b13ed	d__Bacteria;p__Proteobacteria;c__Gammaproteobacteria;o__Pseudomonadales;f__Marinobacteraceae;g__Marinobacter;s__	0.9992582147778998
c3236d7a1ffcf8165218fc62b8796a62	d__Bacteria;p__Chloroflexi;c__Anaerolineae;o__SBR1031;f__A4b;g__A4b;s__	0.9507629063195173
4d6599a9e9657fb9766a936ac7ecb634	d__Bacteria;p__Bacteroidota;c__Bacteroidia	0.9979447917654207
57046d2838db0dcea9f414168794e5f8	d__Bacteria;p__Planctomycetota;c__Planctomycetes;o__Planctomycetales;f__Gimesiaceae;g__uncultured;s__	0.9641192282211384
05b5190ed345f0a8f4b50ed3f3e02064	d__Bacteria;p__Bacteroidota;c__Bacteroidia;o__Bacteroidales	0.9782397546726567
77fbc0990616a686134665f33ac2a7d7	d__Bacteria;p__Proteobacteria;c__Gammaproteobacteria;o__Gammaproteobacteria_Incertae_Sedis;f__Unknown_Family;g__Marinicella;s__	0.9999310678674521
c7e5aa7d5655cb7945c222074dc207e8	d__Bacteria;p__Proteobacteria;c__Alphaproteobacteria	0.9921516969127637
4d7d12fb707383cf05c3f06d18a566db	d__Bacteria;p__Cyanobacteria;c__Cyanobacteriia;o__Chloroplast;f__Chloroplast;g__Chloroplast;s__	0.9994024012364923
c3f9af896c43025e7a9a534a08464400	d__Bacteria;p__Bacteroidota;c__Bacteroidia;o__Cytophagales;f__Cyclobacteriaceae;g__Ekhidna;s__	0.9991879591576113
363e74a537ac9dffce6cc90ac5b34bb4	d__Bacteria;p__Bacteroidota;c__Bacteroidia;o__Flavobacteriales;f__NS9_marine_group;g__NS9_marine_group;s__	0.9608510456090983
0bc6222995b632986ce376d259066de0	d__Bacteria;p__Bacteroidota;c__Bacteroidia;o__Chitinophagales;f__Saprospiraceae	0.9974312439698356
68df8cbaab905a7d8bd6f1d8d7d91857	d__Bacteria;p__Bacteroidota;c__Bacteroidia;o__Flavobacteriales	0.9709907297835407
0ac6330aadb0c0593f25e11ca2a5d8c2	d__Bacteria;p__Verrucomicrobiota;c__Verrucomicrobiae;o__Verrucomicrobiales;f__Rubritaleaceae;g__Rubritalea;s__	0.9999792323119596
a54ced959e0c471aeff36ba361c1a3a1	d__Bacteria;p__Bacteroidota;c__Bacteroidia;o__Flavobacteriales;f__Cryomorphaceae;g__uncultured;s__	0.7427188293692762
62a229a8268e7c3dd73db2fe1921aae2	d__Bacteria;p__Bacteroidota;c__Ignavibacteria;o__Ignavibacteriales;f__Ignavibacteriaceae;g__Ignavibacterium;s__	0.8145605298547035
69412d4ef1099d03903c07a08b81e30f	d__Bacteria;p__Patescibacteria;c__Gracilibacteria	0.8698886056647227
98c5526859236098347165423f54bcad	d__Bacteria;p__Armatimonadota;c__Armatimonadia;o__Armatimonadales;f__Armatimonadaceae;g__Armatimonas;s__	0.9820337838263189
b9059a3ec7e1ea8ba8b8d134e3f099c2	d__Bacteria;p__Actinobacteriota;c__Thermoleophilia;o__Gaiellales;f__uncultured;g__uncultured;s__	0.8802793487110963
5ac5e2ceeba192fb5f29d52b1e3a1e5b	d__Bacteria;p__Proteobacteria;c__Alphaproteobacteria;o__Rickettsiales;f__Mitochondria;g__Mitochondria;s__	0.9876800557418265
921473d637cb6e0f51ba7780257e86f9	d__Bacteria;p__Actinobacteriota;c__Actinobacteria;o__Frankiales	0.7875125695192609
2113594e2ada6936095968ecd3bc4d8b	d__Bacteria;p__Bacteroidota;c__Bacteroidia;o__Flavobacteriales;f__NS9_marine_group;g__NS9_marine_group;s__	0.9655397473923604
df5fa43a75c94611b3307ec289324019	d__Bacteria;p__Proteobacteria;c__Gammaproteobacteria	0.9991802322408097
280fedc12b50c70971d98a165c730401	d__Bacteria;p__Proteobacteria;c__Alphaproteobacteria;o__Puniceispirillales;f__SAR116_clade;g__SAR116_clade;s__	0.8190430715840613
d89bd7dbbca377948a2804511bd6f6ce	d__Bacteria;p__Bacteroidota;c__Bacteroidia;o__Flavobacteriales;f__Flavobacteriaceae	0.9999999108735516
f8d502b4dbf64586d2d8a2779096ff0b	d__Bacteria;p__Bacteroidota;c__Bacteroidia;o__Flavobacteriales;f__Crocinitomicaceae;g__Crocinitomix;s__	0.9980134491567322
1586074e8e0a4e85ccad93e8d32b3d57	d__Bacteria;p__Proteobacteria;c__Gammaproteobacteria;o__Enterobacterales;f__Alteromonadaceae	0.9999995526312665
11012aaea45dc2e89a000a32829794f4	d__Bacteria;p__Desulfobacterota;c__Desulfuromonadia;o__PB19;f__PB19;g__PB19;s__	0.9987319318221831
ab5011e26e3c08186649d22f9020b2bf	d__Bacteria;p__Bacteroidota;c__Bacteroidia;o__Chitinophagales;f__Saprospiraceae;g__Lewinella;s__	0.866836075554416
31b8c80dd0083409c3222b8c4183da91	d__Bacteria;p__Bacteroidota;c__Bacteroidia;o__Cytophagales	0.8392264403773935
90b423317d1457a178bb5f70f9180a08	d__Bacteria;p__Proteobacteria;c__Gammaproteobacteria;o__Enterobacterales;f__Kangiellaceae;g__Pleionea;s__	0.999869417057721
c91cdfb2cdad80b34d0f77ce365c6fc0	d__Bacteria;p__Proteobacteria;c__Gammaproteobacteria;o__EPR3968-O8a-Bc78;f__EPR3968-O8a-Bc78;g__EPR3968-O8a-Bc78;s__	0.989528781338769
9ae2e11434d812fe6904bc59fee05280	d__Bacteria;p__Proteobacteria;c__Gammaproteobacteria	0.9821141054185766
10fbaf32a5f75e236ecdf92adce716ef	d__Bacteria;p__Bacteroidota;c__Bacteroidia;o__Chitinophagales;f__Saprospiraceae;g__uncultured;s__	0.8655857787569137
82f09a0d63b331a624875da2f2392fe5	d__Bacteria;p__Planctomycetota;c__Planctomycetes;o__Planctomycetales;f__Gimesiaceae;g__uncultured;s__	0.9349663602962599
af2298728f9c4c08982801f0c0201f39	d__Bacteria;p__Actinobacteriota;c__Acidimicrobiia;o__Microtrichales;f__Microtrichaceae;g__IMCC26207;s__	0.9965832767403349
40b179ae139e74727efe8758e201b990	d__Bacteria	0.9906334000726851
2eebc3770e4fcc9a4dff5d58f7ed706d	d__Bacteria;p__Actinobacteriota;c__MB-A2-108;o__MB-A2-108;f__MB-A2-108;g__MB-A2-108;s__	0.9638878672120854
1a14194d6409e39ba1008b9ce575e8a6	d__Bacteria;p__Armatimonadota;c__Fimbriimonadia;o__Fimbriimonadales;f__Fimbriimonadaceae;g__Fimbriimonadaceae;s__	0.9971007057505623
e1ca9a96248fe608cb5f41f74bc6ee28	d__Bacteria;p__Proteobacteria;c__Alphaproteobacteria;o__Rhodospirillales;f__Magnetospiraceae;g__uncultured;s__	0.9485775654660513
c471c08912c32fcc1e1a4e39a4784889	d__Bacteria	0.7664959018673727
de75bd6f006c4faa4015219a175a0d3e	d__Bacteria;p__Bdellovibrionota;c__Oligoflexia;o__Oligoflexales;f__Oligoflexaceae;g__uncultured;s__	0.9833521178153806
4588f555bfecf4b46e591c0552957216	d__Bacteria;p__Proteobacteria;c__Gammaproteobacteria	0.9933762330160539
fb5a5c4c727efcc90940704e79fde4eb	d__Bacteria;p__Proteobacteria;c__Gammaproteobacteria;o__Pseudomonadales;f__Halieaceae;g__OM60(NOR5)_clade;s__	0.7724133313358967
92fdef45f029c9ed4d67e4c517aa2bcd	d__Bacteria;p__Latescibacterota;c__Latescibacterota;o__Latescibacterota;f__Latescibacterota;g__Latescibacterota;s__	0.9028578217082058
89de009f083a4ab95323d8c0c4c03d70	d__Bacteria;p__Bacteroidota;c__Bacteroidia;o__Chitinophagales;f__Saprospiraceae	0.997952550503409
873fd6b34a0136787484b0edfcc5415c	d__Bacteria;p__Bacteroidota;c__Bacteroidia;o__Flavobacteriales;f__Flavobacteriaceae	0.9999998495471709
95482f7fa6a7ae9550fd6d42e1716383	d__Bacteria;p__Firmicutes;c__Clostridia;o__Lachnospirales;f__Lachnospiraceae	0.8379698535662523
4d3bae855c0e07e49a2bf78e3ff9c569	d__Bacteria;p__Proteobacteria;c__Alphaproteobacteria;o__Rickettsiales;f__Mitochondria;g__Mitochondria;s__	0.9843512695410974
bbdaa123ad5ebfbe3d54ed5157166c9b	d__Bacteria;p__Bacteroidota;c__Bacteroidia;o__Flavobacteriales	0.7866111114158869
97b015d206ae5e24ca7c7130788e1d2c	d__Bacteria;p__Bacteroidota;c__Bacteroidia;o__Flavobacteriales;f__Flavobacteriaceae;g__NS5_marine_group;s__	0.9653922263051714
483d9483d09719bad69b6d37166a413b	d__Bacteria;p__Bacteroidota;c__Bacteroidia;o__Sphingobacteriales;f__NS11-12_marine_group;g__NS11-12_marine_group;s__	0.9968597577008822
d58ce4876a38d624396be1cee6903509	d__Bacteria	0.999959698151483
4b4ff8c3c467a584568fc199b0b63210	d__Bacteria;p__Proteobacteria;c__Alphaproteobacteria;o__Rickettsiales;f__Mitochondria;g__Mitochondria;s__	0.9521861300366236
c50742adecb8d6ddd9f84391e0b08cd2	d__Bacteria;p__Chloroflexi;c__Anaerolineae;o__SBR1031	0.7359394708182604
01a232e8474a464f21c700088f7d3e93	d__Bacteria;p__Bacteroidota;c__Bacteroidia;o__Flavobacteriales;f__Flavobacteriaceae;g__NS4_marine_group;s__	0.9999432635213703
0d5030bc75538e7dc0f8a650d940e1c6	d__Bacteria;p__Bacteroidota;c__Bacteroidia;o__Flavobacteriales	0.8780342884469541
9fae4e47a7ccaa8f938c43c493efa50c	d__Bacteria;p__Actinobacteriota;c__Acidimicrobiia;o__Microtrichales;f__Microtrichaceae;g__IMCC26207;s__	0.9977180138216031
f9c31b8568356e419ef93a92774f07d9	d__Bacteria;p__Cyanobacteria;c__Cyanobacteriia;o__Chloroplast;f__Chloroplast;g__Chloroplast;s__	0.9992309806778638
6b56c84a7fa298f953340ce492834fb6	d__Bacteria;p__Bacteroidota;c__Bacteroidia;o__Chitinophagales;f__Saprospiraceae	0.9978597256597342
4b41bc8a1f393583997e6f535329022b	d__Bacteria;p__Bacteroidota;c__Bacteroidia;o__Flavobacteriales;f__Flavobacteriaceae;g__Formosa;s__	0.880118810900371
d4959a1cb4a3e2e1bd6049b145888ac2	d__Bacteria;p__Bacteroidota;c__Bacteroidia;o__Chitinophagales;f__Saprospiraceae;g__uncultured;s__	0.7831800427689989
4555507a7ef0adfb45de9221ad0c4ec9	d__Bacteria;p__Bacteroidota;c__Bacteroidia;o__Bacteroidales;f__Bacteroidetes_BD2-2;g__Bacteroidetes_BD2-2;s__	0.9268880079718276
47fb3fbc9027cc513d1cfc912d6e9cb8	d__Bacteria;p__Bacteroidota;c__Ignavibacteria;o__Ignavibacteriales;f__Melioribacteraceae;g__IheB3-7;s__	0.9900072991948792
fe60eb1f20874d02d681bd605282a571	d__Bacteria;p__Cyanobacteria;c__Cyanobacteriia;o__Chloroplast;f__Chloroplast;g__Chloroplast;s__	0.9999297363185187
770a18f770be7428850d97d3d9f8951d	d__Bacteria;p__Actinobacteriota;c__Acidimicrobiia;o__Microtrichales;f__Microtrichaceae;g__uncultured;s__	0.9957002542566424
1473e90a3b292220a9778e9e6a69ed25	d__Bacteria;p__Gemmatimonadota;c__PAUC43f_marine_benthic_group;o__PAUC43f_marine_benthic_group;f__PAUC43f_marine_benthic_group;g__PAUC43f_marine_benthic_group;s__	0.9986080970412519
e7e96ca50213cbc6e7a2c41ae2ad5363	d__Bacteria;p__Proteobacteria;c__Alphaproteobacteria	0.9922212396219064
d89fc749f0f97533b6ded8276f8016a8	d__Bacteria;p__Firmicutes;c__Bacilli;o__Acholeplasmatales;f__Acholeplasmataceae;g__Acholeplasma;s__	0.9908396322006118
97a9c2c6e2eb3b6a30640b9b8be20716	d__Bacteria;p__Bacteroidota;c__Bacteroidia;o__Chitinophagales;f__Saprospiraceae;g__uncultured;s__	0.8130208527821894
5def4fbdf1eab9841c9a35adc8e74b38	d__Bacteria;p__Bacteroidota;c__Bacteroidia	0.9997647420105961
6eedcee6fe7b35f4dde6066cc185af2f	d__Bacteria;p__Bacteroidota;c__Bacteroidia;o__Flavobacteriales;f__Flavobacteriaceae	0.9999305721617806
e566ed473298cbb555f733a4f4c3f327	d__Bacteria;p__Cyanobacteria;c__Cyanobacteriia;o__Chloroplast;f__Chloroplast;g__Chloroplast;s__	0.9808577776642543
9e47825a2db938d6a64edc9c72682b45	d__Bacteria;p__Marinimicrobia_(SAR406_clade);c__Marinimicrobia_(SAR406_clade);o__Marinimicrobia_(SAR406_clade);f__Marinimicrobia_(SAR406_clade);g__Marinimicrobia_(SAR406_clade);s__	0.9598783394307129
cae3f977dc4fc6628ceb1d18c4b4fe79	d__Bacteria;p__Cyanobacteria;c__Cyanobacteriia;o__Chloroplast;f__Chloroplast;g__Chloroplast;s__	0.9795648977499961
a15b362cbdfccb29345b57c724d7727c	d__Bacteria;p__Bacteroidota;c__Bacteroidia;o__Flavobacteriales;f__Flavobacteriaceae;g__uncultured;s__	0.7540605060159155
60c9735cce4e9b36274a2b3447e2421c	d__Bacteria;p__Proteobacteria;c__Gammaproteobacteria;o__Pseudomonadales;f__SAR86_clade;g__SAR86_clade;s__	0.9999866313779394
489387bf392cebc1e8dd54b4e135e067	d__Bacteria;p__MBNT15;c__MBNT15;o__MBNT15;f__MBNT15;g__MBNT15;s__	0.7360972131173275
d670cdcd6d64d2da3ceebdc166f19513	d__Bacteria;p__Verrucomicrobiota;c__Verrucomicrobiae;o__Pedosphaerales;f__Pedosphaeraceae;g__SH3-11;s__	0.9074123740042161
a27775da1f12f1f3ffc5f61596fb7bcc	d__Bacteria;p__Chloroflexi;c__Anaerolineae;o__Anaerolineales;f__Anaerolineaceae;g__uncultured;s__	0.8242043409099202
4a9c10c750de0cacb378a8b8255fe12b	d__Bacteria;p__Planctomycetota;c__Planctomycetes;o__Planctomycetales;f__Rubinisphaeraceae;g__Planctomicrobium;s__	0.9809383698535147
f697d407fcad48ce0e98786b4236e67a	d__Bacteria;p__Planctomycetota;c__Pla3_lineage;o__Pla3_lineage;f__Pla3_lineage;g__Pla3_lineage;s__	0.9840758759600867
02220a7ddc25479ebb8afd3a1afc8971	d__Bacteria;p__Methylomirabilota;c__Methylomirabilia;o__Rokubacteriales;f__Rokubacteriales;g__Rokubacteriales;s__	0.9999914356995802
eeb2c96d5353345e09d8f861306251cc	d__Bacteria;p__Proteobacteria;c__Alphaproteobacteria;o__Rickettsiales;f__Mitochondria;g__Mitochondria;s__	0.9898944865485072
e0acd1d65c3df95f19d9db499785d7e3	d__Bacteria;p__Bacteroidota;c__Bacteroidia;o__Flavobacteriales;f__Schleiferiaceae;g__Schleiferia;s__	0.8747612962166869
43eb18c25c55f503099406b27140dbcc	d__Bacteria;p__Proteobacteria;c__Gammaproteobacteria;o__Pseudomonadales;f__Cellvibrionaceae;g__Cellvibrionaceae;s__	0.8221170259971955
35518e89453784bb9ac55f3682a06293	d__Bacteria;p__Bacteroidota;c__Bacteroidia;o__Cytophagales;f__Cyclobacteriaceae;g__Ekhidna;s__	0.9991654751558441
b29057f3a7e16204d8ed661875b6e4dc	d__Bacteria;p__Bacteroidota;c__Bacteroidia;o__Sphingobacteriales;f__NS11-12_marine_group;g__NS11-12_marine_group;s__	0.9966276599903412
d4866860ad2a904098cc0b5a1acfe9d9	d__Bacteria;p__Planctomycetota;c__Planctomycetes;o__Pirellulales;f__Pirellulaceae;g__Pirellula;s__	0.8244219902182616
8f164de92b54ad58fa7d91b9d1cd4b85	d__Bacteria;p__Actinobacteriota;c__Acidimicrobiia;o__Actinomarinales;f__uncultured;g__uncultured;s__	0.8965372210426673
f225bbe3ef4f1001a0a7e99e3d22ca0b	d__Bacteria;p__Proteobacteria;c__Alphaproteobacteria;o__Rhizobiales	0.7832472156477787
6e6ed6c63365dc5a9bd8851d15c37f82	d__Bacteria;p__Planctomycetota;c__OM190;o__OM190;f__OM190;g__OM190;s__	0.977001006843976
97dcae4312b525bf679d14457554bbd2	d__Bacteria;p__Myxococcota;c__Polyangia;o__Polyangiales;f__Sandaracinaceae;g__uncultured;s__	0.987614135577455
14b8169f3fbc29d728486a9578cfc168	d__Bacteria;p__Bacteroidota;c__Bacteroidia	0.999517353267713
05d64692a15c305a34f9af2336e46349	d__Bacteria;p__Proteobacteria;c__Alphaproteobacteria;o__Rhodospirillales;f__Magnetospiraceae;g__uncultured;s__	0.7466625702729542
74c91b9af14cfb33a611fd00753e83cf	d__Bacteria;p__Bacteroidota;c__Bacteroidia;o__Chitinophagales;f__Saprospiraceae;g__uncultured;s__	0.7270534248592815
23c78fe08cff7bbce7154794db02086c	d__Bacteria;p__Proteobacteria;c__Alphaproteobacteria;o__Rickettsiales;f__Mitochondria;g__Mitochondria;s__	0.8920891932697141
56d2cddcf87f802a923904151214b472	d__Bacteria;p__Bacteroidota;c__Bacteroidia;o__Cytophagales;f__Cyclobacteriaceae;g__uncultured;s__	0.9594305975825608
ff6807a5c0e096443b973cab8b9f5580	d__Bacteria;p__Bacteroidota;c__Bacteroidia;o__Flavobacteriales;f__Crocinitomicaceae;g__Salinirepens;s__	0.8772420430037168
301b45974341de9b05d67793b43fdcd0	d__Bacteria;p__Actinobacteriota;c__Acidimicrobiia;o__Microtrichales;f__Ilumatobacteraceae	0.9832075839156589
42b32167fb650d7c63faec360f77c3f0	d__Bacteria;p__Bdellovibrionota;c__Bdellovibrionia;o__Bdellovibrionales;f__Bdellovibrionaceae;g__OM27_clade;s__	0.8978171581537348
24f6254199c5e109194fa4fdddb0e1cf	d__Bacteria;p__Proteobacteria;c__Alphaproteobacteria;o__Rickettsiales;f__Mitochondria;g__Mitochondria;s__	0.9835050322477367
8e6172a1a44a95eb00cae8f155731d46	d__Bacteria;p__Planctomycetota;c__Planctomycetes;o__Planctomycetales;f__Schlesneriaceae;g__Schlesneria;s__	0.999049336227757
5a64dde5a483d6130d4b294d6fd12122	d__Bacteria;p__Marinimicrobia_(SAR406_clade);c__Marinimicrobia_(SAR406_clade);o__Marinimicrobia_(SAR406_clade);f__Marinimicrobia_(SAR406_clade);g__Marinimicrobia_(SAR406_clade);s__	0.9683670224645353
cb0d309b3758401c4beda61c7a654f4d	d__Bacteria;p__Bdellovibrionota;c__Oligoflexia;o__0319-6G20;f__0319-6G20;g__0319-6G20;s__	0.9711460518918245
5d3f8da3720721b6b326917a1efbfd9d	d__Bacteria;p__Bacteroidota;c__Bacteroidia;o__Chitinophagales;f__Chitinophagaceae	0.9990599019005051
594a97596d53fd27238ce3ec75d3691e	d__Bacteria;p__Bdellovibrionota;c__Bdellovibrionia;o__Bdellovibrionales;f__Bdellovibrionaceae;g__OM27_clade;s__	0.9957663677902625
f2bd781056ec600355298b9d9ca0f235	d__Bacteria;p__Bdellovibrionota;c__Bdellovibrionia;o__Bdellovibrionales;f__Bdellovibrionaceae;g__OM27_clade;s__	0.8694905710042725
b127b55e2bb6ac01c84153ba734d4a37	d__Bacteria;p__Verrucomicrobiota;c__Verrucomicrobiae;o__Chthoniobacterales;f__Terrimicrobiaceae;g__Terrimicrobium;s__	0.9996650933365108
8fa8fcc13e52694534e45cd54ade4191	d__Archaea;p__Crenarchaeota;c__Nitrososphaeria;o__Nitrosopumilales;f__Nitrosopumilaceae	0.9999998511559041
3acd63fd941aca354629089a5f1d8ca0	d__Bacteria;p__Proteobacteria;c__Alphaproteobacteria;o__Rickettsiales;f__Mitochondria;g__Mitochondria;s__	0.9768153392824498
1393f764e6ac286c40725f6eee5562e9	d__Bacteria	0.9999343798294751
b7c917516df22fabb50f78488211b4e5	d__Bacteria;p__Planctomycetota;c__Planctomycetes;o__Pirellulales;f__Pirellulaceae;g__Blastopirellula;s__	0.8378936398798049
88a102b95bc65f0c72c801253e3a91ec	d__Bacteria	0.9947435556624143
7125173bed230cca0c3f38ac3f775a36	d__Bacteria;p__Bacteroidota;c__Bacteroidia;o__Flavobacteriales;f__Flavobacteriaceae;g__Robiginitalea;s__	0.9933723304077392
35c3ed8ecc71081c8c3367b5d51086f7	d__Bacteria;p__Bacteroidota;c__Bacteroidia;o__Chitinophagales;f__Saprospiraceae;g__uncultured;s__	0.717815415562678
5bad77891107c2720b6347999dbf8ac9	d__Bacteria;p__Bacteroidota;c__Bacteroidia;o__Chitinophagales;f__uncultured;g__uncultured;s__	0.953004014262221
6df8cf18b7b92de56b36a440482bb5ba	d__Bacteria;p__Campylobacterota;c__Campylobacteria;o__Campylobacterales;f__Arcobacteraceae	0.9999868220746405
50e89a1585c489acd0996e3dd4e9bee6	d__Bacteria;p__Bacteroidota;c__Bacteroidia;o__Chitinophagales;f__Saprospiraceae	0.9925202924589924
7bde24660f3afb847817c440f8176f6f	d__Bacteria;p__Bacteroidota;c__Bacteroidia;o__Flavobacteriales	0.9197828213004986
c4cd86af8ae72706e7c6c4d37e116bbb	d__Bacteria;p__Planctomycetota;c__028H05-P-BN-P5;o__028H05-P-BN-P5;f__028H05-P-BN-P5;g__028H05-P-BN-P5;s__	0.9713090467499815
915e52bf2534d3d2f2ddf5773ab68a94	d__Bacteria;p__Bacteroidota;c__Bacteroidia;o__Flavobacteriales;f__Flavobacteriaceae;g__Robiginitalea;s__	0.9977192969102666
f03723caeb0c04ba91ae651b20ac9302	d__Bacteria;p__Actinobacteriota;c__Acidimicrobiia;o__Microtrichales;f__Ilumatobacteraceae;g__Ilumatobacter;s__	0.9963868934640338
4b7130fa84af9d99c1d93fa9bbea6eea	d__Bacteria;p__Proteobacteria;c__Gammaproteobacteria;o__Pseudomonadales;f__SAR86_clade;g__SAR86_clade;s__	0.9204952001135465
17e7054ab79558de553e5c9ebb9b0b60	d__Bacteria;p__Bacteroidota;c__Bacteroidia;o__Flavobacteriales;f__Flavobacteriaceae	0.9991380375648582
b11a0a9f7d82379410fd2f3f2987a5c2	d__Bacteria;p__Planctomycetota;c__Planctomycetes;o__Pirellulales;f__Pirellulaceae;g__Blastopirellula;s__	0.994626564947694
cc5673c2c1009f60e267e3ce400040bd	d__Bacteria;p__Bacteroidota;c__Bacteroidia;o__Flavobacteriales;f__Flavobacteriaceae	0.9992062727296926
9e27cfedaec7674bd9c2c5845c035c87	d__Bacteria;p__Chloroflexi;c__Anaerolineae;o__SBR1031;f__A4b;g__A4b;s__	0.9825201227995031
4f58d8f9a16ccf0cac298f3422b41db4	d__Bacteria;p__Bacteroidota;c__Bacteroidia;o__Chitinophagales;f__Saprospiraceae;g__Lewinella;s__	0.8399846840477507
4695bb250c35b140030e80bd7d02b08c	d__Bacteria;p__Actinobacteriota;c__Acidimicrobiia;o__Actinomarinales;f__uncultured;g__uncultured;s__	0.7838712406550414
5105944953ae1bda0378fb82299584fc	d__Bacteria;p__Proteobacteria;c__Gammaproteobacteria;o__Enterobacterales;f__Colwelliaceae;g__Thalassotalea;s__	0.980170222058079
fa8ca78b53888bd08fc497dbdaed5692	d__Archaea;p__Thermoplasmatota;c__Thermoplasmata;o__Marine_Group_II;f__Marine_Group_II;g__Marine_Group_II;s__	0.9999993622630017
84125196b9be0d59dda76d8b02d320c7	d__Bacteria;p__Desulfobacterota;c__Desulfobacteria;o__Desulfobacterales;f__Desulfosarcinaceae;g__Sva0081_sediment_group;s__	0.8309321642690614
77aa1739b7c58d6ec3961cdaf1350708	d__Bacteria;p__Desulfobacterota;c__Desulfobacteria;o__Desulfobacterales;f__Desulfosarcinaceae	0.8176157949456886
c002494aae7a1020fcf11ab1f780e385	d__Bacteria;p__Bacteroidota;c__Bacteroidia;o__Sphingobacteriales;f__AKYH767;g__AKYH767;s__	0.9667548766851087
bd3a8ef7baea507db9509e3b27872262	d__Bacteria;p__Bacteroidota;c__Bacteroidia;o__Sphingobacteriales;f__env.OPS_17;g__env.OPS_17;s__	0.999997921101909
c0a9fdf0ea6ce5d092d03e0b30adbe23	d__Bacteria;p__Bdellovibrionota;c__Oligoflexia;o__0319-6G20;f__0319-6G20;g__0319-6G20;s__	0.9989316823167147
7ba60177fceb9043f5c88110277fcc11	d__Bacteria;p__Verrucomicrobiota;c__Verrucomicrobiae;o__Verrucomicrobiales;f__Rubritaleaceae	0.9540742520751456
0e1319cde81b5a76b62ee29f3211b108	d__Bacteria;p__Bacteroidota;c__Bacteroidia;o__Sphingobacteriales;f__NS11-12_marine_group;g__NS11-12_marine_group;s__	0.9926057517690837
a26185ba70d376231989b43de629c3df	d__Bacteria;p__Bdellovibrionota;c__Bdellovibrionia;o__Bdellovibrionales;f__Bdellovibrionaceae;g__OM27_clade;s__	0.98235360996612
350286ee858165a1b64d0d7103f01003	d__Bacteria;p__Bacteroidota;c__Bacteroidia;o__Sphingobacteriales;f__AKYH767;g__AKYH767;s__	0.9857825504766019
405152fd0a77fcb0d6de2b7b9a01f831	d__Bacteria;p__Fusobacteriota;c__Fusobacteriia;o__Fusobacteriales;f__Fusobacteriaceae;g__Cetobacterium;s__	0.999800850291604
024f9348477a5a8fb12dff0439cccd50	d__Bacteria;p__Bacteroidota;c__Bacteroidia;o__Cytophagales;f__Cyclobacteriaceae;g__uncultured;s__	0.8759449194800862
5d8347fd9df35c8a410e5f69ce2a338b	d__Bacteria;p__Cyanobacteria;c__Sericytochromatia;o__Sericytochromatia;f__Sericytochromatia;g__Sericytochromatia;s__	0.9902212225359839
32eeb96dec7f5e3ab011a78b0cf22272	d__Bacteria;p__Cyanobacteria;c__Cyanobacteriia;o__Chloroplast;f__Chloroplast;g__Chloroplast;s__	0.9957594127449109
9a39fa207dec3b7a7acd3f076165fe74	d__Bacteria;p__Proteobacteria;c__Alphaproteobacteria;o__Acetobacterales;f__Acetobacteraceae	0.9989409527402215
cb7d2ee38fe83e4c04134b68f2d1b02c	d__Bacteria;p__Bacteroidota;c__Bacteroidia;o__Chitinophagales;f__Saprospiraceae	0.9958476160177054
6801362194f7e7c16028924cf186346b	d__Bacteria;p__Planctomycetota;c__Planctomycetes;o__Pirellulales;f__Pirellulaceae	0.9989458292570749
8fe718cc285e374c01157a25548f4f71	d__Bacteria;p__Bacteroidota;c__Bacteroidia;o__Flavobacteriales;f__Flavobacteriaceae;g__Nonlabens;s__	0.9995861873010479
901250ac0177b45279253dd6b798c862	d__Bacteria;p__Bacteroidota;c__Bacteroidia;o__Chitinophagales;f__Saprospiraceae	0.9982305250229648
08645a3ecf1f767774c8e749bf08fc11	d__Bacteria;p__Bacteroidota;c__Bacteroidia;o__Chitinophagales;f__Saprospiraceae;g__uncultured;s__	0.7851658140495115
0439123f9265e95ed233ee370f640574	d__Bacteria;p__Bacteroidota;c__Bacteroidia;o__Flavobacteriales;f__Flavobacteriaceae;g__NS2b_marine_group;s__	0.9735251894888403
2e05baf42d3d31765b97a7cc81cc8376	d__Bacteria;p__Bacteroidota;c__Bacteroidia;o__Flavobacteriales;f__Cryomorphaceae;g__uncultured;s__	0.7777178579724491
86a7ccb3992e89c239dc9c20fa9ed8d3	d__Bacteria;p__Bacteroidota;c__Bacteroidia;o__Cytophagales;f__Flammeovirgaceae;g__Algivirga;s__	0.9996631165388953
4c8f65104d9dbe6b20e5832fbff00d1c	d__Bacteria;p__Planctomycetota;c__Planctomycetes;o__Pirellulales;f__Pirellulaceae;g__Blastopirellula;s__	0.9892308282460289
ac97e19844d13f19be64c15f91e19612	d__Bacteria;p__Verrucomicrobiota;c__Verrucomicrobiae;o__Opitutales;f__Puniceicoccaceae;g__Pelagicoccus;s__	0.9999712528254595
426be7ef14457906efaeac3ec722792a	d__Bacteria;p__Proteobacteria;c__Gammaproteobacteria;o__Pseudomonadales;f__Porticoccaceae;g__SAR92_clade;s__	0.9986526030632671
dfe6cd40bd302dc5fcc0e0f54449120c	d__Bacteria;p__Proteobacteria;c__Alphaproteobacteria;o__Sphingomonadales;f__Sphingomonadaceae;g__Sphingomicrobium;s__	0.9978077768751492
0335d7c0b37b450c2f3cbb590239d0e6	d__Bacteria;p__Bacteroidota;c__Bacteroidia;o__Chitinophagales;f__Saprospiraceae;g__Lewinella;s__	0.9206674616241554
e25b7808e16e6d725bdf8262d06dfd48	d__Bacteria;p__Firmicutes;c__Clostridia;o__Oscillospirales;f__Hungateiclostridiaceae;g__uncultured;s__	0.8968170024988216
5177aea3dc0c4a07f5382dbeda98a31d	d__Bacteria;p__Proteobacteria;c__Gammaproteobacteria;o__Burkholderiales;f__Comamonadaceae	0.9944910702551281
bbae01f5a163ca9dd4a01e198ec7c94d	d__Bacteria;p__SAR324_clade(Marine_group_B);c__SAR324_clade(Marine_group_B);o__SAR324_clade(Marine_group_B);f__SAR324_clade(Marine_group_B);g__SAR324_clade(Marine_group_B);s__	0.7177815169967469
401294f236aeac77e1924b6bf773ae94	d__Bacteria;p__Myxococcota;c__Polyangia;o__Polyangiales;f__Sandaracinaceae;g__uncultured;s__	0.9815373656454904
a68cb39278d71aa7b70e31a168e8d7ab	d__Bacteria;p__Cyanobacteria;c__Cyanobacteriia;o__Chloroplast;f__Chloroplast;g__Chloroplast;s__	0.8675878978859352
799d48fb268af925ca1cd06c7b1b7a6d	d__Bacteria;p__Proteobacteria;c__Alphaproteobacteria;o__Rickettsiales;f__Fokiniaceae;g__uncultured;s__	0.9997155331240726
fc6711fe638debf00c22648df8ce9310	d__Bacteria;p__Bacteroidota;c__Bacteroidia;o__Flavobacteriales;f__Crocinitomicaceae;g__Fluviicola;s__	0.9882186945167142
46a89b93b35b5d255a045e886a8e8e20	d__Bacteria;p__Proteobacteria;c__Gammaproteobacteria;o__UBA10353_marine_group;f__UBA10353_marine_group;g__UBA10353_marine_group;s__	0.9739870943134845
89bec6651e19e63a2e90bfe741be4a9a	d__Bacteria;p__Cyanobacteria;c__Cyanobacteriia;o__Chloroplast;f__Chloroplast;g__Chloroplast;s__	0.9977189821433587
225196336fc9dccdc51f09233e516ebf	d__Bacteria;p__Bacteroidota;c__Kryptonia;o__Kryptoniales;f__BSV26;g__BSV26;s__	0.9997645160832449
f883405b67ccc14eb9421abfe63cce68	d__Bacteria	0.999471564035277
53fe15bacf83c415272dbf86fde3031a	d__Bacteria;p__Proteobacteria;c__Alphaproteobacteria;o__Rhodobacterales;f__Rhodobacteraceae	0.9999476571017165
291f2d1cd28fcf4e10fbc37101bd7965	d__Bacteria;p__Proteobacteria;c__Alphaproteobacteria;o__Rickettsiales;f__Mitochondria;g__Mitochondria;s__	0.8696508606263349
81b243622b864f55567e9a2ab5b3e2f0	d__Bacteria	0.9999284141442168
3672d456258630d052d65ad4878e6547	d__Bacteria;p__Bacteroidota;c__Bacteroidia;o__Chitinophagales;f__Saprospiraceae	0.9908865287823482
0af92c65c0c72c32b3d3765080a6743e	d__Bacteria;p__Bacteroidota;c__Bacteroidia;o__Flavobacteriales;f__Flavobacteriaceae;g__Flavobacterium;s__	0.9811443200681204
653e2a4abf7404d277f363fb60ba634c	d__Bacteria;p__Proteobacteria;c__Alphaproteobacteria;o__Rhodospirillales;f__Magnetospiraceae;g__uncultured;s__	0.7532940745976063
797339c600b2d10dd5656b9587c1ef18	d__Bacteria;p__Proteobacteria;c__Gammaproteobacteria;o__Pseudomonadales;f__Cellvibrionaceae;g__Aestuariicella;s__	0.9951248007578529
5abf920d2f8f362e951bf81e521320c3	d__Bacteria;p__Bacteroidota;c__Bacteroidia;o__Chitinophagales;f__Saprospiraceae	0.997350318994402
27579ec58ab9c885f0c217e1aebfcc3c	d__Bacteria;p__Bacteroidota;c__Bacteroidia	0.9999570234331435
63a89fad32b027700611b93cb9dd0f4a	d__Bacteria;p__Bdellovibrionota;c__Bdellovibrionia;o__Bacteriovoracales;f__Bacteriovoracaceae;g__Peredibacter;s__	0.7770774217040142
321417787276f315f4d544951145124b	d__Bacteria;p__Bacteroidota;c__Bacteroidia;o__Chitinophagales;f__Saprospiraceae;g__uncultured;s__	0.886879831611059
ae19fc84c9182a2b761dbc197a363900	d__Bacteria;p__Proteobacteria;c__Alphaproteobacteria;o__Rickettsiales;f__Mitochondria;g__Mitochondria;s__	0.7768517743425098
2c0943aa12086ed8842bcfa79978e19f	d__Bacteria;p__Proteobacteria;c__Gammaproteobacteria;o__Enterobacterales;f__Colwelliaceae;g__Thalassotalea;s__	0.9833763388459923
4c4270e7ed955ed60306817ce877a5dc	d__Bacteria;p__Bacteroidota;c__Bacteroidia	0.9999703814172087
a37bdff052096a2a73aec64d087e79c1	d__Bacteria;p__Chloroflexi;c__Anaerolineae;o__SBR1031	0.7675132050021525
503b50b2dddc705dc6dfbee4053ca3a3	d__Bacteria;p__Bacteroidota;c__Bacteroidia;o__Chitinophagales;f__Saprospiraceae	0.9968042125562733
9bd79c44c47b74e259c19acce8fd752d	d__Bacteria;p__Gemmatimonadota;c__PAUC43f_marine_benthic_group;o__PAUC43f_marine_benthic_group;f__PAUC43f_marine_benthic_group;g__PAUC43f_marine_benthic_group;s__	0.9984531486041329
81ba432248e6f1930164754f32cbc159	d__Bacteria;p__Cyanobacteria;c__Cyanobacteriia;o__Chloroplast;f__Chloroplast;g__Chloroplast;s__	0.9936189318059323
ecc8460284e66b226da004ae26fa5625	d__Bacteria;p__Planctomycetota;c__Planctomycetes;o__Pirellulales;f__Pirellulaceae;g__Blastopirellula;s__	0.9749822826546092
1b79e1d7b5dec093415b3fcac1dc7ba3	d__Bacteria;p__Bacteroidota;c__Bacteroidia	0.999966700448248
6acd39625a8c642ffdc965d810c9ee31	d__Bacteria;p__Bacteroidota;c__Bacteroidia;o__Cytophagales;f__Spirosomaceae;g__Emticicia;s__	0.9999978653555435
a3b40fd1c8bf1924a13c37a3247536fc	d__Bacteria;p__Bacteroidota;c__Bacteroidia;o__Flavobacteriales	0.9831218236661289
10f4cc5a8f4c8ec61b82d27c5777df89	d__Bacteria;p__Armatimonadota;c__Armatimonadia;o__Armatimonadales;f__Armatimonadaceae;g__Armatimonas;s__	0.993966095094429
31e9470efb12b1c4254c614cd88f526e	d__Bacteria;p__Planctomycetota;c__Planctomycetes;o__Pirellulales;f__Pirellulaceae;g__Blastopirellula;s__	0.7933885383423497
235d2b4fcde980ef5d84d35e24c9dffa	d__Bacteria	0.9953919115764096
2e63e2db4d159da220d905b5954356d0	d__Bacteria;p__Proteobacteria;c__Alphaproteobacteria;o__Rickettsiales;f__Mitochondria;g__Mitochondria;s__	0.9739398422628991
64ff058e2e4fc85b7c25776481c5ed57	d__Bacteria	0.9618501347480661
1b914fec5a53a26980b298cdc99874ce	d__Bacteria;p__Actinobacteriota	0.8854907350659671
d401c53124709f8f931d413b0a0273f3	d__Bacteria;p__Proteobacteria;c__Alphaproteobacteria;o__Micropepsales;f__Micropepsaceae;g__uncultured;s__	0.985653567681852
191cd24acf03123745146e76712071f8	d__Bacteria;p__Cyanobacteria;c__Cyanobacteriia;o__Chloroplast;f__Chloroplast;g__Chloroplast;s__	0.9908479412474036
cbde570e3cb54c16964aa75bd9910c45	d__Bacteria;p__Bacteroidota;c__Bacteroidia;o__Flavobacteriales;f__Flavobacteriaceae;g__Tenacibaculum;s__	0.9326750546561586
d0ab638419fb32a6a0a29a32e58ef14e	d__Bacteria;p__Bacteroidota;c__Bacteroidia;o__Flavobacteriales;f__Crocinitomicaceae;g__Fluviicola;s__	0.9985790988034895
6a94d6690785eed874ea6c6fd1c24385	d__Bacteria;p__Bacteroidota;c__Bacteroidia;o__Flavobacteriales;f__Flavobacteriaceae;g__Tenacibaculum;s__	0.9135584312113114
684b3c613fd5d6f43942ae4353bf4c77	d__Bacteria;p__Verrucomicrobiota;c__Kiritimatiellae;o__Kiritimatiellales;f__Kiritimatiellaceae;g__R76-B128;s__	0.99997985611144
e6ee7573580fe415d84f80b7ea8dd991	d__Bacteria;p__Proteobacteria;c__Alphaproteobacteria;o__Parvibaculales;f__Parvibaculaceae;g__uncultured;s__	0.8583163859266529
e25916c55e2eb416d953706f3aace76a	d__Bacteria;p__Myxococcota;c__Polyangia;o__Blfdi19;f__Blfdi19;g__Blfdi19;s__	0.9211563744560273
ab329364713a6b8ba18cc7a6cc99f169	d__Bacteria;p__Planctomycetota;c__Planctomycetes;o__Pirellulales;f__Pirellulaceae;g__Blastopirellula;s__	0.939999013199731
15b4cddaecc6548677b9a153c3b6dbfa	d__Bacteria;p__Chloroflexi;c__Anaerolineae;o__Anaerolineales;f__Anaerolineaceae;g__uncultured;s__	0.7721362151141736
c584cae60cd79d4643f4f3605fbd3b0a	d__Bacteria;p__Bacteroidota;c__Bacteroidia;o__Chitinophagales;f__Saprospiraceae	0.9479017432373453
384bb0177d162ec64b4551c28c72e178	d__Bacteria;p__Bacteroidota;c__Bacteroidia;o__Cytophagales;f__Spirosomaceae;g__Taeseokella;s__	0.9999809629633104
2d7d3b7cee5dc729a15c9a054d338e36	d__Bacteria;p__Bacteroidota;c__Bacteroidia;o__Cytophagales;f__Cyclobacteriaceae;g__uncultured;s__	0.9165823488500542
ee03c902e5f9142c072074a25b494d43	d__Bacteria;p__Bacteroidota;c__Bacteroidia	0.9970605481984274
f2872bf63deaf726a971faadb6adc4e9	d__Bacteria;p__Bdellovibrionota;c__Oligoflexia;o__Oligoflexales;f__Oligoflexaceae	0.9680931473175942
af2dfe388631c4cdcfa1ccc8a466bb94	d__Bacteria;p__Proteobacteria;c__Alphaproteobacteria;o__Rhodobacterales;f__Rhodobacteraceae	0.9922963108229353
d5fefbe2382d63476078639e67281c0f	d__Bacteria;p__Bacteroidota;c__Bacteroidia;o__Bacteroidetes_VC2.1_Bac22;f__Bacteroidetes_VC2.1_Bac22;g__Bacteroidetes_VC2.1_Bac22;s__	0.9398732660442782
64de3bbb5c73337ae335df5ce80f0e88	d__Bacteria;p__Cyanobacteria;c__Cyanobacteriia;o__Chloroplast;f__Chloroplast;g__Chloroplast;s__	0.9851634994549495
d1c34cb8472ead02b6c79aeebef27dab	d__Eukaryota;p__Ciliophora;c__Intramacronucleata;o__Litostomatea;f__Mesodiniidae;g__Myrionecta;s__	0.9999912285956472
f8111ba4ae49fae1a7a7cc25c2b7f6a8	d__Bacteria;p__Verrucomicrobiota;c__Verrucomicrobiae;o__Chthoniobacterales;f__Chthoniobacteraceae;g__Candidatus_Udaeobacter;s__	0.9972636777460293
78de817113af86e272418bffa5f015dc	d__Bacteria;p__Actinobacteriota	0.999908998095137
e48d9d5278b2d5b7bc48be6d77666c89	d__Bacteria;p__Bacteroidota;c__Bacteroidia;o__Flavobacteriales;f__Flavobacteriaceae	0.9998326514577721
67333a611c02a8eac9638df2548efc53	d__Bacteria;p__Bacteroidota;c__Bacteroidia;o__Chitinophagales;f__Saprospiraceae;g__uncultured;s__	0.9017107841863862
29e5eab993bf6eaf5b67ea0fe63d5371	d__Bacteria	0.9928933871523513
033bd07f7364ebcef928d1ec1a45efd6	d__Bacteria;p__Proteobacteria;c__Gammaproteobacteria;o__Methylococcales;f__Methylomonadaceae;g__uncultured;s__	0.9628129283264591
1ac2696076bfb13a3b8c53cef77e3b6b	d__Bacteria;p__Proteobacteria;c__Alphaproteobacteria;o__Rickettsiales;f__Mitochondria;g__Mitochondria;s__	0.8537998907802513
f9c8d7a7b26bf598fcffa5ae0bfd05ac	d__Bacteria;p__Dependentiae;c__Babeliae;o__Babeliales;f__Babeliales;g__Babeliales;s__	0.7098257044328353
dc940398777bae5042848599c565b0fd	d__Bacteria;p__Proteobacteria;c__Gammaproteobacteria;o__Burkholderiales;f__T34;g__T34;s__	0.9112014321603898
aded480da9dcc14db0b5c73acef09411	d__Bacteria;p__Fusobacteriota;c__Fusobacteriia;o__Fusobacteriales;f__Fusobacteriaceae;g__Cetobacterium;s__	0.9998586717277879
ac0f2bf2d9b545defdb553cc5feaa9e0	d__Bacteria;p__Bdellovibrionota;c__Bdellovibrionia;o__Bdellovibrionales;f__Bdellovibrionaceae;g__OM27_clade;s__	0.9082300203399725
ab0ed678f840b446ae5f3ec28b5ad8dd	d__Bacteria;p__Proteobacteria;c__Alphaproteobacteria;o__Rickettsiales;f__Mitochondria;g__Mitochondria;s__	0.8342630405059143
ebae6e35f18a5140bfff413cccdac00a	d__Bacteria;p__Planctomycetota;c__Pla3_lineage;o__Pla3_lineage;f__Pla3_lineage;g__Pla3_lineage;s__	0.9847036353592286
300ce70399e0c63165ce5612724a5c63	d__Bacteria;p__Verrucomicrobiota;c__Chlamydiae;o__Chlamydiales;f__cvE6;g__cvE6;s__	0.989087863253907
30c226c559715728140f9725d8ee4b62	d__Bacteria;p__Firmicutes;c__Clostridia;o__Oscillospirales;f__Hungateiclostridiaceae	0.8291174148384893
60adf2701257f31133c9948aafe503b5	d__Bacteria;p__Bacteroidota;c__Bacteroidia;o__Chitinophagales;f__uncultured;g__uncultured;s__	0.7007437669042047
04c90cd1061af9f6312e08b1d8eeac27	d__Bacteria;p__Bacteroidota;c__Bacteroidia;o__Chitinophagales;f__Saprospiraceae;g__uncultured;s__	0.8460191763864895
94bfdf0e8b133b584d5f876e16ee4726	d__Bacteria;p__Bacteroidota;c__Bacteroidia;o__Chitinophagales;f__Saprospiraceae;g__Lewinella;s__	0.8938794956754167
b30b28fe4d16fe7f19f6ebcad930d95f	d__Bacteria;p__Patescibacteria;c__Saccharimonadia;o__Saccharimonadales;f__Saccharimonadales;g__Saccharimonadales;s__	0.9690573877934006
077c1cb264222b2f2ca036759c35bc82	d__Bacteria;p__Actinobacteriota;c__Acidimicrobiia;o__Actinomarinales;f__uncultured;g__uncultured;s__	0.9458120296158592
75803f6242e31dd19029fa7a333b4aa1	d__Bacteria;p__Myxococcota;c__Polyangia;o__Nannocystales;f__Nannocystaceae;g__uncultured;s__	0.9665529716379041
ccbc67bedd2aac3c9fcf0b4912cabac2	d__Bacteria;p__Proteobacteria;c__Alphaproteobacteria;o__Caulobacterales;f__Parvularculaceae;g__uncultured;s__	0.8686696748703082
de53d7d41fdf4bd09617a07233c9c5d5	d__Bacteria;p__Proteobacteria;c__Alphaproteobacteria;o__Rickettsiales;f__Mitochondria;g__Mitochondria;s__	0.8987673576613118
987898ea5295b729be194cb7c0b8ca8a	d__Bacteria;p__Firmicutes;c__Clostridia;o__Oscillospirales;f__Hungateiclostridiaceae	0.8400640156461988
42ccf004a779286d5ae244cb2122dec5	d__Bacteria	0.9988973558871457
e7842015c95261ac84a7e3b7cc832751	d__Bacteria;p__Bacteroidota;c__Bacteroidia	0.9996683399924621
d29e18cfe18545ee9bdb18bbcb1e7c2d	d__Bacteria;p__Desulfobacterota;c__Desulfobulbia;o__Desulfobulbales;f__Desulfurivibrionaceae;g__MSBL7;s__	0.9173092863116106
155a09ed1d5964db5ff18f172ce97ba3	d__Bacteria;p__Bacteroidota;c__Bacteroidia;o__Flavobacteriales;f__Flavobacteriaceae;g__Formosa;s__	0.9211573866065028
5540522aed5136278241bfda4394608e	d__Bacteria;p__Latescibacterota;c__Latescibacterota;o__Latescibacterota;f__Latescibacterota;g__Latescibacterota;s__	0.972996710015543
e0855c17058b076ac35d17ea6bb90da1	d__Bacteria	0.9999929450357956
4d8cf3ecd70c37cc76532166bbb1deff	d__Bacteria;p__Proteobacteria;c__Alphaproteobacteria	0.9947597514880007
20a7a476bab9cacf98e77568149bdd83	d__Archaea;p__Crenarchaeota;c__Nitrososphaeria;o__Nitrosopumilales;f__Nitrosopumilaceae	0.9999999685772333
0cedaba7329c0089f5176d18299b95f4	d__Bacteria;p__Myxococcota;c__Polyangia;o__Polyangiales;f__Sandaracinaceae;g__uncultured;s__	0.9789129305552032
f61babe0e56bc1985d22b04af3712733	d__Bacteria;p__MBNT15;c__MBNT15;o__MBNT15;f__MBNT15;g__MBNT15;s__	0.8697913198624524
a1f4cd1832f637a57109a21881d53ddc	d__Bacteria;p__Cyanobacteria;c__Cyanobacteriia;o__Chloroplast;f__Chloroplast;g__Chloroplast;s__	0.998822707517563
cb985946a4d41de543519d9966fb5981	d__Bacteria;p__Latescibacterota;c__Latescibacterota;o__Latescibacterota;f__Latescibacterota;g__Latescibacterota;s__	0.9762709985433701
7f155a6827652d1ed9e15a12c3e865e0	d__Bacteria;p__Campylobacterota;c__Campylobacteria;o__Campylobacterales;f__Arcobacteraceae;g__uncultured;s__	0.9911464828706688
5ed778d5d84d0e094feb3bffc6e30fcf	d__Bacteria;p__WS2;c__WS2;o__WS2;f__WS2;g__WS2;s__	0.9990614607863441
88e021410817ba0714741afe2addc096	d__Bacteria;p__Verrucomicrobiota;c__Verrucomicrobiae;o__Verrucomicrobiales	0.9956674005530595
5e4d0303034f3e595175c9ec6d1da587	d__Bacteria;p__Verrucomicrobiota	0.7647920794522964
c45cb6bc9dcdd7f92a4fbdc000c61908	d__Bacteria;p__Planctomycetota;c__Planctomycetes;o__Planctomycetales;f__Rubinisphaeraceae;g__uncultured;s__	0.9293151634779201
0ef375ba45bd1a411948496eea6c96b1	d__Bacteria;p__Planctomycetota	0.9577598483892235
7bfdecd7b18cfe31c9be5f4afc4b72f1	d__Bacteria;p__Bacteroidota;c__Bacteroidia;o__Flavobacteriales;f__Flavobacteriaceae;g__Tenacibaculum;s__	0.8425208567410257
e2d47d62e30b945e53391465085da3f8	d__Bacteria;p__Proteobacteria;c__Gammaproteobacteria;o__Enterobacterales;f__Kangiellaceae;g__Pleionea;s__	0.9974378385390901
baf12b9ccab5ddeec5afe9945063aeca	d__Bacteria;p__Bacteroidota;c__Bacteroidia;o__Cytophagales	0.8576638581220388
2eb9fe73b1c1a1df55bb32bc091c84fc	d__Bacteria;p__Bacteroidota;c__Bacteroidia	0.999503339857802
72522e548a3fd2ae503459b99eaa13b8	d__Bacteria;p__Firmicutes;c__Bacilli;o__Haloplasmatales;f__Haloplasmataceae;g__Haloplasma;s__	0.9383934314658393
3e3f0e82a2e97b5c0e54c41c6fa49a07	d__Bacteria;p__Myxococcota;c__Polyangia;o__Nannocystales;f__Nannocystaceae;g__uncultured;s__	0.9566227741649371
fc3cc7a05a673c3bd7b2f7c68d8d068e	d__Bacteria;p__Bacteroidota;c__Bacteroidia;o__Flavobacteriales;f__Flavobacteriaceae;g__Robiginitalea;s__	0.9939284839216695
abe504a547a338a35f3c634732b03664	d__Bacteria;p__Proteobacteria;c__Gammaproteobacteria;o__Pseudomonadales;f__SAR86_clade;g__SAR86_clade;s__	0.769869672114531
613f4a9c9b347616339919579d498f50	d__Bacteria;p__Bacteroidota;c__Bacteroidia;o__Bacteroidales	0.7653785827154198
84ced89bb74454099afb87eee1663344	d__Bacteria	0.9874287352219393
3c4ac75c6994a819ec8cac0d4b4ffd78	d__Bacteria;p__Proteobacteria;c__Alphaproteobacteria;o__Rickettsiales;f__Mitochondria;g__Mitochondria;s__	0.9666153806050493
78490ff9bc2cd57d3e384b29fb3a7c6d	d__Bacteria;p__Myxococcota;c__Polyangia;o__Polyangiales;f__Sandaracinaceae;g__uncultured;s__	0.9989616751784984
0de670e5e229c89e0efbb32dd01ba956	d__Bacteria;p__Proteobacteria;c__Alphaproteobacteria;o__Rhizobiales;f__Devosiaceae	0.9986763695158896
d283e73f4e38a33724a3bf6a8319b35c	d__Bacteria;p__Proteobacteria;c__Gammaproteobacteria;o__Enterobacterales;f__Vibrionaceae;g__Photobacterium;s__	0.8929431200084033
11c000fd4639e0a6b1e14cf2fde706e0	d__Bacteria;p__Planctomycetota;c__Planctomycetes	0.9671495227252851
99a812baf5bb23037ba762fb275bfecd	d__Bacteria;p__Bacteroidota;c__Bacteroidia;o__Cytophagales;f__Spirosomaceae;g__Emticicia;s__	0.9999987585597442
95edbb932712c902d12f1868e85ce8d8	d__Bacteria;p__Actinobacteriota;c__MB-A2-108;o__MB-A2-108;f__MB-A2-108;g__MB-A2-108;s__	0.9369780070520003
5ea9a1f4b7caf19a2f475a6f3a7fa6cd	d__Bacteria;p__Acidobacteriota;c__Acidobacteriae;o__Subgroup_2;f__Subgroup_2;g__Subgroup_2;s__	0.9999671789199206
0d46b80f69aa5ab9188c8e661487f855	d__Bacteria;p__Bdellovibrionota;c__Bdellovibrionia;o__Bdellovibrionales;f__Bdellovibrionaceae;g__OM27_clade;s__	0.9201099500160597
3933c9aac10239c1bf701f770e3b2290	d__Bacteria;p__Bdellovibrionota;c__Oligoflexia;o__0319-6G20;f__0319-6G20;g__0319-6G20;s__	0.9987298439197072
b04f7fb7b8e4e230d933e9bad9a83630	d__Bacteria;p__Campylobacterota;c__Campylobacteria;o__Campylobacterales;f__Sulfurimonadaceae;g__Sulfuricurvum;s__	0.9991712653730623
a23d5534c8f7596067cf7d7e57c89007	d__Bacteria;p__Bacteroidota;c__Bacteroidia;o__Sphingobacteriales;f__AKYH767;g__AKYH767;s__	0.9273852802301275
c789fb88d01b26489fc646babaac9b97	d__Bacteria;p__Hydrogenedentes;c__Hydrogenedentia;o__Hydrogenedentiales;f__Hydrogenedensaceae;g__Hydrogenedensaceae;s__	0.9825107752137603
15faff93556ca792dc54f279fa5f8848	d__Bacteria;p__Planctomycetota;c__Planctomycetes;o__Pirellulales;f__Pirellulaceae	0.9986221230987115
cb4ef05383b9811311ccb2620d159bec	d__Bacteria;p__Chloroflexi;c__Dehalococcoidia;o__S085;f__S085;g__S085;s__	0.996147959721763
2a4901f60fce6ef5417171c62986f823	d__Bacteria	0.9910036353189424
bee0dc75de836992a8bd99053901af0f	d__Bacteria;p__Bacteroidota;c__Bacteroidia;o__Chitinophagales;f__Saprospiraceae;g__uncultured;s__	0.9468833704551947
570356b47fa192a5cd07192f800918fc	d__Bacteria;p__Bacteroidota;c__Bacteroidia;o__Cytophagales;f__Cyclobacteriaceae;g__uncultured;s__	0.8892367845772331
f69149f3112f0ac6d1dcc0f281de563c	d__Bacteria	0.9999635617951326
4e28597a483ded5fd1399d37ce9b548e	d__Bacteria;p__Bacteroidota;c__Bacteroidia	0.9996941340222526
8e0083d7838124d831ebc64321442758	d__Bacteria;p__Planctomycetota;c__vadinHA49;o__vadinHA49;f__vadinHA49;g__vadinHA49;s__	0.9554457425065946
a2dc5ca03eff51bc43a5a57063fcb7e0	d__Bacteria;p__Acidobacteriota;c__Blastocatellia;o__Blastocatellales;f__Blastocatellaceae;g__Blastocatella;s__	0.8356922599189307
e9ad53d779a1eb8d0b2640717ec4dd8f	d__Bacteria;p__Desulfobacterota;c__Desulfuromonadia;o__PB19;f__PB19;g__PB19;s__	0.9949605041965
3253510ee56cf2cb49e2d2e536715e7a	d__Bacteria;p__Dependentiae;c__Babeliae;o__Babeliales	0.9933901978611012
4b3467706510786730ef6692784fcb7a	d__Bacteria;p__Myxococcota;c__Myxococcia;o__Myxococcales;f__Myxococcaceae;g__P3OB-42;s__	0.7192547135509945
0e6efbfbaa89058eb95f9206bdd691e6	d__Bacteria;p__Myxococcota;c__Polyangia;o__Blfdi19;f__Blfdi19;g__Blfdi19;s__	0.959281558191647
dfcf58a6e4f23c45211ad7762a88bccc	d__Bacteria;p__Firmicutes;c__Clostridia;o__Oscillospirales;f__Hungateiclostridiaceae	0.8614045642064078
0a645f07285daae45c026bc34651f0f6	d__Bacteria;p__Bacteroidota;c__Bacteroidia;o__Chitinophagales;f__Saprospiraceae	0.9965405956935085
c3cc27267e9f0bc244466825c7ab0d85	d__Bacteria;p__Planctomycetota;c__Planctomycetes;o__Pirellulales;f__Pirellulaceae;g__Pirellula;s__	0.801142884936499
489a67057451e79956ce988f2dcbea7c	d__Bacteria;p__Proteobacteria;c__Alphaproteobacteria;o__Parvibaculales;f__Parvibaculaceae;g__uncultured;s__	0.8559944117727528
f1125fd134a4dc43103591169918c3a6	d__Bacteria;p__Cyanobacteria;c__Cyanobacteriia;o__Chloroplast;f__Chloroplast;g__Chloroplast;s__	0.9999718389072625
81b1b2008924e840bf499211c4e87408	d__Bacteria;p__Actinobacteriota;c__Acidimicrobiia;o__Microtrichales;f__Microtrichaceae;g__uncultured;s__	0.9966736699184703
b47e1c21b38f78d9b99efd1cca19769c	d__Bacteria;p__Verrucomicrobiota;c__Verrucomicrobiae;o__Verrucomicrobiales;f__DEV007;g__DEV007;s__	0.7034447390348711
569b6d3c3b511ef2537a9a728dce4f3b	d__Bacteria;p__Cyanobacteria;c__Cyanobacteriia;o__Cyanobacteriales;f__Cyanobacteriaceae;g__Geminobacterium;s__	0.9834687433117523
f837495b3c4c002ae2f16bbf51f09d4c	d__Bacteria;p__Fusobacteriota;c__Fusobacteriia;o__Fusobacteriales;f__Fusobacteriaceae;g__Cetobacterium;s__	0.9998589525229061
ee491b6102ca8515123909462fa4beaf	d__Bacteria;p__Proteobacteria;c__Alphaproteobacteria;o__Rickettsiales;f__Mitochondria;g__Mitochondria;s__	0.8503789636524766
b91447bcc3a5931ebf225f26fa51b1a1	d__Bacteria	0.979649933112823
e8b7dcee3c4dedc3cb8c9879b47b8556	d__Bacteria;p__Actinobacteriota;c__Actinobacteria;o__Nitriliruptorales;f__Nitriliruptoraceae	0.9992560048931656
570a3cdf51ce63d1bf34ad30443ed6f3	d__Bacteria;p__Bacteroidota;c__Bacteroidia;o__Chitinophagales;f__Saprospiraceae;g__uncultured;s__	0.7422764640203743
d2f14eb468227737ea64ea80c628d14c	d__Bacteria;p__Firmicutes;c__Bacilli;o__Bacillales;f__Bacillaceae	0.8726926011027845
189ae2eadf019792f5821f89772becfa	d__Bacteria;p__Proteobacteria;c__Alphaproteobacteria;o__Rickettsiales;f__Mitochondria;g__Mitochondria;s__	0.9729004765793824
0da7574cb87b33c6277f227f1f029243	d__Bacteria;p__Proteobacteria;c__Gammaproteobacteria	0.9965963473475513
ad29d86d0c199f0c972e1eab2b2bcda8	d__Bacteria;p__Proteobacteria;c__Alphaproteobacteria;o__Rickettsiales;f__Mitochondria;g__Mitochondria;s__	0.9301322339501568
f9a8890bc1804d58e2927d910f0eff9d	d__Bacteria;p__Bacteroidota;c__Bacteroidia;o__Cytophagales;f__Spirosomaceae;g__Emticicia;s__	0.9999990273673701
db70a2105abe0c3d5d5ececa01e2e12a	d__Bacteria;p__Planctomycetota;c__Planctomycetes;o__Planctomycetales;f__Rubinisphaeraceae;g__SH-PL14;s__	0.9109604889385791
e2926780eeadae2d4472fa06332b2d89	d__Bacteria;p__Bacteroidota;c__Bacteroidia;o__Bacteroidales;f__Paludibacteraceae;g__Paludibacter;s__	0.983509929522696
5e3adcc26cafefce6dd1c7c83a4dd3f3	d__Bacteria;p__Bacteroidota;c__Bacteroidia	0.998449395397568
c3a32a3e7f1ca286e6957291f23503c3	d__Bacteria;p__Proteobacteria;c__Gammaproteobacteria;o__EPR3968-O8a-Bc78;f__EPR3968-O8a-Bc78;g__EPR3968-O8a-Bc78;s__	0.9564683369892043
7f111ea53d88b56c68ceab9453b8abea	d__Bacteria;p__Bdellovibrionota;c__Bdellovibrionia;o__Bacteriovoracales;f__Bacteriovoracaceae;g__uncultured;s__	0.9865897468531827
1cdf42e8dc087759c04e24e96c417936	d__Bacteria;p__Desulfobacterota;c__Desulfobulbia;o__Desulfobulbales;f__Desulfurivibrionaceae;g__MSBL7;s__	0.8884767804988077
d06f55b27111cbfd0ce58080fbf69ddd	d__Bacteria;p__Bacteroidota;c__Bacteroidia;o__Chitinophagales;f__uncultured;g__uncultured;s__	0.732679243233678
90c70c92d1c1c95fd6f9b31f2a31bf2f	d__Bacteria;p__Bdellovibrionota;c__Bdellovibrionia;o__Bdellovibrionales;f__Bdellovibrionaceae;g__OM27_clade;s__	0.9815132508015104
43efc1c80bbc1ceec80d7f2e27837239	d__Bacteria;p__Bacteroidota;c__Bacteroidia;o__Chitinophagales	0.9280926441055064
6855837cf68c20f69b7b0a93d867121a	d__Bacteria	0.9997699535048525
a600c0b15d3a983d5ac84ddc4598ebcb	d__Bacteria;p__Verrucomicrobiota;c__Verrucomicrobiae;o__Verrucomicrobiales	0.9838714281118075
1e5aa71ade41cf7038d5fc8071ece6a1	d__Bacteria;p__Bacteroidota;c__Bacteroidia;o__Sphingobacteriales;f__NS11-12_marine_group;g__NS11-12_marine_group;s__	0.9056425414428907
955475b3870e7fe1d8313e3ee2a49d33	d__Bacteria;p__Actinobacteriota;c__Acidimicrobiia;o__Microtrichales;f__uncultured;g__uncultured;s__	0.7027320512042922
f1b17c65c8bd1ecf53f26cace57290cf	d__Bacteria;p__Bacteroidota;c__Bacteroidia;o__Flavobacteriales;f__NS7_marine_group;g__NS7_marine_group;s__	0.9993290285296564
37ad34ce645ac4ba7c208de3e2f40e1b	d__Bacteria;p__Proteobacteria;c__Alphaproteobacteria;o__Rickettsiales;f__Mitochondria;g__Mitochondria;s__	0.9706137881179474
e2de490249a408c8f9cd120cb8245d05	d__Bacteria;p__Proteobacteria;c__Gammaproteobacteria	0.9992843483397214
b7df4945cae58b0683294ec94f5e9cd9	d__Bacteria;p__Proteobacteria;c__Alphaproteobacteria;o__Holosporales;f__Holosporaceae;g__Holosporaceae;s__	0.9992068957193309
2f42c400d64e7187d12436318770d696	d__Bacteria;p__Bacteroidota;c__Bacteroidia;o__Chitinophagales;f__Saprospiraceae	0.9681285920015454
5b887f6df342d5502e4a8d4d7f0d990b	d__Bacteria;p__Proteobacteria;c__Gammaproteobacteria;o__Thiomicrospirales;f__Thiomicrospiraceae;g__Thiomicrorhabdus;s__	0.9867270348692437
3abdf112f691c0d491e5a495191d2bd1	d__Bacteria;p__Bacteroidota;c__Bacteroidia	0.9982292568254774
f8df4dda57e0227ccb0c9266a29c67ab	d__Bacteria;p__Cyanobacteria;c__Cyanobacteriia;o__Chloroplast;f__Chloroplast;g__Chloroplast;s__	0.9994105923554766
942f40659f4191914bd16401501149af	d__Bacteria;p__Cyanobacteria;c__Cyanobacteriia;o__Chloroplast;f__Chloroplast;g__Chloroplast;s__	0.9916658710380343
a5c2a2bbf3348fee29d56c80a641aba7	d__Bacteria;p__Planctomycetota;c__Pla3_lineage;o__Pla3_lineage;f__Pla3_lineage;g__Pla3_lineage;s__	0.9852522661091918
07124c1b05e67e96de18c7c263c6415f	d__Bacteria;p__Proteobacteria;c__Gammaproteobacteria;o__Enterobacterales;f__Alteromonadaceae;g__Rheinheimera;s__	0.9405285571288965
0c38575ddd9c690e094caeb4a3cd3091	d__Bacteria;p__Myxococcota;c__Myxococcia;o__Myxococcales;f__Anaeromyxobacteraceae;g__Anaeromyxobacter;s__	0.7896549423846563
02b75b0b13cee5a016ffa075faccb62b	d__Bacteria;p__Bacteroidota;c__Bacteroidia;o__Sphingobacteriales;f__env.OPS_17;g__env.OPS_17;s__	0.9847506540146888
3c5bb4cd3c35f199bb9afd109858a452	d__Bacteria;p__Proteobacteria;c__Gammaproteobacteria;o__Pseudomonadales;f__Cellvibrionaceae;g__Cellvibrio;s__	0.9988292089823539
b504e4426ebe3586d0a5809f9b162838	d__Bacteria;p__Acidobacteriota;c__Blastocatellia;o__Blastocatellales;f__Blastocatellaceae	0.926489166509429
5f7ce1e291288f8fa3581bb298b1991a	d__Bacteria;p__Verrucomicrobiota;c__Verrucomicrobiae;o__Verrucomicrobiales;f__Rubritaleaceae;g__Haloferula;s__	0.8280810430664652
4d2e7b0ecb2f61fcaf185706361b924c	d__Bacteria;p__Cyanobacteria;c__Cyanobacteriia;o__Chloroplast;f__Chloroplast;g__Chloroplast;s__	0.9725899143858493
0adf190256c6296ff93c883a4ab6da38	d__Bacteria;p__Proteobacteria;c__Alphaproteobacteria;o__Rickettsiales;f__Mitochondria;g__Mitochondria;s__	0.9509488303483581
2483e440ebbcd5f988015c9910235e71	d__Bacteria;p__Proteobacteria;c__Alphaproteobacteria;o__Rickettsiales;f__Mitochondria;g__Mitochondria;s__	0.9637007571618192
04fbf358e3ac867fa6763441c111d420	d__Bacteria;p__Firmicutes;c__Clostridia;o__Clostridiales;f__Clostridiaceae;g__Clostridium_sensu_stricto_8;s__	0.8399586443499715
22e5b6f3a53e27c53bea6e749e391eeb	d__Bacteria;p__Proteobacteria;c__Alphaproteobacteria;o__Defluviicoccales;f__Defluviicoccaceae;g__Defluviicoccus;s__	0.9533912233351888
8f80ec13f564f2defa60a88a3de641bc	d__Bacteria;p__Bacteroidota;c__Bacteroidia;o__Flavobacteriales	0.9000037177071882
add2b6a5f080600adf5f46649c5d1d23	d__Bacteria;p__Bacteroidota;c__Kryptonia;o__Kryptoniales;f__MSB-3C8;g__MSB-3C8;s__	0.9999890249781349
5014fbd9683d8d12b5db13b5af240e6b	d__Bacteria;p__Bdellovibrionota;c__Bdellovibrionia;o__Bacteriovoracales;f__Bacteriovoracaceae	0.999887228125684
ddb5ec4d9de60e458a5961bd89ae2ffa	d__Bacteria;p__Planctomycetota;c__Phycisphaerae;o__Phycisphaerales;f__Phycisphaeraceae;g__CL500-3;s__	0.9991588109348951
7bf8d820f1d00ee9d90f61945f591070	d__Bacteria;p__Actinobacteriota;c__Acidimicrobiia;o__Microtrichales;f__Microtrichaceae;g__uncultured;s__	0.9972167122955632
9a519e648d70f2bea6569f9f75260310	d__Bacteria;p__Bacteroidota;c__Bacteroidia;o__Cytophagales;f__Cyclobacteriaceae;g__Marinoscillum;s__	0.865379015590687
28bb3ebe0a0e9e2af9e9afc4dd4f1a02	d__Bacteria;p__Bacteroidota;c__Bacteroidia	0.9996295797220611
0f9970bab0fb8c40fd65285b94ffe80c	d__Bacteria;p__Bacteroidota;c__Bacteroidia	0.9997530874299472
b7581006bb595bb219a1e4028bcd3daf	d__Bacteria;p__Bacteroidota;c__Bacteroidia	0.9971022535668024
247bd34a836385206f9ac148e337e66d	d__Bacteria;p__Actinobacteriota;c__Acidimicrobiia;o__Microtrichales;f__Ilumatobacteraceae;g__Ilumatobacter;s__	0.9898478455895714
d1120ea7cbd24a1ae665c97887545b5a	d__Bacteria;p__Bacteroidota;c__Bacteroidia;o__Chitinophagales;f__Saprospiraceae	0.9960544146249799
76ccca435f35af7cb5a619ea64677dc9	d__Bacteria;p__Proteobacteria;c__Alphaproteobacteria;o__Rickettsiales;f__Mitochondria;g__Mitochondria;s__	0.9721819757006861
03dcc1185c4ebc9a0b69404523dd9966	d__Bacteria;p__Actinobacteriota;c__Acidimicrobiia;o__Microtrichales;f__Ilumatobacteraceae;g__Ilumatobacter;s__	0.9809098992550414
eaecc614714dbab71fd9b8319ccd5d24	d__Bacteria;p__Campylobacterota;c__Campylobacteria;o__Campylobacterales;f__Arcobacteraceae;g__uncultured;s__	0.9674309350680839
90fc8f1111e38e2f46a0640781237cdd	d__Bacteria;p__Campylobacterota;c__Campylobacteria;o__Campylobacterales;f__Sulfurimonadaceae;g__Sulfurimonas;s__	0.9980152351990778
d2b84bc7c041444eab525f3feee95363	d__Bacteria;p__Proteobacteria;c__Alphaproteobacteria;o__Rickettsiales;f__Mitochondria;g__Mitochondria;s__	0.8848671396283414
e0a2ae7b9af36f64f2d02060db9dd19e	d__Bacteria;p__Bacteroidota;c__Bacteroidia;o__Cytophagales;f__Cyclobacteriaceae;g__uncultured;s__	0.9539352898967217
9b43ccfe84a44c1a5276a90bcf864e3f	d__Bacteria;p__Proteobacteria;c__Gammaproteobacteria	0.9996322705482165
ca1a055f8dcc5d78ef268520c30a8ba8	d__Bacteria;p__Verrucomicrobiota;c__Lentisphaeria;o__P.palmC41;f__P.palmC41;g__P.palmC41;s__	0.9682639079399228
9fb292d05bec6f9323a2122d71fcd712	d__Bacteria;p__Proteobacteria;c__Gammaproteobacteria;o__Francisellales;f__Francisellaceae;g__[Caedibacter]_taeniospiralis_group;s__	0.9923582817313533
b056efd839c5576e7b3c4564cea02a78	d__Bacteria;p__Verrucomicrobiota;c__Verrucomicrobiae;o__Opitutales;f__Puniceicoccaceae;g__Pelagicoccus;s__	0.999917197652471
6a4a1279234dd3005cef964dba999e5c	d__Bacteria;p__Proteobacteria;c__Alphaproteobacteria;o__Rickettsiales;f__Mitochondria;g__Mitochondria;s__	0.9336980967987729
824bbdfb5ae150309482c22fbf1a9656	d__Bacteria;p__Nitrospirota;c__Thermodesulfovibrionia;o__uncultured;f__uncultured;g__uncultured;s__	0.9990961013997484
044b775033fafd14c6562bf0486cb00c	d__Bacteria;p__Proteobacteria;c__Gammaproteobacteria;o__Burkholderiales;f__Chitinibacteraceae;g__Chitinibacter;s__	0.9922682389726896
c6448319f8fa0033c81c24500896bf5a	d__Bacteria;p__Bdellovibrionota;c__Bdellovibrionia;o__Bdellovibrionales;f__Bdellovibrionaceae;g__OM27_clade;s__	0.8969490945178926
3484447011931d233b1edf5ad14713e4	d__Bacteria;p__Bacteroidota;c__Bacteroidia;o__Sphingobacteriales;f__env.OPS_17;g__env.OPS_17;s__	0.9999974663939761
4869f2d16a930fa7b73cb159f133c362	d__Bacteria;p__Planctomycetota;c__Planctomycetes;o__Planctomycetales;f__uncultured;g__uncultured;s__	0.9548283375347266
545d50281138a17b8b4fdad078dca21a	d__Bacteria;p__Desulfobacterota;c__Desulfobacteria;o__Desulfobacterales;f__Desulfosarcinaceae	0.708099681938712
e5e7dc7a604b1a1fa19c6a8dca428e3c	d__Bacteria;p__Planctomycetota;c__Pla3_lineage;o__Pla3_lineage;f__Pla3_lineage;g__Pla3_lineage;s__	0.9832085817901643
c8ff637aac0d6c676c381bcb443a8c4f	d__Bacteria;p__Planctomycetota;c__Planctomycetes	0.9714937378112127
435c7dd10a045d2fd2126296b9bd028e	d__Bacteria;p__Nitrospirota;c__Thermodesulfovibrionia;o__uncultured;f__uncultured;g__uncultured;s__	0.9990484500838552
fc722acc5bb2bf716131d2bd7bf71917	d__Bacteria;p__Bdellovibrionota;c__Bdellovibrionia;o__Bdellovibrionales;f__Bdellovibrionaceae;g__OM27_clade;s__	0.9984583506682523
173b943bfe44c13536edd02022b85c3d	d__Bacteria;p__Bacteroidota;c__Bacteroidia;o__Chitinophagales;f__Saprospiraceae;g__uncultured;s__	0.8191969234890843
2b990b670df55ade79868a3731c3c31e	d__Bacteria	0.9869914611107341
b5212260d2a23b3f4f6447782a7c56b5	d__Bacteria;p__Proteobacteria;c__Gammaproteobacteria	0.9995836874240975
8c018d23d2f59e2d07199f56835f75b8	d__Bacteria;p__Proteobacteria;c__Alphaproteobacteria;o__Rickettsiales;f__Mitochondria;g__Mitochondria;s__	0.8112769646608207
1d291ffb49e66182fa8ad639b1a4581b	d__Bacteria	0.9651744981580479
432fe012a4d2e3daf4222e22f2b62b4f	d__Bacteria;p__Desulfobacterota;c__Desulfobaccia;o__Desulfobaccales;f__Desulfobaccaceae;g__Desulfobacca;s__	0.8307681292743697
e92629e680829eaf0b505f2e8dbfb0a3	d__Bacteria;p__Sva0485;c__Sva0485;o__Sva0485;f__Sva0485;g__Sva0485;s__	0.9372449262097287
b882793f82c5b15dbbd1881d459682b4	d__Bacteria;p__Bacteroidota;c__Bacteroidia;o__Chitinophagales;f__Saprospiraceae;g__uncultured;s__	0.8231483198481594
29e0bdf084e6346a87c0b07351a14435	d__Bacteria;p__Planctomycetota;c__Planctomycetes;o__Planctomycetales;f__uncultured;g__uncultured;s__	0.9516413226574615
c35f11fde147be4a8c056e619a27d85a	d__Bacteria;p__Planctomycetota;c__Planctomycetes;o__Planctomycetales;f__Rubinisphaeraceae;g__SH-PL14;s__	0.9444477131651131
c0783746444b14843fc07e042062b41f	d__Bacteria;p__Acidobacteriota;c__Vicinamibacteria;o__Subgroup_17;f__Subgroup_17;g__Subgroup_17;s__	0.9941951832025472
a2962a413c800726066d70d1be676b48	d__Archaea;p__Crenarchaeota;c__Nitrososphaeria;o__Nitrosopumilales;f__Nitrosopumilaceae;g__Nitrosarchaeum;s__	0.9964645454032279
3ff50d2d895ff3614eb98d53452780fb	d__Bacteria;p__Verrucomicrobiota;c__Verrucomicrobiae;o__Verrucomicrobiales;f__Verrucomicrobiaceae;g__uncultured;s__	0.8086789159380566
c687c8f4bfdcaf5f473a61153dbbddc6	d__Bacteria;p__Chloroflexi;c__Anaerolineae	0.97358734133183
7e2d21b3de7cf4c4d968da848c8ef8ca	d__Bacteria;p__Firmicutes;c__Bacilli;o__Erysipelotrichales;f__Erysipelotrichaceae;g__ZOR0006;s__	0.9078564690854452
e6af1c1b67ec9ef702f95fb5b2395807	d__Bacteria;p__Proteobacteria;c__Alphaproteobacteria;o__Holosporales;f__Holosporaceae;g__Holosporaceae;s__	0.9990135385504487
0df18422b79ce829a17fe25457a7c564	d__Bacteria	0.9997131200785051
0001573d08c69d883a9704da1c76ca56	d__Bacteria;p__Bdellovibrionota;c__Bdellovibrionia;o__Bdellovibrionales;f__Bdellovibrionaceae;g__OM27_clade;s__	0.9915894232918919
265b22fd4b2ee587a0592029715561ef	d__Bacteria;p__Proteobacteria;c__Alphaproteobacteria;o__Rickettsiales;f__Mitochondria;g__Mitochondria;s__	0.8530400025195373
bd88ae8708ca9ae367942b6d3c788408	d__Bacteria;p__Bacteroidota;c__Bacteroidia;o__Chitinophagales;f__Saprospiraceae;g__uncultured;s__	0.8245572753295144
ba6c59dce5711efb18ed317c97d3709e	d__Bacteria;p__Bdellovibrionota;c__Oligoflexia;o__053A03-B-DI-P58;f__053A03-B-DI-P58;g__053A03-B-DI-P58;s__	0.9407048906499521
6c75581535f196d476beff266f5132b4	d__Bacteria;p__Bacteroidota;c__Kryptonia;o__Kryptoniales;f__MSB-3C8;g__MSB-3C8;s__	0.9999865420399848
0f0da434df8da9da5a788f9b2d07c946	d__Bacteria;p__Actinobacteriota;c__Acidimicrobiia;o__Actinomarinales;f__uncultured;g__uncultured;s__	0.998307783948307
c7ef29c857bac039fcb526b93fa8f143	d__Bacteria;p__Cyanobacteria;c__Sericytochromatia;o__Sericytochromatia;f__Sericytochromatia;g__Sericytochromatia;s__	0.982636370925887
54f539f80d6732cabbb1cf1126ca9cb5	d__Bacteria;p__Proteobacteria;c__Alphaproteobacteria;o__Rickettsiales;f__Mitochondria;g__Mitochondria;s__	0.8677192707964254
ff9dd988ff1319cb6813e722cce05b04	d__Bacteria;p__Acidobacteriota;c__Vicinamibacteria;o__Subgroup_17;f__Subgroup_17;g__Subgroup_17;s__	0.9958582527655214
78768e4dc0b758a146677f699762ec6e	d__Bacteria;p__Proteobacteria;c__Zetaproteobacteria;o__Mariprofundales;f__Mariprofundaceae;g__Mariprofundus;s__	0.999877216731499
ad91325694617fd553618935540f804a	d__Bacteria;p__Proteobacteria;c__Gammaproteobacteria;o__Burkholderiales;f__T34;g__T34;s__	0.9099394487210248
71e4d042a7b838d7d87e760e2cbd6ec3	d__Bacteria;p__Proteobacteria;c__Alphaproteobacteria;o__Rickettsiales;f__Mitochondria;g__Mitochondria;s__	0.9851938583246491
7e42e1b8635d109bd2db704d9ed3ee08	d__Bacteria	0.999999638263617
741b9ea39f644c1a550447423021dc8a	d__Bacteria;p__Bdellovibrionota;c__Bdellovibrionia;o__Bdellovibrionales;f__Bdellovibrionaceae;g__OM27_clade;s__	0.8838801397311609
cbbc5d22d6bb1d6f1642098f922eb6cb	d__Bacteria;p__Fusobacteriota;c__Fusobacteriia;o__Fusobacteriales;f__Fusobacteriaceae;g__Cetobacterium;s__	0.9998592008086431
41d81aad38ddb5636bbe1204335b67a5	d__Bacteria;p__Nitrospirota;c__Thermodesulfovibrionia;o__uncultured;f__uncultured;g__uncultured;s__	0.9990298027612806
b1774a1d60a3298033c4a385efaae509	d__Bacteria;p__Myxococcota;c__Polyangia;o__Haliangiales;f__Haliangiaceae;g__Haliangium;s__	0.7560158674250432
36fb5b7975ee15d6988d631f3bd94f07	d__Bacteria;p__Bacteroidota;c__Bacteroidia	0.9999853827205186
9f2539c6cbae984370a6a76bb8b7bd20	d__Bacteria;p__Planctomycetota;c__Planctomycetes;o__Pirellulales;f__Pirellulaceae;g__Pirellula;s__	0.9960747447919581
5ce5cd788234e1f030137cff9e9342b7	d__Bacteria;p__SAR324_clade(Marine_group_B);c__SAR324_clade(Marine_group_B);o__SAR324_clade(Marine_group_B);f__SAR324_clade(Marine_group_B);g__SAR324_clade(Marine_group_B);s__	0.8041840986452968
f38b4f91cb378feca7423bd6ca33c176	d__Bacteria;p__Proteobacteria;c__Gammaproteobacteria;o__Coxiellales;f__Coxiellaceae;g__Coxiella;s__	0.9237257007565782
ea87814a986ac81911c476623ee9afe8	d__Bacteria;p__Firmicutes;c__Clostridia;o__Peptostreptococcales-Tissierellales;f__Peptostreptococcaceae;g__Paeniclostridium;s__	0.8016913272505825
e32f806f1cf934ff332c2af43bae4614	d__Bacteria;p__Dependentiae;c__Babeliae;o__Babeliales	0.9926363657474941
91099fafbdd5e4adf12d1dee84640d6b	d__Bacteria	0.9980327719097978
93ee23fd4d878f2fb85456eb80350207	d__Bacteria;p__Actinobacteriota;c__Acidimicrobiia;o__Microtrichales	0.947183501782658
5e062966963dcdb93b0123284ea92d81	d__Bacteria;p__Patescibacteria;c__Gracilibacteria;o__Candidatus_Peregrinibacteria;f__Candidatus_Peregrinibacteria;g__Candidatus_Peregrinibacteria;s__	0.9214174313915174
98db0270b72b9f5f61fd83e0f283929c	d__Bacteria;p__Bacteroidota;c__Bacteroidia;o__Flavobacteriales	0.874108994809678
48f378c1df199d27eb8ac50a0cfb0e7d	d__Bacteria;p__Myxococcota;c__Polyangia;o__Nannocystales;f__Nannocystaceae;g__uncultured;s__	0.9405444904542988
6cc5f53fb0ffe6c904b88d640d20ad89	d__Bacteria	0.9839292052019136
436e648855084a068f03d43e1364079f	d__Bacteria;p__Bacteroidota;c__Bacteroidia;o__Chitinophagales;f__Saprospiraceae;g__Aureispira;s__	0.9945227348374078
126de658c55436d889dd3b682169a857	d__Bacteria;p__Bacteroidota;c__Bacteroidia;o__Chitinophagales;f__Saprospiraceae	0.991391978951535
c671f5fdf47cb55b0941222d8c74eab5	d__Bacteria;p__Bacteroidota;c__Bacteroidia;o__Chitinophagales;f__uncultured;g__uncultured;s__	0.722117952459298
d0502baf8642343ea013409c6462c2a2	d__Bacteria;p__Actinobacteriota;c__Actinobacteria;o__Euzebyales;f__Euzebyaceae;g__uncultured;s__	0.9885604256528866
bc66b108a3792a4ef035b14a020d082c	d__Bacteria	0.999717679145778
9d9727e7852a822d48c597489310bc62	d__Bacteria;p__Acidobacteriota;c__Acidobacteriae;o__PAUC26f;f__PAUC26f;g__PAUC26f;s__	0.9987432154375186
f5829b487755872ba941d17c0ef33b0e	d__Bacteria;p__Sva0485;c__Sva0485;o__Sva0485;f__Sva0485;g__Sva0485;s__	0.9529290344241995
80dd6764bac7b453a190a4154d5d09b8	d__Bacteria;p__Desulfobacterota;c__Desulfuromonadia;o__Bradymonadales;f__Bradymonadales;g__Bradymonadales;s__	0.9727515135535
b344de7ded4b5af9bbe41f4c9cd5f71e	d__Bacteria;p__Proteobacteria;c__Alphaproteobacteria;o__Rhodobacterales;f__Rhodobacteraceae	0.9999767026903599
712c9f5d44e1b580996f16e4c2560b5d	d__Bacteria;p__Proteobacteria;c__Alphaproteobacteria;o__Paracaedibacterales;f__Paracaedibacteraceae;g__uncultured;s__	0.9740524337566018
d29539a59c9e65b02db5f6afc7d6376e	d__Bacteria;p__Bdellovibrionota;c__Bdellovibrionia;o__Bdellovibrionales;f__Bdellovibrionaceae;g__OM27_clade;s__	0.9803211871389063
1fec79304747af16a77ac2f08ae39354	d__Bacteria;p__Proteobacteria;c__Alphaproteobacteria;o__Parvibaculales;f__Parvibaculaceae;g__uncultured;s__	0.8568666067070401
7dd4c8cadcacf154be9ae934a28b82f9	d__Bacteria;p__Proteobacteria;c__Alphaproteobacteria;o__Rickettsiales;f__Mitochondria;g__Mitochondria;s__	0.8293527461611556
dd5c76c3662057a5fef746d96e098852	d__Bacteria;p__Planctomycetota	0.9652612055564299
0ba73a4e56fa3d3cffa38b2c0c825e8f	d__Bacteria;p__Planctomycetota;c__Planctomycetes;o__Planctomycetales;f__uncultured;g__uncultured;s__	0.945752431152023
49b2227c80023ce097348505fc6d62af	d__Bacteria;p__Proteobacteria;c__Alphaproteobacteria;o__Caulobacterales;f__Caulobacteraceae	0.9983406230748381
0539e2f199163d9c5dd7eef744e0f90d	d__Bacteria;p__Cyanobacteria;c__Cyanobacteriia;o__Chloroplast;f__Chloroplast;g__Chloroplast;s__	0.9873317027127637
de93487d80c5a1ca7a09e989656c3c7c	d__Bacteria;p__Firmicutes;c__Bacilli;o__Mycoplasmatales;f__Mycoplasmataceae;g__Candidatus_Bacilloplasma;s__	0.9842252829256458
3aa116f0aeba92b067e232a2306d1d80	d__Bacteria;p__Bdellovibrionota;c__Bdellovibrionia;o__Bdellovibrionales;f__Bdellovibrionaceae;g__Bdellovibrio;s__	0.9979319008294373
3c81dc39ffbe1cec024b48a595f650dc	d__Bacteria;p__Firmicutes;c__Negativicutes;o__Veillonellales-Selenomonadales;f__Selenomonadaceae;g__Propionispira;s__	0.9833487697041554
99e3ba8e7e57d7042e9b1a220ebeccaf	d__Bacteria;p__Planctomycetota;c__Planctomycetes	0.9677138970648442
dec1d8550bc33bc02a64dee3df673092	d__Bacteria;p__Proteobacteria;c__Gammaproteobacteria;o__Pseudomonadales;f__KI89A_clade;g__KI89A_clade;s__	0.9368161392061267
9d624bc91b4ba69d75011ac0d8005ea6	d__Bacteria;p__Proteobacteria;c__Gammaproteobacteria;o__Enterobacterales	0.9995911760655583
4ad33c427601f17a44fc687b2ee2be6b	d__Bacteria;p__Proteobacteria;c__Gammaproteobacteria;o__Enterobacterales;f__Shewanellaceae;g__Ferrimonas;s__	0.9994983122530599
e5937d4752ad765cb5b8f0aef44a3d84	d__Bacteria;p__Bacteroidota;c__Bacteroidia;o__Bacteroidales	0.76737065560262
7d5313829d48f8b9b793f36a17bb76ff	d__Bacteria;p__Planctomycetota;c__Planctomycetes;o__Planctomycetales;f__Gimesiaceae;g__uncultured;s__	0.9996014513149607
bf2b6ac3bf2a40dbdb7c4b86baa4364b	d__Bacteria;p__Bacteroidota;c__Bacteroidia;o__Chitinophagales;f__Saprospiraceae;g__uncultured;s__	0.8749301302494897
f32f1c2b0ab082e1552d7992020ce487	d__Bacteria;p__Cyanobacteria;c__Vampirivibrionia;o__Vampirovibrionales;f__Vampirovibrionales;g__Vampirovibrionales;s__	0.9560634033005885
6781a75944b852da0e53e21079f69d2d	d__Bacteria	0.9999666109835142
c678730f05ee21b8665a600cb85d39ff	d__Bacteria;p__Bacteroidota;c__Kryptonia;o__Kryptoniales;f__MSB-3C8;g__MSB-3C8;s__	0.9999722823285648
492eb86140b3dcb547f8a28d83389ac7	d__Bacteria;p__Actinobacteriota;c__Thermoleophilia;o__Solirubrobacterales;f__67-14;g__67-14;s__	0.9993730553434016
1bbf16ff468a8484f663aee025ef3ecb	d__Bacteria;p__Bacteroidota;c__Bacteroidia;o__Cytophagales;f__Cyclobacteriaceae;g__uncultured;s__	0.702832486614541
09fea0ea9da34a5d7de8a31b50c96a9a	d__Bacteria;p__Bacteroidota;c__Kryptonia;o__Kryptoniales;f__MSB-3C8;g__MSB-3C8;s__	0.9999578362899482
3f6514704bb03e2ce5412d7845b3b2a7	d__Bacteria;p__Acidobacteriota;c__Holophagae;o__Acanthopleuribacterales;f__Acanthopleuribacteraceae;g__Acanthopleuribacter;s__	0.9770629536870022
76d4ec4de37a3fa07bd87bcd0e931438	d__Bacteria;p__Proteobacteria;c__Alphaproteobacteria;o__Rickettsiales;f__Mitochondria;g__Mitochondria;s__	0.9680608496686802
e54c3f7b8aeedd3c3c2cfe0af0b57b07	d__Bacteria;p__Bacteroidota;c__Bacteroidia;o__Flavobacteriales;f__Crocinitomicaceae;g__Crocinitomix;s__	0.9973131809130272
48bd558b0f907d6b66ab700ce66ed5a3	d__Bacteria;p__Patescibacteria;c__Saccharimonadia;o__Saccharimonadales;f__Saccharimonadales;g__Saccharimonadales;s__	0.9681092685760724
fa4c720e5c1489917ee53ce6fb4dd1d5	d__Bacteria;p__Bacteroidota;c__Bacteroidia;o__Chitinophagales	0.8003689479897875
c7be53ae334a12da2433f9ca036ea910	d__Bacteria;p__Bacteroidota;c__Bacteroidia	0.9982892245761303
c9c429790093ebe502a33a9e8c6b8e56	d__Bacteria;p__Chloroflexi;c__SL56_marine_group;o__SL56_marine_group;f__SL56_marine_group;g__SL56_marine_group;s__	0.999356130746
f8b89acb118fb00b91bf4cb8e5a01d0a	d__Bacteria;p__Proteobacteria;c__Alphaproteobacteria;o__SAR11_clade;f__Clade_III;g__Clade_III;s__	0.9999663796163937
f1afaf423df6a5ddc0c6d9960dd1b498	d__Bacteria;p__Bacteroidota;c__Bacteroidia;o__Flavobacteriales;f__Flavobacteriaceae;g__Hoppeia;s__	0.7133949779661524
ae27af49e5dc40e27d802d87cccca73a	d__Bacteria;p__Bdellovibrionota;c__Bdellovibrionia;o__Bdellovibrionales;f__Bdellovibrionaceae;g__Bdellovibrio;s__	0.9975876340677983
e06cd42051598fbcae42d6798baf0dcc	d__Eukaryota;p__Ciliophora;c__Intramacronucleata;o__Litostomatea;f__Mesodiniidae;g__Myrionecta;s__	0.9999907697651002
3bdf2c0a740538e5ab830ab311dd8dd9	d__Bacteria	0.9981417303569655
41041d90acae149291cc518bfc90a80a	d__Bacteria;p__Proteobacteria;c__Gammaproteobacteria;o__Burkholderiales;f__T34;g__T34;s__	0.9007835630824081
07fc9392be3df661e71a5107976b3a25	d__Bacteria;p__Bacteroidota;c__Bacteroidia;o__Chitinophagales	0.9196047677002743
f055dc04a557fc187a5375de790d75fe	d__Bacteria;p__Dependentiae;c__Babeliae;o__Babeliales	0.9893239527111098
a17daadf95746843ec1b07e0f01db177	d__Bacteria;p__Bacteroidota;c__Bacteroidia;o__Flavobacteriales	0.7424012481284037
c8d45307b65700909829e427e791318f	d__Bacteria;p__Elusimicrobiota;c__Lineage_IIa;o__Lineage_IIa;f__Lineage_IIa;g__Lineage_IIa;s__	0.9991038475170965
b69472c252f31fb1be83e67b817149d6	d__Bacteria;p__Bacteroidota;c__Bacteroidia;o__Flavobacteriales;f__Crocinitomicaceae;g__Fluviicola;s__	0.9948899646721397
225671974076a97323db172167cf4c69	d__Bacteria;p__Cyanobacteria;c__Cyanobacteriia;o__Chloroplast;f__Chloroplast;g__Chloroplast;s__	0.98055985025157
05227e387a335776ed9d3d7c9e062b35	d__Bacteria;p__Proteobacteria;c__Alphaproteobacteria;o__Paracaedibacterales;f__Paracaedibacteraceae;g__uncultured;s__	0.968588297251459
b7ffc3e655a562b246748c63f7b850bc	d__Bacteria;p__Proteobacteria;c__Alphaproteobacteria;o__Rickettsiales;f__Rickettsiaceae	0.9865874597878361
10eb1197f2fe8857b04165ff89b24763	d__Bacteria;p__Proteobacteria;c__Alphaproteobacteria;o__Rickettsiales;f__Mitochondria;g__Mitochondria;s__	0.9022180960381924
afb3e6f16647b932362fcce9951a689c	d__Bacteria;p__Bacteroidota;c__Bacteroidia;o__Sphingobacteriales;f__Lentimicrobiaceae;g__Lentimicrobiaceae;s__	0.9446523180041971
3061662f911aa1811cc6b3bbd4c8ce27	d__Bacteria	0.9989668370846319
0439739ba0b5542ffe3c339b58c351c3	d__Bacteria;p__Bacteroidota;c__Bacteroidia;o__Chitinophagales;f__Saprospiraceae	0.9824191323436692
7866ef92b3073bce084552f4a8c96fd5	d__Bacteria;p__Proteobacteria;c__Alphaproteobacteria;o__Rickettsiales;f__Mitochondria;g__Mitochondria;s__	0.8816999304284435
845331e74cdf72c60725c64a685e7a43	d__Bacteria;p__Proteobacteria;c__Alphaproteobacteria	0.8070783032703954
532ed4138a93253836a0e8f0318e8b67	d__Bacteria;p__Zixibacteria;c__Zixibacteria;o__Zixibacteria;f__Zixibacteria;g__Zixibacteria;s__	0.9858227405322456
6773fd20d7ff581582fafd8fc6fb7d5b	d__Bacteria;p__Bacteroidota;c__Bacteroidia	0.9999568869383046
6dba8f2166a86af3f3f22c2200bf191f	d__Bacteria;p__Proteobacteria;c__Alphaproteobacteria;o__Rickettsiales;f__Mitochondria;g__Mitochondria;s__	0.9875636829326252
76fbf0f1f05672fbc3d0eb8b085ff849	d__Bacteria;p__Verrucomicrobiota;c__Verrucomicrobiae;o__Verrucomicrobiales;f__DEV007;g__DEV007;s__	0.9781703944927963
c6b12191a186ae747175222aed7bf462	d__Bacteria;p__Planctomycetota;c__Planctomycetes;o__Pirellulales;f__Pirellulaceae	0.998857265896299
0999d1f888855ccc8d9366f17c9c28b0	d__Bacteria;p__Proteobacteria;c__Gammaproteobacteria;o__Enterobacterales	0.9478467825205836
662c3d7ae2ce02dfdb97b1bd24ee3f99	d__Bacteria;p__Proteobacteria;c__Gammaproteobacteria;o__Pseudomonadales;f__KI89A_clade;g__KI89A_clade;s__	0.9976046570014911
3f0cbb46370de9974127156b064c7195	d__Bacteria;p__WS2;c__WS2;o__WS2;f__WS2;g__WS2;s__	0.9992884122569791
8359dfa9ad782c5a4601d8d7e42bf37c	d__Bacteria;p__Proteobacteria;c__Alphaproteobacteria;o__Kiloniellales;f__Kiloniellaceae;g__Tistlia;s__	0.763609107414994
f68b3e2cf659227710f1732528d23cc5	d__Bacteria;p__Cyanobacteria;c__Cyanobacteriia;o__Cyanobacteriales;f__Cyanobacteriaceae;g__Geminobacterium;s__	0.9855530489518776
33ede11378ea2ed9d6e1e5762af663b8	d__Bacteria	0.9997145489174954
5a28089c98d51a25f21dc556efacd348	d__Bacteria;p__Verrucomicrobiota	0.7258997794447107
7d48f9e8c21abc42a4079f58c480c5d4	d__Bacteria;p__Proteobacteria;c__Alphaproteobacteria;o__Rickettsiales;f__Mitochondria;g__Mitochondria;s__	0.9928403158466661
d884845805220f1a45d558a2261da964	d__Bacteria;p__Bacteroidota;c__Bacteroidia;o__Cytophagales;f__Flammeovirgaceae;g__Rapidithrix;s__	0.7685850367897252
40aee104ed448f13cff277041d6b8b99	d__Bacteria;p__Myxococcota;c__Myxococcia;o__Myxococcales;f__Myxococcaceae;g__P3OB-42;s__	0.9280654492829226
c0407baa915aeca35951f0e4effe4a64	d__Bacteria;p__Latescibacterota;c__Latescibacteria;o__Latescibacterales;f__Latescibacteraceae;g__Latescibacteraceae;s__	0.9827702820171503
40f4d61d813c79aed60ae11ced7c87c1	d__Bacteria;p__Firmicutes;c__Clostridia;o__Lachnospirales;f__Lachnospiraceae	0.8840658863192274
b72d4e152e486bd91fa4a02558d32e57	d__Bacteria;p__Cyanobacteria;c__Cyanobacteriia;o__Cyanobacteriales;f__Xenococcaceae;g__Xenococcus_PCC-7305;s__	0.9934590864974419
91a56bc424caa4cd91965e96073f5bef	d__Bacteria;p__Proteobacteria;c__Alphaproteobacteria;o__Rickettsiales;f__Mitochondria;g__Mitochondria;s__	0.9935596397630291
de110456a8d34b21a29c1caf41c59bb9	d__Bacteria;p__Bacteroidota;c__Bacteroidia;o__Chitinophagales;f__uncultured;g__uncultured;s__	0.9522350272302857
ff4d910db896bafc9dfff39c2cdad9b7	d__Bacteria;p__Bacteroidota;c__Bacteroidia;o__Flavobacteriales	0.7279473044037728
31210ac831590d602adcd3aa565edc96	d__Bacteria;p__Cyanobacteria;c__Cyanobacteriia;o__Chloroplast;f__Chloroplast;g__Chloroplast;s__	0.9944928893308341
1d7f85a77cbe319ad54f70a85d53df8d	d__Bacteria;p__Bacteroidota;c__Bacteroidia;o__Bacteroidales;f__Bacteroidetes_BD2-2;g__Bacteroidetes_BD2-2;s__	0.9351052480896255
3076e5aa5610c005bacd6c845876d0c6	d__Bacteria;p__Acidobacteriota;c__Subgroup_5;o__Subgroup_5;f__Subgroup_5;g__Subgroup_5;s__	0.9964955569436145
c06604dab5ddddc2608e1213aebb42dd	d__Bacteria;p__Bacteroidota;c__Bacteroidia;o__Bacteroidetes_VC2.1_Bac22;f__Bacteroidetes_VC2.1_Bac22;g__Bacteroidetes_VC2.1_Bac22;s__	0.8900976381309169
d0cb4ff9cfca1c44cf092ee9ae4d5c83	d__Bacteria;p__Bacteroidota;c__Ignavibacteria;o__Ignavibacteriales	0.9916381157170647
4ed3a1a048215e1e3361a0cadaa8fb62	d__Bacteria;p__Proteobacteria;c__Alphaproteobacteria;o__Rickettsiales;f__Mitochondria;g__Mitochondria;s__	0.9716756317462489
8e00b5fb7c1fbb7acd7b9df0d8cf2967	d__Bacteria	0.9991527264090025
32ad0a30e9bfba9761a30ac6d848a74c	d__Bacteria	0.9900361680935494
025265c515abcef75d19713a48d0a52a	d__Bacteria;p__Bacteroidota;c__Bacteroidia;o__Cytophagales;f__Microscillaceae;g__uncultured;s__	0.8671494491540166
b5d5b35fa7bee814813d68127d15c1d1	d__Bacteria;p__Bacteroidota;c__Bacteroidia;o__Cytophagales;f__Microscillaceae;g__uncultured;s__	0.9947957194044591
28136119c82112cfffd701b5b305b6fc	d__Bacteria;p__Proteobacteria;c__Alphaproteobacteria;o__SAR11_clade;f__Clade_III;g__Clade_III;s__	0.9999999026420928
b3361ffdd63075c48ead4361ffddab60	d__Archaea;p__Euryarchaeota;c__Methanobacteria;o__Methanobacteriales;f__Methanobacteriaceae;g__Methanobacterium;s__	0.959002712763963
47697624e0dec0f9731972002f64e1db	d__Bacteria;p__Proteobacteria;c__Alphaproteobacteria;o__Rickettsiales;f__Mitochondria;g__Mitochondria;s__	0.7765800024776941
5ca808775c9eb702e033686e4edc0b49	d__Bacteria;p__Chloroflexi;c__Anaerolineae;o__Anaerolineales;f__Anaerolineaceae;g__Anaerolinea;s__	0.9968696803784615
3defd3af044cdc5ce704f94c875e931e	d__Bacteria;p__Verrucomicrobiota;c__Verrucomicrobiae;o__Pedosphaerales;f__Pedosphaeraceae;g__SCGC_AAA164-E04;s__	0.8794681849810069
193237a7b4177e005abcbf4bfa52b6ff	d__Bacteria	0.9999983045086187
a2dcd44e23e9796928ce86bd2fa56545	d__Bacteria	0.9999619719203029
9660812360af25b403f45dfe936f3e2e	d__Bacteria;p__Bacteroidota;c__Bacteroidia;o__Chitinophagales;f__Saprospiraceae;g__Saprospira;s__	0.9998150313738734
2db1adb8da0c9c83f218b8ece4ed50b0	d__Bacteria;p__Bacteroidota;c__Bacteroidia	0.9808350561209028
215b629da14fe348fa5a072b108fa67e	d__Bacteria;p__Bacteroidota;c__Bacteroidia	0.9924505105823163
fca5a7b769b08ea81a2fa324e3dfc33d	d__Bacteria;p__Planctomycetota;c__Phycisphaerae;o__Phycisphaerales;f__Phycisphaeraceae;g__Urania-1B-19_marine_sediment_group;s__	0.9977894473887834
59871fbdf5b7003fad1d72aa0a4bb92b	d__Bacteria;p__Bacteroidota;c__Bacteroidia;o__Flavobacteriales;f__Flavobacteriales;g__Flavobacteriales;s__	0.9943537549323418
d57b70a7a83f677fc755654ed4a4eb82	d__Bacteria;p__Bacteroidota;c__Bacteroidia;o__Flavobacteriales	0.8987703408057484
3538fe14dac058da86ac8ec4993cb87b	d__Bacteria;p__Bacteroidota;c__Bacteroidia;o__Bacteroidales;f__Marinilabiliaceae;g__Carboxylicivirga;s__	0.8918732445278706
a7a4dc90806ec473e3df6b2a60110853	d__Bacteria;p__Firmicutes;c__Bacilli;o__Erysipelotrichales;f__Erysipelotrichaceae;g__ZOR0006;s__	0.8900161792736626
5e603ce86e5f21a984bed5712de05348	d__Bacteria;p__Bacteroidota;c__Bacteroidia;o__Chitinophagales;f__Saprospiraceae	0.9950087289671509
fb23c8e26dd6827214bf23c2a89e4fe2	d__Bacteria;p__Acidobacteriota;c__Vicinamibacteria;o__Vicinamibacterales;f__uncultured;g__uncultured;s__	0.9432993422765288
fdf137820be63bcf34394c7fcdce3e8d	d__Bacteria;p__Planctomycetota	0.9723011472531442
6c85f9aa04d675319c72d7cb52028a06	d__Bacteria;p__Chloroflexi;c__Anaerolineae;o__SBR1031;f__A4b;g__A4b;s__	0.9610689304135656
5ce119d8fa92f2a8a35d011b74a86c7d	d__Bacteria;p__Proteobacteria;c__Gammaproteobacteria	0.994597263784612
92ef4217b1f821ba9afdf92ba49c5d9b	d__Bacteria;p__Bacteroidota;c__Bacteroidia;o__Chitinophagales;f__uncultured;g__uncultured;s__	0.7740092768063705
0e194253dd9774006fbda5c98143fd21	d__Bacteria;p__Bacteroidota;c__Bacteroidia;o__Flavobacteriales;f__NS7_marine_group;g__NS7_marine_group;s__	0.9975607607367888
58b6988afe6436d5881e00b5a2e26468	d__Bacteria;p__Proteobacteria;c__Alphaproteobacteria;o__Rickettsiales;f__Mitochondria;g__Mitochondria;s__	0.938944024792779
ea3c1c5020314c0cea2ed740772ebb81	d__Bacteria;p__Proteobacteria;c__Alphaproteobacteria;o__Rickettsiales;f__Mitochondria;g__Mitochondria;s__	0.9217458046861214
35706c75cf2b9bcd8634b1a84a40ad9b	d__Bacteria;p__Bacteroidota;c__Bacteroidia;o__Chitinophagales;f__Saprospiraceae;g__uncultured;s__	0.7170551788880968
224ec54df86b059d1187afdf09e3c3ea	d__Bacteria;p__Proteobacteria;c__Gammaproteobacteria	0.9977313988010996
3d4ebecab9c72d911e72bf2e603c26e3	d__Bacteria;p__Bacteroidota;c__Bacteroidia;o__Flavobacteriales;f__Flavobacteriaceae	0.9999929128764562
8f42e7bcd20069922a150383e8446c41	d__Bacteria;p__Sva0485;c__Sva0485;o__Sva0485;f__Sva0485;g__Sva0485;s__	0.9548548686241028
ee33f4c0ab1b76d3431822917eceb2b9	d__Bacteria;p__Bacteroidota;c__Bacteroidia;o__Chitinophagales;f__Saprospiraceae;g__Aureispira;s__	0.9966254784054157
b273384849b9c2af34b6d9728660f610	d__Bacteria;p__Proteobacteria;c__Gammaproteobacteria;o__Burkholderiales;f__T34;g__T34;s__	0.908388594836102
db165db0b33742bc1c432199481dafb8	d__Bacteria;p__Bacteroidota;c__Bacteroidia;o__Flavobacteriales;f__Flavobacteriaceae;g__NS3a_marine_group;s__	0.9722601908817229
dcabf555ee4a4e1eda37c3ece7a223d6	d__Bacteria;p__Proteobacteria;c__Gammaproteobacteria;o__Coxiellales;f__Coxiellaceae;g__Coxiella;s__	0.901111362915933
62c00fec4b7594a790abee1414fd8f3a	d__Bacteria;p__Bacteroidota;c__Bacteroidia;o__Bacteroidales;f__Marinilabiliaceae	0.7008090597068544
ad6b32ff9e0d774387b31936d4512a11	d__Bacteria;p__Planctomycetota;c__Planctomycetes;o__Pirellulales;f__Pirellulaceae;g__uncultured;s__	0.9794337098958915
40ba758b54042eabdc8712a8f8a2932b	d__Bacteria;p__Chloroflexi;c__Anaerolineae;o__Anaerolineales;f__Anaerolineaceae	0.9818525762099686
4bc64f1dd66f810481d2c8e8f63c8afc	d__Bacteria;p__Desulfobacterota;c__Desulfobaccia;o__Desulfobaccales;f__Desulfobaccaceae;g__Desulfobacca;s__	0.9481535258881071
23a3059b1c59e96be357504b2eaa3246	d__Bacteria;p__Verrucomicrobiota	0.9526207024007278
bca60a53b844bf8794f7243d74fe271b	d__Bacteria;p__Proteobacteria;c__Gammaproteobacteria;o__PLTA13;f__PLTA13;g__PLTA13;s__	0.9995825501018062
37d1720650b9b9bc1d3856ff1957f618	d__Bacteria;p__Bacteroidota;c__Bacteroidia;o__Bacteroidales;f__Prolixibacteraceae;g__uncultured;s__	0.9746198719662107
ceaec582879655dc2afe6e0b5c8ba864	d__Bacteria;p__Proteobacteria;c__Gammaproteobacteria;o__Thiotrichales;f__Thiotrichaceae;g__Thiothrix;s__	0.9984725610038665
73e15997d842c9dd3646c82d049233d1	d__Archaea;p__Crenarchaeota;c__Nitrososphaeria;o__Nitrosopumilales;f__Nitrosopumilaceae;g__Nitrosarchaeum;s__	0.8349671147384637
1920ecd0f120ce9597e0b387f02bd417	d__Bacteria;p__Acidobacteriota;c__Aminicenantia;o__Aminicenantales;f__Aminicenantales;g__Aminicenantales;s__	0.9994697011477526
5dd3f13a53d6cad3b9fe3cc702f1ad3d	d__Bacteria;p__Proteobacteria;c__Gammaproteobacteria	0.9909760576732283
48d775d31700105baa60aee8317296da	d__Bacteria;p__Verrucomicrobiota;c__Omnitrophia;o__Omnitrophales;f__Omnitrophaceae;g__Candidatus_Omnitrophus;s__	0.7087012163997578
dc46175da077460501672ee8bc0c8aa2	d__Bacteria;p__Desulfobacterota;c__Desulfovibrionia;o__Desulfovibrionales;f__Desulfovibrionaceae;g__Halodesulfovibrio;s__	0.9999978827678678
623a3083b696c8e72337cc30f4c76eff	d__Bacteria;p__Proteobacteria;c__Gammaproteobacteria;o__Pseudomonadales;f__OM182_clade;g__OM182_clade;s__	0.9601015704516285
aa42e9373914b6709e6ae5a83fb2e07c	d__Bacteria;p__Actinobacteriota;c__Actinobacteria;o__Euzebyales;f__Euzebyaceae;g__uncultured;s__	0.988429753681703
2dd816e24b27ef86d984d087e730b82b	d__Bacteria;p__Proteobacteria;c__Alphaproteobacteria;o__Micavibrionales;f__Micavibrionaceae;g__uncultured;s__	0.9099840139149397
1091722de1e9cb0bf5f046617f0b8cc8	d__Bacteria;p__Bdellovibrionota;c__Bdellovibrionia;o__Bdellovibrionales;f__Bdellovibrionaceae;g__Bdellovibrio;s__	0.9948130308906962
a6ea1c0300ac6d4b8fd0a6f3af466b13	d__Bacteria;p__Proteobacteria;c__Alphaproteobacteria;o__Rickettsiales;f__Mitochondria;g__Mitochondria;s__	0.988182005082665
2da2629729e3ba67773527b6c94800e3	d__Bacteria;p__Planctomycetota;c__Planctomycetes;o__Planctomycetales;f__Rubinisphaeraceae;g__SH-PL14;s__	0.8916022626398015
04bf539b6f6ad4128b5b6c3ce7f84222	d__Archaea;p__Halobacterota;c__Halobacteria;o__Halobacterales;f__Haloferacaceae;g__Halogranum;s__	0.8155902570995824
3241828213054e6fff0e7c0b5bd38ed1	d__Bacteria;p__Desulfobacterota;c__Desulfuromonadia;o__Bradymonadales;f__Bradymonadales;g__Bradymonadales;s__	0.9888144509513935
9843201f35d141ea08fc4b2a53a4df4f	d__Bacteria;p__Patescibacteria;c__Saccharimonadia;o__Saccharimonadales;f__Saccharimonadales;g__Saccharimonadales;s__	0.9983862572566433
e1b6c3d2399c34b9b4e48ef4c5e70b15	d__Bacteria;p__Bacteroidota;c__Bacteroidia;o__Flavobacteriales;f__Flavobacteriaceae;g__Nonlabens;s__	0.9997117621222353
e70be5bcbfdc78e8cb5195ed2ffa9962	d__Bacteria;p__Proteobacteria;c__Gammaproteobacteria;o__Thiomicrospirales;f__Thiomicrospiraceae;g__Thiomicrorhabdus;s__	0.9827778916830743
f766649b7a86c023b80178f3180f2bf2	d__Bacteria;p__Chloroflexi;c__Anaerolineae;o__SBR1031;f__A4b;g__A4b;s__	0.9973288621883617
73a2c487230d911893bd274f7763a1c4	d__Bacteria;p__Proteobacteria;c__Gammaproteobacteria;o__Pseudomonadales	0.748146778774114
0299e78df9d32548adb48cf782f44724	d__Bacteria;p__Planctomycetota;c__028H05-P-BN-P5;o__028H05-P-BN-P5;f__028H05-P-BN-P5;g__028H05-P-BN-P5;s__	0.9737928753795896
2a3403bf8d1311b82db0738b1c258a45	d__Bacteria;p__Bacteroidota;c__Ignavibacteria;o__Ignavibacteriales	0.991238324577706
b51c6f07542383c46c0be8bb3c2d225e	d__Bacteria;p__Actinobacteriota;c__Acidimicrobiia;o__Microtrichales	0.9526038754903523
d1d21d7c540350daccdef53059905070	d__Bacteria;p__Proteobacteria;c__Alphaproteobacteria;o__Rickettsiales;f__Mitochondria;g__Mitochondria;s__	0.719425462364225
43de0dc7f738637a9262bec6069d7fc8	d__Bacteria;p__Planctomycetota;c__Planctomycetes;o__Pirellulales;f__Pirellulaceae;g__Pirellula;s__	0.846771769736735
22b1f02b8968306f802f722122c619fa	d__Bacteria;p__Proteobacteria;c__Gammaproteobacteria;o__Diplorickettsiales;f__Diplorickettsiaceae;g__Rickettsiella;s__	0.9783106264747572
ac6a68254b3be9d162a1dd2a43cb526f	d__Bacteria;p__Spirochaetota;c__Spirochaetia;o__Spirochaetales;f__Spirochaetaceae;g__Spirochaeta;s__	0.8867393057133325
c63e1f52a45f2c8de91a3f8f49338f7d	d__Bacteria;p__Proteobacteria;c__Alphaproteobacteria;o__Rickettsiales;f__Mitochondria;g__Mitochondria;s__	0.973905318805208
e41d5413ac5878a82010f6f87d5ccd6e	d__Bacteria;p__Chloroflexi;c__SL56_marine_group;o__SL56_marine_group;f__SL56_marine_group;g__SL56_marine_group;s__	0.9999992896908304
50be88760bd6011a063c25cf4a2265d7	d__Bacteria	0.9840415061044784
b99f23d4c14aaddea5974aeffd9684a5	d__Bacteria;p__Verrucomicrobiota;c__Verrucomicrobiae;o__Verrucomicrobiales;f__Verrucomicrobiaceae;g__uncultured;s__	0.9999079626547973
30d3377f814a4576fd39385f393b9834	d__Bacteria;p__SAR324_clade(Marine_group_B);c__SAR324_clade(Marine_group_B);o__SAR324_clade(Marine_group_B);f__SAR324_clade(Marine_group_B);g__SAR324_clade(Marine_group_B);s__	0.9297438205151366
fe973d12a733d216ff05cc008773bc52	d__Bacteria;p__Planctomycetota;c__Planctomycetes	0.9709896256336024
6de00b84f882903ee6535f07ce7be0ce	d__Archaea;p__Crenarchaeota;c__Nitrososphaeria;o__Nitrososphaerales;f__Nitrososphaeraceae;g__Nitrososphaeraceae;s__	0.8089219670548665
c861f764064da170ea6fcfcaab589d79	d__Bacteria;p__Planctomycetota;c__OM190;o__OM190;f__OM190;g__OM190;s__	0.8615621988084933
c9ba58bae27e304bfe89c7f64424c0b0	d__Archaea	0.860703624823745
4c10c604f28ba8c70fec39a4dc20bab1	d__Bacteria;p__Bacteroidota;c__Bacteroidia;o__Sphingobacteriales;f__AKYH767;g__AKYH767;s__	0.93305489828217
9ce5afc10a3928f4744c41bda8bec8d8	d__Bacteria;p__Proteobacteria;c__Gammaproteobacteria	0.9751979072741286
bf8d125acde9302e826aba2f07d320ce	d__Bacteria;p__Bacteroidota;c__Bacteroidia;o__Chitinophagales;f__uncultured;g__uncultured;s__	0.7232555605953224
7c951a7168343ac0276b7e1cc1ec7097	d__Bacteria;p__Proteobacteria;c__Alphaproteobacteria;o__Rickettsiales;f__Mitochondria;g__Mitochondria;s__	0.8146269561627821
00a66363aae24f419581ad68613f82f7	d__Bacteria;p__Bacteroidota;c__Bacteroidia	0.999863141806824
8d93e6ffb2afe00da134b1461996479e	d__Bacteria;p__Bacteroidota;c__Bacteroidia	0.9998870893426708
2e8f77d34162a0983bb6e73eb484e561	d__Bacteria;p__Proteobacteria;c__Gammaproteobacteria;o__Pseudomonadales;f__Thioglobaceae;g__SUP05_cluster;s__	0.7626940167475127
0c96ad437aa2134bb9178abed1343ba5	d__Bacteria;p__Bacteroidota;c__Bacteroidia	0.997066157751336
f8914912c415235fbea9f7860fca9c82	d__Bacteria;p__Proteobacteria;c__Gammaproteobacteria	0.9949988202613511
c595602c53e4e1ef04398fd57044acd7	d__Bacteria;p__Proteobacteria;c__Alphaproteobacteria;o__Micavibrionales	0.862691838765101
0460c40bf749904cba6a2d7e5d8d3354	d__Bacteria;p__Bacteroidota;c__Bacteroidia;o__Cytophagales;f__Flammeovirgaceae;g__Flexithrix;s__	0.9991410162730328
aa5dd993b41510257938f2aff4ff6871	d__Bacteria;p__Proteobacteria;c__Alphaproteobacteria;o__Rhizobiales;f__Devosiaceae;g__Devosia;s__	0.8862902282967466
d1d431f2e9abbf44984c92365e0d4925	d__Bacteria;p__Proteobacteria;c__Alphaproteobacteria;o__Rickettsiales;f__Mitochondria;g__Mitochondria;s__	0.8574551596418386
94b8e9b80561699c2f4a05b14eec263d	d__Bacteria;p__Verrucomicrobiota;c__Lentisphaeria;o__Victivallales;f__BD2-3;g__BD2-3;s__	0.9996173737703493
0315c358fedc6333d6765a56ba3e29cf	d__Bacteria;p__Verrucomicrobiota;c__Verrucomicrobiae;o__Verrucomicrobiales;f__DEV007;g__DEV007;s__	0.7718552435702519
cb36408a707ea3711e2796247300dec7	d__Bacteria;p__Calditrichota;c__Calditrichia;o__Calditrichales;f__Calditrichaceae;g__Calditrichaceae;s__	0.8264363663876003
8c66b8b879ee305dbce990231c657d33	d__Bacteria;p__Verrucomicrobiota;c__Chlamydiae;o__Chlamydiales;f__cvE6;g__cvE6;s__	0.9889752676003741
e663ea62ce4996444bac5f90c33b7529	d__Archaea;p__Nanoarchaeota;c__Nanoarchaeia;o__Woesearchaeales;f__SCGC_AAA286-E23;g__SCGC_AAA286-E23;s__	0.9896933488704863
23f4010fc164feb49f0b96e04533dfc0	d__Bacteria;p__Bacteroidota;c__Bacteroidia	0.9992797914077539
7c38cd715ffbca458f4d11941b19b8e2	d__Bacteria;p__Planctomycetota;c__Planctomycetes;o__Planctomycetales;f__Rubinisphaeraceae;g__Planctomicrobium;s__	0.9999772580088343
66bd1b4ca9e5c8b65376973be7ee9cf9	d__Bacteria;p__Proteobacteria;c__Alphaproteobacteria;o__Rickettsiales;f__Mitochondria;g__Mitochondria;s__	0.9376527019535448
4eb10726f657dc3526f3e0d362ec2d48	d__Bacteria;p__Proteobacteria;c__Alphaproteobacteria;o__Rickettsiales;f__Mitochondria;g__Mitochondria;s__	0.8040308665043494
9fbbcb61d8cfc5793cdb69704d4c9012	d__Bacteria;p__Cyanobacteria;c__Cyanobacteriia;o__Chloroplast;f__Chloroplast;g__Chloroplast;s__	0.9965178181034293
00dc37d7e2e8a23917ca405fede86348	d__Bacteria;p__Actinobacteriota;c__Acidimicrobiia;o__Actinomarinales;f__uncultured;g__uncultured;s__	0.9995717254201905
1f9263c7e5ec80854853bd5c5c4bb010	d__Bacteria;p__Bdellovibrionota;c__Oligoflexia;o__0319-6G20;f__0319-6G20;g__0319-6G20;s__	0.9372028758594334
ecc5fa61c26539d8d9401684b267a7b2	d__Bacteria;p__Patescibacteria;c__Gracilibacteria;o__Candidatus_Peregrinibacteria;f__Candidatus_Peregrinibacteria;g__Candidatus_Peregrinibacteria;s__	0.7755359272433495
46f112ad9df1d4ac1e83f2111c6ed388	d__Bacteria;p__Bacteroidota;c__Bacteroidia;o__Bacteroidales;f__Marinilabiliaceae	0.7465318347679801
2f3f798e6c5f37dcc1a90ba51af36f98	d__Bacteria;p__Patescibacteria;c__Saccharimonadia;o__Saccharimonadales;f__WWH38;g__WWH38;s__	0.9407102258449744
97f3484b417541015e0c9603008051c1	d__Bacteria	0.9987395817309404
2fe21466d0f5ecdfc7325bb0e0d43362	d__Eukaryota	0.9612350469552511
52ca6c832e347c7a64200d7a25c91f53	d__Bacteria;p__Desulfobacterota;c__Syntrophobacteria;o__Syntrophobacterales;f__Syntrophobacteraceae;g__Syntrophobacter;s__	0.8133584507178124
beceb01d9ef2a27ef9b4e1fb948c36c1	d__Bacteria;p__Planctomycetota;c__Planctomycetes;o__Pirellulales;f__Pirellulaceae;g__Blastopirellula;s__	0.9208638224026012
ef20f5ae19b15e3007be79b8a4014ee1	d__Bacteria;p__Planctomycetota;c__Planctomycetes;o__Gemmatales;f__Gemmataceae;g__uncultured;s__	0.9777820425106057
d4a140416f8368d42307e2f43db0cfe5	d__Bacteria;p__SAR324_clade(Marine_group_B);c__SAR324_clade(Marine_group_B);o__SAR324_clade(Marine_group_B);f__SAR324_clade(Marine_group_B);g__SAR324_clade(Marine_group_B);s__	0.9237323104445682
dca6996fc24d4fde2aa193284e58c860	d__Bacteria;p__Acidobacteriota;c__Acidobacteriae;o__Bryobacterales;f__Bryobacteraceae;g__Bryobacter;s__	0.919777456186268
bb28eeacf5563b8f872ac03b8cb3b5f2	d__Bacteria;p__Dependentiae;c__Babeliae;o__Babeliales	0.9998944082242379
13fab3fa6412044a8df3d9a44aa4f093	d__Bacteria;p__Spirochaetota;c__Leptospirae;o__Leptospirales;f__Leptospiraceae;g__Turneriella;s__	0.99999446632946
31e7b0b6bbb9d583136135d7e9c816f4	d__Bacteria;p__Planctomycetota;c__Planctomycetes;o__Planctomycetales;f__uncultured;g__uncultured;s__	0.9258914225655642
484545e283337808b25e9fd9dd711a90	d__Eukaryota	0.9755050530998224
176c778f76cb65ee333ff064c894a85c	d__Bacteria;p__Nitrospirota;c__Thermodesulfovibrionia;o__uncultured;f__uncultured;g__uncultured;s__	0.9971145049751514
15629f315dc5d182f5e0434e85d66967	d__Bacteria;p__Verrucomicrobiota;c__Omnitrophia;o__Omnitrophales;f__Omnitrophaceae;g__Candidatus_Omnitrophus;s__	0.9464600994025197
378ed72e1641f28725bffcf0ada33670	d__Bacteria;p__Proteobacteria;c__Alphaproteobacteria;o__Rickettsiales;f__Mitochondria;g__Mitochondria;s__	0.9747747540104436
1109a4b3fe7c702e0087120e9bb04ed4	d__Bacteria;p__Proteobacteria;c__Alphaproteobacteria;o__Rickettsiales;f__Mitochondria;g__Mitochondria;s__	0.9271155437402268
ca1a4f7cea7157e0c6bd110dac5ff74c	d__Bacteria;p__Bacteroidota;c__Bacteroidia;o__Flavobacteriales;f__Flavobacteriaceae	0.8130977362131535
fc4588cc2fa0b773d37213a2bd370f53	d__Bacteria;p__Bacteroidota;c__Bacteroidia;o__Bacteroidales	0.9387388498054543
a9db49e201ac765a9c48a6b44ad03e8b	d__Bacteria;p__Bacteroidota;c__Bacteroidia;o__Flavobacteriales	0.9530517716217883
73a1d6d9eb7a5c178064a22be5d4e11a	d__Bacteria;p__Actinobacteriota;c__Acidimicrobiia;o__Microtrichales	0.95010372822751
09cb9c8921c4d6f94c8a84b50fa1ec15	d__Bacteria;p__Bacteroidota;c__Bacteroidia	0.993909846808321
bbd6bd9b25730aefe610072dea67cf47	d__Bacteria;p__Desulfobacterota;c__Desulfuromonadia;o__Bradymonadales;f__Bradymonadales;g__Bradymonadales;s__	0.7429240448578298
2afd2d2579f1865f17db8d34fdc8d2db	d__Bacteria;p__Bacteroidota;c__Bacteroidia;o__Cytophagales;f__Amoebophilaceae;g__uncultured;s__	0.9697020837644534
21c7e76d73169bed6b212848e88be33a	d__Bacteria;p__Bdellovibrionota;c__Bdellovibrionia;o__Bdellovibrionales;f__Bdellovibrionaceae;g__OM27_clade;s__	0.9758547265489508
f0ac542661a741a69d4e823276dfa38b	d__Bacteria;p__Acidobacteriota;c__Subgroup_22;o__Subgroup_22;f__Subgroup_22;g__Subgroup_22;s__	0.7966876452014066
865bc5241de552df728930ee236c9b9a	d__Bacteria;p__Verrucomicrobiota;c__Kiritimatiellae;o__Kiritimatiellales;f__Kiritimatiellaceae;g__MSBL3;s__	0.9998902829498848
6568c6b232ece0bcd9226ae8c6cba091	d__Bacteria;p__Proteobacteria;c__Alphaproteobacteria;o__Rickettsiales;f__Mitochondria;g__Mitochondria;s__	0.9208929085314056
0bd1d1e7bda4d3ed1ffbfaf151e5b69a	d__Bacteria;p__Latescibacterota;c__Latescibacteria;o__Latescibacterales;f__Latescibacteraceae;g__Latescibacteraceae;s__	0.9796160796593391
7692916db4dd67ff4521f7e684de5ad4	d__Bacteria;p__Bacteroidota;c__Rhodothermia;o__Rhodothermales;f__Rhodothermaceae;g__uncultured;s__	0.9947015298643799
c1037f797ae8cc80a7596630d4ab9717	d__Bacteria;p__Planctomycetota;c__OM190;o__OM190;f__OM190;g__OM190;s__	0.8495851298154489
96a875b243f9673920d1f36d2a9febd7	d__Bacteria;p__Proteobacteria;c__Gammaproteobacteria;o__Pseudomonadales;f__Hahellaceae;g__Hahella;s__	0.9153677880014252
5c731eac5bafdddcdf381b12bb49b7eb	d__Bacteria;p__Bacteroidota;c__Bacteroidia;o__Chitinophagales;f__Saprospiraceae;g__Aureispira;s__	0.9999968362232917
52e531bee0f79a45144fa9a2dad2b3f9	d__Bacteria;p__Proteobacteria;c__Alphaproteobacteria;o__Rickettsiales;f__Mitochondria;g__Mitochondria;s__	0.9561620764904987
1d2b84dc24f259d79e1534ef9eca0c87	d__Bacteria;p__Bacteroidota;c__Bacteroidia;o__Chitinophagales;f__Saprospiraceae	0.8905656173974514
3d5b75a9750fb5c5771545a491b1479a	d__Bacteria	0.9985658689458026
0d1413e48e2ab950b971a6511fb5374a	d__Bacteria;p__Verrucomicrobiota;c__Verrucomicrobiae;o__Verrucomicrobiales;f__Rubritaleaceae;g__Roseibacillus;s__	0.9454484588383144
7aed4f4ba3dfb4fb8c46a1133ff6a9fd	d__Bacteria;p__Proteobacteria;c__Gammaproteobacteria	0.9717121337199202
f7aa38b3f803eaeaecbdfa94f92af1a6	d__Bacteria;p__Bacteroidota;c__Bacteroidia;o__Bacteroidales;f__Marinilabiliaceae;g__Carboxylicivirga;s__	0.830897241269538
df2f2955fbc763183481f511ae8230ac	d__Bacteria;p__Proteobacteria;c__Alphaproteobacteria;o__Rhodospirillales;f__Terasakiellaceae;g__uncultured;s__	0.8717866159735005
00ddfd3a93d9ea6458fb434ab6cc03cd	d__Bacteria;p__Hydrogenedentes;c__Hydrogenedentia;o__Hydrogenedentiales;f__Hydrogenedensaceae;g__Hydrogenedensaceae;s__	0.9867183641023516
3ef33c35a9cb6ed2dfa42e64c3f09923	d__Bacteria;p__Proteobacteria;c__Alphaproteobacteria;o__Rickettsiales;f__Mitochondria;g__Mitochondria;s__	0.9950020007510947
b23d664504dbe3232c2da9aa3e10cf67	d__Bacteria;p__Proteobacteria;c__Gammaproteobacteria;o__Diplorickettsiales;f__Diplorickettsiaceae;g__uncultured;s__	0.9636566244185139
c44c87e304544f990138b009a56fe9ef	d__Bacteria;p__Chloroflexi;c__OLB14;o__OLB14;f__OLB14;g__OLB14;s__	0.970047270188439
da4aa37bf4c3e35c8ef74de60d175b15	d__Bacteria;p__Planctomycetota;c__Planctomycetes;o__Pirellulales;f__Pirellulaceae;g__uncultured;s__	0.9278591124790372
0196e350135658098a9610c1b781bcec	d__Bacteria;p__Proteobacteria;c__Alphaproteobacteria;o__Rickettsiales;f__Mitochondria;g__Mitochondria;s__	0.9674239684460236
33b0f438a82da001e8c0e16cd40252ec	d__Bacteria;p__Proteobacteria;c__Alphaproteobacteria;o__Rickettsiales;f__Fokiniaceae;g__MD3-55;s__	0.9999968183473154
444d41538ac19fada2780bfecdf860ad	d__Bacteria;p__Bacteroidota;c__OC31;o__OC31;f__OC31;g__OC31;s__	0.97895101999753
c6f04eaed20b8cf8e40c3826c575185c	d__Bacteria;p__Sva0485;c__Sva0485;o__Sva0485;f__Sva0485;g__Sva0485;s__	0.8711439956681047
923775d50d29e583f653024822fe5392	d__Bacteria;p__Bacteroidota;c__Bacteroidia;o__Cytophagales;f__Cyclobacteriaceae;g__uncultured;s__	0.9551458687591504
cabca27705410a9a6a6bb116e8d61a12	d__Bacteria;p__Proteobacteria;c__Alphaproteobacteria;o__Rickettsiales;f__Rickettsiales;g__Candidatus_Jidaibacter;s__	0.8166833842370452
c73f419e5fadd79f82d5326474b2db50	d__Bacteria;p__Bacteroidota;c__Bacteroidia	0.999979978384088
870d335b3b44358c9a7c32ab73f9034f	d__Bacteria;p__Dependentiae;c__Babeliae;o__Babeliales;f__UBA12409;g__UBA12409;s__	0.8651393924814025
c7f1c85d3d3854dce554df840e1b6205	d__Bacteria;p__Proteobacteria;c__Alphaproteobacteria;o__Rickettsiales;f__Mitochondria;g__Mitochondria;s__	0.9915007170103007
15c8ed6a464a8def53219434781d7334	d__Bacteria;p__Verrucomicrobiota;c__Verrucomicrobiae;o__Opitutales;f__Puniceicoccaceae	0.8764523425431658
87bde60ae9c41f660fe74a7f8c017f77	d__Bacteria;p__Proteobacteria;c__Alphaproteobacteria;o__Rickettsiales;f__Mitochondria;g__Mitochondria;s__	0.9881440460438217
e0939f762810b626c396052aa1795887	d__Bacteria;p__Planctomycetota	0.9048311514401202
b7055b569d539193eb1ac77b205ca1ff	d__Bacteria;p__Proteobacteria;c__Alphaproteobacteria;o__Rhizobiales;f__Devosiaceae;g__Devosia;s__	0.9070547119997011
4fd0aa022e0a1b6997acca2e5211f02f	d__Bacteria;p__Bacteroidota;c__Bacteroidia	0.9998635031911982
046c3e2edb41a73a3728c83d772787a5	d__Bacteria;p__Bacteroidota;c__Bacteroidia	0.9999777881056496
8fa06ef4dcb1c3f50b9e8e99a8c23d36	d__Bacteria	0.9998545232542684
10bfcec41ce9e8291f9970c271f7a23a	d__Bacteria	0.9995562300402396
0f73758363509eb50d317185fcc492bc	d__Bacteria;p__Bacteroidota;c__Bacteroidia;o__Flavobacteriales;f__Cryomorphaceae;g__Luteibaculum;s__	0.9692634404422193
33ef7ee5094be5e0890f3237e6588413	d__Bacteria;p__Patescibacteria;c__Saccharimonadia;o__Saccharimonadales;f__Saccharimonadales;g__Saccharimonadales;s__	0.989867203993516
7ba9627baac38f19ed23b432344cbbde	d__Bacteria;p__Bacteroidota;c__Bacteroidia;o__Chitinophagales	0.7813418474395918
32826c21aa323d50711475d4615f9e43	d__Bacteria;p__Bacteroidota;c__Bacteroidia	0.9974723906858957
37b2b9abf5524bc321c351f0d6fa8b70	d__Bacteria;p__Planctomycetota;c__Planctomycetes;o__Planctomycetales;f__uncultured;g__uncultured;s__	0.9709913249945352
4b821dd2319c2f43a3f61eada5e83109	d__Bacteria;p__Proteobacteria;c__Alphaproteobacteria;o__Rickettsiales;f__Mitochondria;g__Mitochondria;s__	0.9527193337463907
cc53c002321df872ec772425ae56ce54	d__Bacteria;p__Proteobacteria;c__Alphaproteobacteria;o__Rickettsiales;f__Mitochondria;g__Mitochondria;s__	0.8574297276002636
aef2c28a2ea1950eee73bdcb00631225	d__Bacteria;p__Proteobacteria;c__Alphaproteobacteria;o__Rickettsiales;f__Rickettsiales;g__Candidatus_Jidaibacter;s__	0.7783687192644044
c306c13a68247eea45c16d43d2b5c4fb	d__Bacteria;p__Bacteroidota;c__Bacteroidia	0.9963354763718077
64ff9031be87f46cbe498e5c2f8adea5	d__Bacteria;p__Proteobacteria;c__Alphaproteobacteria;o__Rickettsiales;f__Mitochondria;g__Mitochondria;s__	0.9779422875993891
53a591e241dc37f38b3fda6ca2f0f207	d__Archaea;p__Crenarchaeota;c__Nitrososphaeria;o__Nitrososphaerales;f__Nitrososphaeraceae;g__Nitrososphaeraceae;s__	0.8925086580937407
e066694879d6cf7bdc1644cdd202247a	d__Bacteria	0.9991236175683516
e23b7479de53832c11a2fa919aa202df	d__Bacteria;p__Chloroflexi;c__Anaerolineae;o__SBR1031;f__A4b;g__A4b;s__	0.9950637485961188
ae51028d91149b7c2b5cf2b0e3f43898	d__Bacteria;p__Desulfobacterota	0.8241666359553159
6759db4eb60d9389891fb8dabad6350d	d__Bacteria;p__Bacteroidota;c__Bacteroidia;o__Flavobacteriales;f__Crocinitomicaceae;g__Crocinitomix;s__	0.9501519070803477
9756c3f98bcaba54f6f702a9ac3d4640	d__Bacteria;p__Proteobacteria;c__Alphaproteobacteria;o__Rickettsiales;f__Fokiniaceae;g__MD3-55;s__	0.9999987196255473
ebfba1c9ce0370ab00e3cc6aa95a386b	d__Bacteria	0.9959312063374832
cb052900bf66c1176d4edd50616730ad	d__Bacteria;p__Bacteroidota;c__Kapabacteria;o__Kapabacteriales;f__Kapabacteriales;g__Kapabacteriales;s__	0.9549862748660283
324741387b5ecd0e0607c2877f70db2d	d__Bacteria;p__Proteobacteria;c__Alphaproteobacteria;o__Rickettsiales;f__Mitochondria;g__Mitochondria;s__	0.9798741074244572
888f2dd2f7f61907e1357c1c5858f637	d__Bacteria;p__Planctomycetota;c__Planctomycetes;o__Pirellulales;f__Pirellulaceae;g__uncultured;s__	0.9309667660494536
7d45b0448ffc0cea54c8cc3e78d312d9	d__Bacteria;p__Bacteroidota;c__Bacteroidia;o__Bacteroidales;f__FTLpost3;g__FTLpost3;s__	0.9978339974831926
717ba62ad6d8e0cb3f3aeb2896b46dfc	d__Bacteria;p__Proteobacteria;c__Alphaproteobacteria;o__Rickettsiales;f__Mitochondria;g__Mitochondria;s__	0.9374301032207147
3647b206235f4120558bf3e5301d4a45	d__Bacteria;p__Firmicutes;c__Bacilli;o__Alicyclobacillales;f__Alicyclobacillaceae;g__Alicyclobacillus;s__	0.9990525455535324
9b8a3f0f5b8d3df8f22e4b6077ab19e2	d__Bacteria;p__Proteobacteria;c__Gammaproteobacteria;o__Gammaproteobacteria_Incertae_Sedis;f__Unknown_Family;g__Candidatus_Berkiella;s__	0.9850327332742791
0d8701568434ce77c1e4db30fb273dde	d__Bacteria;p__Verrucomicrobiota;c__Verrucomicrobiae;o__Pedosphaerales;f__Pedosphaeraceae	0.7655838213254322
96d73a392a11f622d17e00929d8e7f05	d__Bacteria;p__Proteobacteria;c__Gammaproteobacteria	0.700234593739045
946c694ea56f1d0bb03aafbc8fbb3e14	d__Bacteria;p__Verrucomicrobiota;c__Omnitrophia;o__Omnitrophales;f__Omnitrophaceae;g__Candidatus_Omnitrophus;s__	0.9209187663130937
7df767bd0cd9b376de585baebf0a5aea	d__Bacteria;p__Verrucomicrobiota;c__Omnitrophia;o__Omnitrophales;f__Omnitrophaceae;g__Candidatus_Omnitrophus;s__	0.9947402269904024
a94a8cb93aae3fc708c4f15e122dd256	d__Bacteria;p__Bdellovibrionota;c__Bdellovibrionia;o__Bdellovibrionales;f__Bdellovibrionaceae;g__OM27_clade;s__	0.9817603012553493
62f847420f8b5abc90c9dfc12c947547	d__Archaea;p__Nanoarchaeota;c__Nanoarchaeia;o__Woesearchaeales	0.989233130243107
c8ea7287d6ea6e24fd0ee7ba131a22ab	d__Bacteria;p__Bdellovibrionota;c__Bdellovibrionia;o__Bacteriovoracales;f__Bacteriovoracaceae	0.9997055527287959
8658505bed2fe11edf61ce58ba3004fa	d__Bacteria;p__Desulfobacterota;c__Desulfobulbia;o__Desulfobulbales	0.9953889580242443
de8ef6ec1d2874a3c3f3e6cd3f7e6363	d__Bacteria;p__Acidobacteriota;c__Subgroup_22;o__Subgroup_22;f__Subgroup_22;g__Subgroup_22;s__	0.9542968175247313
0545234c374a234a9fd5133362139038	d__Bacteria;p__Patescibacteria;c__Saccharimonadia;o__Saccharimonadales;f__Saccharimonadales;g__Saccharimonadales;s__	0.8259207931765049
1a901ea9db7abf16d7517230363bb6e0	d__Bacteria;p__Bdellovibrionota;c__Bdellovibrionia;o__Bacteriovoracales;f__Bacteriovoracaceae;g__Peredibacter;s__	0.9953803542508528
a30dba7e800dd90095642613936f8e05	d__Bacteria;p__Proteobacteria;c__Alphaproteobacteria;o__Rickettsiales	0.9078841637122812
61465cffa46cb8ddb73b81363955946e	d__Bacteria;p__Chloroflexi;c__Anaerolineae;o__Ardenticatenales;f__uncultured;g__uncultured;s__	0.988391442960074
51ad478affb7d0652b116ce293d2d285	d__Bacteria;p__Bdellovibrionota;c__Bdellovibrionia;o__Bacteriovoracales;f__Bacteriovoracaceae	0.99612020774254
46779c075d4a7c50f9d34654c498e619	d__Bacteria;p__Verrucomicrobiota;c__Verrucomicrobiae;o__Chthoniobacterales;f__Chthoniobacteraceae;g__Chthoniobacter;s__	0.9946733397752773
ee7a9365bb8abfa9b0be2da2078af491	d__Bacteria;p__Proteobacteria;c__Gammaproteobacteria;o__Gammaproteobacteria_Incertae_Sedis;f__Unknown_Family	0.7601611910412093
04e1e9765b9a3f11fd4cbd326089a7ab	d__Bacteria;p__Proteobacteria;c__Alphaproteobacteria;o__Rickettsiales;f__Mitochondria;g__Mitochondria;s__	0.9593917216701852
45142486c4ae8c515c4f54c39fdf74a4	d__Bacteria;p__Bacteroidota;c__Bacteroidia;o__Chitinophagales;f__uncultured;g__uncultured;s__	0.7465482650508899
56e6fe2ca972a1c0304a99032eb38e4c	d__Bacteria;p__Proteobacteria;c__Alphaproteobacteria;o__Rickettsiales;f__Mitochondria;g__Mitochondria;s__	0.985470708531473
bad26fef81aea1657069b333cc3c91c4	d__Bacteria;p__Zixibacteria;c__Zixibacteria;o__Zixibacteria;f__Zixibacteria;g__Zixibacteria;s__	0.9883457089469183
d257e9e1b6d3f1c65463d3cc889788d7	d__Bacteria;p__Proteobacteria;c__Alphaproteobacteria;o__Rickettsiales;f__Mitochondria;g__Mitochondria;s__	0.979328445593043
9fe735a604ff49fbc5b1c5261a76e2da	d__Bacteria;p__Bdellovibrionota;c__Bdellovibrionia;o__Bdellovibrionales;f__Bdellovibrionaceae;g__OM27_clade;s__	0.9761424203136496
20b34c8666677789ae502352a3f44f49	d__Bacteria;p__Verrucomicrobiota;c__Chlamydiae;o__Chlamydiales;f__cvE6;g__cvE6;s__	0.9906712191957963
636ca44536dc8ff62277bbbaf6dec24b	d__Bacteria	0.9986972632968353
c105b05f5ee752ea4ae4294bf8db3e86	d__Bacteria;p__Bacteroidota;c__Bacteroidia;o__Flavobacteriales;f__Flavobacteriaceae	0.9977076024487288
c077aa4d35aad26adf79334688c8f94d	d__Archaea;p__Crenarchaeota;c__Bathyarchaeia;o__Bathyarchaeia;f__Bathyarchaeia;g__Bathyarchaeia;s__	0.9969594906023685
706e7ef8a3d92fb5f3db69d632b631eb	d__Bacteria;p__Proteobacteria;c__Alphaproteobacteria;o__Sneathiellales;f__Sneathiellaceae;g__Sneathiella;s__	0.9999338320090363
932304e6905fede499f3facdcfe92709	d__Bacteria;p__Chloroflexi;c__Dehalococcoidia;o__MSBL5;f__MSBL5;g__MSBL5;s__	0.9947788078928845
0542c85e91e927263de108c3861f7733	d__Bacteria;p__Firmicutes;c__Bacilli;o__Izemoplasmatales;f__Izemoplasmatales;g__Izemoplasmatales;s__	0.9353298052386362
e4c6847ce2138fc3f0cf3149b499e4f1	d__Bacteria;p__Bacteroidota;c__Bacteroidia;o__Cytophagales;f__Flammeovirgaceae;g__Flexithrix;s__	0.9658490793894953
f93648afda2eb9eb21051a2c1941aa63	d__Bacteria;p__Proteobacteria;c__Alphaproteobacteria;o__Rickettsiales;f__Mitochondria;g__Mitochondria;s__	0.9800082031028795
3d308f827f7d1a1c55ed659014610bde	d__Eukaryota	0.9309732552918162
299191ff1ed7cae68f4ab0f2a4c78406	d__Bacteria;p__Planctomycetota;c__Phycisphaerae;o__Phycisphaerales;f__Phycisphaeraceae;g__CL500-3;s__	0.9898132097355417
d2f44c913007ae4bce9582835650d79b	d__Bacteria;p__Planctomycetota;c__Planctomycetes;o__Pirellulales;f__Pirellulaceae;g__uncultured;s__	0.7976307235883527
67291e981e7b8fbc394bb53de916aed2	d__Bacteria;p__Verrucomicrobiota	0.94404221792989
f3c31d4ca9da3d700172c1ba3ee25a6b	d__Bacteria;p__Bacteroidota;c__Bacteroidia;o__Cytophagales;f__Cyclobacteriaceae;g__uncultured;s__	0.9113253867830999
0322bee33be1bf2e37a6624a7d91f325	d__Bacteria;p__Bacteroidota;c__Bacteroidia;o__Bacteroidales	0.9860400513613401
eb57020116a750bb17aa85f45ae09e62	d__Bacteria;p__Proteobacteria;c__Gammaproteobacteria;o__Pseudomonadales;f__Spongiibacteraceae;g__BD1-7_clade;s__	0.7468879618473147
8036e93078fbd7d3ecc8df53ea5c17b6	d__Bacteria;p__Planctomycetota;c__Phycisphaerae;o__MSBL9;f__GWC2-45-44;g__GWC2-45-44;s__	0.9242697197491025
17d6b54695b7225d6c0b1690987efc98	d__Bacteria;p__Verrucomicrobiota;c__Omnitrophia;o__Omnitrophales;f__Omnitrophaceae;g__Candidatus_Omnitrophus;s__	0.8264060680637535
037e1c49c470fb3441bdd5f71331d86a	d__Archaea	0.8681911179404855
c81c47546d1910124f2aaa255b667284	d__Bacteria;p__Dependentiae;c__Babeliae;o__Babeliales;f__Babeliales;g__Babeliales;s__	0.7744018938829231
14e7a854b91084ffd8f609f5f5fba755	d__Bacteria;p__Bdellovibrionota;c__Bdellovibrionia;o__Bdellovibrionales;f__Bdellovibrionaceae;g__Bdellovibrio;s__	0.9953608026892945
9523f73ce618d33cb08b796646f7348f	d__Bacteria;p__Acidobacteriota;c__Subgroup_22;o__Subgroup_22;f__Subgroup_22;g__Subgroup_22;s__	0.7626421024211082
71ad00947e28b010069d8d8b23fcb9bc	d__Bacteria;p__Bacteroidota;c__Bacteroidia	0.9999789779852262
e5d6f524f0219cdb7eed4ed4064f1fe8	d__Bacteria;p__Bdellovibrionota;c__Bdellovibrionia;o__Bacteriovoracales;f__Bacteriovoracaceae	0.9857860308476255
db3a8341394f01caa537620f610a9803	d__Bacteria;p__Patescibacteria;c__Saccharimonadia;o__Saccharimonadales;f__Saccharimonadales;g__Saccharimonadales;s__	0.7795816608815859
7bf92cdc13445f566f67c46824b0bcb9	d__Bacteria;p__Bacteroidota;c__Bacteroidia;o__Cytophagales;f__Amoebophilaceae;g__uncultured;s__	0.9859307612216823
fccbd17733a8e762b52d44ac55970413	d__Bacteria;p__Proteobacteria;c__Alphaproteobacteria;o__Rickettsiales;f__Mitochondria;g__Mitochondria;s__	0.9426085830815678
63ae8521705d0036e8389167965cf7af	d__Bacteria;p__Proteobacteria;c__Gammaproteobacteria	0.9987374417775685
a4a32f4090dccbb2cb56719158cc672d	d__Bacteria;p__Proteobacteria;c__Alphaproteobacteria;o__Rickettsiales;f__Mitochondria;g__Mitochondria;s__	0.9908132557379626
d6f1fc0418d0ad60b0fa351f28c432bb	d__Bacteria	0.9999775749990774
be132b75ff8da3f1d099723dfa8f9207	d__Bacteria;p__Planctomycetota;c__Planctomycetes;o__Gemmatales;f__Gemmataceae;g__uncultured;s__	0.9945878260889869
d4cdcce715b9b938d3dae5394f2747af	d__Bacteria	0.9998371424340919
1c4390da176d4186b89a959f54307e10	d__Bacteria;p__Actinobacteriota;c__Acidimicrobiia	0.9847078422856593
7a5f6b57835e2887ca47fbe212da13cf	d__Archaea;p__Nanoarchaeota;c__Nanoarchaeia;o__Woesearchaeales;f__Woesearchaeales;g__Woesearchaeales;s__	0.9865655614384513
2580355e3a67d6a514a096f08c6c3e05	d__Bacteria;p__Cloacimonadota;c__Cloacimonadia;o__Cloacimonadales;f__MSBL8;g__MSBL8;s__	0.9947184037928566
8b26bb7e3b75e09356c5bc6b2cd732de	d__Bacteria	0.999779292614768
12ec03a7d1a6577b9dc1e0e5a0a92d1c	d__Bacteria;p__Bacteroidota;c__Bacteroidia	0.9998553216136237
e69bb58219285f05ec207183cd1acfba	d__Bacteria;p__WS2;c__WS2;o__WS2;f__WS2;g__WS2;s__	0.99707110427588
146da605e5cc56dd7f9e3f1f579e5cae	d__Bacteria;p__Bdellovibrionota;c__Oligoflexia;o__Oligoflexales;f__Oligoflexaceae;g__uncultured;s__	0.7567400379898424
adcf3ddbd74638cf52773fceb628f57e	d__Bacteria	0.997637537821458
c1d2729d3182cbe90aeb25cfb43fbaa3	d__Bacteria;p__Bacteroidota;c__Bacteroidia;o__Chitinophagales	0.8309082114512281
145c1090c1f009bd7ca175a4f3b23e4d	d__Bacteria	0.9992158153350937
7ac3ecf78e5685fe6a813ff0e1f418fb	d__Bacteria	0.9999720574236016
c5c128ddc799c37981749af33c216655	d__Bacteria;p__Cyanobacteria;c__Cyanobacteriia;o__Chloroplast;f__Chloroplast;g__Chloroplast;s__	0.877112064642513
e135ce1745b4c5135bc14bba8c417fc7	d__Archaea;p__Nanoarchaeota;c__Nanoarchaeia;o__Woesearchaeales	0.9974357284197342
8d40a9ac778094a855b6a33454b0c188	d__Bacteria;p__Patescibacteria	0.7476727181579671
0f3b69eded949be8ba2659f63883111d	d__Bacteria;p__Bdellovibrionota;c__Bdellovibrionia;o__Bdellovibrionales;f__Bdellovibrionaceae;g__Bdellovibrio;s__	0.8758656710948527
afef25713dacb2c6fb0344baf61a6f77	d__Bacteria;p__Cyanobacteria;c__Sericytochromatia;o__Sericytochromatia;f__Sericytochromatia;g__Sericytochromatia;s__	0.7921168900375977
3a3b9d2a96fbff56342758fd4a88644a	d__Bacteria;p__Cyanobacteria;c__Vampirivibrionia;o__Gastranaerophilales;f__Gastranaerophilales;g__Gastranaerophilales;s__	0.9242891502178353
7b50d79c0076cc3299936af306d91694	d__Bacteria;p__Bdellovibrionota;c__Oligoflexia;o__Oligoflexales;f__Oligoflexaceae;g__uncultured;s__	0.9366102545876677
