Feature ID	Taxon	Confidence
580f28aa5d1f44a43a6dfff991ec40d1	d__Eukaryota;p__Diatomea;c__Mediophyceae;o__Mediophyceae;f__Mediophyceae;g__Cyclotella;s__	0.9665263516599888
00d87d56475b26569d129f896e82aa2a	d__Eukaryota	0.9987591602089343
b443bc86139d20e266f08bcf24cf751a	d__Eukaryota;p__Arthropoda	0.7834630804154834
4f979d7eedec737a4aaafc26652f6bf2	d__Eukaryota;p__Arthropoda;c__Maxillopoda;o__Cyclopoida;f__Cyclopoida;g__Cyclopoida;s__	0.7611972112819327
0f3cd48f1c94814b7154f25164019d34	d__Eukaryota;p__Chlorophyta	0.9883715489489254
11b9d90019b1ad2132d54d18269e8cfe	d__Eukaryota;p__Diatomea	0.9560071589920045
4f4c9cb45479dbc207642b01c955e0fa	d__Eukaryota	0.9986952498831138
61c878583bedcc18b949cb09ccdb4204	d__Eukaryota;p__Diatomea;c__Mediophyceae;o__Mediophyceae;f__Mediophyceae;g__Minutocellus;s__	0.7522516203020025
641eb4995a896167800364fac0199771	d__Eukaryota;p__Diatomea	0.9911808859625838
36e18a0abb8e178aacb6b8d60e81cdeb	d__Eukaryota;p__Diatomea;c__Mediophyceae;o__Mediophyceae;f__Mediophyceae	0.9764912473041039
362a6ba72853b7391b69a89202880f19	d__Eukaryota	0.9997479795027315
18413b6284bf33c6689416d6fc6156a8	d__Eukaryota;p__Arthropoda;c__Maxillopoda	0.9059999757779003
1117c553b9addd9abc1068b71be7c2a9	d__Eukaryota;p__Ciliophora;c__Intramacronucleata;o__Spirotrichea	0.7750816030501261
18a9d6afc3c93243247135d371538854	d__Eukaryota;p__Arthropoda;c__Maxillopoda;o__Calanoida;f__Calanoida;g__Calanoida;s__	0.9145837487488518
37fdd165ca93286fc92698d3a3e23472	d__Eukaryota;p__Arthropoda;c__Maxillopoda	0.742029457406775
12a76450d16948a8424ab366731f715d	d__Eukaryota;p__Ciliophora;c__Intramacronucleata;o__Spirotrichea;f__Oligotrichia	0.991615397734928
888a360f6f9c93019e3683c917a5a30f	d__Eukaryota	0.9999617208901809
9851e629ac302bd5ac2de6dc0f3b8cca	d__Eukaryota	0.9999592182286159
c0691781ea88ce1153419a83c817d0ec	d__Eukaryota	0.9646519095830498
67a34e4295d4d78881313a76a07e63fc	d__Eukaryota	0.9993892597998157
96eb04954a27c2d0e361d61815afbca1	d__Eukaryota;p__Arthropoda;c__Maxillopoda;o__Cyclopoida;f__Cyclopoida;g__Cyclopoida;s__	0.7685374482714347
ed8ee19647172dcfc8ed815c2911fe66	d__Eukaryota;p__Diatomea;c__Bacillariophyceae;o__Bacillariophyceae;f__Bacillariophyceae;g__Asterionellopsis;s__	0.7526698252069947
b0c5b9aafe4462cc72c6e96c60040d26	d__Eukaryota;p__Mollusca;c__Bivalvia;o__Veneroida;f__Veneroida;g__Veneroida;s__	0.980983376195726
79fc87d51594551637b3c9a1b628b4c8	d__Eukaryota;p__Diatomea	0.9780350602990113
c451188af73f722c8e4008ea7e58628f	d__Eukaryota;p__Chytridiomycota;c__Chytridiomycetes;o__uncultured;f__uncultured;g__uncultured;s__	0.7760118641976078
d28a43868d75da51cd2bc954d2708d37	d__Eukaryota;p__Chlorophyta	0.9745818808706295
5cf8c03e23441ef96ea64d4f8b542ff3	d__Eukaryota;p__Diatomea;c__Mediophyceae;o__Mediophyceae;f__Mediophyceae;g__Cyclotella;s__	0.9946327465822548
5944a54953a85e3427d888a16ebd2849	d__Eukaryota;p__Arthropoda;c__Maxillopoda;o__Calanoida;f__Calanoida;g__Calanoida;s__	0.8902472068480876
9332492778cbdb84fd1d132ba70983f4	d__Eukaryota	0.958033613831081
a5e871dd507a8cbdc536b0a8bd6040c1	d__Eukaryota	0.9969833584768865
67f1288a71fc99e500b291365495ab64	d__Eukaryota;p__Arthropoda;c__Maxillopoda;o__Cyclopoida;f__Cyclopoida;g__Cyclopoida;s__	0.8312378088284776
fecc90352ddabd411e7c100442009b8f	d__Eukaryota	0.997868419044791
b25479981dec680371abe9f534f783b4	d__Eukaryota;p__Cnidaria;c__Hydrozoa;o__Narcomedusae;f__Narcomedusae;g__Narcomedusae;s__	0.900471639358579
70402e80eb45ca255fd5e4a3c6a64707	d__Eukaryota;p__Rotifera;c__Monogononta;o__Ploimida;f__Ploimida;g__Ploimida;s__	0.8247119453969891
72baa20d784fde5d3dcb25d911c2e21b	d__Eukaryota;p__Ciliophora;c__Intramacronucleata;o__Litostomatea;f__Mesodiniidae;g__Myrionecta;s__	0.978427421086476
62824215cd97d2b529c7cf5ae8c2b26c	d__Eukaryota;p__Diatomea	0.9143562244260258
54b9cb16e9c28b31d912974a63cda3fa	d__Bacteria;p__Proteobacteria;c__Alphaproteobacteria;o__Rhodobacterales;f__Rhodobacteraceae	0.9864046448577519
bb779716d4afd189826419b97fbd360e	d__Eukaryota;p__Cnidaria;c__Anthozoa;o__Actiniaria;f__Actiniaria;g__Actiniaria;s__	0.9610410425859967
4bd7686246b011632d9ac3ad56fe1340	d__Eukaryota;p__Diatomea	0.9908504533775642
cefef1afb5aaae13beb3067a9492b577	d__Eukaryota	0.9996370203701154
e065568334097ec85cc9969e9fcd4c52	d__Eukaryota;p__Diatomea;c__Mediophyceae;o__Mediophyceae;f__Mediophyceae	0.9539393886099629
7e8825f0c3911c34bd4b6e434704ec52	d__Eukaryota;p__Ciliophora;c__Intramacronucleata;o__Spirotrichea;f__Oligotrichia	0.9654977844641199
79b80a9e964aa828c2358040d4cd6055	d__Eukaryota;p__Diatomea	0.9787244064657321
963dccae77b7bcdbbc801ac2006ea06b	d__Eukaryota;p__Chlorophyta	0.9759567960059176
9d9cedf1a446b19f34f78fbe7840d347	d__Eukaryota;p__Cercozoa;c__Thecofilosea	0.7855935976795603
0b9c5bfb1b7d0d8060f41ed3b38f69ae	d__Eukaryota	0.9993946112498282
942d127f7062c042b09607ed3b689ed5	d__Eukaryota;p__Cryptophyceae;c__Cryptophyceae;o__Cryptomonadales;f__Cryptomonadales	0.9835239509384196
dfeeec98582bbb9b7e5d46ab011ec2f8	d__Eukaryota	0.9994330551265904
6ff74f833001b8bda3ae466cc74443e2	d__Eukaryota;p__Dinoflagellata;c__Dinophyceae	0.9207993065235736
275d2c56e4eb8e2d2f76ca1c88070ed5	d__Eukaryota;p__Diatomea	0.9832522887633781
bc769c927b40e8fc98fc67c26c82c1a1	d__Eukaryota	0.9994562978367254
a440f88f627130dc5f895127dad7e063	d__Eukaryota;p__Chlorophyta;c__Trebouxiophyceae	0.7300452115645695
4bd35bdafb83c7036b00c35b95d62155	d__Eukaryota	0.9998398181218311
2e98441c022e12c3684c69120268e659	d__Eukaryota;p__Diatomea	0.9494637022906532
7db4e1fd2bbda803d25b2c2771b2ac74	d__Eukaryota;p__Arthropoda;c__Maxillopoda;o__Cyclopoida;f__Cyclopoida;g__Cyclopoida;s__	0.7903229041308631
2896738f0180cd89b521f067935a907c	d__Eukaryota;p__Diatomea;c__Mediophyceae;o__Mediophyceae;f__Mediophyceae	0.9875598682279341
08b19f0cf2cf1e88741e6f1747e5de57	d__Eukaryota	0.9999507908409595
ca468d0ccd3952a9c029ccc6fe1bf866	d__Eukaryota;p__Cryptophyceae;c__Cryptophyceae;o__Cryptomonadales;f__Cryptomonadales;g__Proteomonas;s__	0.99817920856238
2fbc153fb7151998bd7a89612af7c275	d__Eukaryota;p__Diatomea;c__Mediophyceae;o__Mediophyceae;f__Mediophyceae;g__Cyclotella;s__	0.9924644666659646
42b04abb6d8d6967ad7195cf8d063b96	d__Eukaryota;p__Cryptophyceae;c__Cryptophyceae;o__Cryptomonadales;f__Cryptomonadales;g__Komma;s__	0.9051408880105005
c0052a2c8816af3e266a88509e677647	d__Eukaryota;p__Cryptophyceae;c__Cryptophyceae;o__Cryptomonadales;f__Cryptomonadales	0.9307498213914615
270e3ebdba5f2f118a6b44c5196c7927	d__Eukaryota;p__Diatomea;c__Mediophyceae;o__Mediophyceae;f__Mediophyceae	0.9795416301470891
83ad8de13171993730ad0e5bcaf330bb	d__Eukaryota	0.9999801442177758
f25c47bfb774885e1082436026b40b1b	d__Eukaryota	0.9999051593461934
7ece59ad2f489c18e4797eb91ccef010	d__Eukaryota	0.9980824225209266
2ac05d08c6a1ce3a8e7d895c908446b6	d__Eukaryota;p__Diatomea	0.9694100149252934
f0dde7a1ce8d6987116deac5049eaad8	d__Eukaryota;p__Arthropoda	0.8392310618351663
fe0be9c4c94a2f5b92833a7f3a058f81	d__Eukaryota	0.9999059588082919
ef7e23de28cf20bb362d10ddedb88edb	d__Eukaryota;p__Arthropoda;c__Maxillopoda	0.8800624583565376
043a9ae1f0d350f487f898ff40674da8	d__Eukaryota;p__Cryptophyceae;c__Cryptophyceae;o__Cryptomonadales;f__Cryptomonadales	0.9669840566995129
ce188aab4559a4ab85641f28f6bd8d7f	d__Eukaryota;p__Ciliophora;c__Intramacronucleata	0.7637936304357237
e6778d8c8b656feb62fa1a08d4a415d4	d__Eukaryota;p__Diatomea;c__Mediophyceae;o__Mediophyceae;f__Mediophyceae;g__Cyclotella;s__	0.9917231559154436
6a55aec477d2bf784809bb63abec9039	d__Eukaryota;p__Ochrophyta;c__Raphidophyceae;o__Chattonellales;f__Chattonellales;g__Viridilobus;s__	0.9858770584028772
b9d316b62c26dd2f707f9268e78d2453	d__Eukaryota	0.9998003309502923
ae68fac8a05bba7636800df03182ab18	d__Eukaryota;p__Arthropoda;c__Maxillopoda	0.8127840951951127
691d9a9fc06a7ce445c76da37fd37667	d__Eukaryota;p__Arthropoda;c__Merostomata;o__Xiphosura;f__Xiphosura;g__Xiphosura;s__	0.9855868226412954
4315ede208a3a8807e4c801bee149b52	d__Eukaryota	0.9505240282628487
50a3c67b008611d78dd4fce64774c657	d__Eukaryota	0.9994324358772033
f67a8366e94d0ce6336da755d4840b1c	d__Eukaryota;p__Annelida;c__Polychaeta;o__Opheliidae;f__Opheliidae;g__Opheliidae;s__	0.9741264271255337
8decf24f3265392ce5db056a8eb384dd	d__Eukaryota	0.9999536966468591
55bee0f8a59ab6b8059002c3ff7d1a19	d__Eukaryota;p__Cryptophyceae;c__Cryptophyceae;o__Cryptomonadales;f__Cryptomonadales;g__uncultured;s__	0.9470572582464571
15445c1e17e276b1567004247f893769	d__Eukaryota;p__Arthropoda;c__Maxillopoda;o__Cyclopoida;f__Cyclopoida;g__Cyclopoida;s__	0.8539702125159786
be10876daf3f0efa3a6b999588d26b1b	d__Eukaryota;p__Ochrophyta	0.9113921043964301
0bb0d1fef309c2f5741c8c3169811956	d__Eukaryota;p__Cnidaria;c__Anthozoa;o__Actiniaria;f__Actiniaria;g__Actiniaria;s__	0.9351631827313087
77fb44f13e224b10695b3e0393e7e023	d__Eukaryota;p__Diatomea	0.9937072083201515
0251cba9d7a557cc834fc529e57abd5a	d__Eukaryota;p__Diatomea	0.9466045918635425
35aa7857c08eb30047078a04bb47d264	d__Eukaryota	0.999956458555533
aa15a9057145927bd63020eb35e3ce89	d__Eukaryota;p__Mollusca;c__Gastropoda;o__Heterobranchia;f__Heterobranchia;g__Heterobranchia;s__	0.9978534506212963
bfb629b34778fff897268a2dc1822d38	d__Eukaryota	0.999746087354727
19fc7e011fffc20b76be35a9671d377e	d__Eukaryota;p__Cryptophyceae;c__Cryptophyceae;o__Cryptomonadales;f__Cryptomonadales	0.9045668760746642
d21f58b9cf454b66a69f7f6e1bdb194c	d__Eukaryota;p__Chlorophyta	0.9786382986909835
5aa120f378ef2d77b5833adff980899a	d__Eukaryota;p__Ciliophora;c__Intramacronucleata;o__Spirotrichea;f__Choreotrichia;g__Tintinnidium;s__	0.8153710796594993
217179b39d45e01a48601fed9babedda	d__Eukaryota;p__Diatomea	0.9512416555671357
98a476d15553a9f6704c55f3a95dee49	d__Eukaryota;p__Cryptophyceae;c__Cryptophyceae;o__Cryptomonadales;f__Cryptomonadales;g__Geminigera;s__	0.8569090951198748
81f20d82f959f2d49102e82838a5e087	d__Eukaryota	0.9995470306516454
cc234b4faf915065edcaaaff2d073f75	d__Eukaryota;p__Diatomea	0.9904878442946103
a0749b62e096b323f6e4d769591a759c	d__Eukaryota	0.9999741547666934
283fbd2db78cbc98c7e439b2fd7a50f1	d__Eukaryota;p__Diatomea	0.9865780959054526
1ff35f6ccebe9a6fceb2b2ef20bb77cd	d__Eukaryota	0.999753352805293
3d4028354245891607ff9fa5f2672dd0	d__Eukaryota;p__Diatomea	0.9792045538057319
2395388649e148e485d91691f96a40ad	d__Eukaryota	0.9999909196503681
aded8c2b36e9aef098620936415159e5	d__Eukaryota;p__Diatomea	0.9569123823409459
0b543c0c40978c7fc40c3c1c3776b91f	d__Eukaryota;p__Chlorophyta;c__Chlorodendrophyceae;o__Chlorodendrales;f__Chlorodendrales;g__Tetraselmis;s__	0.9492124861080063
726847c7fa00c6b6d2967e79d1e9bef7	d__Eukaryota;p__Diatomea	0.991660030567239
cac17f9d04f37f6530cdf3d8577f35f7	d__Eukaryota	0.9999843644460368
51f83732c981b84db35fef1e254fbcc0	d__Eukaryota	0.9997440285972273
9c7cbfdec9ab9111530b3e293a65f5ba	d__Eukaryota;p__Arthropoda;c__Maxillopoda	0.9878184526601781
ab94a9797484003f2b4cdeca338c2ea5	d__Eukaryota;p__Diatomea	0.9787662330317718
00dc9c25731707a054b1e7ec6de5fdb4	d__Eukaryota;p__Chlorophyta;c__Mamiellophyceae;o__Mamiellales;f__Mamiellales;g__Micromonas;s__	0.7704670889918979
e4b0e84a8adc341edc92edfe98736607	d__Eukaryota	0.9998113043422665
9df31dbb29f4f36d17f8160b041e291c	d__Eukaryota;p__Ochrophyta	0.7043138932738604
2347494ad514d3dd65dfc64724e87c65	d__Eukaryota	0.9999861832424961
5faf214dda0d81dd738fdf6093db3e99	d__Eukaryota;p__Ciliophora;c__Intramacronucleata;o__Spirotrichea;f__Choreotrichia	0.9667917258257847
8c2c8ce06b318a3a1bcc8f8848682b6f	d__Eukaryota;p__Diatomea	0.8731561627543428
d15aadc43756db07e4d08c26c22b17d4	d__Eukaryota	0.9999413237665333
a794e157cf7e361563464eb9b52a7879	d__Eukaryota;p__Cryptophyceae;c__Cryptophyceae;o__Cryptomonadales;f__Cryptomonadales	0.8776864691017636
72ab9830f8cc2515d73f4d5ffb48491b	d__Eukaryota;p__Mollusca;c__Bivalvia	0.9947570505315193
a22f7f13083056f4c8b52d45ac4d2e25	d__Eukaryota;p__Cryptophyceae;c__Cryptophyceae;o__Cryptomonadales;f__Cryptomonadales;g__Geminigera;s__	0.9542512702400779
86173b8d443453958f73aa7bbedab236	d__Eukaryota;p__Cercozoa;c__Imbricatea;o__Imbricatea;f__Euglyphida;g__Paulinella;s__	0.761922613507123
04f7aca8d9fe66a93ce7a999d99e1b1f	d__Eukaryota;p__Chlorophyta;c__Chlorophyceae	0.895934052223705
09876c0e077c52556b6d2901fd2cf46e	d__Eukaryota;p__Chlorophyta;c__Prasinophytae;o__Prasinophytae;f__Prasinophytae;g__Prasinophytae;s__	0.750809033634263
99e7d6aa29edda081eddeb3b2e06f3e2	d__Eukaryota	0.9999943986756157
95cb6db7810c7f942b099fc370041a08	d__Eukaryota;p__Diatomea	0.9935154916299246
cc10ece26c54a14f92cbffbca355907b	d__Eukaryota	0.9983381993851809
a909b738a5c3258bae5f5e042731bf6b	d__Eukaryota;p__Diatomea	0.9912308545487739
9c9e5e54672f1a6138df7abb9e93875d	d__Eukaryota;p__Ciliophora;c__Intramacronucleata;o__Spirotrichea;f__Oligotrichia	0.9920087590970804
3bdbc0aa2e4a36f0a4cd614286221e40	d__Eukaryota;p__Diatomea	0.9907680682547366
f4b9ad8ce139b2653821f4abad12c3f3	d__Eukaryota;p__Arthropoda;c__Maxillopoda	0.8595798392232489
235f64c23d0105e6ed1088c1e0bf6574	d__Eukaryota;p__Cryptophyceae;c__Cryptophyceae;o__Cryptomonadales;f__Cryptomonadales	0.708125903346545
22222825e70bc42170e3e9d213e94ddf	d__Eukaryota;p__Diatomea	0.9929176899487757
49c55ecba1cb9195a85f8c7030ef3baf	d__Eukaryota;p__Annelida;c__Polychaeta;o__Scolecida;f__Orbiniidae;g__Orbiniidae;s__	0.9956812294047274
c296125dd721a933e13cf066d872c672	d__Eukaryota	0.9984357132408536
dc2ad16fa81e92f323471c8f494bdbad	d__Eukaryota;p__Ochrophyta	0.8385778692895852
9b077f6526cca320cbf5d6c83011de3f	d__Eukaryota	0.9999611133928324
60a22df06e0f68feda0a0e9c46a7730e	d__Eukaryota	0.9999669873017958
fdb2cd6620bc9f878fecefb4e6df3e7e	d__Bacteria;p__Proteobacteria;c__Gammaproteobacteria;o__Pseudomonadales;f__Cellvibrionaceae	0.7809298397957529
d24423a739a11aa3bf3d98b2fbc51071	d__Eukaryota	0.999701988067704
734ff95dad32c77e4446d9de5136aeda	d__Eukaryota	0.9981351308692583
c993f070797f0fe9db9a3debf4797806	d__Eukaryota;p__Peronosporomycetes;c__Peronosporomycetes;o__Peronosporomycetes;f__Peronosporomycetes	0.998675190514638
6944d7fb7815e31542f3848504c27f78	d__Eukaryota;p__Chlorophyta	0.9922083450746632
1200e49e98770d71bd81004e0ed950da	d__Eukaryota;p__Diatomea	0.837095966180696
53fd7a7af21f46acf0cf14c981e9b503	d__Eukaryota	0.9993864383524182
647591d4f18dffc0c4862f4ca5fd7024	d__Eukaryota	0.997335982664727
56d853e8fe3407811e24cf56fccabb7d	d__Eukaryota	0.9999100110501894
7565b5ab479e79fb48b7c2f984c89f40	d__Eukaryota	0.9987169513032802
de7ba69fe8a21a3d5764b8a05704d926	d__Eukaryota;p__Chlorophyta;c__Trebouxiophyceae;o__Incertae_Sedis;f__Incertae_Sedis;g__Choricystis;s__	0.87911416586563
fb85370d2ee1191d117480b24ec4df13	d__Bacteria;p__Proteobacteria;c__Gammaproteobacteria;o__Enterobacterales;f__Alteromonadaceae	0.9272545789642154
8251c28c76e6c62e2d8d92db35606c1f	d__Eukaryota;p__Diatomea;c__Coscinodiscophytina;o__Fragilariales;f__Fragilariales	0.7348994336147492
781621b0523875bfe67d3ace738bd570	d__Eukaryota;p__Diatomea	0.9477895876111976
73ad7a2023674652c7ad4118b70ff5ca	d__Eukaryota	0.9999478748587405
59e528155f660cb4c9e6083b11428d34	d__Eukaryota;p__Chlorophyta	0.9860665561876597
11cee1204353cf96fcdcf0ff3418ffbc	d__Eukaryota	0.9998862801426842
6b09a4fb785a23a1eca7dff93867825f	d__Bacteria;p__Proteobacteria;c__Alphaproteobacteria;o__Rhizobiales	0.9504650046039512
90b486bebed43aa7664628ad3b00a8ca	d__Eukaryota;p__Diatomea;c__Mediophyceae;o__Mediophyceae;f__Mediophyceae;g__Cyclotella;s__	0.8906503152802103
c09b6d24e273ab8419df14fc2bcba46d	d__Eukaryota	0.9992055858086777
20efebd42c56288df21850cfaf69e787	d__Eukaryota	0.9999339387204609
6d7718c6544758451d6e0769ac835a7e	d__Eukaryota	0.9995231744454335
55e14a0d333ac97edc9f74c187c23c84	d__Eukaryota	0.999695877584653
0e570dde32288c8c6ad72cde66d87438	d__Eukaryota;p__Euglenozoa;c__Euglenida;o__Heteronematina;f__Heteronematina;g__Petalomonas;s__	0.9846903122109952
974be076c99ebd02ee65ce57478a8cb0	d__Eukaryota	0.9999737379602771
071e85d3013ad19dd8a2f665b447a605	d__Eukaryota;p__Ochrophyta	0.8684906507773145
30b584a72230e0f21ea9cf611787b638	d__Eukaryota	0.9998035971249397
a46188e5b3b6038a8378eff6c19967ab	d__Bacteria	0.93278333235007
eed91a4b1e82df65633826fb0f323d0d	d__Eukaryota;p__Cercozoa;c__Imbricatea;o__Imbricatea;f__Thaumatomonadida;g__D2P04A09;s__	0.7222421346715151
4cc2a969ced0385752238db64f07e21e	d__Eukaryota;p__Dinoflagellata;c__Dinophyceae	0.8727097088508079
365f979ea81db5428073518e8872b03f	d__Eukaryota;p__Diatomea	0.9186347769041083
3250155006d4bfc708f9ce3c08585b5c	d__Eukaryota	0.9998904477326798
d0ca69123a1b9666754226bea1215eff	d__Eukaryota	0.9999328744382955
139a31f0ea7ed358b0977b16a90b037f	d__Eukaryota;p__Dinoflagellata;c__Dinophyceae	0.7452918167304406
9f7616a859a2d1715b2dea708bf9fcd9	d__Eukaryota	0.9998320751669129
3c5a2a828d08047e9b35a610ba15b3ff	d__Eukaryota	0.9992999848594466
2e4e22e0eff8db67bcde1b8163498747	d__Eukaryota;p__Diatomea	0.9858235623173103
01af3e8fd35debf1e892d632c9cdb795	d__Eukaryota;p__Retaria;c__Acantharia;o__Symphyacanthida;f__Symphyacanthida;g__Amphibelone;s__	0.9947728993071112
f4d4bbfce16e2e48ef7eef3e969768f8	Unassigned	0.3039340457351447
b2aa4b68a1278839ac2a4a1521e72462	d__Eukaryota;p__Diatomea;c__Coscinodiscophytina;o__Coscinodiscophytina;f__Rhizosolenids;g__Rhizosolenids;s__	0.9704627773191292
3d414ed6e1de87add8b6d8bb0501bdb0	d__Eukaryota;p__Euglenozoa;c__Euglenida	0.7003593669282144
4abf46c29199a203f7ce0e17c2fffb03	d__Eukaryota	0.9966205719935767
d8adfe383dfd3881bfd2742df6703089	d__Eukaryota;p__Cnidaria;c__Hydrozoa;o__Siphonophorae;f__Siphonophorae;g__Siphonophorae;s__	0.9378058285361469
82b2475c2da6e342c50e4e18b2c7afb0	d__Eukaryota;p__Diatomea;c__Mediophyceae;o__Mediophyceae;f__Mediophyceae;g__Cyclotella;s__	0.9890657965590948
cd5633d99eacbcb96c8976d23dc0254c	d__Eukaryota;p__Annelida	0.8607966993350903
a64a3e85c617df959c370cb96a46537f	d__Eukaryota	0.9974231806623168
57f5bc3b9cf548e4a0ab0d77c32f7512	d__Eukaryota	0.9822159258257014
98b7212fc91e6325ac261c8e87a56e2f	d__Eukaryota	0.9998794982552016
bfde2586029d29a92a849e3f8a1ce900	d__Eukaryota	0.9998354639902081
2a045120aa60bea7e74c5e54fe203b9a	d__Eukaryota	0.9998773078709449
b9abfb803ec3e2cdfd390a41368d426f	d__Eukaryota;p__Diatomea	0.9963643456191262
fca18dba8150444b865942ef87058077	d__Bacteria	0.7748220986364436
bf5b3b136fb79cbf6ce787f4a1600a84	d__Eukaryota;p__Chlorophyta	0.9784073741378696
3a2f1a61f25a1dfef1d0c14cd247c958	d__Eukaryota	0.9997158415832303
3017aadae5320315e434f54df8698452	d__Eukaryota	0.9998323325110636
475af2610210fd8f5150a19b917d504d	d__Bacteria;p__Proteobacteria;c__Alphaproteobacteria	0.9603030033658991
f2cdc0bb7174e0b780ad6b8a94a4b15b	d__Eukaryota;p__Diatomea	0.993643061533758
3e50694a780ccbc177df1df04ddd1ce0	d__Eukaryota;p__Chlorophyta;c__Chlorodendrophyceae;o__Chlorodendrales;f__Chlorodendrales;g__Tetraselmis;s__	0.9154680288734856
621e4b80b3ec28cb8a8d67de539ad924	d__Eukaryota;p__Dinoflagellata;c__Dinophyceae	0.8675711643566419
4c5bf0ce365428a2d2f4036c1bc32503	d__Eukaryota;p__Annelida;c__Polychaeta;o__Spionida;f__Spionida;g__Spionida;s__	0.7449874056222394
3762197ae30060153e10cf60282c309f	d__Eukaryota;p__MAST-12;c__MAST-12A;o__MAST-12A;f__MAST-12A;g__MAST-12A;s__	0.7231555915878662
7a36dee4892696d8480326ca0ac88086	d__Eukaryota;p__Ciliophora;c__Intramacronucleata;o__Conthreep;f__Oligohymenophorea	0.9937438110765848
0aca9aac7ec2ce1726f775a805040ee0	d__Eukaryota;p__Diatomea;c__Mediophyceae;o__Mediophyceae;f__Mediophyceae;g__Cyclotella;s__	0.988240508974514
f89cd0e90a1cc205c79b7060798aff9c	d__Eukaryota	0.9999266604371289
0f927a4d0be91000d6e24b5b19a3ae30	d__Eukaryota;p__Diatomea;c__Bacillariophyceae;o__Bacillariophyceae;f__Bacillariophyceae	0.7602422768495167
97b34ae70a4b921496d3218080c7ea75	d__Eukaryota;p__Diatomea	0.9921824687468427
90931abfea36e986f8e5772b17ff5740	d__Eukaryota;p__Diatomea	0.9360693806617753
94bf9d64cce3a5d9178aa0512725b9ed	d__Eukaryota;p__Diatomea;c__Mediophyceae;o__Mediophyceae;f__Mediophyceae	0.8398655573345262
106dd66448b5829a997792d0a5c3c4aa	d__Eukaryota;p__Diatomea;c__Mediophyceae;o__Mediophyceae;f__Mediophyceae;g__Skeletonema;s__	0.9823837841065666
97c80167d81ab1bcc475f5011aee7302	d__Bacteria;p__Proteobacteria;c__Alphaproteobacteria	0.9980694576453364
2b45afe97bf6ac86f220b7efdc0fc65a	d__Eukaryota;p__Dinoflagellata;c__Dinophyceae	0.8717043219420075
02c42fd93a596100321ed637f47e135b	d__Eukaryota	0.9988691737400278
6187afeb2eef1ab2bc3f6c1754be38e7	Unassigned	0.9369008123840875
74dbceefa2c6a8c1bcb9d4ef024323b1	d__Eukaryota	0.999124151421827
8683e922670c9ec58b7bed499a23e41b	d__Eukaryota;p__Cercozoa;c__Thecofilosea;o__Cryomonadida;f__Protaspidae;g__Protaspis;s__	0.8441114564167268
bfc778f4d75443206a7e935676c890cc	d__Eukaryota;p__Diatomea	0.860188676475957
4f7e40136e0b7c860793d4aa3e362f56	d__Eukaryota;p__Diatomea;c__Coscinodiscophytina;o__Coscinodiscophytina;f__Rhizosolenids;g__Pseudosolenia;s__	0.9713793065921233
5b97602b7e1c83af3f5261cf47e95776	d__Eukaryota	0.9999240538337759
37c49f29ea893203355fb9dd32cc322c	d__Bacteria;p__Myxococcota;c__Polyangia;o__Haliangiales;f__Haliangiaceae;g__Haliangium;s__	0.7975738427232252
10dfa08197cc3eeb69181d7191b61062	d__Eukaryota	0.9997643108581642
2cceb176ef1d14a541f0e36bb0be737e	d__Eukaryota;p__Diatomea	0.9876283161781543
fcc294b12553287370f9e56e915fd030	d__Eukaryota;p__Diatomea	0.9934854795338404
334e5de2339d262c5808d6f69073b8a5	d__Eukaryota;p__Diatomea	0.983410960817316
35f6f2227bb71eb4f57e6480450b752d	d__Eukaryota;p__Diatomea	0.9854808728873037
c63d2848d13664e2e31df2f0bcb76408	d__Bacteria;p__Proteobacteria;c__Alphaproteobacteria;o__Rhodobacterales;f__Rhodobacteraceae	0.9944813806252747
29546e6d23de2be23ed0d92cceab9e7f	d__Eukaryota	0.999933203254022
4083cfa7770512e3e667e276defa61b6	d__Eukaryota;p__Ochrophyta;c__Chrysophyceae	0.7381525461390404
27b0101e877785a33d32a12268976c9f	d__Bacteria;p__Desulfobacterota;c__Desulfobulbia;o__Desulfobulbales;f__Desulfobulbaceae;g__uncultured;s__	0.8921946922918171
ff6caefb1c34c8f622b8d5872bc060c6	d__Eukaryota;p__Chlorophyta	0.9806061443589689
a32c8dee9502a35cca992e660c9bb5b5	d__Eukaryota	0.9993155010740051
989fa00c5dfe7cb0e30e258de7744c40	d__Eukaryota;p__Bicosoecida;c__Bicosoecida;o__Bicosoecida;f__Bicosoecida;g__Pseudobodo;s__	0.9650836179685377
53054d5e73e6454c4cfb2f85351e5848	d__Eukaryota	0.9950593795643232
bc2395549ef3db07796d9cf8ef6164af	d__Eukaryota;p__Diatomea	0.9761617638439889
984a0dd9b1861f81d2dc1dca7f35dd11	d__Eukaryota;p__Dinoflagellata;c__Dinophyceae;o__Peridiniphycidae;f__Thoracosphaeraceae	0.7166236881708825
85f96012a39051b96e6925242787e9d4	d__Bacteria	0.8027544150986156
538ef8f07ee0440e0b18610178c0c403	d__Bacteria;p__Proteobacteria;c__Gammaproteobacteria	0.9933077354835669
10a30c85a998c88f3ef3acc2adbfcd3b	d__Eukaryota;p__Diatomea	0.98637528387549
bdaa7a559329f9a31e39f3b30c04e192	d__Eukaryota;p__Diatomea	0.994236464260598
aff7cf8946e2b926e456f3f95e598cf7	Unassigned	0.6779642757805258
d5d7780ebfa0c44e0a3c7c71d3831031	d__Eukaryota	0.9998517022993884
f9786be7e02ffea47bfe8c0747d3155d	d__Eukaryota;p__Cryptophyceae;c__Cryptophyceae	0.7539147716922054
3c74b9a073d05e062aa6374de7696732	d__Eukaryota;p__Ciliophora;c__Intramacronucleata;o__Spirotrichea;f__Choreotrichia	0.9612888004852984
b1969254ed96d1956cd43c84d256b012	d__Eukaryota	0.9998678989310883
a6b3c37218ad5861af2f417ea00b42f3	d__Eukaryota;p__Ochrophyta;c__Eustigmatophyceae;o__Eustigmatales;f__Eustigmatales;g__uncultured;s__	0.996194133219296
a3ca09f376f064b70dc42ebf666bcdc0	d__Eukaryota	0.9988619833789096
98ba4ffc523ed010a91aafec7ff1cd4f	d__Eukaryota;p__Ciliophora;c__Intramacronucleata;o__Spirotrichea	0.7692863254600395
a2ab398bc4486e5662aad6505fc32bc1	d__Eukaryota;p__Mollusca;c__Bivalvia;o__Veneroida;f__Veneroida;g__Veneroida;s__	0.9353253038055934
171c9aafcc642e1067a897b2cec2d927	d__Eukaryota;p__Cercozoa;c__Imbricatea;o__Imbricatea;f__Euglyphida;g__Paulinella;s__	0.7524748652236665
4474840725bf544147311efc325740a5	d__Eukaryota;p__Vertebrata;c__Actinopterygii	0.7769263755257377
8dffec6d1799611aa03c55ab885cffce	Unassigned	0.5862151799810891
707f49a9f014975fd779af5057a691cf	d__Eukaryota;p__Centrohelida;c__Centrohelida;o__Centrohelida;f__Heterophryidae;g__Chlamydaster;s__	0.7193327008292337
3d23c84129b422a61640febf6085d012	d__Eukaryota;p__Arthropoda;c__Insecta	0.8112846275429914
48c57fcc01ab3ffa282f7b6f51da9f50	d__Bacteria;p__Proteobacteria;c__Alphaproteobacteria;o__Sphingomonadales;f__Sphingomonadaceae;g__Sphingomicrobium;s__	0.8941652943994132
b6b217bcc40df52461859f12b9c024e3	d__Eukaryota;p__Diatomea	0.95640014310832
82b94aff0a47c814b473b46cf69fafff	d__Eukaryota	0.999831569673419
073895f0679f0fea30d8c5c3d1c5b65c	d__Eukaryota	0.9999588519936238
7f60766bf4ed882cfe5d5c76ed9bf50f	d__Eukaryota	0.999669908593949
ff60e13652434cf6a46245beebd1e877	d__Eukaryota	0.9999760273163967
fc352bee8d5438cfcf7361f65e947766	d__Eukaryota	0.9997386384347338
31dce81d117265cdf3a7b4e17ae131f9	d__Bacteria;p__Proteobacteria;c__Gammaproteobacteria;o__Pseudomonadales;f__SAR86_clade;g__SAR86_clade;s__	0.9742462026242092
21442086b348376b08ea3b1cf098c728	d__Bacteria;p__Planctomycetota;c__OM190;o__OM190;f__OM190;g__OM190;s__	0.7104753203846778
ee90e90a769183a6113f35d169637a80	d__Eukaryota;p__Cnidaria;c__Hydrozoa;o__Anthoathecata;f__Anthoathecata;g__Anthoathecata;s__	0.7857745609245566
fb05970f3bb5babd5ca5b346f37dfeef	d__Eukaryota	0.9963677182023729
da236677f023b0003c0649df8d18028a	d__Eukaryota	0.9999828469989673
655c6363cc09822c003f9f039444acf4	d__Eukaryota;p__Diatomea	0.990434549118943
c0f2ad2aaa1dd19b9fb6df2066de6e21	d__Bacteria	0.9527046610736261
4a929a614855bd7bdf56a201a94b0a26	d__Eukaryota	0.9999106512350806
23d04994fb56c784b5691b3ce6ba35da	d__Bacteria;p__Proteobacteria;c__Gammaproteobacteria	0.9946406081172448
8bbe464b1e8a4118ecd8409c518fc3c5	d__Eukaryota;p__Dinoflagellata;c__Dinophyceae;o__Gymnodiniphycidae;f__Gymnodinium_clade	0.8515307140458203
30e914d090baa338f25a99266c062078	d__Eukaryota;p__Dinoflagellata;c__Dinophyceae	0.8238521837436296
fda1068082ff354437cd05eff0737d98	d__Eukaryota	0.9996278563956623
40ff3250a93e19687f5f5e22a0787e3f	d__Eukaryota;p__Diatomea;c__Coscinodiscophytina;o__Fragilariales;f__Fragilariales	0.9351855712461753
84cf3180a0947cc7282b1b84c1401f3e	d__Eukaryota	0.9989485597700684
fd38240ac0edce16a36b0ca85c2500b3	d__Eukaryota	0.9994825247040476
205e62482fdd490bce1674333e5bd919	d__Eukaryota;p__Diatomea	0.9858099806358445
e552abede033bb3167d2dee6622203ee	d__Eukaryota	0.9997954560967336
e2f3b1becbe2a30890ea4cbc48f10244	d__Eukaryota	0.999923965254606
c258c5fc831ea7b6cdc5889222975e7b	d__Eukaryota;p__Diatomea;c__Coscinodiscophytina;o__Coscinodiscophytina;f__Rhizosolenids;g__Leptocylindrus;s__	0.9282743664602259
58320a2e1b1c10b8d6593bb0f81ce5c2	d__Eukaryota;p__Diatomea	0.8390883518250031
40dbeeb80258db2b97d554b33b229d48	d__Eukaryota;p__Diatomea;c__Mediophyceae;o__Mediophyceae;f__Mediophyceae;g__Eucampia;s__	0.8860821033419765
40c54c0c0de51abf7d876cea685775fe	d__Eukaryota;p__Peronosporomycetes;c__Peronosporomycetes;o__Peronosporomycetes;f__Peronosporomycetes;g__Halodaphnea;s__	0.96299431720024
f7f7dfd7639624e66aae62979750b8a4	d__Eukaryota;p__Annelida;c__Polychaeta	0.9708208862350156
717bba04b47053dcb330c39139f12c98	d__Eukaryota;p__Ciliophora;c__Intramacronucleata;o__Spirotrichea	0.7206453815035873
d08201f309fb4908ece0c935dfa3e274	d__Eukaryota;p__Diatomea	0.977385090853655
2dbde7a1c78ee975d5e67dc932f8b965	d__Eukaryota;p__Cercozoa;c__Thecofilosea;o__Cryomonadida;f__Ventrifissuridae;g__Ventrifissuridae;s__	0.9655773715229874
5b54520faccfc44fb53e2ef6db6d27cb	d__Eukaryota;p__Ciliophora;c__Intramacronucleata;o__Spirotrichea	0.7283752624097147
e28818612a826be0a9e0f34489f4848d	d__Eukaryota	0.9998129769744928
7a9a590dc04a4d3e424012fe5bd69a38	d__Eukaryota	0.9995504479286856
2748d5c1114c5625ff558066bf58cb3c	Unassigned	0.4071494107231274
e34523527dbc02f206e9d409398c73a9	d__Eukaryota	0.9992469765455703
fe209c9144c16c5fff2a1ef025842515	d__Eukaryota;p__Cryptophyceae;c__Cryptophyceae;o__Cryptomonadales;f__Cryptomonadales	0.7456966028810079
f4697b6cd0bee3ad346dd522776eb9b1	d__Eukaryota	0.998874824278344
fa07fcc379f26ae17d5ea71e179b5ccd	d__Eukaryota	0.9999694809313414
fb2b5c7b73a9527ba27d5373371111af	d__Bacteria;p__Proteobacteria;c__Alphaproteobacteria;o__Sphingomonadales;f__Sphingomonadaceae;g__Sphingomicrobium;s__	0.9912517820557277
cea8da62b66111692906a62a52521f78	d__Eukaryota;p__Cercozoa;c__Imbricatea;o__Imbricatea;f__Euglyphida;g__Paulinella;s__	0.9836238206198702
e44b62770682e709841dd9e45f22f4c1	d__Eukaryota;p__Retaria;c__Foraminifera;o__Rotaliida;f__Nummulitidae	0.7796172039278348
d0f39a9c4de33286ebd280ab4fd67ce2	d__Eukaryota;p__Ochrophyta	0.8217811086578886
98a172f933a291c42b2fd3850d79651e	d__Eukaryota;p__Chytridiomycota;c__Chytridiomycetes	0.7796811240715369
ed943e9133847e51c4b0061e5f1721f6	d__Bacteria;p__Proteobacteria;c__Gammaproteobacteria	0.9950053469385612
70dd2a09989ff1898c331b1cf09b9137	d__Eukaryota	0.9999966186201756
c4132c596c616eb1280b20b5b0e998b2	d__Eukaryota;p__Diatomea	0.993372584515626
4099471fc161aedb6e8a58d615b3aa3e	d__Bacteria	0.9130701424908574
43feea33c1f7adba3d238c0fdb5065d0	d__Bacteria;p__Proteobacteria;c__Alphaproteobacteria;o__Rhodobacterales;f__Rhodobacteraceae	0.999576027569782
58c65ba3e5b806f187e1ec9b3a3a3d98	d__Eukaryota;p__Ciliophora;c__Intramacronucleata;o__Spirotrichea;f__Oligotrichia	0.9801497637629595
4f0d9ffd8565cd9d4b5d73c4b4abc62c	d__Eukaryota;p__Ciliophora;c__Intramacronucleata;o__Spirotrichea;f__Choreotrichia;g__Eutintinnus;s__	0.8941232052497676
701aacbc73e590c01001a7cf1aa39b77	d__Eukaryota;p__Diatomea;c__Coscinodiscophytina;o__Coscinodiscophytina;f__Rhizosolenids;g__Leptocylindrus;s__	0.746379011929375
424e7c7a816d81a6ab90b37f85b799bb	d__Eukaryota;p__Centrohelida;c__Centrohelida;o__Centrohelida;f__Heterophryidae;g__Chlamydaster;s__	0.7356903549560917
de857631ab2dac63814154d360267ee0	d__Eukaryota;p__Chlorophyta	0.9843471933806562
7f22dd07f7b9687a986e8cb52f0b3a7d	d__Eukaryota;p__Dinoflagellata;c__Dinophyceae;o__Gymnodiniphycidae;f__Gymnodinium_clade	0.8480468462858595
569e66f3b2c312653a4d21d9c282b914	d__Eukaryota	0.9997321557845735
3d18fd6852d2f7e5cf1b890653d063ac	d__Eukaryota	0.9989842821989372
1f5dbaf16e1106969a9d877e9c5cb0e8	d__Bacteria;p__Proteobacteria;c__Alphaproteobacteria;o__Rhodobacterales;f__Rhodobacteraceae	0.9623916848720097
4ac25f29637868cf9bef2685db3f5d81	d__Eukaryota;p__Diatomea;c__Coscinodiscophytina;o__Coscinodiscophytina;f__Rhizosolenids;g__Rhizosolenia;s__	0.9970171872664809
98cadffb1f3789897c344bd0abe4da70	d__Eukaryota;p__Arthropoda;c__Maxillopoda;o__Calanoida;f__Calanoida;g__Calanoida;s__	0.8431709439950487
0d6e18392b1d4f338ba03b0022bcf7a0	d__Eukaryota	0.9995721719546679
a98ed4751ae339c0fa53d42f1aef6f87	d__Eukaryota;p__Cercozoa;c__Ascetosporea;o__Ascetosporea;f__Paradiniidae;g__Paradinium;s__	0.9573157025817629
19d375f72095180c8cd10c7f6399c77d	d__Eukaryota;p__Picozoa;c__Picomonadida;o__Picomonadidae;f__Picomonadidae;g__Picomonas;s__	0.9773181163502552
009ae30e5d6f37cbf48076922cc62655	d__Bacteria;p__Campylobacterota;c__Campylobacteria;o__Campylobacterales;f__Sulfurovaceae;g__Sulfurovum;s__	0.8065595979394391
b6fc0566a5ff08a8d7d9d64f0095e903	d__Eukaryota;p__Dinoflagellata;c__Dinophyceae	0.8303052347569834
831042d43a62cee36263ebc6a34bb942	d__Eukaryota;p__Ciliophora;c__Intramacronucleata;o__Spirotrichea;f__Oligotrichia	0.9894534322954889
3e98a9ad9b52ef09e5dbe52d743c4b83	d__Eukaryota;p__Dinoflagellata;c__Dinophyceae	0.9182802558422901
81d8f6323d857884747ef007a3f58a5f	d__Eukaryota	0.9999201178789071
08cf9126869d9d1b384dea29f44200c1	d__Eukaryota;p__Diatomea;c__Coscinodiscophytina;o__Fragilariales;f__Fragilariales	0.9764335192132064
688721b3c4e81f7df13237d1ce551cef	d__Bacteria;p__Proteobacteria;c__Alphaproteobacteria	0.9960919357372602
761d3643f38944b09c1cfe5b4d61992b	d__Eukaryota;p__Nematozoa;c__Chromadorea;o__Monhysterida;f__Monhysterida;g__Monhysterida;s__	0.8177994112172848
cd9ed9c4e51de4c57093a1974815e794	d__Eukaryota;p__Chlorophyta;c__Chlorophyceae	0.8995807163469554
1dde033a1e558838a727f7c5f9f4bbe9	d__Eukaryota;p__Ochrophyta	0.7483767143258182
16d3b3761f9e1e7d262d229bae93b0cf	d__Eukaryota;p__Dinoflagellata;c__Dinoflagellata;o__Noctilucales;f__Noctilucales;g__Noctilucales;s__	0.9066526956804075
c9a1ac06e81ddd442c5f2430057ef692	d__Eukaryota;p__Holozoa;c__Choanoflagellida;o__Acanthoecida;f__Stephanoecidae;g__Diaphanoeca;s__	0.8680154976126128
6520fe007c3a6710dd82d3d4aad7d089	d__Eukaryota	0.9998351595468166
7b3f685bbc8c7e9fef5c94ad790a0225	d__Eukaryota;p__Mollusca;c__Bivalvia;o__Veneroida;f__Veneroida;g__Veneroida;s__	0.92921032609653
209c297bdf6afef6e1b9bcf5745335e6	d__Eukaryota	0.9994107679761309
bf0d3343244aa60cd01ee8e26d4f8c96	d__Eukaryota;p__Chlorophyta;c__Mamiellophyceae;o__Mamiellales;f__Mamiellales;g__Ostreococcus;s__	0.7217910098979426
a4d8d52b4af5169a83bc12959d37162c	d__Bacteria;p__Proteobacteria;c__Gammaproteobacteria	0.9984813942881673
fe5b0a885ec633d255285d8331253f6b	d__Eukaryota	0.9990591095906609
8fb87671da3d67b6fbf9aeb8bc0622c2	d__Eukaryota	0.9997768005688333
829cc2592fca43303c89e27e8b110e10	d__Eukaryota;p__Ochrophyta	0.7458250259707347
6f2126e4f91213fba85cb322c1db8aec	d__Eukaryota;p__Diatomea	0.9733118442288446
748dfc6cc1e5cece4b004f38b3d20829	d__Eukaryota;p__Diatomea;c__Coscinodiscophytina;o__Fragilariales;f__Fragilariales	0.9618830043404981
18962b9db25f52b51e048967ef122ef2	d__Eukaryota	0.989155264970928
02849e987055db30c9e0f9dd02a1ea33	d__Eukaryota;p__Prymnesiophyceae;c__Prymnesiophyceae;o__Prymnesiales;f__Prymnesiales;g__Chrysocampanula;s__	0.9801338309016159
9a34ef2b5ad0e4ff10483be9ade5206e	d__Eukaryota	0.9591597396037065
66c2907d86580f289003c47c6788d86e	d__Bacteria;p__Proteobacteria;c__Alphaproteobacteria;o__Rhizobiales	0.9550933184267265
abf807116cb32d4623726b388d3d54ea	d__Eukaryota	0.999468268387565
5d6fde6d129fa7bed0eb40ccc7927516	d__Eukaryota;p__Dinoflagellata;c__Dinophyceae	0.8660208438326705
10cbcca6ee1f1d2b75277b2be0e9def2	d__Eukaryota	0.9990609166631692
709b80b3c3292d53e5624206a5a6ec46	d__Eukaryota;p__Ciliophora;c__Intramacronucleata;o__Spirotrichea;f__Oligotrichia	0.9808820213489757
c3e650bc090f8e2823f61fd3baa74612	d__Eukaryota	0.9998637110421422
d1fcfbe74f3ada6d11af27a7c6578d19	d__Eukaryota;p__Ochrophyta	0.7850731764827488
405174a49e21e51589d7c7ac30bfe626	d__Eukaryota;p__Cercozoa;c__Thecofilosea	0.9199525306569026
a8803bdb12af296861adbafe51a87fc9	d__Eukaryota;p__Ochrophyta;c__Chrysophyceae	0.761254583351707
63c29acc388545759806c66ed1894641	d__Eukaryota;p__Dinoflagellata;c__Dinophyceae;o__Gonyaulacales;f__Gonyaulacales;g__Neoceratium;s__	0.8877223620520156
d23f0e6642cd7850a7110a57654b0317	d__Eukaryota	0.999963030936013
5233700f4d0cfdf42a88f77f3a1bc134	d__Bacteria;p__Verrucomicrobiota;c__Verrucomicrobiae;o__Pedosphaerales;f__Pedosphaeraceae;g__Pedosphaera;s__	0.8684761310214045
0bd6e3d5857171d66084a8b322e85e21	d__Eukaryota	0.9999538860577102
be630300b839c775ccc19f687e886dea	d__Eukaryota;p__Diatomea;c__Coscinodiscophytina;o__Coscinodiscophytina;f__Rhizosolenids;g__Rhizosolenids;s__	0.7083940142543801
eb8b4d845f69f391ba639e66820949c5	d__Eukaryota	0.999942543828916
499fcaa50249187619e6eddf6036a0cc	d__Eukaryota	0.999036230186171
85fe4cffe8beac15bdd06401c675b018	d__Eukaryota	0.9999541908220946
830298cf0c4970d2e3b49dd2a691f8f0	d__Eukaryota;p__Diatomea	0.9370640079125059
adfb183f61a218dad135e01f6f3104be	d__Eukaryota;p__Bryozoa;c__Gymnolaemata;o__Cheilostomatida;f__Cheilostomatida;g__Cheilostomatida;s__	0.9364810115468499
926f295f464a26e5227920197e8d7ab3	d__Eukaryota	0.9999628092068065
5a75eb579151bbae15bc5b3b58ec7d68	d__Eukaryota;p__Ciliophora;c__Intramacronucleata;o__Spirotrichea;f__Oligotrichia	0.9252897516739236
f9394690025f82d04b0be168aebe305e	d__Eukaryota;p__Ochrophyta;c__Eustigmatophyceae;o__Eustigmatales;f__Eustigmatales;g__uncultured;s__	0.9875998770750549
73ff17898358065ea2c5c31e53468c0f	d__Bacteria;p__Proteobacteria;c__Gammaproteobacteria	0.9954634124589338
8ae55a787d07219f8cb16baa617917cf	d__Eukaryota;p__Ochrophyta;c__Chrysophyceae;o__Chromulinales;f__Chromulinales;g__Poteriospumella;s__	0.9911956034819029
57eb41f142091875196a48d80366af1b	d__Eukaryota;p__Prymnesiophyceae	0.809985744717026
17523eb33b14210399ac1a4ad508cccc	d__Eukaryota	0.9966333293054199
7903c9c69eb7a917078a071ac3db489b	d__Eukaryota	0.9999697802359757
bf3f8c77eb77e8677d8b003ea7fef5d5	d__Eukaryota	0.999021339608942
0668198196c342d0ae5dc3a85077408d	d__Eukaryota;p__Diatomea	0.9908707337949331
37db86919bc14bebd8c1cbe3bdde5c20	d__Eukaryota;p__Diatomea;c__Bacillariophyceae;o__Bacillariophyceae	0.8311607759995329
29f122d70f4659e6dade1ed8d4e7a073	d__Eukaryota;p__Mollusca;c__Bivalvia;o__Mytiloida;f__Mytiloida;g__Mytiloida;s__	0.991368774045845
77c9c82cfdd2b065370669a266255747	Unassigned	0.6817111727183767
1f9e19a51b72c9452270f84426c8238a	d__Eukaryota	0.9990118648244477
5e78fca23b846c2b3dc18cf6f17113f9	d__Eukaryota	0.9999928121090219
a39019ddde89cfb02db4ea61d3a98955	d__Eukaryota	0.9989289880017442
982fba1aa6a351beaad126b922f5d314	d__Eukaryota	0.9994444393368576
ecc74490349bac233a854c5c6e0261f1	d__Eukaryota	0.9999762366260199
f5ab2baedf87cabe61c8aae21f3cd486	d__Eukaryota	0.9983866188102705
ebc7678c6bf57b985f718b981c4f1246	d__Eukaryota;p__Chlorophyta;c__Clade_VII;o__Subclade_A;f__Subclade_A;g__Subclade_A;s__	0.992997307010513
7000993fd9eb088fc5ca6ff8bca4f824	d__Eukaryota;p__Chlorophyta;c__Ulvophyceae;o__Oltmansiellopsidales;f__Oltmansiellopsidales;g__Oltmannsiellopsis;s__	0.944228995561905
377c59577826c1322955c46d74eb88d0	d__Eukaryota;p__Diatomea;c__Bacillariophyceae;o__Bacillariophyceae;f__Bacillariophyceae	0.8049918259225367
f8716943529321e35bc67cb10675dcc9	d__Eukaryota;p__Cryptophyceae;c__Cryptophyceae;o__Cryptomonadales;f__Cryptomonadales;g__Komma;s__	0.9267179279500954
996982e258314f77461e9f66826634bd	d__Bacteria;p__SAR324_clade(Marine_group_B);c__SAR324_clade(Marine_group_B);o__SAR324_clade(Marine_group_B);f__SAR324_clade(Marine_group_B);g__SAR324_clade(Marine_group_B);s__	0.7036901943000877
26ce79a132def3ececb801584b505abb	d__Eukaryota;p__Holozoa;c__Choanoflagellida;o__Acanthoecida;f__Acanthoecidae;g__Savillea;s__	0.9108556138687802
a7637e4de430bbaccb931a8acefb3819	d__Bacteria;p__Proteobacteria;c__Gammaproteobacteria;o__Pseudomonadales	0.8673099921186191
fa2c49c292ec1f8967f1e2e261da2acd	d__Eukaryota;p__Diatomea	0.9895301959243062
842fb2909f45613af5ce787385eb9f3b	d__Eukaryota	0.9999833632323218
e586d7015a90ea0d2a8a7bb2fc1034d7	d__Eukaryota;p__Peronosporomycetes;c__Peronosporomycetes;o__Peronosporomycetes;f__Peronosporomycetes	0.9223984357130579
cce1770a5e93e90f1494e5586fd50699	d__Eukaryota	0.9996770256055251
8b26794279b88ecaee90e8bc7659606b	d__Eukaryota	0.9999128947322417
1c04ca8301651b1f07d88824073d0926	d__Eukaryota;p__Labyrinthulomycetes;c__Labyrinthulomycetes;o__Labyrinthulomycetes;f__Thraustochytriaceae;g__Aplanochytrium;s__	0.8880708340691702
8ae8a8d7aaa07d5d0246a9c923f470c6	d__Eukaryota;p__Ciliophora;c__Intramacronucleata;o__Conthreep;f__Oligohymenophorea	0.9950770986948363
3f74168529c36824b488c51cc8ba5c8f	Unassigned	0.4711221458045123
f335ee61260ab4871d985ee0cc85a47d	d__Eukaryota	0.9998295402261033
c691822984338de59d8ce8b5bd98f909	d__Eukaryota;p__Diatomea;c__Coscinodiscophytina;o__Coscinodiscophytina;f__Coscinodiscophytina;g__Actinoptychus;s__	0.8502039250961257
1d426124f50258dd9b3285098f67505c	d__Eukaryota;p__Peronosporomycetes;c__Peronosporomycetes;o__Peronosporomycetes;f__Peronosporomycetes	0.7088337351028259
900615bf3170361827baafd63d9452b1	d__Eukaryota;p__Diatomea	0.876154530487887
232a78151983e14cc421a2e0b895c78a	d__Eukaryota	0.9994983335702885
2247d9c17231ded4b8e89a483a1eff15	d__Eukaryota;p__Diatomea	0.9924746666017269
1f566b512cfed67d24839941324159c7	d__Eukaryota	0.9999798152776239
af0299692961660b4fc16268e748adfb	d__Eukaryota	0.9984496497364967
f6987a195833584b7f2425b2e4830676	d__Eukaryota	0.9979276767780305
94d1215ba339547564144cd80067e468	d__Eukaryota	0.999938084224752
1ecebf4a903cf59932df66f72b1f2ea0	d__Eukaryota	0.8432152965610404
117db21a564edc570f6489eba98fe64a	d__Eukaryota;p__Diatomea;c__Coscinodiscophytina;o__Coscinodiscophytina;f__Rhizosolenids;g__Pseudosolenia;s__	0.9332273302124058
547337c71a60e1fbfbd31253245831ff	d__Eukaryota;p__Cercozoa;c__Imbricatea;o__Imbricatea;f__Euglyphida;g__Paulinella;s__	0.9591024574997039
5062e3752762e77d8112b45d5598c76c	d__Eukaryota	0.9996625674827652
c821728a8cfed500f5a9156f7c7bd12d	d__Eukaryota	0.9991116130926492
30243b57c3c6d8d528a68746f742fd6d	d__Eukaryota	0.9991133729043313
2afae1b4949187b7265e8e1d4e72dd3a	Unassigned	0.8224332301302424
f20ad08b8ecc05a40f8697ae98c28b92	d__Eukaryota;p__Dinoflagellata;c__Dinophyceae	0.749756361888759
a7dbbf6f60968c0e8ba19ea1458cb485	d__Eukaryota	0.9995576853324283
dfc3aaf0a998c97dd62d7b5b8f6f8510	d__Eukaryota;p__Diatomea	0.9918131501511478
0b6af8660f0ae04eaf12b1f333bb5c2e	d__Eukaryota	0.9998716714986312
ac4f68450a8292e041019d21f45eae33	d__Eukaryota	0.9998925542003931
60b547e6fec7b3291d39ac03d2deb8f4	d__Eukaryota;p__Dinoflagellata;c__Dinophyceae	0.8521284723242044
4a4b3d4e5dc4dd60f989f011730d7701	d__Eukaryota;p__Diatomea	0.9951210112416917
aac019cfaa4a5d07996ade3cc0423947	d__Eukaryota;p__Ciliophora;c__Intramacronucleata;o__Spirotrichea;f__Choreotrichia	0.9655007893019585
8d1c75da3b103b0575cadd472c6de2f7	d__Bacteria;p__Planctomycetota	0.710987959362495
c27845c9591fa5d6edebac3a7868c5a1	d__Eukaryota;p__Cryptophyceae;c__Cryptophyceae;o__Cryptomonadales;f__Cryptomonadales;g__Komma;s__	0.8508663747132512
b8f14125af6eb22cd41bd27b49f6ffb4	d__Eukaryota;p__Diatomea	0.9577801460602358
0169457b358d783ea17c5fbe2ef0070c	d__Bacteria;p__Proteobacteria;c__Gammaproteobacteria	0.9940717582787604
22c6f1265eb4d6f1331bd58a4356590b	d__Bacteria;p__Planctomycetota;c__Planctomycetes;o__Pirellulales;f__Pirellulaceae	0.967128113070922
55a463acf30da3440b95eabae1c89e31	Unassigned	0.38263281182162046
e4196cd0c273f82ed1e2c2951e6cd125	d__Eukaryota;p__Diatomea	0.8683841963940916
3082d9efce69facac36f94f507f35cbc	d__Eukaryota;p__Euglenozoa;c__Kinetoplastea	0.9993120166888319
58f1e891814913a2c5ed389524b6c885	d__Eukaryota	0.9999766673147863
645a6a0000a0f2e93912cc9fb4521e6e	d__Eukaryota;p__Diatomea	0.97984886785267
cbddaabff790e1403afbc6b43cf90b85	d__Eukaryota;p__Ochrophyta;c__Chrysophyceae	0.8668783534560688
a32a8899e0d56c1c382863ff8e270c18	d__Bacteria;p__Proteobacteria;c__Alphaproteobacteria;o__SAR11_clade;f__Clade_III;g__Clade_III;s__	0.740932971864725
19a56d5bd0bf329aec933932e7b9e92f	d__Eukaryota	0.999981662611959
9049c8713f2987629b597da83cb05c05	d__Eukaryota	0.9939910656668106
241a5b0d692a530054de99156b645366	d__Eukaryota	0.9955601036334545
ff148e5d517445240a0fff273275e5d4	d__Eukaryota	0.9913949829081056
b4513436e867b40145adddb506bf0475	d__Bacteria;p__Proteobacteria;c__Gammaproteobacteria;o__Pseudomonadales	0.9601699858606066
8c57a37db63e0855742f9f5b9e446503	d__Eukaryota	0.9988075791495431
be803ce90b578327fe7eb006cd669064	d__Bacteria	0.714717728089799
6f1a240c08dbec18e9e20c2be8e45281	d__Eukaryota	0.9968067476408802
49c88659b4a6a28d2ca4913177d701b2	d__Eukaryota;p__Chlorophyta	0.9219505460070718
59912db1c92f121cf8678826462915f2	d__Eukaryota	0.9998136590021454
91842611ba85f6da6b09df8a1e999a24	Unassigned	0.9025165763221945
4dc290fb83d6d0ed0e2e27a24401d00c	d__Eukaryota	0.9999671962303893
24217f3e0577fb34a51b1a73a3894177	d__Eukaryota;p__Ciliophora;c__Intramacronucleata;o__Conthreep	0.863950653126689
770a12f9a251dcae3815ca82a8593582	d__Eukaryota;p__Chlorophyta	0.9860365412282234
5c83542621dd6e423cdd4682ace12b46	d__Eukaryota	0.9918667595556607
c914471c1790a110910f6d0f2908eaaa	d__Eukaryota;p__Diatomea	0.9906801024516024
0347e53c2c6dc6d87c5cdf270ee939a4	d__Eukaryota;p__Diatomea	0.921016107806966
a9197b3982e0ec09f5bd91772b7df722	d__Eukaryota	0.9999853200644073
465efc77db623e5b1ae8e1ba728c18d1	d__Eukaryota;p__Diatomea	0.9842648497203087
50425289bbc44ebd5f5e8d77f752729d	d__Eukaryota;p__Ochrophyta	0.8592507350466334
88c6bba68a8bade52f712d8ea1640d60	d__Eukaryota;p__Diatomea	0.9083371581832235
86aacffec1e6f4dcc67b47131f2caee1	d__Bacteria	0.9909784922246756
e7bdea5cc251a237de8dba89514c0853	d__Eukaryota;p__Ciliophora;c__Intramacronucleata;o__Spirotrichea;f__Choreotrichia;g__Tintinnopsis;s__	0.9181467378381358
ce36252ca8d01b6b76af92b7a7d9f90e	d__Eukaryota	0.9989501012359641
c943ebe3cdbc12da3c5b3c8e27e06050	d__Eukaryota	0.9970822072189545
14422e48b3be66cd259f3e65af86b9f7	d__Eukaryota	0.9958595561702659
5be9b2294c10424d50a623ea092f5d00	d__Eukaryota	0.9999938042517409
0dd0157c7dd219a21251aa263a0bf4e8	d__Eukaryota	0.9998579928763172
0083243bd2f164384b92b8ec11550890	d__Eukaryota	0.9872769899604116
72013588f83288d8455f1054ff73bf4d	d__Eukaryota;p__Cryptophyceae;c__Cryptophyceae;o__Cryptomonadales;f__Cryptomonadales	0.8769991192681801
98e5fc523a9c583992082aae01e2814c	d__Eukaryota	0.9978473514339536
92a54c762a314a8e9e202f508cf2fbe8	d__Eukaryota;p__Ciliophora;c__Intramacronucleata;o__Spirotrichea;f__Oligotrichia	0.80746288137054
9e62847b82808230c1f512c0e34c3d00	d__Bacteria;p__Proteobacteria;c__Alphaproteobacteria;o__Rhodobacterales;f__Rhodobacteraceae	0.8436574656139431
5d4515cf788a4619f73c80ead9ee5ce1	d__Eukaryota;p__Arthropoda;c__Maxillopoda	0.9462375407888517
b0932edfec7c87fa707fc64ca6a0663b	d__Eukaryota	0.9996373881415151
01a72e028af842053518046a5a199d8f	d__Eukaryota;p__Diatomea;c__Bacillariophyceae;o__Bacillariophyceae;f__Sellaphoraceae	0.7090310922002774
7f700f72dd8eff65bc79208874a285c2	d__Eukaryota;p__Arthropoda;c__Maxillopoda;o__Cyclopoida;f__Cyclopoida;g__Cyclopoida;s__	0.8899380363733018
2e0d9a287cda5cdf2f5ce4ddaba15f3b	d__Eukaryota;p__Arthropoda;c__Maxillopoda	0.9092748374615218
9b52e16534ffe0b072c631246003703e	d__Eukaryota;p__Diatomea	0.9828445611392045
74b8eb2b4f0fb2bc73defd1b431e2659	d__Eukaryota;p__Diatomea;c__Bacillariophyceae;o__Bacillariophyceae;f__Bacillariophyceae	0.7548578057849933
34da0158836ed2aee3bf64827224d2fc	d__Eukaryota;p__Diatomea	0.9765482731731486
6c370324395f892dd3d16f549f18eb03	d__Eukaryota	0.9991208267259557
8baf0148e7e021d5e80f3224c65dea03	d__Eukaryota;p__Diatomea	0.9770962200112783
35e5ac153dae0bc247b26464f28b1ce4	d__Eukaryota	0.9995397745749404
49ebdc6e2e571e26069d1b0611e1beba	d__Eukaryota	0.9968134886089719
3047e8c161d466d043c3b76564d79732	d__Eukaryota;p__MAST-4;c__MAST-4;o__MAST-4;f__MAST-4;g__MAST-4;s__	0.937208439432561
e9b04c00306cfcc14f105780f5868139	d__Eukaryota;p__Phragmoplastophyta;c__Embryophyta	0.7145291523172395
a7d314f54e116d111a46d897b2172cdf	d__Eukaryota	0.9999552114000844
cd4fbcaddc20316d84db9149966fa0ae	d__Eukaryota;p__Ciliophora;c__Intramacronucleata;o__Spirotrichea;f__Choreotrichia	0.988414052691767
2b94d04865768b691a0fba5d8e20ead7	Unassigned	0.48284912713767114
145a886544f6280ca0051d05485d2290	d__Eukaryota	0.9994759369325562
0bd8b0429a3b292ead2258e0829de255	d__Eukaryota	0.9994965514013227
e23bec28a8e7b9a17544c552383b1831	d__Eukaryota;p__Diatomea	0.9962895486501282
11c23c80f80018e10eae0f156a9603c5	d__Eukaryota	0.999743354557012
2e18fe9acebae558dd1b4652a6abdd0f	d__Eukaryota;p__Diatomea;c__Mediophyceae;o__Mediophyceae;f__Mediophyceae	0.7969834501215428
5f1cf8e2895fbf91e050b49be127aa08	d__Bacteria;p__Proteobacteria;c__Alphaproteobacteria;o__Rhodobacterales;f__Rhodobacteraceae	0.9910007805414327
9b40406d985003fa4782c9df71564d08	d__Eukaryota;p__Diatomea	0.9601164607518369
7479c4498436f21ce2a86528e6bfe65f	d__Eukaryota	0.9992526199547034
bcff06810f37ad2b07e2b783ee0c72f3	d__Eukaryota	0.9999534322184087
c451ab7ceebdca242bc792f4cf48a507	d__Eukaryota;p__Diatomea	0.9841462698168111
d747e1f6a237a975873a9bea35bc9ec0	d__Eukaryota;p__Ciliophora;c__Intramacronucleata;o__Conthreep;f__Oligohymenophorea	0.9362004483517022
946242b87c14e11288b117ead6a519cd	d__Eukaryota;p__Diatomea	0.9888539846059428
e7e3e811484e838960b1e12b579caf6e	d__Eukaryota;p__Dinoflagellata;c__Dinophyceae	0.8898586776011803
862748e5825377ea5095e1cd816906d4	d__Eukaryota;p__Ochrophyta;c__Dictyochophyceae;o__Pedinellales;f__Pedinellales;g__Ciliophrys;s__	0.8787365731724128
a35be9124f9ef8a823eeffc523d5d280	d__Eukaryota	0.9996642760642775
d4093f073cd1f436fd555777de6bdcc5	d__Eukaryota;p__Ciliophora;c__Intramacronucleata;o__Spirotrichea;f__Oligotrichia	0.9337096546618856
4132ad58cad208ff63e44cb5de23e06f	d__Eukaryota	0.9994105581861981
656f2607dbc88e04609e73b7cc30f414	d__Eukaryota	0.9995044245366961
6a3a7a5a1bbe8c2e974f65fd4936fe0c	d__Eukaryota;p__Dinoflagellata;c__Dinophyceae;o__Gymnodiniphycidae;f__Gymnodinium_clade	0.7188555403219884
734e105a0d4dd6e00ca675a35e01e11f	d__Eukaryota	0.9995007593357138
69b394852b7d33e50fafcfb475c9995f	d__Eukaryota	0.9981104465529389
b3f276a1cf8486eab437dfdd46eac67f	d__Eukaryota;p__Prymnesiophyceae;c__Prymnesiophyceae;o__Prymnesiales;f__Prymnesiales;g__OLI51059;s__	0.9815528134929956
ebdba2cad3c1bbc50bdc0a3d7882240e	d__Eukaryota	0.9992282867519127
7cc8683c62d8460436e413da115eccce	d__Eukaryota	0.999970003127703
c38365bbd92aa7b0d8a13b6bdca5777d	d__Eukaryota	0.9999901377739364
8b6aeb8def45751002ddc07cad65cb75	d__Eukaryota	0.9942113186959365
df5b0abf6eab94ac266d4b4cbe6af2fc	d__Bacteria;p__Proteobacteria;c__Gammaproteobacteria;o__Pseudomonadales;f__Cellvibrionaceae	0.7812550425785452
8f4b9861420fa5e624f8f90be57f03c9	d__Eukaryota	0.9999602901258695
67e256efd6446d279e6b028687e8b2c6	d__Eukaryota;p__Ciliophora;c__Intramacronucleata;o__Spirotrichea;f__Choreotrichia	0.9017339510073925
79ac82e20b89f6aef0120e7031bc97f9	d__Eukaryota;p__Ochrophyta	0.8286857754033772
24dc7d83cf73fedbea60b82da6d019b8	d__Eukaryota;p__Diatomea;c__Coscinodiscophytina;o__Coscinodiscophytina;f__Coscinodiscophytina;g__Actinocyclus;s__	0.7082244872417001
1e37cdbcf4429904e9eee1856993e366	d__Eukaryota	0.9550920618299592
7e3cb034989c2c5bf242be3fd430fb8d	d__Eukaryota;p__Diatomea;c__Coscinodiscophytina;o__Coscinodiscophytina;f__Corethrids;g__Corethron;s__	0.9542813058824343
5b8ff77030ba1cd4767ecda338b99563	d__Eukaryota;p__Ochrophyta;c__Raphidophyceae;o__Chattonellales;f__Chattonellales	0.7164671636217779
24bf4bac256bc6017a118581ce5c3593	d__Eukaryota;p__MAST-3;c__MAST-3J;o__MAST-3J;f__MAST-3J;g__MAST-3J;s__	0.9005593970062542
d2b343bc16687a8b0c7a5e03c3388c3f	d__Eukaryota;p__Diatomea	0.9827393750484618
cf680c787b06a4d2cdc41206ab4a53c0	d__Eukaryota	0.9990199298299404
02f00ed1ae154705ddcc41afa05672f1	d__Bacteria;p__Proteobacteria;c__Alphaproteobacteria;o__Rhodobacterales;f__Rhodobacteraceae;g__Poseidonocella;s__	0.9095954202568307
a996d513e90a3fb1e942a97324f5c634	d__Eukaryota	0.9996795600728827
1cfbfb1017ab05a7d386eb2881bc48aa	d__Bacteria;p__Verrucomicrobiota;c__Verrucomicrobiae;o__Pedosphaerales;f__Pedosphaeraceae	0.7219546997363498
35abd1c8c225f0f8d6865c1699431aa8	d__Eukaryota;p__Dinoflagellata;c__Dinophyceae	0.7903904138599365
6423eceaf3196b9bf8e456e614bfc828	d__Eukaryota;p__Dinoflagellata;c__Dinophyceae;o__Gymnodiniphycidae	0.7163719513548524
600528dfdd9b22abe00e6ff67acb3e41	d__Eukaryota;p__Diatomea;c__Coscinodiscophytina;o__Coscinodiscophytina;f__Rhizosolenids;g__Rhizosolenids;s__	0.9230874019538361
880321cd941433a1e829704f872e5288	d__Eukaryota;p__Prymnesiophyceae	0.8222154837701774
2e13907fd2da985464517d7368995556	d__Eukaryota	0.9996865430451461
176f42ac80165fdb095bf38927cff2f1	Unassigned	0.6569015221722365
ab3f4428ec34cae2de7021f77cb56f5e	d__Eukaryota;p__Arthropoda;c__Maxillopoda	0.8202815022936258
a4137ef3e8ef2d0e598dda86ad62422a	d__Bacteria;p__Planctomycetota;c__Planctomycetes;o__Pirellulales;f__Pirellulaceae;g__Rhodopirellula;s__	0.7124532333172479
c5fd6d2eea9c024d057ebb8af9ded807	d__Eukaryota	0.9993087043511241
a7adfea6f15ad17933fa7647584a1c8c	d__Eukaryota;p__Diatomea	0.9751527046433587
bda662d707c5037539d14fe093cc9540	d__Eukaryota	0.9999304109360524
cac7b3251c3be35c909255b6c7a16d62	d__Eukaryota	0.9999810448703987
1b3deb211f3a9d0faab6729c5a5736ad	d__Eukaryota	0.9974960015086516
a0df0cf63206a232207632c85d3e6c49	d__Eukaryota	0.999253857292062
333c3a034e61e39847d66dae15eefc19	d__Eukaryota;p__Diatomea	0.9765590406693376
268359e1ebf96fc4a5a4c583eee6a3d0	d__Eukaryota	0.9998416879027159
f92a0d91dce73fa11a6dc2d2b2109a70	d__Eukaryota;p__Ciliophora;c__Intramacronucleata;o__Spirotrichea;f__Choreotrichia;g__Steenstrupiella;s__	0.9991824723522532
e497f12612bcfc6c33e0988f2dee3bae	d__Eukaryota	0.9963197493189871
adb6e7691a7d447abec147f195ef0a27	d__Eukaryota	0.7116813347812445
a480e4a600d9c83602d660d8741d05e4	d__Eukaryota;p__Diatomea	0.9873922239998958
48655fd46548befbe07236b79d7da82e	d__Bacteria;p__Proteobacteria;c__Alphaproteobacteria	0.9939284784031163
589fa477d45bd53d01d6828cd74a7044	d__Bacteria;p__Planctomycetota;c__OM190;o__OM190;f__OM190;g__OM190;s__	0.7394709533420434
7d22ded5f142d87265ed739e5b1e4405	d__Eukaryota;p__Dinoflagellata;c__Incertae_Sedis;o__Incertae_Sedis;f__Incertae_Sedis;g__Haplozoon;s__	0.9941411455136636
261acf8d8e0dcdef07e8fe8adb33bcf0	d__Eukaryota	0.9999291213048275
101e2d8d8e874a81b387d4d7927290fb	d__Eukaryota	0.9992948681038416
10211e64ef1e205bf4e74420d9aebcf4	d__Eukaryota	0.9999279826683537
634234e1100e3650e5586adc97fbf896	d__Bacteria;p__Proteobacteria;c__Gammaproteobacteria;o__Enterobacterales	0.9709233284820491
287f46c114725c75b1961932adaf3004	d__Eukaryota	0.999723395944489
45bb07a40a00ed52395ecd6b2613dc78	Unassigned	0.6400473580719341
885b91796c36714ae07b0b5320c05abe	d__Bacteria;p__Proteobacteria;c__Gammaproteobacteria;o__Chromatiales;f__Chromatiaceae	0.7210790397829181
e0c159950bc2973d2cb8559bc5819313	d__Eukaryota;p__Euglenozoa;c__Euglenida;o__Heteronematina;f__Heteronematina;g__Petalomonas;s__	0.7770062416730105
fd05bb4479466189fc6e1de319ba157b	Unassigned	0.31292943740391643
97f998d83098015d4e97deb8a58f04ae	d__Eukaryota	0.9999561315784222
2ae0584128f2c2b2f95faa54e3daf147	d__Eukaryota	0.9999845710053621
e994bccf6b647889a0c6f284d0f7736e	d__Bacteria;p__Proteobacteria;c__Alphaproteobacteria;o__SAR11_clade	0.8159863598639633
a77c4881e22d0610511920b2ab38c732	d__Bacteria;p__Proteobacteria;c__Alphaproteobacteria;o__SAR11_clade;f__Clade_I	0.9213295692247161
6edeb3c8a323b1a65a69fcae9dc59570	d__Bacteria;p__Planctomycetota;c__Planctomycetes;o__Pirellulales;f__Pirellulaceae	0.8154434688987485
43971dfd1e364bd058f9fb7bb48620bd	d__Eukaryota	0.998177147705376
456a9efc8d6f8436bc77f43a7f3ee1e6	d__Bacteria;p__Proteobacteria;c__Alphaproteobacteria;o__Rhodobacterales;f__Rhodobacteraceae	0.7659023380167229
e54b129a0f45bc13d75db366afac5a5e	d__Eukaryota;p__Euglenozoa	0.8178378303838599
4f289527460fe5e0b0fde6fc35f595ad	d__Eukaryota	0.9976171955696649
09a4ca6ddcab4994b2cab6229ffc438b	d__Eukaryota	0.9835032617345869
f43b25df875a142b2b302025578cb33b	d__Eukaryota;p__Chlorophyta	0.8377269412928184
1e0cf06ba4693ac78f75dcab4e05c0c6	d__Eukaryota;p__Holozoa;c__Choanoflagellida	0.7119687425928642
4c37cc139ab5e9ebd069db5a73cca402	d__Bacteria;p__Verrucomicrobiota;c__Verrucomicrobiae;o__Opitutales;f__Puniceicoccaceae;g__Verruc-01;s__	0.8874670161487291
9c8ea8f01d14bd6630fe7352dda92fb8	d__Eukaryota;p__Diatomea	0.992947534215751
742bb868a017d3ba514b7fc95a632118	d__Eukaryota;p__Ciliophora;c__Intramacronucleata	0.7388209327940308
282f0750956cf801c3920b220f1d39bb	Unassigned	0.3512764309971197
fc00605959e7ec8e1b8692c344043cc1	d__Eukaryota	0.9989683138159007
e3436b4841e9742907a148d4beed43b4	d__Eukaryota;p__Diatomea	0.9838097334092842
ff110533eb8cfc1968aadf6067b2d424	d__Eukaryota	0.9989893996934116
446f93e9b4797cba874d2027a37fa289	d__Bacteria;p__Proteobacteria;c__Alphaproteobacteria;o__Sphingomonadales;f__Sphingomonadaceae	0.7815872551508348
3707dc26e0b13afb2b8fa9e95c1c2c33	d__Eukaryota;p__Diatomea	0.9812037223560384
cf17e4f6a98e38bee4d1736bf42434b4	d__Eukaryota;p__Cercozoa;c__Thecofilosea;o__Cryomonadida;f__Ventrifissuridae;g__Ventrifissura;s__	0.8530219658633372
995426c667aa423c9e4e887d2a4c2a71	d__Eukaryota;p__Prymnesiophyceae;c__Prymnesiophyceae;o__Prymnesiophyceae;f__Prymnesiophyceae;g__Phaeocystis;s__	0.9826998535383296
8e500d6856ddfa246568b4bf30a530ac	d__Eukaryota;p__Diatomea	0.9868524979226295
86ab0f349721189e69619267611d940e	d__Eukaryota;p__Ciliophora;c__Intramacronucleata;o__Spirotrichea;f__Oligotrichia	0.9544242349621039
a87e8072c811841e78900e9209c14b8e	d__Eukaryota;p__Cercozoa;c__Thecofilosea;o__Cryomonadida;f__Protaspidae;g__Protaspis;s__	0.844820560773556
bb9bdb77465d2c66540801efc6fca513	d__Eukaryota;p__Diatomea	0.97961174897429
e32d08aa4137a7b3968c6da141c9e5da	d__Eukaryota	0.9978849144024883
d5e412859c3150c7b58ecd82be6ab920	d__Eukaryota	0.9928026644642491
58c9afaa8a601ee356f45226f5e15dba	d__Eukaryota	0.9998392907751411
b58a6459e16858d9790533bb467c4ad2	d__Bacteria;p__Proteobacteria;c__Alphaproteobacteria	0.9669776728229548
44c36dec867dbfdb81e60a0987b8ba39	d__Eukaryota	0.9999405022614705
30ea443eeb67451a4c2bab7858036dc0	d__Eukaryota;p__Dinoflagellata;c__Dinophyceae	0.826718810936976
44dfc430136ea93138afa7de70744390	Unassigned	0.3126594834082368
606d80d229e7b28f8fb025414304a9fc	d__Eukaryota;p__Chlorophyta;c__Chlorophyceae	0.9134231877227103
84ada7b042a100757c00a0d366191296	d__Eukaryota;p__Ochrophyta;c__Chrysophyceae	0.9017499907674392
088978dfb3b70365f069770bd40f1ed7	d__Eukaryota;p__Ochrophyta	0.8918952058224983
e1a26d2906e1e0c63c2c90c6dcece57f	d__Eukaryota;p__Dinoflagellata;c__Dinophyceae	0.8019770619959249
5a6a2c31031e78d75f989d3d47d12a08	d__Eukaryota	0.9998665102818471
ee9b7b3598c401bb02a885a2ea803b08	d__Eukaryota;p__Ciliophora;c__Intramacronucleata;o__Conthreep;f__Oligohymenophorea	0.9872907203831515
1034e24f7448912df8099a7ee5fbb51a	d__Eukaryota	0.999586464150683
9c607c1a08c9d87f6bcde89e3f88d3d0	d__Eukaryota	0.980433675390729
e7ef54a1a9415f3d88fa430107d1cd63	d__Eukaryota	0.9996339709360971
f3d593a7a2eb196ab0c5c9ff80808566	d__Bacteria;p__Proteobacteria;c__Alphaproteobacteria	0.9924944268903602
7961e4b9a6e837222a77346ccbbccec2	d__Eukaryota	0.9999454654529984
0f490b51a98ba3d94aff008f8424e30e	Unassigned	0.32566376922273743
7e9e5e81d78e6a9c01a8ec2f6e6e224b	d__Eukaryota;p__Chlorophyta;c__Clade_VII;o__Subclade_B;f__Subclade_B;g__Subclade_B;s__	0.774769983824095
2e316e9e5ff557502ce7c08d6df8bf1d	d__Eukaryota	0.9994320329284647
cfe036987aef2e1b3d8b87af09f484fd	d__Bacteria;p__Proteobacteria;c__Gammaproteobacteria	0.9698917156967035
e7827ad578f057ed1f8c9176152788cf	d__Bacteria;p__Proteobacteria;c__Alphaproteobacteria	0.9809420729434657
5677a9ef57660fdaf68a176be2e85c45	d__Eukaryota	0.9980620979049288
39d9bb299d9c704895c06503677db982	d__Eukaryota	0.9975922908400896
fcb99e123a7a44867c1c277f8f99bc90	d__Eukaryota	0.9998144299886463
1d2ac75527a4d6983e282b85db3fca4e	d__Eukaryota	0.9997724968231734
d03d25a5f2ff32f211d164b0ec9e7204	d__Eukaryota	0.9986088589100711
1803c2b29ec67a0365632ac8cae4bcf7	d__Eukaryota;p__Diatomea;c__Bacillariophyceae;o__Bacillariophyceae;f__Sellaphoraceae	0.735447525354533
aae983c32c636aa9ecb82af87e7cfcc6	d__Eukaryota	0.954761590030471
c1fa18a9d880ee7babc246809ea5d43e	d__Eukaryota	0.9992255504078711
a27f1be8dbdd0c549048a3ea8d517038	d__Eukaryota	0.9991423344665746
50ef80f0193bdb81e481fff3b7767df0	d__Eukaryota;p__Cercozoa;c__Thecofilosea;o__Cryomonadida;f__Protaspidae;g__Protaspis;s__	0.9553604152458539
5d8b52d27e7ebc69cbd6d5e5a7cded5a	d__Eukaryota;p__Diatomea	0.9841808049778136
2a12208dc448727ec7cde0f6cdf587c7	d__Eukaryota	0.9998835233558283
df10cc4250c9dd5b011683b5eb36b68f	d__Eukaryota	0.9997986406470161
b40853b1e6189a3448e8c54abf1640ef	d__Eukaryota;p__Ciliophora;c__Intramacronucleata;o__Spirotrichea	0.7006661792805458
6f9712e56079f0d6002b2c1d053ef609	Unassigned	0.354898791330045
a6f9355ab252e1e9d091c33b0b6fa1ad	d__Eukaryota	0.9378301509255402
fc40523ff0999ac976bf18fbfcfbd957	d__Eukaryota	0.9998774631270386
f959eb2a99f2ccb6818a51f6b5e97243	d__Eukaryota;p__Labyrinthulomycetes;c__Labyrinthulomycetes;o__Labyrinthulomycetes;f__Thraustochytriaceae;g__Aplanochytrium;s__	0.7013967160148182
e224e58ee0efdfe2e4f4475b12cd662e	d__Eukaryota	0.9998887951497061
32f1467b52f4bc9f5bc9e81f636c59ab	d__Eukaryota	0.9996322776053962
38738014a1a3e61b7be5175ebe0978ca	d__Eukaryota	0.981704662428428
ec828b6df9fc265b2c264a60040b7e9c	d__Eukaryota	0.999616061505544
bed6c20ace0eec6c66c985b86cb3dece	d__Eukaryota;p__Diatomea	0.9756786272451532
d5f6e866a8f5d1287e688bcc5f8634ce	d__Eukaryota;p__Diatomea;c__Bacillariophyceae;o__Bacillariophyceae;f__Bacillariophyceae	0.8223024975466287
6a28649494eea4abcc27a8f00662f3a0	d__Eukaryota	0.998861459951218
82bc03f0178aaa919c9c5c8c20d55a37	d__Bacteria;p__Myxococcota;c__Polyangia;o__Polyangiales;f__Sandaracinaceae;g__uncultured;s__	0.7496559406418412
44adad88a8d630c2c0e3f2b9ce4ebcd3	d__Eukaryota	0.9996871181837477
ca6d355a737ee7f040278c30c994b2e6	d__Eukaryota	0.9999547794835552
978769721a5e5f908656b9583cc33ee0	d__Eukaryota;p__Diatomea	0.9950736165283189
0d0d0f9e94bf2e90a2f79852dd60d25f	d__Eukaryota;p__Diatomea;c__Bacillariophyceae;o__Bacillariophyceae;f__Bacillariophyceae	0.7412363967712122
72a13b7409d1f9143dfa14177e799ce1	d__Eukaryota	0.9998096933618059
c4692cd1713ecfd4bf53208b36e3b4c5	d__Eukaryota	0.9928641383834746
1ac086ce66620d6570cbd77618c96327	d__Eukaryota	0.9991682641141628
c613ca2acf730ccb79f4507800d63b29	Unassigned	0.677893062177209
fcc9a9800e9bc24707e304f5c6f3e5d9	d__Eukaryota;p__Diatomea	0.7698245760470327
de37861b3e849580ba33bc7bb1f9e9db	d__Eukaryota;p__Ascomycota;c__Dothideomycetes;o__Pleosporales	0.7067323667590737
7bea45939861b75cd92ae88f9ac91703	d__Eukaryota	0.9999194143653054
7d14b86a8712a3eea57669e4db769535	d__Eukaryota	0.9997204906748025
bfa8a765f1230c07bb3b831988d9eb2f	d__Eukaryota	0.9990242141210208
4db248007a68dfa37a36867c725b194c	d__Eukaryota	0.9996730543090836
49f26802e1191074623240976202cbca	d__Eukaryota;p__Diatomea	0.9695761679629714
6a91708105bd59e27b6e282d038647dd	d__Eukaryota;p__Diatomea	0.9471497625437746
2dcec21b65c2bc69b00cdfa72bf446f4	d__Eukaryota;p__Cercozoa;c__Imbricatea;o__Imbricatea;f__Thaumatomonadida;g__Allas;s__	0.8249376271632893
22f63f54bc5b103c6592477363913ca4	d__Eukaryota;p__Cercozoa;c__Thecofilosea	0.7927223774591238
fe9cfbf1f440c2e1d866c8a71d75294d	d__Eukaryota	0.9999270133473982
805cbaad6492a8ebda9e85a6aa6bd3ef	d__Eukaryota;p__Ochrophyta;c__Chrysophyceae	0.7187996616546057
dc4e42088043846b2023e9fb1315f3e8	d__Eukaryota	0.998859180133551
5ab886cbb97e7ba9bb42ff8042c7ccf0	d__Eukaryota	0.9763024195035874
84b7799e8a6b11ab95bd228b5288f297	d__Eukaryota	0.9991665057276061
3dc1b5f08422078ed27eabde3dd1f4e2	d__Eukaryota;p__Diatomea	0.9888224012446386
2d0033291748029da7b299ce96edaed3	d__Eukaryota;p__Prymnesiophyceae	0.999807882884527
a1347d7c5056d10e52e1e2165c18d75d	d__Bacteria;p__Proteobacteria;c__Alphaproteobacteria	0.9826711220347251
1b4b4126ef74a85ea7893bbbfa429d8e	d__Eukaryota	0.9994330880416524
9df444b9410d9d1af0812bf71c6e3aff	Unassigned	0.8915242322760142
168c6412c74239f42b509db0d4f48179	d__Eukaryota	0.9997176702465029
b6d61455660aecea794d88d1bd7f1c4e	d__Bacteria;p__Proteobacteria;c__Alphaproteobacteria	0.9903195802057809
4523bea9b146f7879cb37f6be9a2c358	d__Eukaryota	0.9991988700705632
e47fd834d4ba1919b89201a2765d99dc	d__Eukaryota	0.9999148276529897
fd54985c06329cdf3ecec53b99b3b139	d__Bacteria;p__Planctomycetota;c__Planctomycetes;o__Pirellulales;f__Pirellulaceae	0.8934663190730647
f55d066e3f6af8eae1d58413ab963c32	Unassigned	0.8434575975500518
4df9ad680693b28b62ff3ae7594fe522	d__Eukaryota;p__Incertae_Sedis;c__Incertae_Sedis;o__Incertae_Sedis;f__Incertae_Sedis;g__Pirsonia;s__	0.8481457072518809
e563f81f55dd95031af698cbb55b6821	d__Eukaryota	0.9998533811516318
e4e43192bc6fd931b3c02cdbc9aa1b98	d__Bacteria;p__Proteobacteria;c__Gammaproteobacteria	0.786452002373003
20d6086a7f1df16f7e0e78e027f4f2ce	d__Eukaryota;p__Chlorophyta;c__Chlorodendrophyceae;o__Chlorodendrales;f__Chlorodendrales;g__Tetraselmis;s__	0.7740265397122091
2c2ee6618dfbd757b4f2a8b04e1b6fcf	d__Eukaryota	0.9907566435480091
53c18b0aaf423d08299b042f3c536fcb	d__Eukaryota;p__Ochrophyta;c__Eustigmatophyceae;o__Eustigmatales;f__Eustigmatales;g__uncultured;s__	0.9420785622555231
dfc0f7765ee000b3c0276076bedb167e	d__Bacteria;p__Desulfobacterota;c__Desulfuromonadia;o__Desulfuromonadales;f__Geopsychrobacteraceae	0.7016527375023637
eeda4089c33d78896b96ca861dd1721a	d__Eukaryota	0.99995960443561
87d359c37b8332e71d684ac03bbc2091	d__Eukaryota;p__Diatomea	0.98804789599519
b8e96732501c4b7f3b2a16ee08baec34	d__Eukaryota	0.9998067736899248
3e98f259c6ebd3bc2969b1ddf4bf8aff	d__Eukaryota;p__Euglenozoa;c__Euglenida;o__Euglenophyceae;f__Euglenaceae;g__Euglena;s__	0.9099698298757763
aab7e62a362b20397047dd5d942c5331	d__Eukaryota	0.9992884482909304
5c9fa1b11ffff450b937a54fc3c4bf48	d__Eukaryota;p__Euglenozoa;c__Kinetoplastea	0.9998596203926226
67667396efde285aca0770466335697e	d__Eukaryota	0.9993324840868164
7f663ed7274d344ce4bb08c497ce947d	d__Eukaryota	0.9999535547932478
a45af21a4496f30a98792474db630e03	d__Eukaryota;p__Euglenozoa;c__Diplonemea;o__Diplonemea;f__Diplonemea;g__Rhynchopus;s__	0.9734327475994936
f4c1a7414034679b6e3a480a1120b91b	d__Eukaryota	0.9979120524049006
9abb46034153a3cfa48c0836df4f6f04	d__Eukaryota	0.9963621262057191
777a9c1f80b7b889e0d1206c6d07635b	d__Bacteria;p__Proteobacteria;c__Alphaproteobacteria	0.9862166869019398
bce39c483796bd5d13851170c7eedebf	d__Eukaryota	0.9972362102085018
4dfdc55109935c9e5d4b1ede0eea4867	d__Eukaryota	0.999981730229068
6af03a653ce4350a309d3bd329d3aa03	d__Eukaryota	0.9993993644193306
ef426a305cceaf03d505bc23bd561a81	d__Bacteria;p__Campylobacterota;c__Campylobacteria;o__Campylobacterales;f__Sulfurimonadaceae;g__Sulfurimonas;s__	0.9839308958342664
35c8c3540a978924cd4b61193c6a668c	d__Eukaryota	0.9999517465666256
e5a48378e4a1931f4cac018387cd4832	d__Eukaryota;p__Diatomea;c__Coscinodiscophytina	0.7492028097081639
a14f6becb478515db424c49b63af9caf	d__Eukaryota	0.9998296512177257
76202a8cd87cd41d08ae65b2cd37c79a	d__Eukaryota;p__Dinoflagellata;c__Dinophyceae	0.9114560778408387
e794401d8fb4c8e24075393d0ad055bd	d__Bacteria;p__Proteobacteria;c__Alphaproteobacteria;o__Rhodobacterales;f__Rhodobacteraceae	0.988455780488571
e9f4efeffdaa5985b9cb23c8492171b5	d__Eukaryota;p__Chlorophyta;c__Chlorophyceae	0.9006588228504644
0fe930bd32fd2259184712271edfdfe0	d__Eukaryota	0.9977757156893253
4e4bd5f082f57969f4e90e43ad3d0850	d__Bacteria;p__Planctomycetota	0.731341270902052
631cf9e8748f034b3364d70bb36aaf16	d__Eukaryota	0.9997462236482563
87d48235b39a0f38fce44d3af330e3ab	d__Eukaryota;p__Ciliophora;c__Intramacronucleata;o__Conthreep;f__Oligohymenophorea	0.7834815579126871
b56dc08388883611aa5be7306b35171f	d__Eukaryota	0.9993997683700626
86d879f5984d156c086f254b403ec010	d__Eukaryota	0.9998528483641577
a9178cf1eaa8a590bb3de6d492053eae	d__Eukaryota;p__Chlorophyta;c__Trebouxiophyceae;o__Chlorellales;f__Chlorellales;g__Nannochloris;s__	0.711145131930157
5e31b1e7c38aa5da7aa7091819168223	d__Eukaryota;p__Vertebrata;c__Actinopterygii	0.856061719416409
ae52b6b8a8ac7182b08aee4bc1a54161	d__Eukaryota;p__Diatomea;c__Mediophyceae;o__Mediophyceae;f__Mediophyceae;g__Cyclotella;s__	0.994599392158732
2247b8c99a73e51fbba4f8e9b3d0be37	d__Eukaryota	0.9958717751731352
db66e308829c9ef245930627cbcdeec3	d__Bacteria;p__Planctomycetota	0.7267505452158923
c11fd2fb6130d401f827d872491869df	d__Eukaryota	0.9993419015373367
ccf127c0781b436158635268fad687ff	d__Eukaryota;p__Ciliophora;c__Intramacronucleata;o__Spirotrichea	0.7805936543373818
8354b2f8045111055894b45f94f6e6e3	d__Eukaryota;p__Ciliophora;c__Intramacronucleata;o__Conthreep;f__Oligohymenophorea;g__Cothurnia;s__	0.8378665870807106
96c366b089ebdf0c224043ce8597a2f3	d__Eukaryota	0.999731738845333
aee9a58be016f0ff7c02d6fe7cecf07c	d__Eukaryota;p__Chlorophyta;c__Chlorophyceae	0.9222666160448914
303fadfd2b4072262b67769fadfd00e2	d__Eukaryota	0.9981888311946036
e66b7071885495d23c269ba155164cdb	d__Eukaryota;p__MAST-11;c__MAST-11;o__MAST-11;f__MAST-11;g__MAST-11;s__	0.9964271452113044
790920cbe7b52a08e9a2b92ee9a59f8e	d__Eukaryota	0.9998862275243007
23e23b1b3302f2d998c4e940e8cff13b	d__Eukaryota	0.9999675794715492
f59298fe69161195e7644d28803862f5	d__Eukaryota	0.9995973550185927
44d3f87a22874c444c38f4233c91b669	d__Eukaryota	0.9999279244283614
3d86417d433de674412b3f1299b057f1	d__Eukaryota;p__Euglenozoa;c__Euglenida;o__Heteronematina;f__Heteronematina;g__Petalomonas;s__	0.8761816178738705
aeabe54d1f5fd3927ca83445360321d7	d__Bacteria;p__Gemmatimonadota;c__BD2-11_terrestrial_group;o__BD2-11_terrestrial_group;f__BD2-11_terrestrial_group;g__BD2-11_terrestrial_group;s__	0.9648401655908011
e1f3efdf9929e938576e1e60f76bfb35	d__Eukaryota;p__Annelida;c__Polychaeta;o__Eunicida;f__Eunicida;g__Eunicida;s__	0.8150294246217936
ab0dacf7d29f3540a1ef767c2444242f	d__Eukaryota;p__Protalveolata;c__Syndiniales;o__Syndiniales;f__Syndiniales;g__Duboscquella;s__	0.9335946774439001
033a8f25ebbbe33d17f5e27ce8f80ee8	d__Bacteria;p__Proteobacteria;c__Alphaproteobacteria	0.9932990889373338
d083ff3c2be300b87b6e22651a9c6707	d__Eukaryota;p__Phragmoplastophyta;c__Embryophyta	0.7158084349478214
480d3808c72625aae0b1105e51dd01a7	d__Eukaryota	0.9995604698867531
fee21e7caeca49b5c0b690d31280e5aa	d__Eukaryota	0.9986351932964065
5d576efb9c3ab408073a93d8825fae11	d__Eukaryota;p__Chlorophyta	0.9388023484237449
4b92856c9be63bda72391a99a3b31ec9	d__Eukaryota;p__Mollusca;c__Gastropoda;o__Caenogastropoda;f__Caenogastropoda;g__Caenogastropoda;s__	0.9859275666170721
a7fb5f1d7787b192ba4add18a180649b	d__Eukaryota	0.9999490295913446
cf2a5a4318aacf8ac5820a6c315953a9	Unassigned	0.32899086702898916
190c155265cb1f34ea1ea26b5693dcfe	d__Eukaryota	0.9997748918273184
20f7de076299241966cdfe332b54dbcd	d__Eukaryota;p__Ancyromonadida;c__Ancyromonadida;o__Ancyromonadida;f__Ancyromonadida;g__Ancyromonas;s__	0.957907459393414
0f279bb4282c3d8052c2dbea3b31aa9b	d__Eukaryota;p__Arthropoda;c__Maxillopoda;o__Cyclopoida;f__Cyclopoida;g__Cyclopoida;s__	0.7359311847907092
177297fcf3a591bfe4207f1afe3f2831	Unassigned	0.41600159868502606
c172394bbe2faf9f8545346ec8478089	d__Eukaryota	0.99817221525332
ce61988c45618cb0f79d80807c9b88a9	d__Eukaryota	0.9995528835408364
7903cdd960995010a1d8cd6b942aa4c4	d__Eukaryota;p__Incertae_Sedis;c__Incertae_Sedis;o__Incertae_Sedis;f__Incertae_Sedis;g__Telonema;s__	0.854880617595367
bfa54a137d4cee7f5250b325378f1e8a	d__Eukaryota	0.9998146510857344
fb6c1de4151468999fe1021b033abda3	d__Bacteria;p__Verrucomicrobiota;c__Verrucomicrobiae;o__Opitutales;f__Puniceicoccaceae;g__Coraliomargarita;s__	0.8121532526420885
f5f1516fe7354878b081445c5cffe658	d__Eukaryota;p__Labyrinthulomycetes;c__Labyrinthulomycetes;o__Labyrinthulomycetes;f__Thraustochytriaceae	0.7019373614579
8fffca76ee0bcb16ef1c8e4ac2b7ea3e	d__Eukaryota	0.9998329460551224
52ff0462116e7b47b87bb9f6bfc5b2fd	Unassigned	0.5209367081863336
3d7cf847ec332e3b9fee36226368668f	d__Eukaryota;p__Diatomea	0.9936262995618638
909ff21d370fc2e0db97037eea9ffb73	d__Eukaryota;p__Diatomea;c__Mediophyceae;o__Mediophyceae;f__Mediophyceae;g__Lithodesmium;s__	0.8951846129722157
c9f2826d9f8bb2285090de958740db9f	d__Eukaryota	0.9999693349057897
0fe09d7b8393049c4721939822c3b285	d__Eukaryota	0.9789491513166713
d5626e5f98389349bb9d7bb93bc2ed50	d__Bacteria;p__Campylobacterota;c__Campylobacteria;o__Campylobacterales;f__Sulfurimonadaceae;g__Sulfurimonas;s__	0.8789713477273441
72db1c668db578404f6ca664ba5fcadd	d__Eukaryota;p__Protalveolata;c__Syndiniales;o__Syndiniales	0.7181993351681423
396884ee1713f8e928d898c3aa96644a	d__Eukaryota;p__Cercozoa;c__Imbricatea;o__Imbricatea;f__Euglyphida;g__Paulinella;s__	0.9957632783714397
18cf1d4fe4df0977de740f45398824d7	d__Eukaryota;p__Mollusca;c__Bivalvia;o__Veneroida;f__Veneroida;g__Veneroida;s__	0.978471924549053
f742d5961eed862b0ac311c27f65cccf	d__Eukaryota;p__Diatomea	0.9863720705898715
5e3bd9ad02ed16ff51af1d67980143a2	d__Eukaryota	0.9991035914375062
777da1204eadaba25311dbce10ba1ca0	d__Eukaryota;p__Diatomea	0.9932420641337489
a0fb4c06bc207ddc6fece3c6498a9b08	d__Eukaryota;p__Ciliophora;c__Intramacronucleata;o__Spirotrichea;f__Euplotia;g__Euplotes;s__	0.960432597883618
1d593e51b079b158167f8376e6767507	d__Eukaryota;p__Prymnesiophyceae	0.9997256465008897
28e4b22c5a95a5aae045ffe8f1ac94b5	d__Eukaryota;p__Nematozoa;c__Chromadorea;o__Monhysterida;f__Monhysterida;g__Monhysterida;s__	0.7695469017099867
eb2738c8a00b6352cbff129d90564c64	d__Eukaryota	0.9995324671411461
23bd22191073d9689eb32b1f8f8ce1ad	d__Eukaryota;p__Ciliophora;c__Intramacronucleata;o__Spirotrichea;f__Choreotrichia;g__Tintinnidium;s__	0.9593098666957094
9e70ddace0d7b13344829818912df3a8	Unassigned	0.9309452367919906
1f2270dd190a202b12a248c60fc1ecc8	Unassigned	0.7550393312247237
a1f3a21dbb899df46989abbe73b9dd8e	d__Eukaryota	0.9991194269260362
1690138952324a44c68fb7d8a5689f25	d__Eukaryota	0.9994656777453943
090f720e89aa01be296da2ef10cfc974	d__Eukaryota;p__Diatomea	0.9865451118031802
205b305aa8577d3e7fd5a3bc4622312f	d__Eukaryota;p__Dinoflagellata;c__Dinophyceae	0.9034605892605806
992189da54b3ea573088cebf530b33ec	d__Eukaryota;p__Dinoflagellata;c__Incertae_Sedis;o__Incertae_Sedis;f__Incertae_Sedis;g__Haplozoon;s__	0.7432562063497441
210be746dd9ad44fea1a6008d2748957	d__Bacteria	0.9291550890540274
5b1c972aba00484d65043de98ead71b3	d__Bacteria;p__Gemmatimonadota	0.7014171376576849
f59628b3a2cda269951820fd8389e33f	d__Eukaryota;p__Diatomea	0.9449408066634053
6d90f9efcdeab9e9712f92eecab73848	d__Eukaryota;p__Euglenozoa;c__Euglenida;o__Heteronematina;f__Heteronematina;g__Petalomonas;s__	0.7415253709929225
1bce61f69cc294c0f29f95b8273587a4	d__Eukaryota;p__Diatomea	0.7206208742543814
c00e8a75f148c9736510cd42fa738f9d	d__Eukaryota	0.9987881181426147
9c8747c9de30aa48a87aafbb7cfb6ca6	d__Eukaryota	0.9986488642535353
3e7c5e8568a3fbbfd325d15ec695ecb6	d__Bacteria;p__Proteobacteria;c__Alphaproteobacteria	0.9817729302924703
e4801837b127a3810337d48ecd77eb00	d__Eukaryota	0.9998076356773979
a14a000e60f3f29fe436dea1895b0551	d__Eukaryota	0.9999460368445858
78cef7b7e81683fbfa76dedd92866200	d__Eukaryota	0.9988316388201359
7b0b91c93b3c71927bd270e277c64945	d__Bacteria;p__Planctomycetota;c__Planctomycetes;o__Pirellulales;f__Pirellulaceae	0.8032540032653883
7869e685cb70e032773c9ab2d747f3f4	d__Eukaryota	0.9999910776246403
1533680c017e65b77cd5ee00ca8c336b	d__Eukaryota;p__Cercozoa;c__Thecofilosea	0.8740904961602114
c5ccc792f4d304e2a5c6131a0540bbea	d__Eukaryota;p__Cryptophyceae;c__Cryptophyceae;o__Cryptomonadales;f__Cryptomonadales	0.9085601688085152
cc286ddc5b93b1d8fe32d0790bf27a70	d__Eukaryota	0.9996624310017561
0382da67bd9048897ff6d8dde0e90523	d__Bacteria;p__Proteobacteria;c__Gammaproteobacteria	0.9517739985804572
858ae6c8eb1987ee49bca512d68b8ee6	d__Eukaryota	0.9963460599288546
cc1d8ceb303a8c97f1c7171fe8891153	d__Eukaryota;p__Amoebozoa;c__Discosea;o__Dactylopodida;f__Dactylopodida;g__Parvamoeba;s__	0.9603436634315741
1fc4619da64e271ef01d22c9fa4a5914	d__Eukaryota;p__Cryptophyceae;c__Cryptophyceae;o__Cryptomonadales;f__Cryptomonadales;g__Geminigera;s__	0.7729256650196561
b98d5b4982fa6732f9676b2e06854c88	d__Eukaryota	0.9998197366770785
404121735b1401cd20f665e51379bba7	d__Bacteria;p__Verrucomicrobiota;c__Verrucomicrobiae;o__Opitutales;f__Opitutaceae	0.9693804924649602
46fb35c96a5874edbdbbf9f4308807fa	Unassigned	0.3137634533905228
b7c5110f4de1dd8a63b38b08afde62d2	d__Eukaryota;p__Cercozoa;c__Imbricatea;o__Imbricatea;f__Euglyphida;g__Euglypha;s__	0.9341907653564009
1adb080527f1a466d7ae7c43fbaa3aa5	d__Eukaryota	0.9999073208620208
4ba56b8d13cf57866bac80c7f9ed4bf6	d__Eukaryota;p__Protalveolata;c__Colpodellida;o__Colpodellida;f__Colpodellida;g__Voromonas;s__	0.9886766083078012
07e2221484141970a4166755959982a6	d__Eukaryota;p__Nematozoa;c__Chromadorea;o__Monhysterida;f__Monhysterida;g__Monhysterida;s__	0.7624172246665768
1918fe5f1ffd18fe5311e1f91e916457	d__Eukaryota;p__Diatomea	0.9780915542523786
0403b83d5b9e1a92907804fb6ef7d485	d__Bacteria	0.8894945173260029
4ad98155556f467605e6e187a9c9d438	d__Eukaryota;p__Dinoflagellata;c__Dinophyceae	0.912849709889608
4ce1df289294631406a9c7306ec6e1ef	d__Eukaryota	0.9999111887977894
e5feec8928cae7436e36c1ba21b8be09	d__Bacteria;p__Planctomycetota;c__OM190;o__OM190;f__OM190;g__OM190;s__	0.8334552290349042
48cc4cb3346254de5cf15ff84e23cdbd	d__Eukaryota	0.9990103200536568
3851e1c2f548886d9efd1b164d1d2de0	d__Eukaryota	0.9999609150197485
4f6907f8d172f6843c11eb0e286da877	d__Eukaryota;p__Diatomea	0.992042782383847
b556d2f95efc662b83372573ab3bd113	d__Eukaryota;p__Ciliophora;c__Intramacronucleata;o__Spirotrichea;f__Oligotrichia	0.9368794025949723
34658e3c2a24829c1dfe2b95abf059b8	d__Eukaryota	0.999957276991315
15aba17a8ce19d14c2268862c7855843	d__Eukaryota	0.9980586312692042
465c2a9e08f6dba1f1f351c53a3f3d4a	d__Eukaryota	0.9834285761051264
21bb9b396f102575bfdda529270edd26	d__Eukaryota	0.997356405383812
03562a298d726a7d3f87ee9222e4014f	d__Bacteria;p__Planctomycetota;c__Planctomycetes;o__Pirellulales;f__Pirellulaceae;g__uncultured;s__	0.7082945895776758
910a1df0b15a657b3acbd9e3bcc95cb2	d__Eukaryota;p__Annelida;c__Polychaeta;o__Eunicida;f__Eunicida;g__Eunicida;s__	0.7542301254914882
137b0aced186c4c53af41e0846308146	d__Bacteria;p__Proteobacteria;c__Gammaproteobacteria	0.9793571731563743
c0440940fa5541224992627867cf426b	d__Eukaryota;p__Ochrophyta	0.8094758183167757
48d61ca11143b1fa07e8a5373dde15ce	d__Eukaryota;p__Chlorophyta;c__Trebouxiophyceae	0.7336858395861611
b935bdc23acd85566d96b5ef1e3930e4	d__Eukaryota;p__Dinoflagellata;c__Dinophyceae	0.9294570772462271
0d9c38912c5e408ae4268ec19c59c61b	d__Eukaryota	0.9997166892560155
62283a15c9f42635f0312610c9b30b77	d__Eukaryota;p__Diatomea	0.9748036706423473
a570ddedffb799f408c4a3b97ac2fed8	d__Eukaryota	0.9998931893629541
34a1e65d552e8ec35f98ce24e053a7c1	d__Eukaryota;p__Labyrinthulomycetes;c__Labyrinthulomycetes;o__Labyrinthulomycetes;f__Thraustochytriaceae	0.7017886669468442
97a01af2afdab6bf5dd6e6471fc72b87	d__Eukaryota;p__Chlorophyta	0.9884619706624077
57ac77cef5ab072b072d69eda7f7e3ae	d__Eukaryota	0.9387069306853791
5ac823de5f6a0c2c652101d1a3dc05f8	d__Eukaryota;p__Cryptophyceae;c__Cryptophyceae;o__Cryptomonadales;f__Cryptomonadales;g__Teleaulax;s__	0.8996321762457143
3e767d597d1dda74ec7684dd19127e01	d__Eukaryota	0.9998829301739423
4c156f14fd5913af51b163568ad3aaf2	d__Eukaryota	0.9998346917888938
25d8157b240c81832b83e57a176e29c2	d__Eukaryota	0.9998268048968639
4dd6399f5471cd351f00d03a9fbc923f	d__Eukaryota	0.9998604965698058
6b366fbf8e0fd798747ceb0af4871668	d__Eukaryota;p__Cercozoa;c__Chlorarachniophyta;o__Chlorarachniophyta;f__Chlorarachniophyta;g__Chlorarachnion;s__	0.9542388129882425
8885304b83f358a320301d96757d2272	d__Eukaryota	0.999932123040471
de5c24643df6bba91b1a176fb1b89f57	d__Eukaryota	0.9993287143861779
6194f628bf8ed010efbbb0f16b4bac40	d__Eukaryota	0.9999397119009144
aa59b06f38255fe9d0e002cd3355bb35	d__Eukaryota	0.9934442437830888
18094fa9cdbf8231b26c7bf890f9d02a	d__Eukaryota;p__Ciliophora;c__Intramacronucleata;o__Conthreep;f__Oligohymenophorea;g__Zoothamnopsis;s__	0.9799318604498587
8690c77075f3b1771e48e597ca6e7f7f	d__Eukaryota;p__Arthropoda;c__Maxillopoda;o__Calanoida;f__Calanoida;g__Calanoida;s__	0.756525752035814
88949ceaebc201e0820d9cc2b76c79af	d__Eukaryota;p__Euglenozoa;c__Euglenida;o__Heteronematina;f__Heteronematina;g__Petalomonas;s__	0.934383824485607
04246a4240fee23bc17b29aaa5365b82	d__Eukaryota	0.9999540586258215
96703edb1877b5e7469e1d32c57eba5e	Unassigned	0.39945809385941833
4582526bea5a23af8d83117da68d5739	d__Bacteria;p__Proteobacteria;c__Gammaproteobacteria	0.9833486910018355
8e697c818a56ec101a16ebed68a3dca7	d__Eukaryota;p__Ochrophyta;c__Chrysophyceae	0.8479227541892098
81296e17895413d20120dd12295d12ea	d__Eukaryota	0.9994791150619065
c0030f4c322d51307052c52be4d3adfa	d__Eukaryota;p__Ciliophora;c__Intramacronucleata;o__Spirotrichea;f__Hypotrichia	0.9341839266841968
5b28abfcc0d67ac8e1ee3b523ef1914a	d__Eukaryota;p__Dinoflagellata;c__Dinophyceae	0.7208635295291246
4aeb20087699daaf20c1a1ff753bf67c	d__Eukaryota	0.9576534107277732
91298a184ed774dc7a47ac40fa857772	d__Bacteria;p__Proteobacteria;c__Gammaproteobacteria;o__Enterobacterales;f__Alteromonadaceae	0.9634785864757183
65d462918c4e395fb3466ae1a9a33b3b	d__Eukaryota;p__Ciliophora;c__Intramacronucleata;o__Conthreep;f__Oligohymenophorea;g__Uronema;s__	0.7285241286412105
6b543a9f247355d22423e9eea2ef8072	d__Eukaryota;p__Peronosporomycetes;c__Peronosporomycetes;o__Peronosporomycetes;f__Peronosporomycetes	0.8406116845786143
eb1d129364ee6d7198e7a1ad2da97741	d__Eukaryota;p__Chlorophyta;c__Chlorodendrophyceae	0.7596573789756089
98d1db2e6632daf37873836aac218e46	d__Eukaryota;p__Ochrophyta;c__Chrysophyceae	0.7152399140579175
6e86838be84a5142b12380df0dfa3c99	d__Eukaryota	0.9997742601926065
006e0e2b9a7c39e5d6671643f364d6eb	d__Eukaryota;p__Dinoflagellata;c__Dinophyceae;o__Gymnodiniphycidae	0.7126159682541305
b1204d917723f40d61a7537a6fcf0726	d__Eukaryota;p__Diatomea	0.9021266058391181
3d8a6a1682334a14af844118a5435458	d__Bacteria;p__Proteobacteria;c__Alphaproteobacteria	0.9809353487675299
8d85c3e6f54c17b6d85653ed89b90452	d__Eukaryota;p__Euglenozoa;c__Euglenida;o__Heteronematina;f__Heteronematina;g__Petalomonas;s__	0.9882338948971708
c2d67d6f64c914e98082547bea92bbfd	d__Bacteria;p__Planctomycetota;c__Phycisphaerae;o__Phycisphaerales;f__Phycisphaeraceae	0.8125776307768537
9126e4496cccbbf9bd12ce2fd8326d78	d__Bacteria;p__Verrucomicrobiota;c__Verrucomicrobiae;o__Verrucomicrobiales	0.7578466274746655
68a1f3e7733b188c00ef9faa2c2480eb	d__Eukaryota	0.9997461971462445
200ace0c37c61692dd90ef58e439433b	d__Eukaryota	0.9709277523461814
7d2e424f26c10b8e6d64425357534847	d__Eukaryota	0.999983122904844
dacc39a6f261f9dd5262d28991e8abea	d__Eukaryota;p__Chlorophyta;c__Chlorophyceae	0.9131993054749314
4b8a7cee2ac298f951aa2eac2a6fe8e3	d__Eukaryota	0.8845017044212292
0e877386c5404a4fbd666338e4fbb831	d__Bacteria;p__Proteobacteria;c__Alphaproteobacteria;o__Rhodobacterales;f__Rhodobacteraceae	0.9933164945867008
0458f931329d3c0bfd002be8e5087aa7	d__Eukaryota	0.8079789802752315
1a3beb53fbf9e5bc81d01787603afca0	d__Eukaryota;p__Ascomycota	0.9991814257535452
35742d28a8ebc5f8402220e68db8a437	d__Bacteria;p__Proteobacteria;c__Gammaproteobacteria;o__Pseudomonadales	0.9282988279678681
437df53f06531c61da50f2d7aa36f512	d__Eukaryota	0.9989960751815333
24bfdbbdb08b71e928ecfb09588b9c94	d__Eukaryota	0.9999069491897441
cc01d679531bd6a72bdacf741f546fa7	d__Eukaryota;p__Diatomea	0.8834547459496518
24aca4101919f2c87bee9587ab38954f	d__Eukaryota;p__Ciliophora;c__Intramacronucleata;o__Conthreep;f__Oligohymenophorea	0.9698055116511786
e30638773753915854bbfae6e54ff487	d__Eukaryota;p__Arthropoda	0.704206886362372
aff6f6b46eef0ddf22a66c97526aff06	d__Bacteria;p__Planctomycetota;c__Planctomycetes	0.936985067663765
e783960212535fef32e616c5b9ccd72f	d__Eukaryota;p__Diatomea	0.9087020531548013
12e6b5f34e7d4249429d6d67ed9311dd	d__Bacteria;p__Proteobacteria;c__Alphaproteobacteria;o__Rhodobacterales;f__Rhodobacteraceae	0.9908307181579816
84cb56d6f7bba40c8d263ed997332ca4	d__Eukaryota;p__Bicosoecida;c__Bicosoecida;o__Bicosoecida;f__Bicosoecida;g__Pseudobodo;s__	0.9335893193669925
c53a5ff75595b97c40ef438ebc249210	d__Bacteria;p__Proteobacteria;c__Alphaproteobacteria;o__Rhodobacterales;f__Rhodobacteraceae	0.9632307147175649
7cb0c4a401545503e398d36dd03cdf55	d__Eukaryota	0.9991609158787697
2793f7f55aeb2e4c1b0f00949e55811f	d__Eukaryota;p__Platyhelminthes;c__Rhabditophora	0.7039371299149649
e50b4fe40fdd4f75033ae3291b4ef4ed	d__Eukaryota	0.9575331660418333
e415e528de0202f6046bdad6117221f1	d__Eukaryota	0.9912454443060356
4ddd84bbc642fce6d3ed62506f6ad655	d__Eukaryota	0.9999929281151487
3c3c499eae9ef044610b6cf49ca683cf	d__Eukaryota	0.9983320649822546
ee3f343e5394ecd18b2e646d95e7718f	d__Eukaryota	0.999977860927352
d7fc77741bc2f8704f8c537e882dc5a1	Unassigned	0.9218029716874331
558b3ee9f4dcbcb1d0467040d8493174	d__Eukaryota;p__Cercozoa	0.8023861559659199
730c3f6113e854e32488d2c8e2a351a2	d__Eukaryota	0.9982553968614293
d5872a99684e015f1ea7bd9a5ea9ec57	d__Eukaryota;p__Chlorophyta;c__Prasinophytae;o__Pseudoscourfieldiales;f__Pseudoscourfieldiales;g__Pycnococcus;s__	0.9985951939354308
f0fbed20494492352d7aba94bb069597	d__Bacteria;p__Proteobacteria;c__Alphaproteobacteria;o__Rhodobacterales;f__Rhodobacteraceae	0.9873205103851634
e759727cf6d1f7e3116017075fe0eb4d	d__Eukaryota	0.9989105467503024
ec8b12e8b9d49a56390d05d3bfe5360c	d__Eukaryota	0.9986847055844841
c9634063dc37c16f31d5668e017a84a3	d__Eukaryota	0.997965189856255
e9fc18a635177798af581e64d2965b92	d__Eukaryota	0.9994919364690558
dabf96fa81157582a559941ce2b44cd3	d__Eukaryota;p__Bryozoa;c__Gymnolaemata;o__Cheilostomatida;f__Cheilostomatida;g__Cheilostomatida;s__	0.7977698102429396
5ef571218a68d61b42ec1f25fa8a4d18	d__Eukaryota	0.9999214428763643
3c5cf4981b38cfafc2622d9c95cf4321	d__Eukaryota	0.9970964097901676
aa3a7d0365ab4cf53456e216e95d5238	d__Eukaryota;p__Ochrophyta	0.7562680686493359
a6246763575176b50b35f88033556c4d	d__Eukaryota;p__MAST-7;c__MAST-7;o__MAST-7;f__MAST-7;g__MAST-7;s__	0.925215707051114
e708fe2a9b6dab7fd7a85d73ca81bb88	d__Bacteria;p__Proteobacteria;c__Gammaproteobacteria;o__Burkholderiales	0.8891900772132244
579b2d1db4e1651166c7fd50890a3977	d__Eukaryota	0.9995105596746804
b24a00210f491976e3d47c1ff93fbfeb	d__Eukaryota	0.998197150584634
c1b9c091bbe877ff0183b6dca089222d	d__Eukaryota	0.9978500262348227
ae3290d7535bb7c360970805ace63c83	d__Eukaryota;p__Ciliophora;c__Intramacronucleata;o__Conthreep	0.8366322498599534
3d02ebf575d9d01eb6a262b81fb83432	d__Bacteria;p__Proteobacteria;c__Alphaproteobacteria	0.9788945101315711
e4cf82bf556c447b4f27264c33019025	d__Eukaryota	0.9607696065708722
26edc127c8f86624bf3daf6a25ca56f8	d__Eukaryota	0.9965754578562764
5d43db8c2c8ea4cf76c334eb686c0dea	d__Bacteria;p__Proteobacteria;c__Alphaproteobacteria;o__Caulobacterales;f__Hyphomonadaceae;g__Henriciella;s__	0.7006312472570341
c98eb74c99aef1aa8f482c9ccc4b9af2	d__Eukaryota;p__Ciliophora;c__Intramacronucleata	0.8317564267435483
82b23f25d0ae9b348c795d2f0db0eefb	d__Eukaryota	0.9986904526040371
4ff062db23f01674eddd7c1828099d60	d__Eukaryota	0.9997848803179481
2caa63935097268162e216d72b9b820b	d__Eukaryota	0.9995084977189671
9fdf77d849eab1a1c9b4ca0ac656ae33	d__Eukaryota	0.999975127451193
a6c42ddbeaf6c67bd13ab8f5ccfd7a59	d__Eukaryota;p__Ochrophyta	0.821510658722501
28f561dfcc41339e7da8b7f30e225077	d__Bacteria;p__Proteobacteria;c__Alphaproteobacteria	0.8264753399027136
8ee875c1113b2d390389c173ce2ab00c	d__Eukaryota	0.9989236253728386
c31cf0bea43d34e6b7a1982f454dd1f7	d__Eukaryota	0.998719943824156
5da21883f06da723f2b6da9268bdad1c	d__Eukaryota;p__Ochrophyta;c__Chrysophyceae	0.8752275386526442
75fe23a37f364881d2c43a7746d42bf3	d__Eukaryota	0.9617631608893682
a11dddeffdb1cf62342b5a2d0bb530f7	d__Eukaryota;p__Dinoflagellata;c__Dinophyceae;o__Gymnodiniphycidae;f__Gymnodinium_clade;g__Paragymnodinium;s__	0.8058401023949446
7a2121e0697c687cd1fde791084d4b11	d__Eukaryota	0.9998035537483012
593e3921f078adc38ae405cfe9021a82	d__Eukaryota	0.999716471058397
c0bcdeb3e874f2692274ff343503d1fd	d__Eukaryota	0.9728880544902399
c381bf315de46f7323df491f3023fce5	d__Eukaryota;p__MAST-12;c__MAST-12C;o__MAST-12C;f__MAST-12C;g__MAST-12C;s__	0.9906646786693972
75a4e6f067e0b0a2d40eef5e62866b7f	d__Eukaryota;p__Apicomplexa;c__Novel_Apicomplexa_Class_1;o__Novel_Apicomplexa_Class_1;f__Novel_Apicomplexa_Class_1;g__Novel_Apicomplexa_Class_1;s__	0.7742232132594369
ff538458707c13776e0067b11931712f	d__Eukaryota	0.998669324400248
d0e3bc34f6b3a0c5d7a677e7739af7da	d__Eukaryota;p__Ascomycota;c__Dothideomycetes;o__Pleosporales	0.713349200852835
8ee011fdab02ca272834c49cf08b3d8f	d__Eukaryota;p__Annelida;c__Polychaeta	0.7411424804277471
7cfb807526f1d6f3fdd90059482e4230	d__Bacteria;p__Proteobacteria;c__Alphaproteobacteria;o__Rhodobacterales;f__Rhodobacteraceae;g__Seohaeicola;s__	0.7588062608832491
c92cf0827a05dfaa00e63ffc3df44913	d__Bacteria;p__Proteobacteria;c__Alphaproteobacteria;o__Rhodobacterales;f__Rhodobacteraceae	0.8023040001674027
d053d1b07e3b2fc696d469d2bd2b6623	d__Eukaryota;p__Ochrophyta	0.8176362743739032
ef33cd018736dbc50c17d1f1e71160ed	d__Eukaryota;p__Diatomea	0.7217166789813485
e318c36ba6e06bc5d73f9ccfe3a03712	d__Eukaryota;p__Chlorophyta;c__Prasinophytae;o__Pseudoscourfieldiales;f__Pseudoscourfieldiales;g__Pycnococcus;s__	0.9932147956517877
680d9d0cbb0d1cf03f27bbf43fbe0a09	d__Eukaryota;p__Ochrophyta;c__Dictyochophyceae;o__Pedinellales;f__Pedinellales	0.9837018397020659
b91e7cd2576f6a30d5c4b494ed6b3d87	d__Eukaryota	0.9998378990989898
79f52b919dded61dd76c9379eb6aa039	d__Eukaryota;p__Ciliophora;c__Intramacronucleata;o__Spirotrichea	0.7680759203876596
ed9bd9149cfb8399528fac054e8befaa	Unassigned	0.4639711637341246
06b6ffdde4fa6fa4242d24efb711b400	d__Eukaryota	0.9972298086206699
61bad498da2f8b63d042081f6037fd4d	d__Bacteria;p__Proteobacteria;c__Alphaproteobacteria;o__Rhodobacterales;f__Rhodobacteraceae	0.8673184403627152
28345414f865403ad7f5f07fbe52dba0	d__Eukaryota;p__Euglenozoa;c__Kinetoplastea;o__Neobodonida;f__Neobodonida	0.8916211192881138
0d0ab8dbd74790df9a43333e6e55aae2	d__Eukaryota;p__Pavlovophyceae;c__Pavlovophyceae;o__Pavlovophyceae;f__Pavlovophyceae	0.9710153893422061
76eaa7abad91c6a6847360089f622ad2	d__Eukaryota	0.9998308340729758
ea90b00758392489508eff1fc3f816d2	d__Eukaryota	0.999879035195724
7811d390f04811092bc84be0f87a6108	d__Bacteria;p__Proteobacteria;c__Alphaproteobacteria;o__Rhodobacterales;f__Rhodobacteraceae	0.9965777851935954
82a931f2c8d25b37eef1a68b61b900cc	d__Eukaryota	0.9974008966005412
06082b5683ea353df19e6e65872d125b	d__Eukaryota	0.9998878618185545
b423fec42415d8ecd892d640a9a38716	d__Eukaryota	0.9581790850763654
1927e7989c136fbc6a986290a1d28024	d__Eukaryota;p__Euglenozoa;c__Kinetoplastea;o__Neobodonida;f__Neobodonida;g__Rhynchomonas;s__	0.8987303456597188
2bcd8dc5ec020c0aeaa53e24a6481755	d__Eukaryota	0.9989251952009619
6a2439cea0c7e31d99bd023c618f2d12	d__Eukaryota	0.9994660011255341
afcfd826056d0acc39de1647cae0f819	d__Eukaryota	0.9998336385331821
d6cf1b91f9c2d3d7bdf688fe5c696ea8	d__Eukaryota	0.9811244214234152
854e9bbedb747884cf9ea4bed69f13b3	d__Eukaryota;p__Diatomea	0.986329239696171
9cd854bc64386505b43f9dd4a07240aa	d__Eukaryota;p__Diatomea	0.9920940636106172
23ffba0bfede461a4c67a0bbf64cef92	d__Eukaryota;p__Peronosporomycetes;c__Peronosporomycetes;o__Peronosporomycetes;f__Peronosporomycetes	0.8182042938090556
e2b56348d1046306013dfd171371a4c9	d__Eukaryota;p__Dinoflagellata;c__Dinophyceae;o__Gymnodiniphycidae	0.7310185762617605
2fbea89a36dcec3eb30590f07a4f8bc2	d__Eukaryota	0.9997938885591183
929667bb23ece42686336f311089ea58	d__Bacteria;p__Proteobacteria;c__Gammaproteobacteria	0.9693647187189106
6eaa3de6d26676690cdf95256a66586e	d__Eukaryota;p__MAST-7;c__MAST-7B;o__MAST-7B;f__MAST-7B;g__MAST-7B;s__	0.8530069947131478
8082ba5e9dd32fe8a95299608d86cb72	d__Bacteria;p__Proteobacteria;c__Gammaproteobacteria	0.9964361047561898
aa0ebb7ad2342212d92e7d34730f109b	d__Eukaryota;p__Euglenozoa;c__Euglenida;o__Heteronematina;f__Heteronematina;g__Petalomonas;s__	0.9646886926139233
f30b09df3533e15b9112d025b33d1e98	d__Bacteria;p__Nitrospirota;c__Nitrospiria;o__Nitrospirales;f__Nitrospiraceae;g__Nitrospira;s__	0.8539333976915061
54dde59dc20b8e94dcfa700a7ad414ff	d__Bacteria;p__Proteobacteria;c__Gammaproteobacteria	0.990793524729921
ee66129eb23c42954e1a1c9e5f76faed	d__Eukaryota	0.9997376509712299
70fd5cc8a3cba23184290c56c87cee56	d__Bacteria;p__Proteobacteria;c__Gammaproteobacteria	0.9896044531645921
dcebc1ca5d07ffd22694f89dc7df8d9c	d__Eukaryota;p__Prymnesiophyceae;c__Prymnesiophyceae;o__Isochrysidales;f__Isochrysidales;g__Emiliania;s__	0.804940322481652
061d6d9bdef96ab8221d2350ad529993	d__Eukaryota;p__Ochrophyta;c__Dictyochophyceae;o__Dictyochales;f__Dictyochales;g__Florenciella;s__	0.7881184984492791
7f31399785f687571efea860783efd43	d__Eukaryota	0.7746437195545689
3aabc34a22288c9e28176e3cf7fdb1c2	d__Eukaryota	0.9749028720662645
8a6f3fde185e19a38f99196325af874d	d__Eukaryota	0.9996763370635541
bd0d655d0b2463d76ca0146aa9096ee1	d__Eukaryota	0.9997622727385621
a7f1d2e1f133fad85ea4bc171eeb8653	d__Eukaryota	0.999334703747736
284486d608d86eb4e43f84ad78e8e917	d__Eukaryota	0.9996688535114293
028716aa2435d4c81b08d40825cf17fd	d__Eukaryota	0.9998535852774635
fba68a7ea19857ce0a75a66a0d1ed3cc	d__Bacteria;p__Proteobacteria;c__Alphaproteobacteria	0.9975718308062953
183dc7505cd1af9896bd5636dbbbdf24	d__Eukaryota;p__Vertebrata;c__Actinopterygii;o__Teleostei;f__Teleostei;g__Teleostei;s__	0.7487135143501058
8d158df3425fffb5cc3d7832b4f1c586	d__Bacteria;p__Proteobacteria;c__Alphaproteobacteria;o__SAR11_clade;f__Clade_I	0.848598194118707
1c630c8eda457131357f7279ba129399	d__Eukaryota	0.9996599368149359
63ea7a41fa4a969954c06aae79af1ed0	d__Eukaryota	0.9780649555486995
a37489b5c934cb152d81f68d5281701c	d__Eukaryota	0.9995924622844995
f3710a1c1856bf5d344d59cbb3558829	d__Eukaryota	0.9999742442442143
4907b40cebb5459cd824ff83ed271f5a	d__Bacteria;p__Desulfobacterota;c__Syntrophobacteria;o__Syntrophobacterales;f__uncultured;g__uncultured;s__	0.8928577557582134
64f11ec759766adc5a9a719b2abe3ed3	d__Eukaryota	0.9977440732813669
8c0f0c4b40f33479826c6e788290558f	d__Eukaryota;p__Ciliophora;c__Intramacronucleata;o__Spirotrichea	0.8762371975884768
35f252f4f836d1ec56b7921b2b73137d	d__Eukaryota;p__Ciliophora;c__Intramacronucleata;o__Spirotrichea;f__Choreotrichia;g__Steenstrupiella;s__	0.9993368823216993
965dec0743ce144d7a2e73102393d756	d__Bacteria;p__Proteobacteria;c__Alphaproteobacteria	0.9658326275941298
53afec0130a74a1127a211b78843dd99	d__Bacteria;p__Proteobacteria;c__Alphaproteobacteria;o__Rhizobiales	0.8511381502712347
6fc6d522be1f0a34bee5e2a25bf25c02	d__Bacteria;p__Proteobacteria;c__Alphaproteobacteria;o__Reyranellales;f__Reyranellaceae;g__Reyranella;s__	0.7394479866259159
8b60e7bea401fbdcb41784453d372389	d__Eukaryota	0.9998824713022084
f79b13991ca5449ed2de3056982e879d	d__Bacteria;p__Proteobacteria;c__Alphaproteobacteria;o__Rhodobacterales;f__Rhodobacteraceae	0.7746504145171598
cf9df0a43354323e0ae02ad08c9af05d	d__Eukaryota;p__Euglenozoa;c__Euglenida;o__Heteronematina;f__Heteronematina;g__Petalomonas;s__	0.7479172082951773
48f7566154185f806ff47eccbb89c2e7	d__Bacteria;p__Proteobacteria;c__Alphaproteobacteria	0.9998708229778019
c1fc0a0c669f2f10bf698e0d25f2c53b	d__Eukaryota	0.9982075348226733
331893aac8e7909c789e4d66a991ae28	d__Eukaryota;p__Peronosporomycetes;c__Peronosporomycetes;o__Peronosporomycetes;f__Peronosporomycetes	0.9816267926109278
3ed21d8a09d1ca5abbf1dc604e61f1b4	d__Eukaryota;p__Diatomea;c__Bacillariophyceae;o__Bacillariophyceae;f__Bacillariophyceae;g__Phaeodactylum;s__	0.736507625134112
91f33d3721f6662ba5289b8bbcc3e6e7	d__Eukaryota;p__Vertebrata	0.9964555798340892
cb1c364891788a85f1135a39975202b0	d__Eukaryota;p__Diatomea	0.9821595813896214
9a81874c824eca59a6dfee867d4962a0	d__Eukaryota	0.9997175347233231
f4c1d161c2f28e12412d57b1d655ae5c	d__Eukaryota	0.9887475141880306
2d77a3e664f5717535308d55c4facb77	d__Eukaryota;p__Ascomycota;c__Dothideomycetes;o__Capnodiales	0.9317353954059615
abeb45696ffa389adb076016c28cd066	d__Eukaryota	0.9980151460766546
7a2e8eef148cca752b43b8a1b2ce0a89	d__Bacteria;p__Proteobacteria;c__Alphaproteobacteria;o__Rhodobacterales;f__Rhodobacteraceae	0.9968722569335634
ee8ac094838ab79685596ab084eb4452	d__Eukaryota	0.9996991398856944
bb8f33ffde64c98d9ad351c4b63a3c4a	d__Eukaryota	0.9999547074269213
86c280766329a312d27d74dba5dcbdd6	d__Eukaryota	0.9997236409557714
4532a3d7a716b736e92bb478078b7757	d__Eukaryota	0.999992726223068
99ea3175165d83bf9de6b7de88a70b1b	d__Eukaryota;p__Ciliophora;c__Intramacronucleata;o__Spirotrichea;f__Hypotrichia;g__Uroleptus;s__	0.784033315226506
0f418db95e15e056b451c930e6c53b1d	d__Eukaryota;p__Bicosoecida;c__Bicosoecida;o__Bicosoecida;f__Bicosoecida;g__Bicosoeca;s__	0.8514673905068374
d5c196a1f3177da13211bbec07d0c2b7	d__Eukaryota	0.9994621714391676
c5f8d74173b0e12be6a70a1325a11721	d__Eukaryota	0.9999345370570545
d742678f1ce8bb80594f220ac78dec53	d__Eukaryota;p__Ochrophyta	0.8570663620643006
cad7873b74db5e24eabe0cf67c0ec001	d__Eukaryota;p__Chytridiomycota;c__Chytridiomycetes;o__Rhizophydiales	0.8204392466172337
7a9b5fc74bc6dfcf9a087f6a2e20b64b	d__Eukaryota	0.9979724581528165
581ebe5f0691023f899154000f2a04fe	Unassigned	0.396944903517892
c32f52aca62e36aa7fa6624e1785c697	d__Eukaryota	0.9971219077064899
163aaa77abbaff468cf3f57cc28bc4b9	d__Eukaryota;p__Prymnesiophyceae;c__Prymnesiophyceae;o__Prymnesiophyceae;f__Prymnesiophyceae;g__Phaeocystis;s__	0.9136271291916666
376ed115b6538fd28da0800b23d469bb	d__Eukaryota	0.9996274972781086
c5f1a82bfda57dd41ea9c06f48f0306f	d__Eukaryota	0.9997285787740926
b0ae78adce81eebc381e6dd6a660faa9	d__Eukaryota	0.9999853174105695
48488edab771d5e2c54f8f922dcdde66	d__Bacteria;p__Proteobacteria;c__Gammaproteobacteria	0.9693294976784885
8882df2d508d1e80d6d5ba9f8548e861	d__Eukaryota;p__Chytridiomycota;c__Chytridiomycetes;o__Rhizophydiales;f__Rhizophydiales;g__Rhizophydiales;s__	0.7074792085648394
68ca3cd376be473a285625e4a3ef2f7b	d__Eukaryota;p__Chlorophyta;c__Chlorophyceae;o__Sphaeropleales;f__Sphaeropleales;g__Neodesmus;s__	0.9524138498881595
799761780487bc8402b74fdba2659fd4	d__Bacteria;p__Proteobacteria;c__Gammaproteobacteria	0.7284945189620352
9e14379aadf9157d2171fe29cbc2f137	d__Bacteria;p__Verrucomicrobiota;c__Verrucomicrobiae	0.7441207678806653
40dbf9288e4e4ea80f1f5e0a9fa0f6bf	d__Eukaryota	0.9971434488429817
f09221eaa9f38dc8f777fafe8d801c3f	d__Eukaryota	0.9998934409753635
293a0ba12fce1407abc3f2cf43af4d86	d__Eukaryota	0.9995421043894339
f34ac54a9caba74052e3e1151fa8eeba	d__Eukaryota	0.9995568165641777
73ee78e9f56bf9f7a939245f80fe783b	d__Bacteria;p__Proteobacteria;c__Gammaproteobacteria;o__Enterobacterales;f__Alteromonadaceae	0.7498367184728684
f6103c7c13378cbc98165d6be390d96b	d__Eukaryota;p__Holozoa;c__Choanoflagellida	0.7329071317643204
70c02741280f4b93f81fceab514372c0	d__Eukaryota;p__Dinoflagellata;c__Dinophyceae	0.7963731328582996
e6cfbd160a65427e0ec2e3b06e562d48	d__Eukaryota;p__Florideophycidae;c__Rhodymeniophycidae;o__Rhodymeniophycidae;f__Rhodymeniophycidae	0.7133420397106985
c155fb5bf765166c6b76a0188ce4db2a	d__Eukaryota	0.9991939748338305
7e72bfac1c4021cde00da523eb254853	d__Eukaryota;p__Diatomea	0.8884486444785712
e1fd1121f86ed82fa667684359a0c660	d__Eukaryota	0.9996303708718748
efb84c7e69424b6f8786bc1ff9faf6ae	d__Bacteria;p__Proteobacteria;c__Gammaproteobacteria	0.9399443730070391
341eb6826121c6f5b8ebdcfb9ea60b21	d__Eukaryota	0.9984579668603082
ffdbd5ad3f6f2a3ba191018d8df96119	d__Eukaryota;p__Ochrophyta	0.8084233694869107
f59963191390ce8dc09c695d7d9d9b5a	d__Eukaryota	0.9994429570984886
d23ffed359f339ccea455c8a014d2629	d__Eukaryota;p__Diatomea	0.9918556481200695
5616ca0e46dcbd04ffd07281344d06ec	d__Eukaryota	0.994638081953018
c9de2ddeb99d8c32d69973aab7b416f1	d__Bacteria;p__Planctomycetota;c__Planctomycetes;o__Pirellulales;f__Pirellulaceae	0.8831369522939858
4cc82bc413baa868116db5fcaf326442	d__Eukaryota	0.9963469056940293
2904dc615f7dd2c53636ffa265a29248	d__Bacteria;p__Acidobacteriota;c__Holophagae;o__Acanthopleuribacterales;f__Acanthopleuribacteraceae;g__Acanthopleuribacter;s__	0.9591299438127358
5259447d71249ee1e34f254d112e219b	d__Eukaryota	0.9997536958022721
9f4391deb6df8957462c63db89df4bd0	d__Eukaryota	0.9994077822655131
43d096c767baae4759715e3c5f6ae07b	d__Eukaryota	0.9834599049752613
da36d333e3302d05b295fb961cc0ced9	d__Eukaryota	0.9998549918011377
33dbf8cc092f7701dae607237c854648	d__Eukaryota	0.9997147988378038
ab84fcdeb99025200d71c829cd6f08c1	d__Eukaryota	0.9999540646203836
625758ec12525c7bbc1ddc1b6ce55a71	d__Eukaryota;p__Cercozoa	0.8925817221725842
24af696ca21bab1d20e32ae650f49ebb	d__Eukaryota	0.9999938836916941
ec9c8d7b4be6de84539cd25c693e8822	d__Eukaryota	0.9336091739161736
9c9825509d1b57a8fba9aab7bb8e70c2	d__Eukaryota;p__Diatomea	0.9333799062730654
88f7825933ee557abcd82716154ed467	d__Eukaryota	0.9989497496347475
7ca6bd0f493bd0b2baae5b72cf26c999	d__Eukaryota;p__Dinoflagellata;c__Dinophyceae	0.849268476935333
637df7d6fc6ff08a366826b50df897a9	d__Eukaryota;p__Dinoflagellata;c__Dinophyceae;o__Gonyaulacales;f__Gonyaulacales;g__Neoceratium;s__	0.8649093852075727
42f26bc492c09ac70f2e9baed8d26bb7	d__Eukaryota;p__Dinoflagellata;c__Dinophyceae	0.8334485788802898
71aa09468a6f56d31dcfa3611c6409a3	d__Eukaryota	0.9999361881612443
cc6e16a8e7ba76ee9eeba8859d76c500	d__Eukaryota;p__Diatomea	0.8127061669816064
fa15d3e4ad1d5710a0894e5bdbaac4e8	d__Bacteria;p__Planctomycetota;c__Pla3_lineage;o__Pla3_lineage;f__Pla3_lineage;g__Pla3_lineage;s__	0.8072889208366647
ffbd85777329f79688b5e6eab5fea99d	d__Eukaryota;p__Diatomea	0.9609115069116805
c450f174644f6052ffad591dd5523135	d__Eukaryota	0.9971273707181928
2db96644c1430f4fd9dccf87ba4c836d	d__Eukaryota;p__Amoebozoa;c__Discosea;o__Dactylopodida;f__Dactylopodida;g__Paramoeba;s__	0.7910216332356167
6f1839adc39a157a28cbb8a48355d606	d__Eukaryota;p__Dinoflagellata;c__Dinophyceae	0.8258332374751546
b8f9aae68a5acddc80739e916e2cc04a	d__Bacteria;p__Verrucomicrobiota;c__Verrucomicrobiae	0.8507120982421806
4b7335dae30f29b90eaadd729f644f97	d__Eukaryota;p__Euglenozoa;c__Euglenida;o__Heteronematina;f__Heteronematina;g__Petalomonas;s__	0.9935762832941559
e60d24861ba225f5a9e60a5d39e7c3c0	d__Eukaryota	0.9564984765690068
7a32323d59c48113269c2fd070a5f79c	d__Eukaryota	0.9993594059524011
107cb22841e1ea9aa74ee0019f47460f	d__Eukaryota	0.999971820024536
0718eac9b69a3004ee61cbc109ec5054	d__Eukaryota;p__Euglenozoa;c__Kinetoplastea	0.9998272031925225
7ebd2f63f2f5f8c47d6afefdb4d139e4	d__Eukaryota	0.9994016915697872
a4fd128e8a9695a8284eea8c4417a65c	d__Eukaryota;p__Ochrophyta;c__Pelagophyceae;o__Sarcinochrysidales;f__Sarcinochrysidales;g__SS1-E01-69;s__	0.7843681391817371
fd2c2e1d8780fb7bc6c8f02a356456aa	d__Eukaryota;p__MAST-1;c__MAST-1C;o__MAST-1C;f__MAST-1C;g__MAST-1C;s__	0.9993828939343082
b52868b5e6163990e1e31eb728bdb406	d__Eukaryota	0.9994874213313908
a6dd812cc5832c687cc9a415b71f9ba8	d__Eukaryota	0.9999735571852648
c9537c9ebe0b68ac73f65553aa62ead5	d__Eukaryota	0.9996879909248386
ba94102e26cec783ca79dabe67d2efa2	d__Eukaryota	0.9992859080911116
b2cb757812fc945ec91b02f7c975739c	d__Eukaryota	0.9999076834995113
558b3776af2b43a5cfa18a892a79e2ba	d__Eukaryota	0.9997502855848508
5e5d499c3f67b590ed965184dca0be8b	d__Eukaryota	0.9969437210877399
41a88b836629e283b37193a109741a65	d__Eukaryota	0.9984593030543139
d93d0980a0038faa56d86b095351387e	d__Eukaryota	0.9991325165931909
7111e5d6052dd89b16922d7c01786a92	d__Eukaryota	0.997204018190589
fa3ab1785313b1cb447f78f36adf1be6	d__Eukaryota	0.9999858533510217
e6fab4267682fe1d8df72a6bbe48b960	d__Bacteria;p__Desulfobacterota;c__Desulfuromonadia;o__Desulfuromonadales	0.7986569959691335
e7e3065c88f6887640e4c29be03f4c3a	d__Bacteria	0.938994143396626
86960d9f47b69e3a5b4f77f8632ab77f	d__Eukaryota;p__Peronosporomycetes;c__Peronosporomycetes;o__Peronosporomycetes;f__Peronosporomycetes	0.9901515112498853
25c52ac2b8494ec6e33973ad62da6c78	d__Eukaryota	0.9997290775775622
d09d7e28c41d68364281aa6165f0275e	d__Bacteria;p__Proteobacteria;c__Gammaproteobacteria	0.9850001109220279
d7fb6590271c662391a3ceb918c76c15	d__Eukaryota	0.99771721349437
2550b59e3121e0123a0c5283d7f4e446	d__Eukaryota;p__Dinoflagellata;c__Dinophyceae	0.8393481700591098
a184275bf86b7d08ab224e78820c89d8	d__Eukaryota	0.9990139795894329
d5ec59ccefb3a28b3095345cc094dc57	d__Eukaryota	0.9996348480280937
ecbf9d649a14423b9edea528078a87e1	d__Eukaryota;p__Ochrophyta;c__Raphidophyceae;o__Chattonellales;f__Chattonellales;g__Heterosigma;s__	0.967174559228612
99be01081508917cb50e7722aba232bf	d__Eukaryota;p__Incertae_Sedis;c__Incertae_Sedis;o__Incertae_Sedis;f__Incertae_Sedis;g__Pirsonia;s__	0.9434522973172002
f7f11a7c314a77dea7106d5a84a28779	d__Eukaryota	0.9999494777364526
f4af0fa9e5ef3cb35e2a1b269ccfebed	d__Eukaryota	0.9979726549248014
40bcc232b72c6833e9412177b435fa3c	d__Eukaryota;p__Nematozoa;c__Chromadorea	0.7240853529299119
f57da83a46a89f1b337342b6ff5bcc46	d__Eukaryota;p__Chlorophyta;c__Nephroselmidophyceae;o__Nephroselmidales;f__Nephroselmidales;g__Nephroselmis;s__	0.7007271923030883
40b8ce375cd054911d81210495466a5c	Unassigned	0.5267913698619109
0c9fc820eae5cc37faf4479f727ae10d	d__Eukaryota	0.9998906726074913
d5a1cd82eb8347608c5a949a000cf722	d__Eukaryota;p__Ochrophyta;c__Chrysophyceae	0.7398910175505723
457fce5e98150ce4cde3ff14584513a9	d__Eukaryota	0.9965225784498936
6ed64c0bd2f6934403e2f28c72b11591	d__Eukaryota	0.9975409592896011
2605c71b92ee52c5b5ace4b6fb8cea3c	d__Eukaryota	0.9883709146755433
3cb437a04524fb891aa37bc614f3e3e1	d__Eukaryota;p__Ochrophyta;c__Chrysophyceae	0.8041668780284345
a8011e9627d3a63c88a8a3bc2f91ea39	d__Eukaryota	0.9991943088851913
a2730a7af5c892f33980fc9cb7d1c5bf	d__Eukaryota;p__Peronosporomycetes;c__Peronosporomycetes;o__Peronosporomycetes;f__Peronosporomycetes	0.9902061336374928
9625d7870edc307234fde55eca14aafb	d__Eukaryota;p__Basidiomycota;c__Agaricomycetes	0.7340753436641174
6c23a44b175d2d2d3519bb282dfecb9d	d__Eukaryota;p__Diatomea	0.9848137993510583
3697e77eb8741319023fd600a0728195	d__Eukaryota	0.9929689264984725
b92942f7b88a6b26ab83289ce051bff5	d__Eukaryota;p__Diatomea	0.9848981343283574
a34a7704b7e84d88515057ee92828b0d	d__Eukaryota	0.999478237426433
b05b858d6670843891f878679a57ff00	d__Eukaryota;p__Ciliophora;c__Intramacronucleata;o__Spirotrichea;f__Oligotrichia	0.9704230127787639
5414dc03335fa7b9a5f01d2cb723a68a	d__Eukaryota	0.9996258253447727
76314e7aba3d034b1c7d253da8158245	d__Eukaryota	0.9993107024392194
93deaec06f167ed06a33b90bf78aab96	d__Eukaryota	0.992556954288383
e8f8500766cf8d985a53cf96a55fc823	d__Bacteria;p__Proteobacteria;c__Alphaproteobacteria	0.9960359498163295
0a065d355449720a7466d4eb5588e4b7	d__Eukaryota;p__Ciliophora;c__Intramacronucleata;o__Spirotrichea	0.8332508467091784
56ef1ac28c9a14c8d4485df08f2a98b0	d__Bacteria;p__Proteobacteria;c__Gammaproteobacteria	0.9952297550862682
d2c741be253dd428f4c731443ed892e0	d__Eukaryota	0.9993741769006409
f702edd226b3c92db5095ce00daf0ca2	d__Eukaryota;p__Dinoflagellata;c__Dinophyceae;o__Gymnodiniphycidae	0.7005699653785462
61bdcde2f375f460f836d72db4d27c3d	d__Eukaryota	0.9990409307039927
cb2e075e2b95fb585a9d22c7e49f0e4d	d__Eukaryota	0.9997883369458369
93512bafe50017f22c819ebde1488f5c	d__Eukaryota;p__Diatomea	0.9946773244723672
b089bc8f08c7e87633a1aa1f8d59b3cc	d__Eukaryota	0.9623201803647157
aea5d93e6e6b77a209f0365d7ea01fc4	d__Bacteria	0.9764823621501711
fc0f50d11aad2565d5093729011baa24	d__Eukaryota	0.9838272709054073
d5fcc581fb53e9e27f24c9e8d4cd1413	d__Eukaryota	0.9993047429188091
5883a03d443cb650e76a5506f873a329	d__Eukaryota	0.9996886934885523
dcb82c5f2cc8ae65fea25322171453df	d__Eukaryota;p__Discoba;c__Discoba;o__Jakobida;f__Jakobida;g__Andalucia;s__	0.7761499463061872
afe9fda54b1edcbb1a660f95f3c86ec2	d__Eukaryota;p__Cercozoa;c__Granofilosea;o__Granofilosea;f__Granofilosea;g__Massisteria;s__	0.9595995642658373
756e2972a5e244b752ecf9ad294cf36f	d__Eukaryota;p__Cercozoa;c__Imbricatea;o__Imbricatea;f__Euglyphida;g__Paulinella;s__	0.8863081000920371
1174e066351a57eac5e5399ad1b30649	d__Eukaryota	0.9998432493272409
199d2b1894941a74ff9036443f393a10	d__Eukaryota	0.9998073590266654
138055b000f64ff977e556b99c53edbc	Unassigned	0.9175821104891169
55924afc1e50f7e4d52e9617eb5ac6d5	d__Eukaryota	0.9659376617338207
d77c2714f29e8213b7456c0d9c3bce32	d__Eukaryota;p__MAST-2;c__MAST-2;o__MAST-2;f__MAST-2;g__MAST-2;s__	0.9870550173235985
432026cbbeab3e57ece9a5808232b3a8	d__Eukaryota;p__Ciliophora;c__Intramacronucleata;o__Spirotrichea;f__Oligotrichia	0.9636063487297588
55251928923e0fbf59477d0a7220fc74	d__Eukaryota	0.9792228809285374
f72d371d5eb587ad3f187a6e0ae43607	d__Eukaryota;p__Cryptophyceae;c__Cryptophyceae;o__Cryptomonadales;f__Cryptomonadales	0.8598057944991131
4336fba79b6655fbf59634dc47a451c6	d__Eukaryota;p__Chlorophyta	0.8715068634835754
ed58b4c7018fdad7db2d6c8100a01e2a	d__Eukaryota	0.9999167964609079
fb3e43358b0602f9402e5e5a1f1a0df6	d__Eukaryota	0.9993251385664073
6d126b46811df601dce91beb4c88b74f	d__Bacteria;p__Proteobacteria;c__Alphaproteobacteria	0.9668052597276443
62fa86d7e6c85c264406c12acc795382	d__Eukaryota;p__Bicosoecida;c__Bicosoecida;o__Bicosoecida;f__Bicosoecida;g__Adriamonas;s__	0.8345376739326384
3f253a28fef51b4be92c2541da6c706d	d__Eukaryota	0.8304881621219925
dcc31f3dd686aa21ca723ec152978eec	d__Eukaryota	0.9995581159861259
8ddd095e00d9313554e287530bf30e12	d__Eukaryota;p__Chlorophyta;c__Chlorodendrophyceae;o__Chlorodendrophyceae;f__Chlorodendrophyceae;g__Chlorodendrophyceae;s__	0.863910383060454
73795d77bc2fa9f323626cfcc8c225d2	d__Eukaryota	0.9780718327926137
eb8a6e1b05fb428070c674646043210e	d__Eukaryota	0.997918770354456
2b71557e19a38643707c9ee23bbb8aa8	d__Eukaryota;p__Prymnesiophyceae;c__Prymnesiophyceae;o__Prymnesiales;f__Prymnesiales	0.7361277576823133
6661936241c49fdff29ca109b82c3b69	d__Eukaryota	0.9999471239018942
ec2cbda8dd4b7139d09c197ed98b075f	d__Eukaryota	0.9999294996625401
1deabdd66b80dd1c37ac0375180c3193	d__Eukaryota;p__Cercozoa;c__Thecofilosea;o__Cryomonadida;f__Protaspidae;g__Cryothecomonas;s__	0.8838097731854155
26720f768b0a50ff77589f5f00179c72	d__Eukaryota;p__Ciliophora;c__Intramacronucleata;o__Spirotrichea	0.7879087805726188
a6505e63ee78341349119353752c8d93	d__Bacteria;p__Proteobacteria;c__Alphaproteobacteria	0.9882189834040684
b2af20b5a993bc4cd1550e453544cdfa	Unassigned	0.809747363747258
309c3557860ac913dffefb59bceeb5c6	d__Eukaryota	0.999508500024844
16fca59812eb37d5d48a8e1d6acaa5ca	d__Bacteria;p__Planctomycetota;c__Planctomycetes;o__Pirellulales;f__Pirellulaceae;g__uncultured;s__	0.7979617534167593
82e257b77480ff49019150634656ee36	d__Eukaryota	0.9999655332113242
0c1dc49c8d2c6ffad35ab32da1d18298	d__Eukaryota	0.9998787696151201
b28f0085cd8535086249d3432b4d4e33	d__Bacteria;p__Proteobacteria;c__Gammaproteobacteria	0.9408127031345765
7c6c4d8817992035093eab11d8eef8cc	d__Eukaryota	0.9717207511843742
e10681c9b7d139f95a5248a74102a871	d__Eukaryota;p__Dinoflagellata;c__Dinophyceae;o__Gymnodiniphycidae;f__Gymnodinium_clade;g__Paragymnodinium;s__	0.7041688624850493
ce8ab4cea7663d0fb91ada94f1c7275d	d__Eukaryota;p__Stramenopiles;c__Placididea;o__Placididea;f__Placididea	0.8785331820882956
074d481823c37b805792ddf84141a5be	d__Bacteria;p__Planctomycetota;c__Planctomycetes;o__Planctomycetales	0.902337422083384
aee3242bd4e15cdf328e3c35ddf8560c	d__Eukaryota;p__Retaria;c__Foraminifera;o__Rotaliida;f__Nummulitidae	0.7519379436191952
4725788cf0b5e0a3e62435ee4b2507df	d__Eukaryota	0.9999655038905574
772f4cc6c86c971c24029b9612a91ac5	Unassigned	0.836965425508686
6252798d5cd83eb6ec4b46fffc5dc661	d__Eukaryota;p__Euglenozoa;c__Euglenida;o__Heteronematina;f__Heteronematina;g__Petalomonas;s__	0.7582146735810887
fd5c407ee6ab46afe3e7dd71bbedf7e6	d__Eukaryota	0.9488194096628632
0817b6003b2b5603123f7b59881a5198	d__Eukaryota	0.9992650669238647
24f9af1527daa506ac179ae2e2db7435	d__Eukaryota	0.9996812613857564
ee4f11d50c055bcffb152d0150865d94	d__Eukaryota	0.9990236924905166
5a3250e028cdcc2d8933911d4435e005	d__Bacteria	0.9171935103216053
5b43fe62fea1495465d8be1654978017	d__Eukaryota;p__Peronosporomycetes;c__Peronosporomycetes;o__Peronosporomycetes;f__Peronosporomycetes	0.9416799112367994
b9cc45a903671fe84a1f6f6336632693	d__Eukaryota;p__Ciliophora;c__Intramacronucleata;o__Spirotrichea;f__Hypotrichia;g__Neourostylopsis;s__	0.9854062449155201
5cb33623ffa591e04373e07577464d1a	d__Eukaryota	0.9985517189952159
ae6a2ec5fe1e7278a3bb57c27d429c85	d__Eukaryota;p__Protalveolata;c__Syndiniales;o__Syndiniales	0.7077525982760646
370d03b2d25068adf69197f54a9608ac	d__Eukaryota	0.9999869650835795
a28ae963c17c76638b8680531ed6f582	d__Eukaryota	0.9953288249040235
44005602adf2683b6510b2984637d75b	d__Eukaryota	0.949974539636161
585753171f6ca618a9b3c43716b35c5e	d__Eukaryota	0.998477450339763
9319e192b358647c3fa41be1e4c3c70d	d__Eukaryota	0.9976758724600734
001ada8ae6f0ba719e2f19332773c591	d__Eukaryota	0.9999249715794314
b82fc94486668f74a84f7e9d2748b613	d__Bacteria;p__Proteobacteria;c__Alphaproteobacteria;o__Rhizobiales;f__Stappiaceae;g__Polymorphum;s__	0.7406660958159517
2cb011db38cf67e6f5b72a13b7343c62	d__Bacteria;p__Proteobacteria;c__Gammaproteobacteria	0.9871840526444275
21ee9450dbb05a3c023630e4657526e3	d__Bacteria	0.9652430020296288
d101638fd0fd41011dc6af239dd39278	d__Bacteria;p__Patescibacteria;c__Gracilibacteria	0.7020388791846119
487e266600dbb8ed3d912f9569ae2342	d__Eukaryota;p__Dinoflagellata;c__Dinophyceae	0.8565413242487047
d5abcba7d922e09106cf4fcefc529b34	d__Eukaryota;p__Cercozoa;c__Thecofilosea;o__Cryomonadida;f__Ventrifissuridae;g__Ventrifissuridae;s__	0.8367112882086438
575c6d0958196da3613339fe7ec9737e	d__Eukaryota	0.9996823027147551
7531ae98c035e9a8222af675d8ac177e	d__Eukaryota	0.9993668428378327
88985adc5044495d944432a7cc421a05	d__Eukaryota	0.99914992863101
461d32a1a4a3a3ab475668e2de750bbc	Unassigned	0.7971655737860258
b4be3b0b078afce4984e749d645a55e6	d__Bacteria;p__Proteobacteria;c__Alphaproteobacteria;o__Rhodobacterales;f__Rhodobacteraceae	0.974630761300612
50577aefed7e9924394fc1abc9b0eb08	d__Bacteria;p__Planctomycetota;c__Planctomycetes;o__Pirellulales;f__Pirellulaceae	0.9732554670955703
bc8006073b65ec27cee3dc3204385f41	d__Eukaryota;p__Ciliophora;c__Intramacronucleata;o__Conthreep;f__Colpodea;g__Aristerostoma;s__	0.9932396255379714
59cbbe569e280f331306105041f8128c	d__Eukaryota	0.9999358679679536
416f6595d420b6a2d4fb642ba74ba4d3	d__Eukaryota	0.9999474177093312
60f65cf3d98ec714c3e4e7c9d0ce6df1	d__Eukaryota;p__Labyrinthulomycetes	0.7094686404205326
d33c5c29ec9088767144319f331616db	d__Eukaryota;p__Ochrophyta;c__Chrysophyceae	0.7524191097616572
0d4a6e9661c2e3692699336e1c9c1350	d__Eukaryota	0.9995547944330145
2c0c9f5e2b80aafb387099bc27e71ab9	d__Eukaryota;p__Ascomycota;c__Saccharomycetes;o__Saccharomycetales;f__Pichiaceae;g__Saturnispora;s__	0.9999951208770398
324d7d7e40026975c8b9bd236920bdc4	d__Eukaryota;p__Ciliophora;c__Intramacronucleata;o__Conthreep;f__Colpodea	0.8670422990399429
567e16fc439773b64e6525b968fba41a	d__Eukaryota	0.999498060936889
5b37ef058f7a15256aabd67c15045e70	d__Eukaryota;p__Diatomea	0.9893742783009739
4ca642d2269716621b88e0aa4f230397	d__Eukaryota	0.999842007952112
f76f49ca6d84eb50937ca38210b29f6e	d__Eukaryota;p__Holozoa;c__Choanoflagellida;o__Codonosigidae;f__Codonosigidae;g__Codonosigidae;s__	0.7188938114148583
205023c4453b53c30c9b6b19c8f7667a	d__Eukaryota;p__Ochrophyta;c__Chrysophyceae;o__Ochromonadales;f__Ochromonadales	0.7346554697094352
31f96ee36f3f295560630131be508ee0	Unassigned	0.36286469378534847
3ab341398fecaf9b1e00eb86c0c01b66	d__Bacteria	0.985134837983676
93a0b348fcf20f345b3d1551ddb147e5	d__Eukaryota	0.9999646667546132
c17b1c04e75edaf896eb46e7ff391873	d__Eukaryota	0.9991468641751354
78d1766309769cb320f02533e7c97f75	d__Eukaryota	0.8114849564952732
e52c4d0255bc0c3727703f8f9a1e1e59	d__Eukaryota	0.9999925243973509
c989896655675167ce9ff66acbad59f5	d__Eukaryota;p__Euglenozoa;c__Kinetoplastea;o__Neobodonida;f__Neobodonida;g__Rhynchomonas;s__	0.9762818657448975
0a8a9a4152fcffd686df3532adcfdcfb	d__Eukaryota	0.9999646838401908
b733bb8df1ad3a9f928ff4061efeb082	d__Eukaryota	0.999975914820485
bb7eaa3b1dd8f4acf7d550fd6d94520b	d__Eukaryota	0.9563195640679677
7c4f9a3075d093818ccab3738fce6609	d__Eukaryota	0.9784713683360615
e1de98e435d0281f023772e641bf5335	d__Eukaryota	0.999960754988324
7369f9b4559505ce5f472ccb18b9bc2b	d__Eukaryota;p__Diatomea	0.9551962570609998
acde122e02452dc5732e4cc2cdfecca2	d__Eukaryota	0.9998473435103409
326aa1a00f032ca0d1077142b829054e	d__Eukaryota	0.9996966237401432
2fd1558788faf93ca627546a65fe645e	d__Eukaryota	0.9999885506264015
4aa16b7ebb7752cf93c1698e27183d36	d__Eukaryota;p__Florideophycidae	0.7171415735043098
1c838cd03b2596213413580db232d29a	d__Eukaryota	0.9959456171978541
ab28ff24e42e0ab70926bedf6dbdc1e8	d__Eukaryota	0.9981467943229891
aba8b78a7da476df4d1894516561b1b5	d__Eukaryota;p__Ciliophora;c__Intramacronucleata;o__Conthreep;f__Phyllopharyngea;g__Chilodonella;s__	0.7121631775982419
bc7b7c250cc5dde4fbc57f7408f02c88	d__Eukaryota;p__Dinoflagellata;c__Dinophyceae	0.8195451281887907
d6d273df1054e48becf5349aacacce8d	d__Eukaryota	0.9995804556853075
b83059b4848740a77f7a9a10a13206c7	d__Eukaryota	0.9910764263462488
7ba6729f9f0ce00b8c564a7afcbd9139	d__Eukaryota;p__Peronosporomycetes;c__Peronosporomycetes;o__Peronosporomycetes;f__Peronosporomycetes;g__Phytopythium;s__	0.7133138206538718
06af5ae0dce0b5fd5a0752e46a824faf	d__Eukaryota;p__Diatomea	0.9956623868197414
b450dd2c4b8ca24fccda0c2ef815bf46	d__Eukaryota	0.9951042389826583
3d37db8e78acc9f2492a1f8e4e90cf9a	d__Eukaryota	0.999204604155228
914ceeb5baa907f40f6cd51546570ce2	d__Eukaryota;p__Ciliophora;c__Intramacronucleata;o__Spirotrichea;f__Hypotrichia	0.8880161706618847
3fcc3007b12083c6f9d2f7aaa0f381a4	d__Eukaryota;p__Diatomea;c__Coscinodiscophytina;o__Coscinodiscophytina;f__Rhizosolenids;g__Proboscia;s__	0.7113717676090864
dec3a5c73838b6df15a2c0b59fbae082	Unassigned	0.7061233740207821
a8266f8d79ad86062f2e6f23513ef702	d__Eukaryota	0.9331193568946079
7e7027a64dab33dcaa9f0e4e8ccc577a	d__Eukaryota	0.9955014530797549
bbcb4dd8541133b289b30a5f3b5bda33	d__Eukaryota	0.999497104751017
df62619edccf179c0395f3b49c3ebcee	d__Bacteria;p__Verrucomicrobiota;c__Verrucomicrobiae	0.9384643334988705
20ffed352dc7440bc603fb5b41d3369f	Unassigned	0.44182773576341694
57430b0d6759cd936294035cb2979f7b	d__Eukaryota	0.9995751945078148
0808f3f284cddbb2b3c97fa673007f72	d__Eukaryota;p__Euglenozoa	0.7985684380930351
3c0fe92eff1ac82cef0885106620aa22	d__Eukaryota;p__MAST-2;c__MAST-2;o__MAST-2;f__MAST-2;g__MAST-2;s__	0.8145011760985146
a0b1754521b8c82fdaab4b34f8d97fb5	d__Eukaryota;p__Ochrophyta;c__Raphidophyceae;o__Chattonellales;f__Chattonellales	0.9438244208072637
4709b5ad0dac19d92a30eecdfd859d94	d__Eukaryota;p__Prymnesiophyceae;c__Prymnesiophyceae;o__Prymnesiales;f__Prymnesiales	0.8155295591757175
bb5c7e2de683f3fbdade6213f0b59093	d__Bacteria;p__Proteobacteria;c__Gammaproteobacteria	0.9939176350944907
ec677bab71ed23bf792d4e50a77344ba	d__Eukaryota;p__Chlorophyta;c__Chlorophyta;o__Chlorophyta;f__Chlorophyta;g__Chlorophyta;s__	0.7652272733647557
438be23bbaa4883cf19d96d998e21a20	d__Eukaryota;p__Chytridiomycota;c__Chytridiomycetes	0.7959351566565047
dfbba0b1318c461fe7bb8e3c17b23ac5	d__Bacteria;p__Planctomycetota	0.7964541929848509
cc41edddc695df25818d325998ed9dab	d__Eukaryota;p__Chlorophyta;c__Chlorophyceae	0.8779354650748388
5298f4a46d79cf83247a27708f534fce	d__Eukaryota;p__Ochrophyta;c__Chrysophyceae;o__Ochromonadales;f__Ochromonadales	0.7136179494838651
2e629729ea820d593fd8c9c8ae83858c	d__Eukaryota;p__Diatomea	0.966214149642955
2726d1e1903981e3a62a7c2ca12a8a5b	d__Eukaryota	0.9998967800199222
02334570a900812dc6f76d0ea5ffe179	d__Eukaryota;p__Holozoa;c__Ichthyosporea;o__Abeoformidae;f__Abeoformidae;g__Marine_Ichthyosporeans_1;s__	0.855774585575454
f24ba786d9e4c590098f0964b27acaa7	d__Eukaryota	0.9994051688449341
3df50256b922b6fcb7615e0da9c86b77	d__Eukaryota;p__Myxogastria;c__Myxogastria;o__Myxogastria;f__Myxogastria;g__Didymium;s__	0.9435349793794376
345ecb9ac4226bdc4c40c7cd34de03c7	d__Eukaryota;p__Diatomea	0.991545650334304
300e041a81372b0096e157b5724ffc49	d__Eukaryota	0.9999956181925038
40ce9596eaeb0e67532278398d0e6f57	d__Eukaryota;p__Ochrophyta;c__Chrysophyceae;o__Ochromonadales;f__Ochromonadales;g__uncultured;s__	0.7477360209117965
a092b4a68bafd2534844841208b10a13	d__Eukaryota	0.998725547814187
c40896e33e3bc61d28595bed074c3fb7	d__Eukaryota	0.9997288437672267
7b82feef9be246f8bc671736177fcf2e	d__Eukaryota;p__Cercozoa;c__Novel_Clade_2;o__Novel_Clade_2;f__Novel_Clade_2;g__Novel_Clade_2;s__	0.773483970486711
ba6289254d40749d590ad311ab2b3bd3	Unassigned	0.5971133102929522
f182c50f7e67837caac02f5d4f010f97	d__Eukaryota	0.9998829597622133
b4e4eb77885013cc285619c7cf98f7e6	d__Bacteria;p__Proteobacteria;c__Gammaproteobacteria;o__Pseudomonadales	0.7445213680129453
19bdd576558208f478cfa10712c80cac	d__Bacteria;p__Campylobacterota;c__Campylobacteria;o__Campylobacterales;f__Arcobacteraceae	0.9919149779780776
b68a0a2e36de2c21550ba449d237fd5e	d__Eukaryota	0.9991669830339958
7911b13a8b335702d5ea5a27ae00733b	d__Bacteria	0.8596869778550931
cca64896fddbd8ab29a54480c8ad3522	d__Bacteria	0.9694381069371545
bfd9363ca251cd1c293131cd867326e3	d__Eukaryota;p__Ochrophyta	0.8721144545204353
b8e162210f110df01f4d7d3d71e9ea19	d__Eukaryota;p__Ochrophyta	0.9427649925314817
a5474dfa421cb324519203600b91c4c7	d__Eukaryota	0.9988144590480044
080949ba6896b98e42d226ffa2ad5ddd	d__Eukaryota	0.9996359771314668
cbc5d3a93158501938b9b4b3456dd5a7	d__Eukaryota	0.9999661855119557
07f5cfe518ffc878b61eec2ce5f0ef8e	d__Eukaryota;p__Diatomea	0.9792083583288429
5b55248fd003583cfbfbccb018b21ea6	d__Eukaryota;p__Ochrophyta	0.7755188343849237
56f3b7a5d91ce140bc581178194abfc2	d__Eukaryota;p__Centrohelida;c__Centrohelida;o__Centrohelida;f__Heterophryidae;g__Chlamydaster;s__	0.9136385082387932
bb5c8455ae923b4fdcb0209f3c7588ad	d__Eukaryota	0.9999615182319362
12f4ced0516afc95b84b55c5ab86454a	d__Eukaryota	0.9982306513564327
a16cadaa864f94b8c6fb5ec9eb7b112e	d__Bacteria;p__Proteobacteria;c__Alphaproteobacteria	0.9518311972296984
0ad23a575e952adedfcbf695e1731ad4	d__Eukaryota;p__Ciliophora;c__Intramacronucleata;o__Litostomatea	0.9350412172794988
1ad44d7160b4985451b8248ce282c557	d__Eukaryota	0.9999655716565019
c9c437b2c398d306ad4d5061a6199d97	d__Eukaryota;p__Ochrophyta	0.7890792619856809
26d79ea3645c1b3dc8d357f39b7d2a67	d__Eukaryota	0.999730081922817
2d30cf414344b454d34fd01fc68623a5	d__Eukaryota;p__Euglenozoa;c__Euglenida;o__Heteronematina;f__Heteronematina;g__Petalomonas;s__	0.9484420722386796
a1015cbde724fb663d100b66f73fe105	d__Eukaryota;p__Euglenozoa;c__Diplonemea;o__Diplonemea;f__Diplonemea;g__Diplonema;s__	0.9916172908453005
d68709be98ef5c945ce85b8a4183d5f5	d__Eukaryota	0.9996431302922231
145d5b5a0828035559dee807a69b2726	d__Eukaryota;p__Ascomycota;c__Eurotiomycetes	0.7670940619682842
70ee6a5824e639552c714c9273a3ea69	d__Eukaryota	0.999972291848919
248f9708679743190b17e3e09a880166	d__Bacteria;p__Proteobacteria;c__Alphaproteobacteria;o__Rhodobacterales;f__Rhodobacteraceae	0.9476808908280657
e17398f3d2727ceca9a65df864638641	d__Eukaryota	0.9998005864310611
1488349006d596488743d931d43c4aaa	d__Eukaryota;p__Mollusca;c__Bivalvia;o__Veneroida;f__Veneroida;g__Veneroida;s__	0.8846824511609466
4d6ffed90f01bc0fe8b5bbf2c0c1a069	d__Eukaryota	0.9997078604549908
c444d876479215392b818f97f69d7a7a	d__Eukaryota	0.8158326356448902
7a7fe5467c9f171b51a051ecbae8469c	Unassigned	0.8924082115960598
827231582bb9222925cd43978d5a9820	d__Eukaryota	0.99635293277205
4944965e283e3731d5e3fcab2d76f5d2	d__Eukaryota	0.9998638525086623
310cc67bf6228e83a9f3e4a1d03f873a	d__Eukaryota	0.999326499066047
5cf2311f15cee26ba784c9aff2d92d1b	d__Eukaryota	0.9994788065628036
eea054ac5bfcbc8b4069e2ccc96fe86d	d__Eukaryota	0.999805500291983
f6589c71c35788a3cc9354f55e361ed2	d__Eukaryota	0.8892808275613262
c40b1fbadbe8a8b430f61f868f796471	d__Eukaryota;p__Prymnesiophyceae	0.9988326533293042
93578415a47039521facfa909e4840f5	d__Eukaryota;p__MAST-3;c__MAST-3J;o__MAST-3J;f__MAST-3J;g__MAST-3J;s__	0.9398377496756973
198dd8960985229fed4ea79b83720aed	d__Eukaryota	0.9982215500180481
a27a3f7705728de231b736ea2c447f2c	d__Eukaryota;p__Ochrophyta	0.7476525833550768
0d87dedc27971bcac15a8e4c4ab2bde0	d__Bacteria;p__Verrucomicrobiota;c__Verrucomicrobiae;o__Pedosphaerales;f__Pedosphaeraceae	0.9123464206768529
a932c5faf6c2b005547ff90ddbff5f97	d__Bacteria;p__Myxococcota;c__Polyangia;o__Haliangiales;f__Haliangiaceae;g__Haliangium;s__	0.9611024750908604
58b4d2f1a823d83214186c0429106d68	d__Eukaryota;p__Chlorophyta	0.92247968387177
b4661b39d02982c74c58287bb7815ab6	d__Eukaryota	0.9998835964340135
36d641b5aab68b1f6fe3799a7ae2d336	d__Eukaryota	0.9993514663490521
b70a1f44f275a8b73e15515923c74428	d__Bacteria;p__Verrucomicrobiota;c__Verrucomicrobiae;o__Verrucomicrobiales	0.7013276514586063
87fbbff9bae37d05d5f69c2d59057056	d__Eukaryota	0.8141876317927439
30fc82074d7967689a4628d66b208955	d__Eukaryota;p__Holozoa;c__Choanoflagellida;o__Acanthoecida;f__Acanthoecidae;g__Savillea;s__	0.7617336871300082
939c5844b9ccf8aa88009e63ff2c98e4	d__Eukaryota;p__Ciliophora;c__Intramacronucleata;o__Litostomatea	0.7739850203948023
3c3be721be2b4af847aa4f198ee6685b	d__Eukaryota;p__Amoebozoa;c__Discosea;o__Vannellida;f__Vannellida;g__Vannella;s__	0.7679131220985967
cecc527ffc0a49ef183b2aa5d753d576	d__Eukaryota	0.9542491372304132
9a2a7ade3f890b68cc2505e7b8c9c089	d__Eukaryota	0.9941555054265905
a98bba94d927b086d5f5971836402e0e	d__Eukaryota;p__Ascomycota	0.9224163347727239
84b5dbf37cdfbff2ccd095ec3802e6b7	d__Eukaryota;p__Chlorophyta;c__Trebouxiophyceae;o__Incertae_Sedis;f__Incertae_Sedis	0.7129064225860503
e3a7bc7f0348274d19febe60bef66e1b	d__Eukaryota	0.9972494609513289
b4ba4cde80ec0042babb0c46644c6f8d	d__Bacteria;p__Gemmatimonadota;c__PAUC43f_marine_benthic_group;o__PAUC43f_marine_benthic_group;f__PAUC43f_marine_benthic_group;g__PAUC43f_marine_benthic_group;s__	0.9066306077110395
b89c11227d9859de431d4d5f17729b65	d__Eukaryota;p__Diatomea	0.8532456288546937
df48005d0bca875312215badb5c6b9de	Unassigned	0.8946514973229649
7730cd93b8ad2a3fe6a0086395fa4556	d__Eukaryota	0.9848478502907784
642ce5de54e1637383fb7be9e1dc4be8	d__Bacteria	0.9598581418632541
0277264f827eee2c690f07d56527eef9	d__Bacteria;p__Verrucomicrobiota	0.7971412370355667
1600cd866f1cc9c3033c19ba5c6e0756	d__Eukaryota	0.9900170655988054
e3b6175ba0abefe232311000123a2708	d__Eukaryota	0.9998546215507818
d38d4f2639b575ef821d95a9038ef924	d__Eukaryota;p__Diatomea	0.9816071873250938
3e3a8aa95d8d4be6a9e751bfde709615	d__Eukaryota;p__Ciliophora;c__Intramacronucleata;o__Spirotrichea;f__Choreotrichia	0.9975230881568002
726a1e0e25481324a28f356c05f8fb6b	d__Eukaryota	0.9983603714871445
101c69d0f5a6d7e5a8485d82d456dfe5	d__Eukaryota;p__Dinoflagellata;c__Dinophyceae	0.9083815411438596
c59e25a7875c63e4de483b04c187f5de	d__Eukaryota	0.9905988836449438
b520dd23932f1dd5bcd6b0d09cf3c6b9	d__Eukaryota	0.9999701833929605
9dc065cddb7f65b200061c6ee3b7e4ac	d__Eukaryota;p__Ciliophora;c__Intramacronucleata	0.7685850546703841
8e4a397d2c71798fe705cf1fba66efc0	d__Eukaryota;p__Ascomycota;c__Dothideomycetes;o__Pleosporales	0.7179613527525771
1f9ddc9d630dde1ad5262af60d766bdb	d__Eukaryota;p__Peronosporomycetes;c__Peronosporomycetes;o__Peronosporomycetes;f__Peronosporomycetes	0.9107226701354048
cce3af9fa859e18a60a3f60e02254bff	d__Eukaryota	0.9998230864366253
3078c86413da5902557d7b4b2d8e2cd5	d__Eukaryota;p__Annelida;c__Polychaeta;o__Spionida;f__Spionida;g__Spionida;s__	0.9707994028327211
8b1cd1ebfb048fca502855529b7432bf	d__Eukaryota;p__Euglenozoa;c__Kinetoplastea;o__Incertae_Sedis;f__Incertae_Sedis;g__Hemistasia;s__	0.9991634317216643
2460c4256324a242aaa833c22e901224	d__Bacteria;p__Bdellovibrionota;c__Oligoflexia;o__0319-6G20;f__0319-6G20;g__0319-6G20;s__	0.9063980047693609
323de5979fb13d2ef293e3bea9f90933	d__Eukaryota	0.999881786910598
7019e1d10d9ed353e2a706969b99ee81	d__Eukaryota	0.986181096228679
2a1f619555b2d4a169bed5b0fb9d0f87	d__Eukaryota	0.9791552562401167
2d56ebe19c30f48dd0025de204dc988f	d__Eukaryota	0.9999558249208983
df113c0dda4d309e78b9220c4ddb91dc	d__Eukaryota;p__Ciliophora;c__Intramacronucleata;o__Litostomatea;f__Haptoria	0.9034526212080833
0c41be41048ed8cf3b761a47cfcd2e44	d__Eukaryota;p__Diatomea	0.7925002214683392
868e599ed64705d35538132f227f4241	d__Eukaryota	0.9713021001147226
3b3b9aac1ced899a2bbdf6880697df27	d__Eukaryota	0.9817772568820371
b27e47c7c148f4457111becdbdf7cfa7	d__Eukaryota;p__Diatomea	0.9747882986737711
099370f02db9f2bee4e5c35e13396a8e	d__Eukaryota	0.9999751296996586
2c8fc501f20610ff45e3211963a1db17	d__Bacteria;p__NB1-j;c__NB1-j;o__NB1-j;f__NB1-j;g__NB1-j;s__	0.8004990046215488
dd827a6ce2dccbe654048ff363e69646	d__Eukaryota	0.9999585950686444
853e6cd5a8af1c80c44fa8c5b2615025	d__Eukaryota;p__Diatomea;c__Coscinodiscophytina;o__Coscinodiscophytina;f__Coscinodiscophytina;g__Coscinodiscophytina;s__	0.953977602649842
91d8d938aff17e01131c0f8a37922d58	d__Eukaryota;p__Holozoa;c__Choanoflagellida;o__Acanthoecida;f__Acanthoecidae;g__Savillea;s__	0.8212058862833799
dd46ed926bd43532cd1e10e1ba62d358	d__Eukaryota	0.9997207114912479
83aa5f7273a754f28e7dd7c845c125a3	d__Eukaryota	0.9998309398239293
41c48baf3e2e78f8d38c96312a3742dc	d__Eukaryota	0.9998088939918912
8aad893927c7c01a28e89424ab0a9fdb	d__Eukaryota	0.998627385376425
33c47d76e75e7295ce7605632d11c937	d__Bacteria	0.9084269683846289
b25b30945efc9cf57595af5ccb0cf090	d__Eukaryota	0.9999176354448511
d82f1d396e03c1ba153cff192b88ad33	d__Bacteria;p__Proteobacteria;c__Alphaproteobacteria;o__Caulobacterales;f__Parvularculaceae	0.829959066739734
412cad716dea90972bdecd6440fcd0dd	d__Eukaryota;p__Euglenozoa;c__Diplonemea;o__Diplonemea;f__Diplonemea;g__Rhynchopus;s__	0.968236906944571
94e33f5a8ff50dd707b1727f0cb53d49	d__Eukaryota;p__Diatomea;c__Mediophyceae;o__Mediophyceae;f__Mediophyceae;g__Brockmanniella;s__	0.812701927522544
86000a713339a9bc40c19973f73c67e2	d__Eukaryota	0.9992593577633611
74ce310a8b40bfde9ac36d62e432990e	d__Eukaryota;p__Cercozoa;c__Thecofilosea	0.7591623486014348
9b843087f2b51271f50c7c253c33acc5	d__Eukaryota	0.9997740467700523
4732cab4016cb73fd58b946020eb9e1d	d__Eukaryota	0.9999745686967854
604ed0322a3b4b2a70214b5eb499a29f	d__Eukaryota	0.9977497017979838
92872fa57c763690d77e199213ad36e1	d__Eukaryota	0.9998920682504475
323840172c664675a826844fd497e4f7	d__Eukaryota	0.999711121499275
b88819a9167144818bea61f7040ed311	d__Eukaryota;p__Diatomea;c__Bacillariophyceae;o__Bacillariophyceae	0.7134829465409767
cf88892344b190a68f09f93b43675108	d__Eukaryota	0.9996104997476655
ad6bf673ad65fa3fe9b35d1980f56eb5	d__Eukaryota	0.9931800306884904
346ae7df7bd4dda56cc7847ff1695c1c	d__Bacteria;p__Proteobacteria;c__Alphaproteobacteria	0.9949717530587798
c2e5cf8883e9090496984e65a30bf020	d__Eukaryota;p__Diatomea	0.9758788752360461
b28ad4dea851ddc87ecb54a638b6b509	d__Eukaryota	0.9983663784263572
bf341c4473f3550832466f68db43ff66	d__Eukaryota	0.9994428566375464
e1eca7c5e65caeca17b8ea0c251ebb3b	d__Eukaryota	0.9995441016156017
58f3c88e3aa00a3dfd5cf4186c5becab	Unassigned	0.43369588102908563
a53fa5ae51b5d73a1e59fc2b429b6a43	d__Bacteria	0.8684416068759565
685f723b30a534c501d89355cf3c259a	d__Eukaryota	0.9995526859570486
17532301f75a8340697658870e6fb68b	d__Eukaryota;p__Annelida;c__Polychaeta	0.8127908642895809
9b2c931479f4f3b01369116520e11252	d__Eukaryota	0.9996299788143388
bdf2f5cc0b68abccf9ebbb894e2fa7b1	d__Eukaryota	0.9990137977665179
51363a9d949ef5951064bc1902a7f86d	d__Eukaryota	0.9996580217758215
440d8a750d498cb810d806eead850b92	d__Eukaryota	0.9978123089113209
8981718a9c516e4be9c55f563849febb	d__Eukaryota;p__MAST-7;c__MAST-7D;o__MAST-7D;f__MAST-7D;g__MAST-7D;s__	0.9960441346928671
a888b4c8918e5cb839bbef121b63d17e	d__Eukaryota	0.9995425084123525
aec4ac2d816c4da47ea7dfd42ef341ae	d__Eukaryota	0.99902220033338
34e89012be8d3d9641100537788cb30d	Unassigned	0.8572713938268663
f929dd72e8d9696b9980560836d9f504	d__Eukaryota	0.9997436701491746
39b4094a87397a662174c9a0ba62fc01	d__Eukaryota	0.9971505330655424
3709fee424c06819176346d0d7241755	d__Bacteria	0.9658949721485874
4a5924f0a504e89851dd5330cd9a3aa2	d__Eukaryota	0.9977205593843863
97283ea4dbce349a2b8a902f71e62465	d__Eukaryota	0.9993238494781889
78878d8d3249408aa9b44e3fe05be35c	d__Eukaryota	0.9997325653432705
04e4f76c6e7e1298fe03db33e00d32e1	d__Eukaryota	0.9948838974122836
86840f6d7b2324bf929b26657cf2ee70	d__Eukaryota	0.9998001187582481
ac60edf8bd18c62aafb548fb4bf5a594	Unassigned	0.5235106673610956
a4919a121e9f4888661e30c932aeac1a	d__Eukaryota	0.9998421188248341
8b402d2b9d4a3d1b73430fe4db8fb45b	d__Eukaryota	0.9999384054814255
710dba2e662aa8825b019827b0bfb299	d__Eukaryota;p__Ascomycota;c__Dothideomycetes;o__Pleosporales	0.9340342966616254
01ea631c4d4f65fe8245802b44268f98	d__Bacteria;p__Proteobacteria;c__Gammaproteobacteria	0.8793107863796349
92f67cfacc4538463c1e45d149136d3c	d__Eukaryota;p__SA1-3C06;c__SA1-3C06;o__SA1-3C06;f__SA1-3C06;g__SA1-3C06;s__	0.9591932488356703
42ebf2d33b844d5f03aeb66b47af2701	d__Eukaryota	0.9997153609205003
be997b23dfb777515c5e475664bb3841	d__Eukaryota;p__Bicosoecida;c__Bicosoecida;o__Bicosoecida;f__Bicosoecida	0.9027521972261886
d1534a143270a7cfa221f613bb68e0bc	d__Eukaryota	0.9999838414521465
158e051db4bea1795c9b489007c741c0	d__Eukaryota;p__Ochrophyta;c__Chrysophyceae	0.8138669028920228
b31ea9a0c7c45b6dcd693bc25c6c0204	d__Eukaryota	0.9968382980472619
89fcdf34d6e32a91b3aa6c07dacb0dc8	d__Eukaryota;p__Ochrophyta;c__Chrysophyceae;o__Synurales;f__Synurales	0.7181230486549052
6a2bfae9047da1fa600a6d14c792f11c	d__Eukaryota;p__Peronosporomycetes;c__Peronosporomycetes;o__Peronosporomycetes;f__Peronosporomycetes	0.8268236555680748
60696de4b6852aab8d4a8607127f8acb	d__Eukaryota	0.9978931837538424
798d5afe72b12115b97e01ce9e88c406	d__Eukaryota	0.9967222477286548
195e82cd800451687c75a6b420422e53	d__Eukaryota;p__Cnidaria;c__Hydrozoa;o__Anthoathecata;f__Anthoathecata;g__Anthoathecata;s__	0.7998002721253938
260b02f3efaf3fe0ad0618540ffd3ade	d__Eukaryota	0.917939463692685
151f047d76502281052d03abc5a06589	d__Eukaryota	0.999891034710205
75f8b24daefa4ad08a6005b863acf24c	d__Eukaryota	0.9998094523836363
39339eba57752421c30d9455c76c51e9	Unassigned	0.931311435811748
e4ecad34d89d857d40948f08489d66c8	d__Eukaryota	0.9332118585835976
b1212708b973b1e8c5c394c8f3ba96d6	d__Eukaryota	0.935075943678031
e8d508b25f8eabd50c680c2c18ca7369	d__Eukaryota	0.9984623518687694
dc9130c89bdd0f9034d33c60fb76d9b8	d__Eukaryota;p__Diatomea	0.9912217270588148
89f794a96b78adad62c2c3fc242c934e	d__Bacteria;p__Proteobacteria;c__Alphaproteobacteria;o__Rhodobacterales;f__Rhodobacteraceae;g__Poseidonocella;s__	0.7407552973670912
b6f260aa01f38a12563445322a910741	d__Eukaryota;p__Diatomea;c__Bacillariophyceae;o__Bacillariophyceae	0.7348620952904604
15a06a39a3d303e97fdb897795453493	d__Eukaryota;p__Apicomplexa;c__Novel_Apicomplexa_Class_1;o__Novel_Apicomplexa_Class_1;f__Novel_Apicomplexa_Class_1;g__Novel_Apicomplexa_Class_1;s__	0.917933332397416
dd7b8336fa1c8e27739951961a6ba170	d__Eukaryota	0.9998375017550787
d60b43f982769c4b9380fbfeb3dc8097	d__Eukaryota	0.9996522895431382
b3d72a7e9a7ea7c8bef9773269db6a1e	d__Eukaryota	0.999941797167031
a665c07a0f44fe56473af40e589dbf8e	d__Eukaryota	0.9991262830991564
bd8c45b957b836bc6691f7da2087f479	d__Eukaryota;p__Dinoflagellata;c__Dinophyceae	0.7976480113511574
35215549c71c99f6239601b7a516972b	d__Bacteria;p__Proteobacteria;c__Gammaproteobacteria	0.9950172960305164
270f7158c5e70a97701871110e97403b	d__Eukaryota	0.8060412701721758
e7ac3f446596476ff5038696ce3aeaf1	d__Eukaryota	0.9627735864605096
5184e9e57f11c93cebdb7f36e0b469ab	d__Eukaryota;p__Retaria;c__Acantharia;o__Arthracanthida;f__Arthracanthida;g__Hexaconus;s__	0.8003904356633187
87ea647ded5350fa5f05ac80fbdba09e	d__Eukaryota;p__Diatomea	0.9491883453865907
c2a5ba0d0c24d24521433a2b43c0d558	d__Eukaryota	0.9999143699689399
5e00dc379a6c48080f3832ef16773653	d__Eukaryota	0.998887886918505
435822d4294f572f2cd4a44f55bb413f	d__Eukaryota	0.9996451317630177
f3a0856cc312f0bd4daf9254dbf60490	d__Eukaryota	0.9999883340707473
e2b0e0568eccd20a4ff2f947463de530	d__Eukaryota	0.9990500829530311
ad7e4917fc82af4bc228526daf4c612a	d__Eukaryota	0.8429777709603813
2f049187ccb60412a4dcc7719b75830b	d__Bacteria;p__Proteobacteria;c__Alphaproteobacteria;o__Rhizobiales;f__Rhizobiales_Incertae_Sedis;g__uncultured;s__	0.77738453955643
22ddc6d73560cb76b85bc70276dbb2b0	d__Eukaryota	0.985066227009354
a00072bbebaa4b4bc53f969446d472a9	d__Eukaryota;p__Basidiomycota;c__Agaricomycetes	0.992077547951153
bc3197648fcaa900e795c0a6164e2389	d__Eukaryota	0.7004787041378884
85d908dc4e5cc9e01279bfc835d31134	d__Bacteria;p__Proteobacteria;c__Alphaproteobacteria;o__Rhizobiales	0.9208383677077765
d92d5cbd8bcfbb0353ac724d5c759dfa	d__Bacteria;p__Myxococcota;c__Polyangia;o__Haliangiales;f__Haliangiaceae;g__Haliangium;s__	0.966794682520803
cb498db53c6118a3a7b187456d978173	d__Eukaryota	0.9948337276227439
7bcd95557e4db0092ed4d5e63d6d4a77	d__Eukaryota;p__Chlorophyta;c__Trebouxiophyceae;o__Incertae_Sedis;f__Incertae_Sedis	0.756973139215519
4bea371c1d3ec99c394d3b295bdfd5ec	d__Eukaryota;p__Diatomea	0.9868957834303631
59fbb9c1f295277fcd37c2d21c2de3a6	d__Eukaryota;p__Diatomea	0.9151570811182103
bde2bcd2e9983acb6a66cb22d203b105	d__Eukaryota	0.9990467616391495
142a6c45a51e49082f5bd9728fe32f3d	d__Eukaryota;p__Ochrophyta;c__Chrysophyceae	0.7937166725781681
ba4434c71bcb01b5cc9d18c23aea75a8	d__Eukaryota;p__Centrohelida;c__Centrohelida;o__Centrohelida;f__Heterophryidae;g__Chlamydaster;s__	0.7603930592821024
bccd4888c5a37aef061cd58b3a3f0db1	d__Eukaryota	0.9999666364150601
7f974d26fd38b58fe831d252d64090ec	d__Eukaryota	0.999831355600183
8180c1c56e9618662a495739c9f56997	d__Eukaryota;p__Annelida;c__Clitellata	0.8567923882890762
81e434308ea66c80a1e4d10577918f1b	d__Eukaryota	0.9996956946275638
38c0c453e9aedc6f2e5897b99871c8a2	d__Eukaryota	0.9982629634377688
c04ac33f296f625b6fdec897d041bacd	d__Eukaryota	0.9969397997464631
8849eace56930dfdb8ac9cfdf77479e0	d__Eukaryota;p__Florideophycidae	0.7210939834759647
00cceca3468556608eb73c321e24ed77	d__Eukaryota	0.9994463340761676
9f783cb8bd957dda2f447cb777f6d97f	d__Eukaryota	0.999978691067509
e2b7778fbde50da69c3ef04a2f367c4c	d__Eukaryota;p__Prymnesiophyceae	0.7742072378798566
d589821cd07daf7a8f1b6475f8604eed	d__Eukaryota;p__Diatomea	0.8161775414242963
711bf8289fbd2d55e70b4891d91af9e1	Unassigned	0.4465751907822738
883a93eebd230fbd94601c52ef6e9fa4	d__Eukaryota;p__Ciliophora;c__Intramacronucleata;o__Spirotrichea;f__Choreotrichia	0.9323548295342922
cb6a4bd4d8615670334ac9d4531b24b9	d__Eukaryota;p__Holozoa;c__Choanoflagellida;o__Acanthoecida;f__Stephanoecidae;g__Bicosta;s__	0.9782647845792939
490d0a51d526979f3de8a6087d3de1b6	d__Eukaryota;p__Diatomea	0.9964252985362422
8ec33a4b142b40fa0bcc98fb4e86b10d	d__Bacteria	0.994634496648403
35a5059878d7b4b11ded91876cf19347	d__Eukaryota	0.9976917524847845
1b3ef6b97081fd18e076fbe00c5fb619	d__Eukaryota	0.9995601170039184
e14ee96d29d3f2f738d8753c118a3f8c	d__Eukaryota	0.9984437025890602
f763aaa00d323b6182b685b676b99299	d__Eukaryota	0.9990926783836418
fb0aabb750347e0886cdbce049bf339a	d__Eukaryota	0.9999970723502214
9e20d49ea50444d3949fa50374ece08e	Unassigned	0.7627436022054713
e829f9c4a5312b71c1eead6029d9a660	d__Eukaryota	0.9999350349761194
b4187001843d3c5fe0594f0cfe2495aa	d__Eukaryota	0.9967953216106675
d747240ad9ccfabe5665f423443f0181	d__Eukaryota	0.9996244795898832
917a2a6589c7689e8a04bc140b9be64c	d__Eukaryota	0.9989321507287101
481d8781bbfde1670a6a4113296452fc	d__Eukaryota	0.828127998096567
5f3bf267ecd858c30e56961d8d482523	d__Eukaryota;p__Diatomea	0.9799867800305705
3f4bcf2188dd6d69d74f19cf1e1493c0	d__Bacteria;p__Proteobacteria;c__Gammaproteobacteria;o__Enterobacterales;f__Alteromonadaceae	0.9766762788245656
0326c4a7f232dd81ccaf150e153f7a54	d__Eukaryota	0.9936922114662158
178309bb4da0f8e505be01d063c5f287	d__Eukaryota;p__Diatomea;c__Coscinodiscophytina;o__Coscinodiscophytina;f__Melosirids;g__Melosira;s__	0.9689016843220608
9ae3b07bd3fc5d534407336825bee54b	d__Eukaryota;p__Ciliophora;c__Intramacronucleata;o__Conthreep;f__Oligohymenophorea;g__Ophrydium;s__	0.7426259972154543
4be15b74fd824a4959a3ee7fddc33f38	d__Eukaryota;p__Dinoflagellata;c__Dinophyceae	0.8003282299421843
ee1a7604ed6741ad2a26bccdd43420ec	d__Eukaryota;p__Diatomea;c__Coscinodiscophytina	0.7802759539857721
fc3c0ec60cd6f0d8d2303d18a6373358	d__Eukaryota;p__Cercozoa;c__Imbricatea;o__Imbricatea;f__Euglyphida;g__Euglypha;s__	0.9513409068100455
a10651f6cce7a8c1284e72e1e5402840	d__Eukaryota	0.910751077290118
49918bbee6c9eee37f75fe83655ea42e	d__Bacteria;p__Proteobacteria;c__Alphaproteobacteria	0.9913736349986623
9f9c3d2804bfe7f78e81d87e8d031f25	d__Bacteria	0.9504162968833374
4de7ab7498650fe92105f46283b440ec	d__Eukaryota	0.9717195594871112
843c763e1fd6ea14a8243296ee3cffdb	d__Eukaryota	0.9999819006638255
441f58faa08c1f836b551c2c3b080aba	d__Eukaryota	0.999179369171463
d48d9f7569a7e09e56c42b81c67920ba	d__Eukaryota	0.9905691319192167
3e78bf1e7f8ced463b6dc4aef14740e5	d__Eukaryota	0.9997349160663933
16d9322d819aa03d27af6bc2a5f2d223	d__Eukaryota	0.9998509944819597
2073165481af9c44cb3d9142de726d35	d__Eukaryota;p__MAST-12;c__MAST-12C;o__MAST-12C;f__MAST-12C;g__MAST-12C;s__	0.7862758214052773
c750e278dc4f1ecad9b078ecd501295e	d__Eukaryota	0.9897471575561244
170e2907ce45ecb39272d9380cd3ee3d	d__Eukaryota	0.9995703225574861
67e3c12fce5b86d44983d21e5e53e709	d__Eukaryota	0.9996756872103929
17c72f5ac6b0065e049835ef52a71810	d__Eukaryota	0.9999851933185742
31e05164fc9bfb5334ab8ca9e4ca08a4	d__Eukaryota	0.9975778616376051
711e4b717f6ff5127bfcf13c420cf30b	d__Eukaryota	0.9982745309733662
1e6a4e02b9a20c5db3554ae289bc26be	d__Bacteria;p__Gemmatimonadota;c__BD2-11_terrestrial_group;o__BD2-11_terrestrial_group;f__BD2-11_terrestrial_group;g__BD2-11_terrestrial_group;s__	0.7713346664489342
2a6ca13026cb236713b44ad263938adb	d__Bacteria;p__Verrucomicrobiota;c__Verrucomicrobiae	0.7895849101501706
c9eb490e690bb08e04f02568fe963508	d__Eukaryota	0.9958154731891458
6dbeea3dd56eadf2123afdf3e681faf3	d__Bacteria	0.8856626462288382
6898b386109662beb46b5115f17d21d4	d__Eukaryota;p__Florideophycidae;c__Corallinophycidae;o__Corallinophycidae;f__Corallinophycidae;g__Hydrolithon;s__	0.8163808932237483
1e966eac008d89667aec709b577bdd25	d__Eukaryota	0.9926932423252429
0ee0094089c1c74f03549ddac2d6fd4a	d__Eukaryota	0.9997553371454228
47f35a0fb95ed75ed01a59cf99c0273c	d__Eukaryota	0.9903777159339466
1d51f4bcff0cb82beb59b95094e064ea	d__Bacteria;p__Proteobacteria;c__Alphaproteobacteria	0.9954680660919273
57d9a8f6455205908ee63c662ff458a0	d__Eukaryota	0.9999036430323224
0202504a73d9e03f9db6de124522b4f6	d__Eukaryota;p__Diatomea	0.7388572695470554
7b73fbf9ef8bc3e4b1df9dd9fdabf7c2	d__Eukaryota	0.9998775038495942
c88faaf79183bb671d55ccedbff8191f	d__Bacteria;p__Desulfobacterota;c__Desulfobulbia;o__Desulfobulbales;f__Desulfobulbaceae;g__uncultured;s__	0.8618996050920277
fe50209f03500b2963bae010d1bbd89b	d__Eukaryota;p__Prymnesiophyceae;c__Prymnesiophyceae;o__Prymnesiales;f__Prymnesiales	0.7912836820560297
6a07aacaaa616a0687172eaa6c8fbb5d	d__Eukaryota	0.9980304121777385
e7846550712eaedc7812c135c1aaa2a5	d__Eukaryota;p__Pav3;c__Pav3;o__Pav3;f__Pav3;g__Pav3;s__	0.9535550226782258
66c8f28692a156e2253c1d25c25f1aa8	d__Eukaryota	0.9999424666212497
702841fffc6f2e29d3c3d7f28abf8edc	d__Eukaryota	0.9998653015887387
b2de10882bdef0aaa06ff3ace188ddcd	d__Eukaryota	0.9997548148888618
5e5e693dda6bec031c9395b88537383c	d__Eukaryota;p__Ciliophora;c__Intramacronucleata;o__Spirotrichea;f__Oligotrichia	0.8892679931918883
754786794c4aa548b8642d8bcbf61e84	d__Eukaryota;p__Chlorophyta	0.9635136412923802
fb95e8151f99c7119d2b505cad26f967	d__Eukaryota;p__Diatomea	0.9901358938420405
a5b26a82fc43ea6d6689ad94f4194743	d__Eukaryota	0.8563640412828231
abe79fe500abccee57c86d1828a21655	d__Eukaryota;p__Annelida;c__Polychaeta	0.757950789735848
a340785a7ba1f32fa70becbb209b28e5	d__Eukaryota	0.9993553769850125
72a448a3b39c201ecedaab61a08e4f99	Unassigned	0.6792651038800512
07b12de706b602a81905dde8634154a2	d__Eukaryota	0.999952765650515
f97cce3f83bcbe3793434d337bb79f5e	d__Eukaryota;p__Arthropoda;c__Maxillopoda	0.7049354375040162
ddf156423b30421b0c33d2e42a5f4048	d__Eukaryota;p__Cercozoa;c__Thecofilosea;o__Cryomonadida;f__Protaspidae;g__Protaspis;s__	0.7274319883259729
c22822538f7b243bbf964c1a68e59ac3	d__Eukaryota	0.9983994625505604
e34e73d081cb3bda2e296da95d0846ec	d__Eukaryota;p__Chlorophyta;c__Mamiellophyceae;o__Mamiellales;f__Mamiellales;g__Micromonas;s__	0.8345824602457714
6c7e9131512bacfb86eaad0ac271be61	d__Eukaryota	0.9996903621326949
da39fdb380a06dee80c1484534be8034	d__Eukaryota	0.9999684882732778
0decfbf7764e9c7b7d909eb4805bfbcc	d__Bacteria;p__Bdellovibrionota;c__Oligoflexia;o__Oligoflexales;f__Oligoflexaceae	0.8209703407852201
cf40e7d8ade5258038cc5a06cee057cc	d__Bacteria;p__RCP2-54;c__RCP2-54;o__RCP2-54;f__RCP2-54;g__RCP2-54;s__	0.7192287019089841
84fc030afd29349176b763db059f4b6f	d__Eukaryota	0.9998952627137596
6fe2e7ea7c091e1f66c2d37b7a748b54	d__Eukaryota;p__Ascomycota;c__Dothideomycetes;o__Pleosporales	0.8636933136559345
f98335983f7d42ba97651c0aeb5867fd	d__Eukaryota;p__Hyphochytriomycetes;c__Hyphochytriomycetes;o__Hyphochytriales;f__Hyphochytriales	0.7529760172301045
e63f09f3c3ce1e5fac3e4c73ff0f1165	d__Eukaryota	0.9931312157080979
5b2fd47d417aebe45127b9654b5a48f5	d__Eukaryota	0.9992935592044121
a0c3ce6d7d39004659ad51459a5e37ed	d__Eukaryota	0.9983845980559789
ddf146d9ad9583047a0c73946c16301b	d__Eukaryota	0.9998051637279507
91b22027d0f8c9dde95c52cb18944eb2	d__Eukaryota;p__MAST-12;c__MAST-12C;o__MAST-12C;f__MAST-12C;g__MAST-12C;s__	0.9809627503560385
a3802c781bb34fe671af349d5a035db1	d__Eukaryota;p__Chlorophyta;c__Prasinophytae;o__Pseudoscourfieldiales;f__Pseudoscourfieldiales;g__Pycnococcus;s__	0.963672263406525
f49a618e12bbbaa3444c20e2bfda14ed	d__Eukaryota	0.9998248826985322
0efe3cb1fa0400d73537f70c308edc9d	d__Bacteria;p__Proteobacteria;c__Alphaproteobacteria	0.9667989650472506
94ba2da7a040d73f9ec9254ae9e7a29a	d__Eukaryota;p__Euglenozoa;c__Kinetoplastea;o__Neobodonida;f__Neobodonida	0.7338704799815559
2b5ca5a63d24e7ce1187e324f09beb5f	d__Eukaryota	0.9999725381734315
30521ee2d865e0c560e5ba09ca35256d	Unassigned	0.8094138776569031
7e28da00c135e3bd63b36fb9b06849d0	d__Eukaryota;p__Ochrophyta;c__Chrysophyceae;o__Ochromonadales;f__Ochromonadales;g__Paraphysomonas;s__	0.7020848786015137
e72156ee583ddb2902c075155829fe3c	d__Eukaryota	0.999477560995002
9022555718315626e23a315df5847bd2	d__Eukaryota	0.9992316643953283
77c9807af82eeea524de84df7e85bb57	d__Bacteria	0.9197627782611133
c049e0c4cfead182210568c2959cfb44	d__Bacteria;p__Acidobacteriota;c__Subgroup_26;o__Subgroup_26;f__Subgroup_26;g__Subgroup_26;s__	0.8710877758746949
0aa262199d866954bcb811514d955f36	d__Eukaryota;p__Ciliophora;c__Intramacronucleata;o__Conthreep;f__Oligohymenophorea	0.9164310496861016
a5cc6610b726d0476be10aa442dcb028	d__Eukaryota;p__Cercozoa;c__Chlorarachniophyta;o__Chlorarachniophyta;f__Chlorarachniophyta;g__Minorisa;s__	0.9987486253116094
8fc5f516cdc568d82b7d4314399b95a0	d__Eukaryota;p__Chlorophyta;c__Ulvophyceae;o__Ulvales;f__Ulvales	0.7588872866148568
3d53766c588f20f13ef1ada0368e28bb	Unassigned	0.4618369276205423
95f1694c83ba5783868c6263c6c5646c	d__Bacteria;p__Proteobacteria;c__Alphaproteobacteria	0.8891057796266246
cc0db572ffb7791678dcb3f9d491d343	d__Eukaryota	0.9999897576297127
5ab399c8539559597708e2a5aecd456e	d__Bacteria;p__Verrucomicrobiota;c__Verrucomicrobiae;o__Chthoniobacterales;f__Chthoniobacteraceae	0.7684613938214536
c60b1c0c6188baefad59a266bb9b0657	d__Eukaryota	0.9950828796257565
cca34026c439da5a991d6b9c4d55e138	d__Eukaryota	0.9995932586819222
db6cbf0a50dbdbb789b3301db4d6486c	d__Eukaryota	0.999727925473774
c57b699d153eca0f2504fb5f1c2883d2	Unassigned	0.9622252731969332
322935e3545036d5c3ba6ea4b0d017cd	d__Eukaryota;p__Cercozoa;c__Granofilosea;o__Granofilosea;f__Granofilosea;g__Massisteria;s__	0.8635298905786271
3bed8b6c14c991b38780b8ab052fa915	d__Eukaryota	0.9984116637059255
1be498d1173764a834a8aa8a75c4eddf	d__Eukaryota	0.9996944322276471
d66bc019ee2c2015aa58034ebc37d0ed	d__Bacteria	0.9752173049666004
5a7e37f9a19eeee48f69b3046ed21719	d__Eukaryota	0.9996346419884992
98391026b8509b3ed8ee6f2f143300b6	d__Eukaryota	0.9930412696058706
cf127cab57d34bf47745e2db39d267d4	d__Eukaryota	0.999531275304214
977225b7686ecaa4df4b77247210ad92	d__Eukaryota	0.9989628883976996
5b7391d8d5a403c6289fe866ee898759	d__Eukaryota;p__Ciliophora;c__Intramacronucleata;o__Spirotrichea;f__Choreotrichia	0.9933116713100183
b24b275b14e99f38eea43f0ab6dafe39	Unassigned	0.8478731489929456
583adf24c791c2d279f70fc7ae3eff11	d__Eukaryota	0.996917649784779
25ffac6c16ea179966c7d5070c0c103b	d__Bacteria;p__Verrucomicrobiota;c__Verrucomicrobiae;o__Opitutales;f__Puniceicoccaceae;g__MB11C04_marine_group;s__	0.7149217569847947
3ea5be63b48fb2e667cdcf8f32100b11	d__Eukaryota;p__Diatomea	0.8483281081143013
02b624ce665ab0de853d39a79cb4e6be	d__Eukaryota	0.9987216239344077
88211e03fe5934e7f54925924c305d4e	d__Eukaryota;p__Bicosoecida;c__Bicosoecida;o__Bicosoecida;f__Bicosoecida;g__Pseudobodo;s__	0.7795613780791183
0166d0962d15aef7a769d771821222f9	d__Eukaryota	0.999915656877838
cea9114d23a5ffd27873553777e44b23	d__Eukaryota	0.9998753072993024
52fddae24c69f5bfc7f93a00efd5be89	d__Eukaryota	0.9987092183979915
e497b5135052a32591025e6b4557a3dd	d__Eukaryota;p__Diatomea;c__Coscinodiscophytina;o__Fragilariales;f__Fragilariales	0.8733728498241636
4f4dd26efe942dc468f910963bf96236	d__Eukaryota	0.9993184515570658
4feb17ed19196f9cbc14a6b8c77f0127	d__Bacteria;p__Desulfobacterota;c__Desulfobacteria	0.7032316430625669
0c1bc22361a5033e9b3e8c39270ae2d9	d__Eukaryota;p__Amoebozoa;c__Discosea;o__Dactylopodida;f__Dactylopodida;g__Pseudoparamoeba;s__	0.7192716494011577
965cafaaf2acd3b5e7aec6b50d246716	d__Eukaryota	0.9996040816075875
84d6ddd4026c20c86c856c0bf74e9746	d__Eukaryota	0.9997495578538033
709d672146efa7acf126bb403c510775	d__Eukaryota	0.9999564390940857
90436c4f367ac30af023f5a38113b6f1	d__Eukaryota	0.9999872712261296
9100510348910ef49a85bc7f8896a4e1	d__Eukaryota	0.9970908115771673
3fabfb43652aa171be2975847b65d612	d__Eukaryota	0.9998487157810878
3c05befc1f5f3cb3a93a6d9b876f63a8	d__Eukaryota;p__Prymnesiophyceae;c__Prymnesiophyceae;o__Prymnesiales;f__Prymnesiales;g__OLI16029;s__	0.9826311810119404
30a7bec2e79cb8728fe77db20ad30a09	d__Eukaryota	0.9652330151283073
ccd318c635820fcfde2a653ca91a2a86	d__Eukaryota;p__Basidiomycota;c__Agaricomycetes;o__Agaricales	0.7248082610668467
100e4ba6c53b157e3d5d28ba0f26e7c6	d__Eukaryota	0.9933959164889415
719d31d24f0c0a0ba4a78c61065985aa	d__Bacteria	0.9997061848104541
30a0af5246db9c85bcac83159d2af1d7	d__Eukaryota	0.9978405595940307
fde5551943332237970d812884f6cd2e	d__Eukaryota	0.999937409233683
217a289b7dd495f21ba398562c38b3d3	d__Bacteria;p__Proteobacteria;c__Gammaproteobacteria	0.8711591515561564
dd9a0cbc2736ed1473ff08466ab6464a	d__Eukaryota	0.9963051389977342
f5b6ce8e8e19a9b41153ed94e1bbf7ad	d__Eukaryota;p__Euglenozoa;c__Kinetoplastea;o__Neobodonida;f__Neobodonida;g__Rhynchomonas;s__	0.9475408674061543
73014386f28ea48f50716fa320bda5f7	d__Eukaryota	0.9996913858447996
fa9bb296c1539ce88b097f1422d22830	d__Eukaryota;p__Cercozoa;c__Granofilosea;o__Granofilosea;f__Granofilosea;g__Massisteria;s__	0.9677222881164742
482460bc3bc13d273c9ac889177907cf	d__Eukaryota	0.9999274299891745
4072b0afb48f9a732cd31089c8f3a7c1	d__Bacteria	0.9660580922898181
1db709451fae066607032db1aa439b74	d__Eukaryota;p__Ciliophora;c__Intramacronucleata;o__Conthreep;f__Phyllopharyngea;g__Ephelota;s__	0.8047657183531901
44deabeca0435400a9e2671393286a93	d__Eukaryota;p__Diatomea	0.9305613017930967
56cb83d5db1784dfe089b6d2542180b0	d__Eukaryota	0.9989709304741679
348765bfb7973cbb4b624f996558ad8e	d__Eukaryota	0.9999259919410263
48e8c0fcf2bd02b6c0a61602d9f10639	d__Eukaryota;p__Euglenozoa;c__Diplonemea;o__Diplonemea;f__Diplonemea;g__Rhynchopus;s__	0.9643093804520897
53090b7130e37ca96eb306ae3fd0318f	d__Bacteria	0.7282563308539466
6626b5d1d5c65308a2a835cbc10b1e98	d__Eukaryota	0.9999484482323252
30e60e47c1c105fc427e2c8f1f77f1e8	d__Eukaryota	0.99947625139354
90a6b56b25665721b2f2b5f0ec444899	d__Eukaryota	0.9993335879489176
1690134d73477da11efcdadd2d63ebc6	d__Eukaryota;p__Ciliophora;c__Intramacronucleata;o__Conthreep;f__Colpodea;g__Aristerostoma;s__	0.9968443563174143
069ec039f5f2c93516582b30de2e8d21	d__Eukaryota	0.9567837495670241
0e591c3637b423bc3296dc0b85a7f1c8	d__Eukaryota	0.9999429066939375
79d7dcd11a581cd753ee823654301948	d__Eukaryota	0.9633034406685159
d78f0e3346f34979f298e807af5bbf02	d__Eukaryota;p__Chlorophyta;c__Prasinophytae;o__Prasinococcales;f__Prasinococcales;g__Prasinococcus;s__	0.9572669013480577
e2721d1ef5de52fa163a66aeab4df685	Unassigned	0.7768929640994018
bbfa055f5f2ed2a554a8c76922f88360	d__Eukaryota	0.9998261552294272
421c6e5be5b0a0316461eb35f3b426ae	d__Bacteria	0.8651268985885721
d3759bee900c5e9dd61859e8819cd00f	d__Bacteria	0.9607703323022676
2a24a3630cd9037179a90f304c7e6bd1	d__Eukaryota;p__Holozoa;c__Choanoflagellida;o__Acanthoecida;f__Acanthoecidae;g__Savillea;s__	0.8491462352300049
0999aef28eaf4352b5da29a50c5eeaf2	d__Eukaryota	0.9999781060410817
dad6e3d59b76f22052220a7832438a78	d__Eukaryota	0.9998544583779951
ab0ef1e0d3f23bf567d7fde9972a4610	d__Eukaryota	0.9998822931391724
cf7f77bf76267753f51b13f6fe44bf55	d__Eukaryota	0.9982965241281861
cbdc43304ca94a8f3734212ba1a20695	d__Bacteria;p__Bdellovibrionota;c__Oligoflexia;o__Oligoflexales;f__Oligoflexaceae;g__uncultured;s__	0.9310559628500781
6e9ca73348ec09f8244351090328c68c	d__Eukaryota	0.9987108991974526
99c1070dbdc34b3e5de96c4d4ae1d5f5	d__Eukaryota	0.9972435384406286
6a38c80a34ad73f0f9417564d3059b4c	d__Eukaryota	0.990386044368731
9f34515fbcd9993fecc67609cdf3eeec	d__Bacteria;p__Gemmatimonadota;c__BD2-11_terrestrial_group;o__BD2-11_terrestrial_group;f__BD2-11_terrestrial_group;g__BD2-11_terrestrial_group;s__	0.8094356617173827
00596cadb432b1d24c70724ba65283e0	d__Eukaryota	0.9999229029993597
b75ea37bf754d3f93d87c6119dc7d12f	d__Eukaryota;p__Centrohelida;c__Centrohelida;o__Centrohelida	0.7004015259148723
ba471f29d9d36ea96dafa6148a7d5666	d__Eukaryota;p__Cercozoa;c__Thecofilosea;o__Cryomonadida;f__Protaspidae;g__Cryothecomonas;s__	0.7351271212910584
8728772a8b19f8d54e56534aed0b347d	d__Bacteria	0.987595630523445
0a44c18e305ee12e129e66aa18134b64	d__Eukaryota	0.999797559582692
4afa0a3e4bcb0f6b46dd211f301a73aa	d__Eukaryota;p__Chlorophyta	0.895776906467247
1b3943622fe8c14088a1f2f06dc81b95	d__Eukaryota	0.9994752722024138
2e9837c3227b7d85e34f70690cc7acc9	d__Eukaryota;p__Diatomea	0.9578787262207519
ee06a3ebd510a167653328aa35d6fce9	Unassigned	0.7852055152347759
49910a48afa583980485a199907d1604	d__Eukaryota	0.9885754126854447
ee38ae54d07e5a29e9e4609ff6acc493	d__Eukaryota	0.9971164962705855
3a61ea590b546074cc32264499eb2376	d__Eukaryota	0.9964214836141514
5715bab5815be76e487c4236d6c2ceaa	d__Eukaryota	0.997959569277911
0f544bc112569ac2eefb0db119a4ee70	d__Eukaryota	0.9983305582752429
7254e047cee1acbe5d750eacd15df2cc	d__Eukaryota	0.9985663892917265
3a1e5cbf39bd5643842ee065b6b5dfb7	d__Eukaryota;p__Chlorophyta	0.9955228093235882
f40d7b8f2bf7bf61c426178857e10dda	d__Eukaryota;p__MAST-12;c__MAST-12C;o__MAST-12C;f__MAST-12C;g__MAST-12C;s__	0.968940103401847
de6b10c3c635e444b42c56682f9ea3df	d__Eukaryota	0.9980591101230886
925956eae3e41f82d9042cf9b7026449	d__Eukaryota;p__Chlorophyta;c__Trebouxiophyceae	0.7930312723841411
36aef2a8d34a953d5a7936169926c177	d__Eukaryota	0.9999024602432348
75c3dbc802f3bb257c6b1589a5d4484a	d__Eukaryota	0.9996542851941559
e6f5142904ce07a7bb28ae50098b33fa	d__Eukaryota;p__Diatomea	0.9813778936689577
96c775c83ef1078f872083c9b9dd8abd	d__Eukaryota	0.9989531403615518
9ade313caad43b58307a25bc2e19cc2b	d__Eukaryota;p__Euglenozoa;c__Euglenida;o__Heteronematina;f__Heteronematina;g__Petalomonas;s__	0.9871678974365667
2adfc1c922bcbb02401a34ace017a466	Unassigned	0.3194051808032592
7114513d408143bf9bbe61044a2a9921	d__Eukaryota;p__Vertebrata;c__Actinopterygii	0.7451555695860195
925132ac5ec5d2d8290b20c3636f1a84	d__Eukaryota	0.9993084226858796
242bfba51eb2c4bd90b676a59f45e566	d__Eukaryota	0.9999407860982409
9e103f4f56a1724ca303f37b9aad889a	d__Bacteria;p__Proteobacteria;c__Gammaproteobacteria	0.9929967506478934
a92bf769974b814b817ddf1be2e2babb	d__Eukaryota;p__Cercozoa;c__Glissomonadida;o__Glissomonadida;f__Glissomonadida;g__uncultured;s__	0.9953745475599507
890269234c117087bf5325014791f3cf	d__Eukaryota	0.9999264880544989
bdaace3ac7d9848179199ccf5771aef3	d__Eukaryota;p__Myxogastria;c__Myxogastria;o__Myxogastria;f__Myxogastria;g__Stemonitis;s__	0.9993713276486529
69f3f61a8d481408b2119f5b04e1a95a	d__Eukaryota	0.999245075834333
8a751c61c31ffe1bace818a0b5fb4647	d__Eukaryota;p__Ascomycota;c__Dothideomycetes;o__Pleosporales	0.8659115655567746
b4882155ea5b633c66603519815e4d7c	d__Eukaryota	0.9984239368669084
9938d558c02648f90e23681311977a4d	d__Bacteria	0.9566807845452888
48cf0542feb2928808379c35983e11e5	d__Eukaryota	0.9999563126151146
3fb9c81069a3984018a29402bde6bf0a	d__Bacteria	0.751881625539782
0f4a6086ff746ebcc19e99326cde7a97	d__Eukaryota	0.9995389467046
dfa951b8f3ddef21eac20ddf4e5c89aa	d__Eukaryota	0.9999847758763547
b458c2871b0699bc3681fc242d73e3d9	d__Eukaryota	0.9659070663250482
dfa7fcd9572b0a4bacc5c16d1bdabf52	d__Eukaryota	0.9997248180368384
711fef25e2d4e44b6bf52e1b83473973	d__Eukaryota	0.9993191946913604
8e5ca14aed6fc91c57ec734dd54c8ea6	d__Eukaryota;p__Protalveolata;c__Syndiniales;o__Syndiniales	0.7194162474477661
b1b75e762245f74d18fd62c658df4755	d__Eukaryota	0.9998693944327253
fee61d67adcfd47d2549facdb73e1cce	d__Eukaryota;p__Diatomea	0.9920972750676301
298754e511b1d98091a9fbdde21992f1	d__Eukaryota	0.9777850045543974
11aa037e3ba3455ad3613029a6f81c6b	d__Eukaryota;p__MAST-7;c__MAST-7D;o__MAST-7D;f__MAST-7D;g__MAST-7D;s__	0.990552703094906
15983a57574743700ae73693545af5be	d__Eukaryota	0.9994528261422057
a5534a77c195e18df83136e5b6c82353	d__Eukaryota	0.9998598752746353
b7977b6778796df1055b4102139c6c45	d__Eukaryota	0.9983492934068405
33ed6f68b05f39be2c30b68a1c9ecb64	d__Eukaryota;p__Incertae_Sedis;c__Incertae_Sedis;o__Incertae_Sedis;f__Incertae_Sedis;g__Palpitomonas;s__	0.991756328465332
9b7c9ef469088fa9fbffdc01ed60eebe	d__Eukaryota	0.9992441572542972
302d665374996b81ddc8a396689a1b7e	d__Eukaryota	0.9815957126364938
2f235504958a0329242a3ef7d633731b	d__Eukaryota;p__Euglenozoa;c__Kinetoplastea;o__Neobodonida;f__Neobodonida;g__Neobodo;s__	0.8338598939654412
cffa40238c3814d4405fda53aca8e893	d__Eukaryota	0.9972776466195752
bbe4802dbc1a51dfb59c2dde7943f24e	d__Eukaryota	0.9998207795348459
2e55201d27a28c8f506d733d53548496	d__Eukaryota	0.9999815523356889
1f05ca872d29972dc0f356bc53753046	d__Bacteria;p__NB1-j;c__NB1-j;o__NB1-j;f__NB1-j;g__NB1-j;s__	0.7821736868955509
d8c3744ec3f6ab53c7ef16968f5a7f27	d__Eukaryota	0.9988836434200403
0e9f8c3a4d654092fbf9aec8d5c4f6f6	d__Eukaryota	0.9998937037446842
5ccd3e09cc36a0c1277dc83e88da5d82	d__Eukaryota;p__Labyrinthulomycetes;c__Labyrinthulomycetes;o__Labyrinthulomycetes	0.7164958236606087
bffe65042375bc3fa11c2e05304e96a2	d__Eukaryota	0.9999750583831939
0295bd282384685ccfb2bfa8524ae273	d__Eukaryota	0.9996579207996875
39a7bd019ac42a2dc1d6c116379578b2	Unassigned	0.913554882875159
34b1f2eb47f797335d9fc6bf256c47af	d__Eukaryota;p__Chytridiomycota;c__Chytridiomycetes;o__Chytridiales;f__Chytridiaceae;g__Chytridium;s__	0.7076706628122357
e6d8a57c71567d13fe42faeb2b440658	d__Eukaryota;p__Retaria;c__Foraminifera;o__Rotaliida;f__Nummulitidae	0.7532909087800532
2f3cc642f1c431556cd965155732ff2b	d__Eukaryota	0.999923646817356
e27fdbfe69d9c0f3d579a752f4034ea1	d__Eukaryota	0.9997430106450746
ad31d8c374afd794006be542832c87c0	d__Eukaryota	0.9999068869053243
0ecd90e72ae80da54445ffbec16bc30b	d__Eukaryota;p__Euglenozoa;c__Euglenida;o__Heteronematina;f__Heteronematina;g__Petalomonas;s__	0.9678304162797687
fc0717ad1c3beacde7b068a0756378fd	d__Eukaryota;p__Ciliophora;c__Intramacronucleata;o__Spirotrichea	0.7713593454544955
56ce4dde23774eb40b5d09b9a85d29aa	d__Eukaryota	0.9998096942169254
91c59a5fdc03c2da36a58cbf1efdba79	d__Eukaryota	0.993483879759065
380e27c46be76b0c732c983376781a46	d__Eukaryota;p__Ciliophora;c__Intramacronucleata;o__Spirotrichea;f__Hypotrichia;g__Epiclintes;s__	0.9616409067656138
2e1928e81e78ff284d37ff371ee4b364	d__Eukaryota	0.9998317345146114
a92db37a5097ea5303ebb56f17540d63	d__Eukaryota	0.9994843772551689
d6373298f1e5828aa71e101ee6246b12	d__Bacteria;p__Gemmatimonadota;c__Gemmatimonadetes;o__Gemmatimonadales;f__Gemmatimonadaceae	0.7007607482124412
c8b8617487179cefdab1ae01b46b2d5d	d__Eukaryota;p__Diatomea	0.9292667514140597
930d8bc604a235749498c3b06afb9777	d__Bacteria;p__Proteobacteria;c__Alphaproteobacteria;o__Rhizobiales	0.864421813399683
739165a50e0d11c9f56cd87985ef780f	d__Eukaryota	0.9999703677546647
4d077eee755a644d56717204f2216b5f	d__Bacteria	0.8800295030937783
71edfd3d7068efb045d38324496c3556	d__Eukaryota	0.9998192473308318
2882cdc58c8d9bb5ce607642a4135d99	d__Eukaryota;p__Ochrophyta	0.8763699654668735
4d14125dee8d681f46bb90caf8e9af7a	Unassigned	0.6392085188376012
107aa90e251e7907ba01af29809032d2	d__Bacteria;p__Proteobacteria;c__Alphaproteobacteria;o__Acetobacterales;f__Acetobacteraceae	0.9500882792184644
42c3ed4c45201809f70ea34e0d59f017	d__Eukaryota;p__Basidiomycota;c__Ustilaginomycetes;o__Ustilaginales;f__Ustilaginaceae;g__Melanopsichium;s__	0.8988732290739934
716069528dfccd46147b0674877e2763	d__Eukaryota	0.9984227018765788
1c7aa645b9725fb3e11b6f1b937808fa	d__Eukaryota;p__Euglenozoa;c__Kinetoplastea	0.9997135589011533
21b804207ac1a77e6bdc07be0bc41377	d__Eukaryota;p__Ciliophora;c__Intramacronucleata;o__Conthreep;f__Oligohymenophorea	0.9999808373764673
0355c3bd4a993903936f23bb7831917c	d__Eukaryota;p__Basidiomycota	0.9507642192395754
3f41ddecf09a64eabb6dfa8bccc5ecf4	d__Eukaryota	0.9999638672662258
65ff604f4b9fc435c87ec1eea9b3edd1	d__Eukaryota	0.9997969966605583
0df2e8ee3d71f72736b18eead61f814e	d__Eukaryota	0.9999720585460234
e10c042241c478262e2e1265be421cab	d__Eukaryota;p__Myxogastria;c__Myxogastria;o__Myxogastria;f__Myxogastria	0.9480650569152879
19e341a227fdf0dd7a008f37ea550a24	d__Eukaryota;p__Dinoflagellata;c__Dinophyceae;o__Gymnodiniphycidae;f__Gymnodinium_clade	0.8800680365060088
f19b3c7c719d44bdb032c043f691a7ac	d__Bacteria;p__Myxococcota;c__Polyangia;o__Haliangiales;f__Haliangiaceae;g__Haliangium;s__	0.814525229657395
03f1cc39986b1bc0ca05387a64693d0c	d__Eukaryota	0.9960539319316948
fb6da190c80d682e499bd20011ff5259	d__Eukaryota;p__Euglenozoa;c__Kinetoplastea;o__Incertae_Sedis;f__Incertae_Sedis;g__Hemistasia;s__	0.9823139427649702
36c00a0232d8b7e68560207c4684cd8d	d__Eukaryota	0.9998886551650163
3dab05fddb1836de68b9e6803d2c22c0	d__Bacteria;p__Verrucomicrobiota;c__Verrucomicrobiae;o__Pedosphaerales;f__Pedosphaeraceae;g__Pedosphaera;s__	0.8108758352498247
4fa998da0a9c9cc0d09c297620caebf7	d__Eukaryota;p__Retaria;c__Foraminifera;o__Rotaliida	0.7891499554832602
af77282c5c7a090ffffefdf1c97c0799	d__Eukaryota	0.9974949328821885
491f693f641dcc138d0d018cce9a3177	d__Eukaryota	0.9973444890221868
9057cb6f304fb27d4ab04ee07613f0b9	d__Eukaryota	0.9993299864811839
c8ee5722b08b750b471d9b563e797986	d__Eukaryota;p__Arthropoda;c__Maxillopoda	0.9026341787531749
75d06e1279ae9fa3e127b9ec8e91dedd	d__Eukaryota	0.9828553115669272
6be96825bc87502f72a1c39e38217bc5	d__Eukaryota;p__Chytridiomycota;c__Chytridiomycetes;o__Rhizophydiales	0.7404972625023051
1b10079d7fe957654038e5b6d9492a1b	d__Eukaryota;p__MAST-12;c__MAST-12C;o__MAST-12C;f__MAST-12C;g__MAST-12C;s__	0.9379654267807582
c4347030fcc6b5ff3e5e8c8d7b58ba5e	d__Eukaryota;p__Peronosporomycetes;c__Peronosporomycetes;o__Peronosporomycetes;f__Peronosporomycetes	0.9193173210697371
5c45b44fd4fcb96152a7544563f57850	d__Eukaryota;p__Diatomea	0.9911833128240036
5d444067dccf54037abff41380475f7b	d__Bacteria;p__Campylobacterota;c__Campylobacteria;o__Campylobacterales;f__Arcobacteraceae	0.9698077845135752
3f40092764d57f8e646e5e9645e5b174	d__Eukaryota	0.9994386322730524
52db4589aa65388cf4c6923d737d7589	d__Eukaryota	0.9994685578926932
11bab044775c1ea81edfb04a0d4b7445	d__Eukaryota	0.9997503198459067
fa471912c04b1dfa774b5d622906dcfe	d__Eukaryota	0.9998202444340226
27e69d06b90b20b7fae4c965cbb1e02d	d__Eukaryota	0.9992328487376454
a51b0ea377c3043b6a5565e8eddfb604	Unassigned	0.4488437799148016
ae8a345da6b8e4914324151020c4a9d7	d__Eukaryota	0.9963544436201165
99b3002916e287db85d9797c7b370dce	d__Bacteria;p__Campylobacterota;c__Campylobacteria;o__Campylobacterales;f__Sulfurimonadaceae;g__Sulfurimonas;s__	0.8980219864542002
6aed706395fa35974c3c498f0def6a9f	d__Eukaryota	0.8933576188351317
cff547105301d03cd48581e0564f5b68	d__Bacteria;p__Proteobacteria;c__Alphaproteobacteria	0.9614734768191472
03a3931f0505102970811a03eb55fbcd	d__Eukaryota	0.9995213424600703
315736e7926e7140292695f5c72dffa1	d__Eukaryota;p__Ochrophyta	0.8162551186929196
d139ca840e98ffb6979e44d3145f07c2	d__Bacteria;p__Proteobacteria;c__Alphaproteobacteria	0.992010274924765
6480b25d6fb74d804a08095ae2b0c514	d__Eukaryota	0.9990253585169183
78ceefb38575fc210053e2fbd1e08d41	d__Eukaryota;p__Ochrophyta;c__Chrysophyceae	0.9120966755606148
8dab50733675bc7d66ebeaffdb30c988	d__Eukaryota;p__Centrohelida;c__Centrohelida;o__Centrohelida;f__Heterophryidae;g__Chlamydaster;s__	0.7961613574817901
f09d3f70625e7220fee6d6ad87b3b5ef	d__Bacteria;p__Planctomycetota;c__Planctomycetes;o__Pirellulales;f__Pirellulaceae	0.7767498373322976
3c34de0dd01550204ce873ba2a226e30	d__Eukaryota;p__Diatomea	0.8147394673204864
41d48172a983b80c21dacaf358b38233	d__Eukaryota;p__Prymnesiophyceae	0.9725375243232208
0a274f393f8b5ba351053181a4bc7345	d__Eukaryota	0.9999586889107757
e01a7d5a6c54ac4dea312a8250571483	d__Bacteria	0.8672168298467061
151c3fed773a4f2584353a6a5d7c9d94	d__Eukaryota	0.9732550186136056
1a1cb2c392d5cacbc23ce458cb64d23c	d__Eukaryota	0.9999415516429406
3a7c4f39f2b72e00bb46fc92f1a674f0	d__Eukaryota	0.9999926954277725
c04ead285479dcdb293fe5692a489d75	d__Eukaryota;p__Mollusca;c__Bivalvia;o__Mytiloida;f__Mytiloida;g__Mytiloida;s__	0.9979700107805995
d5920bb8fbfe88d34c987524596c44e1	d__Eukaryota	0.9999503297316361
87b9b49a456b19372713d2627390bd4b	d__Eukaryota	0.9998968344417893
91689ab1f070e392b9b34392f185aaeb	d__Eukaryota	0.9998945786892889
64fa91cc956f463ed57e24e4e2044c08	d__Eukaryota;p__SAR;c__Labyrinthulomycetes;o__Labyrinthulomycetes;f__Labyrinthulomycetes;g__Sorodiplophrys;s__	0.9500833772184485
7a5fa3a48210bb04951538ef0949afc5	d__Eukaryota	0.9997050444624422
581e7f150dfbb9b36b6e19e80a9d087d	d__Eukaryota	0.9996893664012506
c784a9798f452dd597ecb0e4d71c4547	d__Eukaryota	0.9997296751261143
72365c28934e19049fd4f4c686bcc604	d__Eukaryota	0.9999282638028919
f790f85cc47560488584016b852eea59	d__Eukaryota	0.9989094562165887
6c83f1be8ae2e0d2ccb72a7051087caa	Unassigned	0.9476112870614719
13d13e3eb1734d6411145ae40e27c6d3	d__Eukaryota;p__Basidiomycota;c__Agaricomycetes	0.7657681389333719
9ef08510ee118d01c42a39553a766a5a	d__Eukaryota	0.9994419898792942
790603257be3f0df25d3234312712ab5	Unassigned	0.9494325964001946
f91c27a73d256763328d399d239b51c7	d__Bacteria;p__Bdellovibrionota;c__Oligoflexia;o__Oligoflexales;f__Oligoflexaceae	0.8962963367619404
e6dc9973e17a6a5e1a208471bdeb79a8	d__Eukaryota	0.9858632840521198
baaee8b6d1e96120a740a5030cf341c0	d__Eukaryota;p__Diatomea	0.7307947336711629
d45fa0887b84c1c33fbce9623d54f189	d__Eukaryota	0.9939864136145646
f5822059f388fc6a9cddfc8d4ba1530e	Unassigned	0.7345487131691499
5b18b12a0e8db8ca6fd8709ba2ac8b26	d__Bacteria;p__Desulfobacterota	0.7644959354657977
1cf732c61aa211c2e283219b078b014b	d__Bacteria;p__Proteobacteria;c__Alphaproteobacteria;o__Sphingomonadales;f__Sphingomonadaceae;g__Croceicoccus;s__	0.8932909040891622
c87d7cbb0306131f9def69fa62526083	d__Eukaryota;p__Euglenozoa;c__Diplonemea;o__Diplonemea;f__Diplonemea	0.9519042819389293
f4b93624c0e77546d372926f86d8bcec	d__Eukaryota;p__Arthropoda;c__Insecta;o__Odonata;f__Odonata;g__Odonata;s__	0.9958784259797306
d4ab51d3b99e9cb082d9189d3e044cc0	d__Eukaryota;p__MAST-12;c__MAST-12C;o__MAST-12C;f__MAST-12C;g__MAST-12C;s__	0.996374646494247
46306e4b87ff574aa4ffb6c482c8248f	d__Eukaryota;p__Diatomea;c__Mediophyceae;o__Mediophyceae;f__Mediophyceae;g__Cyclotella;s__	0.8332620203889024
f5cab1088ba385e7dc94d682952f9ad2	d__Eukaryota;p__Ascomycota;c__Eurotiomycetes;o__Eurotiales;f__Trichocomaceae;g__Talaromyces;s__	0.7422745497049879
7ef940fb6d1bf7461ed6f760457de65b	d__Eukaryota	0.9996892351638454
26ac4b3c48dfee5eee6a75ab19ad99f5	d__Eukaryota;p__Ascomycota;c__Eurotiomycetes	0.7167191378556237
b9301c4e0bae8a6ea439ee6d7c420733	d__Eukaryota	0.9311716283547851
8ce9449219de5ebf4a3a3abbe78848ec	d__Eukaryota	0.9892016823829303
9851ac7263c7c5decf15375a745612a3	d__Eukaryota	0.9974805089456913
bd989c7cc7b13526ab828653a09344f3	d__Eukaryota	0.9996977738991379
0c22d9dffd4c9171fd8efb23663a9f5f	d__Eukaryota;p__Ochrophyta;c__Eustigmatophyceae;o__Eustigmatales;f__Eustigmatales	0.9956010103748077
2015cd6c6a3b5e822509fb92516dd1ba	d__Eukaryota;p__Cercozoa	0.7504466543782154
227996c084ecf7f43a0f1c39e68d4a89	d__Eukaryota;p__Ochrophyta;c__Chrysophyceae;o__Chromulinales;f__Chromulinales;g__JBNA46;s__	0.9262550008253775
61fd3a1a1dafef2d8f0ff5be9f39e3f5	d__Eukaryota;p__Ochrophyta	0.8266864846284714
cc0b2c1cae5d885e19aefe1ee79d942b	d__Eukaryota;p__Holozoa;c__Choanoflagellida;o__Codonosigidae;f__Codonosigidae;g__Codonosigidae;s__	0.9815134749054721
46b511b514a5831769a21ac79f7269dc	d__Eukaryota;p__Ciliophora;c__Intramacronucleata;o__Spirotrichea;f__Oligotrichia	0.9635656955132431
49f1cc51a9e554a52d11fd50501aaec7	d__Eukaryota	0.9999921776182646
4caf4191f937845dbd80cee357663f72	d__Eukaryota	0.9999487893461868
89f99fb8b711a7dd69a979a4e248bdac	d__Eukaryota	0.9974990486694959
2408a71b71916729adb6a092ee121d93	d__Eukaryota	0.9943620028347296
374807b4f6e8fe70db73aca93ff94029	d__Eukaryota;p__Chytridiomycota;c__Monoblepharidomycetes;o__Monoblepharidales;f__Monoblepharidaceae;g__Monoblepharella;s__	0.9805048315822933
7a45f188500a8810dd842858c2e31475	d__Bacteria;p__Planctomycetota	0.7301844249519372
9c4eb162656490ae892916f1d0e276f0	d__Eukaryota;p__Peronosporomycetes;c__Peronosporomycetes;o__Peronosporomycetes;f__Peronosporomycetes	0.9521092042841774
6e51d021a4a7b7ba3349096efa9f8939	d__Eukaryota	0.999796622717861
cf0122f856368416fb10e6b4531a5af8	d__Eukaryota;p__Peronosporomycetes;c__Peronosporomycetes;o__Peronosporomycetes;f__Peronosporomycetes	0.9959527739648614
47ac31f1bd38dcd79a01d9f55ebec8a6	d__Bacteria	0.9789653369236482
081242b3dc42367f4f171395a882473f	d__Eukaryota;p__Prymnesiophyceae;c__Prymnesiophyceae;o__Prymnesiales;f__Prymnesiales	0.745357884861664
aa617896afbcc04234eae4a0d8f2ef95	d__Eukaryota;p__Chlorophyta	0.9056457258823928
4f4a9a6a8f8e899eea617bd07760fa09	d__Eukaryota;p__Florideophycidae;c__Rhodymeniophycidae;o__Rhodymeniophycidae;f__Rhodymeniophycidae	0.8324139527123611
5e5566183f0d6d3165ea2ba829b2946a	d__Eukaryota	0.9999301160500795
cf6b25d5ed181ac2d18e593dde5b2d07	d__Bacteria;p__Proteobacteria;c__Gammaproteobacteria	0.8686966700474581
167fc625d2b647f782970068dff20d10	d__Eukaryota	0.997536092182422
c8038d7c3bfaa5cf1581918cf06029e5	d__Eukaryota	0.982082239231664
3e20e1989456ba4d1cd9898fd868eb78	d__Eukaryota	0.9992416623806037
9e251db5a70d1672d4dfe284d5d683e8	d__Eukaryota;p__Amoebozoa;c__Tubulinea;o__Euamoebida;f__Euamoebida;g__Euamoebida;s__	0.9704288370481852
6f56a52e85141ce4bc4c25d183f7201d	d__Bacteria;p__Verrucomicrobiota;c__Verrucomicrobiae;o__Opitutales;f__Puniceicoccaceae;g__Verruc-01;s__	0.9788341512724807
1526581eb113668981e71b7bf0dcc890	d__Eukaryota;p__Diatomea	0.9730732429057635
2c8ebc98d6de7fc44b8fcdb52d52b543	d__Bacteria	0.8545560888655575
2ea840cb2bb04e3e840211f3119f99f3	d__Eukaryota	0.9997962372874167
59258596d1f2bdc91b74bcefdb9bcb75	d__Bacteria;p__Desulfobacterota;c__Desulfuromonadia;o__Desulfuromonadales	0.9612432263564714
868b9f777232334944c94a85cc5151e7	d__Bacteria	0.856929943769345
0542257a53e5d89b0c2a1ac830e979a6	d__Eukaryota	0.8230197637539198
59dcdfd59edf790d3f3f1d6ee4568906	d__Bacteria	0.9514295101533181
7b78b3fe9f0bf22949d1c2fb2200ecc9	d__Eukaryota	0.9993242881840035
3475b98cb02b5268fab46b9e73842a9f	d__Eukaryota	0.9985392985688396
3bfe5b67ae63f88caad09d7d13c93c09	d__Eukaryota	0.9996772189947094
4fc00b927ce5da763b036db9a20c246f	d__Eukaryota	0.999858845679312
0a7aa37e12ece3aaebbcf8b84c9b1e31	d__Eukaryota	0.9997523521258055
557704606d0239c7f3af6daf07d2013f	d__Eukaryota	0.9959487216694735
0a04f5c37a64d758c373a9174131a7d7	d__Eukaryota	0.9987284325500418
0605d560e935ef25f45ad8e1d4f5db81	d__Eukaryota	0.9827281482248321
ae18a731c6baed635bc51160c23d28ab	d__Eukaryota;p__Arthropoda	0.7688531242452512
c4c654cb81b2573c0acbf1c20360562c	d__Eukaryota;p__Bicosoecida;c__Bicosoecida;o__Bicosoecida;f__Bicosoecida;g__Pseudobodo;s__	0.7754101143270381
7dab6ccc2c04638de3941bd4c6c220d0	d__Eukaryota;p__Dinoflagellata;c__Dinophyceae	0.7160573653657986
ab98b71d3b97e6d0efa70624da16b7d3	d__Eukaryota;p__Prymnesiophyceae;c__Prymnesiophyceae;o__Prymnesiales;f__Prymnesiales;g__OLI16029;s__	0.7496921811985626
75a9d654f313d0d5bdeb44c4978cf220	d__Eukaryota	0.9998789245392308
727420cce5486d06e262d44c000f5ae8	d__Eukaryota	0.9956648035546622
a4c9359f41be56343c3732d54d293614	d__Eukaryota;p__Euglenozoa;c__Euglenida;o__Heteronematina;f__Heteronematina;g__Petalomonas;s__	0.9643165787298259
5912986b6cc1df3cb6fed8b341026d7b	d__Eukaryota	0.9998427067357973
f0a6f792c3f3a12bef49cb90816e4c05	d__Eukaryota	0.9953185304473756
c6edcbb6f8c66d7b8f8cd9852d443232	d__Eukaryota	0.9996649518085281
5b9dce669151bb13653ef4c20c36d102	d__Eukaryota	0.8564754401777679
e7d3d66c9af594a7cb83da446f9ab5bd	d__Eukaryota	0.9999301728923163
238c9b111b99f987793dc2577fdef240	d__Eukaryota;p__Phragmoplastophyta;c__Embryophyta	0.8309505978481329
af52066c702f7e8712f661c8c00e1300	Unassigned	0.7948007785156586
b2f337ba84fe1fee299c13bdee9a6e82	d__Eukaryota	0.9934381471911405
2cd38283c805187fb55d8d2ebb21c4f0	d__Eukaryota	0.9992211354996179
8323ed28468a99e1c50c6897873cd4c6	d__Eukaryota	0.9996817075120547
427516f2a9e6e1962e62837d968f8eb1	d__Eukaryota	0.9981723869212586
23ed93a0861f053266affc9b8c7317de	Unassigned	0.37404924336520773
bc9d1d66d871a33faa574b8241f35799	d__Eukaryota;p__Diatomea	0.9789011253966082
076d9252490977d2c0e289d8932be22d	d__Eukaryota;p__Dinoflagellata;c__Dinophyceae	0.8775566176680041
b8727ebae805b3d87d1a20024550453e	d__Eukaryota	0.9996497141679336
03b52ac9a2448ed24c1f51322ee1d68f	d__Eukaryota	0.9998840393549052
8837a10e8cb344fcf23e3f580a452c18	d__Eukaryota	0.9996433221493124
cfa4ab04ad6f08ef03925831c30f6dda	d__Eukaryota	0.9991656350844758
69931b64aacdc0d4c1dfdc25e18baa0d	d__Eukaryota;p__Dinoflagellata;c__Dinophyceae	0.7272620582228622
d9f122c519166a3ed6318a8600cf58e3	d__Eukaryota	0.9998220686213783
ef51261ddedab86ba86b44fb06133655	d__Eukaryota;p__MAST-3;c__MAST-3C;o__MAST-3C;f__MAST-3C;g__MAST-3C;s__	0.9963870687113551
cdbc2c0b8de3703ae4029ca9d5c8766f	d__Eukaryota;p__Euglenozoa;c__Euglenida;o__Heteronematina;f__Heteronematina;g__Petalomonas;s__	0.9662957579029726
7d1da3fe877b5a3bb1561266e5c6b2c9	d__Eukaryota;p__Ascomycota	0.9988165464939899
dea84fd7af6b699872da5c2430f8b096	d__Eukaryota	0.9908744178207249
5e4cab0a0a1afde1354a38d27f54f6a6	d__Bacteria;p__Campylobacterota;c__Campylobacteria;o__Campylobacterales;f__Sulfurimonadaceae;g__Sulfuricurvum;s__	0.761704903116211
ea9ad04cb64f4d371cca75e539b9780f	d__Eukaryota	0.9960599839808477
16ae4a4f1087cd68af37d12afd37b1e4	d__Eukaryota;p__Ochrophyta;c__Dictyochophyceae;o__Pedinellales;f__Pedinellales;g__Pteridomonas;s__	0.8821473195778913
6cf4b0cd50a23a4568431f404a6c517c	d__Eukaryota;p__Ochrophyta	0.7869355921346058
5cefa803981c863d49b51f7474a6c1de	d__Eukaryota	0.999795973379477
11610b0f761dfb48cf42eba6ed370605	d__Bacteria;p__Proteobacteria;c__Gammaproteobacteria;o__Methylococcales;f__Methylococcaceae	0.863859122049472
b56987be469edb3ed65b173a448d7abd	d__Eukaryota;p__Ochrophyta;c__Chrysophyceae	0.7284109339921518
a036a55cef35c15c760d401f8695a117	d__Eukaryota	0.9972398506917671
9cf8baabfacec1d65b3c7a9752ce2a93	d__Eukaryota	0.9997659902898041
8308508f4eacaae18b0467572f31e27c	d__Eukaryota;p__Peronosporomycetes;c__Peronosporomycetes;o__Peronosporomycetes;f__Peronosporomycetes	0.9977476729220891
ce25c7e404dd2e4320d6a788dd269bdb	d__Eukaryota;p__Retaria;c__Foraminifera;o__Rotaliida	0.9961811443789894
8ac445879843c07e569c7ba4844fc102	d__Eukaryota;p__Prymnesiophyceae	0.994928434719148
f8aed36ac84f4e3e93f48c0353a15078	d__Eukaryota;p__Ciliophora;c__Intramacronucleata;o__Spirotrichea;f__Hypotrichia;g__Metaurostylopsis;s__	0.96436304633246
454b72b1072aef792f8c5d56d6d2be5a	d__Eukaryota	0.9998679266674348
712b00d4dcae030205e18222191e8661	d__Eukaryota;p__Holozoa;c__Choanoflagellida	0.8601257334568566
39e29acaa117267a7193339ff4b5a520	d__Eukaryota;p__Chlorophyta;c__Chlorophyceae	0.8536153283413217
03cccd279f4ed0175e0aaa3dcc668280	d__Eukaryota;p__SA1-3C06;c__SA1-3C06;o__SA1-3C06;f__SA1-3C06;g__SA1-3C06;s__	0.9461987431644377
005b6594c36d41c0a68b5e7a3acff5c3	d__Eukaryota;p__MAST-12;c__MAST-12C;o__MAST-12C;f__MAST-12C;g__MAST-12C;s__	0.9594679514798455
7a91980c0116c2437dbaf90c3b0368ca	d__Eukaryota	0.9999875005497763
904b2994cb9b152c1ca214073b399012	d__Eukaryota	0.9998341926078758
2a6693afa496e3622cca4fc2f4dc47a5	d__Eukaryota	0.9980115656730603
3f30f75cdcf1f76c0842790a9681e912	d__Eukaryota;p__SAR;c__Labyrinthulomycetes;o__Labyrinthulomycetes;f__Labyrinthulomycetes;g__Sorodiplophrys;s__	0.8813338872467372
c2314e53bc6ec3a41c1c187cc2307165	d__Eukaryota	0.9834071642298139
0d71e661b3904e8de4b8cd37897f01ad	d__Eukaryota	0.9998567679309116
8545b800f9af3a074d19c099358b7883	d__Eukaryota	0.999986787520703
7c82647bd8739d92965989cea6db4359	d__Eukaryota;p__MAST-12;c__MAST-12C;o__MAST-12C;f__MAST-12C;g__MAST-12C;s__	0.9613288777038738
9bfafa6e0db5ce424588a4cedf35cde5	d__Bacteria	0.9768274456987319
65936e2578c6fd28a714bc150cba8293	d__Eukaryota	0.999466531739847
f4861c87b618589b533741a65b7773b9	d__Eukaryota	0.9998847213816706
7e648d83c9b3cec2494e17653ed82acc	d__Bacteria	0.9323867502229459
6d2d7d68b1b2092893aa2f1cd3cfe800	d__Bacteria	0.968444954315308
73d0c0b3432cf09ff80a53bb0bf9358a	d__Eukaryota	0.9998392638389351
be9cc7b3a5632973d658897e0f0c81fa	d__Bacteria;p__Acidobacteriota;c__Thermoanaerobaculia;o__Thermoanaerobaculales;f__Thermoanaerobaculaceae;g__Subgroup_23;s__	0.9710003500174881
d350e94870f2310ded5e3df240bb6ebb	d__Eukaryota	0.9995826271026497
e9715254eec411a4468c9a262aa12b03	Unassigned	0.5074699855865141
a1c2704a6c2a1ff172659d98972ed5e3	d__Eukaryota;p__Diatomea;c__Coscinodiscophytina	0.7025835816531217
38162ab6214271e2d7d8059b3118fab9	d__Eukaryota	0.99936750913343
648792ec1181b4295a8296c5ad837b27	d__Eukaryota	0.998260118784802
e243cf7d34a792f25bf231c01178d399	d__Bacteria	0.91983729801924
fe80eac47102e7b0550d5c85f4e616f6	d__Eukaryota	0.9985265619227711
5ae8ecd136de8899022e6cf0215eba7b	d__Eukaryota	0.9987478999466701
d08d0f131bfd6e1b18cd4f2c981038c1	d__Eukaryota;p__Euglenozoa;c__Euglenida;o__Heteronematina;f__Heteronematina;g__Petalomonas;s__	0.995157099405321
b34f92c782ab8b1d10610175abb34f35	d__Eukaryota;p__Holozoa;c__Choanoflagellida	0.8925662191475303
0aeeb949d479de84d56b9f06275092f1	d__Eukaryota;p__Amoebozoa;c__Discosea;o__Dactylopodida;f__Dactylopodida;g__Parvamoeba;s__	0.9290293511496958
a72ca0569a732d36f49412c9f2587fb0	d__Bacteria;p__Proteobacteria;c__Gammaproteobacteria;o__Pseudomonadales;f__Saccharospirillaceae	0.7444407414522538
bc7cc9e42046473ee05d6b1e18f2b02e	d__Eukaryota;p__Ciliophora;c__Intramacronucleata;o__Litostomatea;f__Haptoria;g__Lacrymaria;s__	0.8119771035090089
4b754ba82de05e92de17d9d628d92846	d__Eukaryota	0.9982254371668263
ac17988b6c598f3bbc1712060143761e	d__Eukaryota;p__Ochrophyta	0.8551830226932642
a46f3ee01e4f4ea685064b6f30181fa1	d__Eukaryota;p__Arthropoda;c__Maxillopoda;o__Calanoida;f__Calanoida;g__Calanoida;s__	0.7545617521177802
a2b09bc6ae52ca334862c0280369dc28	d__Bacteria;p__Proteobacteria;c__Gammaproteobacteria	0.9815421222368126
d4fd28a32a8343fe14e2314024ca3a73	d__Bacteria;p__Proteobacteria;c__Alphaproteobacteria	0.9952066075273551
94b075484196591d1160a734bd3d7547	d__Eukaryota	0.9996761971993455
77e5b3e0ff68f3df8c8aa33024606fb6	d__Eukaryota	0.9973198550436962
6e6893e629ae4e1d475e539f42e29597	d__Eukaryota	0.9970171631981501
7aa18244ac797317f11c356e34cd8143	Unassigned	0.9479765430141316
393ea7fff3c6c22b4355f2f623c0acaa	d__Eukaryota	0.9996888882614514
f11656183b8152d0ffdc8ebd0fa3fc41	d__Eukaryota	0.9986307238595411
c1b089f7b3e03938d670d27549753f5f	d__Eukaryota;p__MAST-3	0.8893486359454138
c03c20696ff9226865ff496bbb220acf	d__Bacteria;p__Planctomycetota;c__Pla3_lineage;o__Pla3_lineage;f__Pla3_lineage;g__Pla3_lineage;s__	0.8366969677204107
5e81fac74ae99ecb1db1e7b5b5022d20	d__Bacteria;p__Myxococcota;c__Polyangia	0.8378624013076064
d3d3c284fb37be4638fddf5ee048b84f	d__Eukaryota	0.9999051445593599
8563be0f910e598553f095732a4be03c	d__Bacteria	0.8980206909065294
657ce998e3e0e2bc8437ea7446a22482	d__Eukaryota;p__Amoebozoa;c__Discosea;o__Vannellida;f__Vannellida;g__Platyamoeba;s__	0.9922835757794641
4279f5220554eec297a29551cccb04ce	d__Bacteria;p__Planctomycetota;c__OM190;o__OM190;f__OM190;g__OM190;s__	0.8693193200007913
dcab5ceb65550b2313d853ea26502345	d__Eukaryota	0.9994125725118587
154884803f595d45dd3be739e0496d47	d__Eukaryota	0.9668131222146685
241a146c128599d53b7644d3c518448d	d__Eukaryota	0.9998830658898166
36cca02430e9b7c21b6854a07ee07cd6	d__Eukaryota	0.9829754432401967
1d068aa8bb4736a0450ce66fa9450d41	d__Eukaryota	0.9989836760251414
f2203cd780c1673d1207469fb0165d50	d__Eukaryota	0.9992511592198656
89e6f51b71407379983395b0bc74780e	d__Eukaryota;p__Dinoflagellata;c__Dinophyceae	0.8516731535091551
278a03ba2cdb6db4e6ebf3dbdbeab312	d__Eukaryota;p__Prymnesiophyceae	0.9279251296922408
f0ac0fb64a5381d2e1f431a507e7f63d	d__Eukaryota	0.9779368442812747
63125ab4e17c7969257c05c2c440fd93	d__Eukaryota	0.9996851688374864
fdbff8e5254cdad6c6606641f949d14d	d__Eukaryota	0.9539335894432619
61d3050231acd6198565455bfd3c919e	d__Eukaryota	0.9974790355408212
06bff646352f344e64d901bbae2df49f	d__Eukaryota	0.9990955401067196
8c2c5112186d26ab236075a1553bda7f	d__Eukaryota;p__Annelida;c__Polychaeta	0.7309664338520112
b5e4bd43155f6f91f1b43807a0120ce7	d__Eukaryota	0.9988050050419015
a6b533b7f7bcaba03fec61c706d16373	d__Eukaryota	0.9955724467156126
518e5e7f593d26b474dcc86f7580bd93	d__Eukaryota;p__Retaria;c__Foraminifera;o__Rotaliida	0.8775951263260855
27717e7e0f4f56f4074f0c84cbc43118	d__Eukaryota;p__Ochrophyta;c__Dictyochophyceae;o__Pedinellales;f__Pedinellales;g__Pedinellales;s__	0.7104205194333101
eb0956a7cb6c470191a4940b1bcd9374	d__Eukaryota	0.9990639338177859
fd4f1dbccceec73d5808ae29f27419f2	d__Eukaryota;p__Phragmoplastophyta;c__Embryophyta	0.9501592632562715
6ce243d35e4f0d9ab238eba8fce8f35b	d__Eukaryota	0.9987754739952776
344aeb28dbec0d7f53e9ad266e8ab13d	d__Eukaryota;p__Holozoa	0.7068033217516242
bc70b80c6f9a3191af5c845a8f398a1e	d__Eukaryota;p__Kathablepharidae;c__Kathablepharidae;o__Kathablepharidae;f__Kathablepharidae;g__Roombia;s__	0.9984181874333842
b3d47094a8863247852fcc13fa757f0c	d__Eukaryota	0.9995744387840678
7d8acdc417ba89cdc0eaf7ca4cc6d157	d__Eukaryota;p__SA1-3C06;c__SA1-3C06;o__SA1-3C06;f__SA1-3C06;g__SA1-3C06;s__	0.9765891465387252
819974db111989dc506246792543ce41	d__Eukaryota	0.9991059681938531
559cc6ad021ec634001111f710373825	d__Eukaryota	0.9997952909444983
284820f0f1085985ee9ec68279d4989c	d__Eukaryota	0.9894044393004776
713dc16ecc2141eb9f86f4704768376e	d__Eukaryota;p__Ciliophora;c__Intramacronucleata;o__Conthreep	0.7609590105477356
53ddda9e70c0a51a45a5e687fef30f29	d__Eukaryota	0.9998895856039285
b3babf52900d15721f20b256218f8c69	d__Eukaryota	0.9989965417694204
7f47817d491ff080615757c6b78c1eaf	d__Eukaryota	0.9994283347659907
3f7f3adb7282e64be1a4ee54642316d2	d__Eukaryota	0.999120667909873
dfa7e0e26ca7b403ad1076e549d78113	d__Eukaryota;p__Retaria;c__Foraminifera;o__Rotaliida	0.810896168590383
3d6aaba1aaca1f2bc234a2050fc003ab	d__Eukaryota	0.9942674852927013
58cdc6f1f5fab685dc0beecb18507f97	d__Eukaryota;p__Ciliophora;c__Intramacronucleata;o__Litostomatea;f__Mesodiniidae;g__Mesodiniidae;s__	0.9252291390764867
868b29428283087f42eb13233a3dfa5e	d__Eukaryota	0.9972239434012113
6d8772958da8af06b25b99b0e88ea933	d__Eukaryota	0.9994686703621137
329082434f92e8f458fe282b6853370a	d__Eukaryota	0.9995894305055626
0666de301c87c1d886de812b87314a04	d__Bacteria;p__Gemmatimonadota	0.7038574030975909
d54f4d28131dd50c7022f614e19ba0a0	d__Eukaryota;p__Amoebozoa;c__Tubulinea;o__Leptomyxida;f__Leptomyxida	0.7773341611575051
3c93b5cc9efb26a6fe299091bc9b4c34	d__Eukaryota	0.9828753223133597
fd3b642af292deaa57f9b1954fedd35c	d__Bacteria;p__Acidobacteriota;c__Acidobacteriae;o__Acidobacteriae;f__Acidobacteriae;g__Paludibaculum;s__	0.7407790215308003
b29980004d092cf74eaa61aadda40cf3	d__Eukaryota	0.9999931637687783
e9b4bfe703da64614d4431a79d195543	d__Eukaryota;p__Ochrophyta	0.8640134741226317
608880739e8281486a027955abb8eaa8	Unassigned	0.5475073261273807
1d2f42c98777c7bcb1838686addba3c7	d__Eukaryota	0.9671632841672825
0103da171a0f322e258f558c367cb924	d__Eukaryota	0.9977539757408987
7b433368ecf455dba6edb03cb0d62411	d__Eukaryota	0.9997941713913803
c55107691e33de24ca31d0a7f49befb2	d__Eukaryota;p__Hyphochytriomycetes;c__Hyphochytriomycetes;o__Hyphochytriales;f__Hyphochytriales;g__Hyphochytriales;s__	0.7943673248690695
bd9f2cc3c8474d2d7b6ffc1ec66cb0f0	d__Eukaryota	0.9868564824243019
c7051d920ed95c0508316334218cbcc9	d__Eukaryota;p__Ochrophyta;c__Eustigmatophyceae;o__Eustigmatales;f__Eustigmatales	0.9715059234928554
666053eb0207d194b6a16eca0f6f51cc	d__Eukaryota	0.9981508406884458
69eef352751ee0f9087e930adb1162eb	d__Eukaryota	0.9999899313916668
f007b41bc31ddd9d973f772ed87d775b	d__Eukaryota;p__Chytridiomycota;c__Chytridiomycetes;o__Rhizophydiales;f__Rhizophydiales;g__Rhizophydiales;s__	0.8928985748980823
a9af8cee18c4b9358a1073f5c02d2add	d__Eukaryota;p__Ochrophyta;c__Chrysophyceae	0.7859871507067756
138bcab76d72db1dc01525468711ccdb	d__Bacteria	0.9872827826461359
fa9a7d59cf5cbe6b018370fa58cc8b13	d__Eukaryota	0.9999319140730052
b018f52c905844fecfcb4e99e492b786	Unassigned	0.7720807182868351
2cc394a0b3f645ed9649acd4f7df3bc9	d__Bacteria	0.9240152690178909
144e1b1b446d4feb8af40e1065728e95	d__Eukaryota	0.9867254122169367
f7ccdb17e749bd6fdf6ecca1f691bc52	d__Eukaryota;p__MAST-12;c__MAST-12C;o__MAST-12C;f__MAST-12C;g__MAST-12C;s__	0.8556200941022831
4d2e6c46a7907166c94de0effa1a35f3	d__Eukaryota	0.9997379146532277
13623fd6426126f6f5494fce53a3d320	d__Eukaryota;p__SAR;c__Labyrinthulomycetes;o__Labyrinthulomycetes;f__Labyrinthulomycetes;g__Sorodiplophrys;s__	0.7085635362549201
3c5d67393e34b5c5286c394713ebed48	d__Eukaryota	0.9996751639178642
699c9975c40393632bd32e7540448a35	d__Eukaryota;p__Peronosporomycetes;c__Peronosporomycetes;o__Peronosporomycetes;f__Peronosporomycetes	0.9727362741317727
592d3b5d6144f15e5e18bca5578b626c	d__Eukaryota;p__Diatomea	0.9776721017542281
c1768a829f921fb14d4d33c7b64ae085	d__Eukaryota	0.9997844671236945
8cf08f38137631920635481db3c2a363	d__Eukaryota	0.9195101333397546
41154192a17ddbdfa522c28ea690a01c	d__Eukaryota	0.9986529585656096
589b6e450c576a111eb39fdd00371cba	d__Bacteria	0.7667611424478327
dacc601f4272536aa692dfd2dece28d5	d__Eukaryota	0.9996518883919742
8dea32fdd0063c0762eab7f539ba5d6e	d__Eukaryota	0.990511770546705
0870d57a11f719364559c06ffe7b808a	d__Eukaryota	0.9998952068332423
0c943d2bbafcd5518eddbb28f6aeca4f	d__Eukaryota	0.9999777267874549
60d8891d6ebebcdb820682dfe5dd2664	d__Eukaryota;p__Incertae_Sedis;c__Incertae_Sedis;o__Incertae_Sedis;f__Incertae_Sedis;g__Telonema;s__	0.7685113127532869
dc3cdd61df6869a9bd2ec7db1f34a7e5	d__Bacteria;p__Verrucomicrobiota;c__Verrucomicrobiae;o__Opitutales;f__Puniceicoccaceae;g__Lentimonas;s__	0.866411956784388
bc659685a6adf9cb1f06d7f0ca2d3f0c	d__Eukaryota	0.9977410367254771
2838cddbe135da1fa93eab75876824c7	d__Eukaryota;p__Ciliophora;c__Intramacronucleata	0.7472898889331147
05889e84485bd28095d2644a7ac31505	d__Eukaryota	0.9992463996404961
0705bc2723a04aed2d51b79caa5a88a5	d__Eukaryota	0.9988728164141776
2597ab9220eee7d7575630c0bc778d6d	d__Eukaryota	0.9983498769142461
48a366c2451711b85464150efcaa082b	d__Eukaryota	0.9996358269021102
dbf21a27f8e5059aedf3afbbf57cfba1	d__Eukaryota	0.9997819950501176
bdacd61b3542068033672026026d252f	d__Eukaryota	0.999938128875282
683c3164cbb89a1e27db8af3efe85183	d__Eukaryota	0.9990052741141743
6470a093b27ee1fabb2cf0b8e8a6715a	d__Eukaryota;p__Amoebozoa;c__Discosea;o__Dactylopodida;f__Dactylopodida;g__Paramoeba;s__	0.8331782468734318
1c027b073cad04a6d200c7973212470b	d__Eukaryota	0.9975530345006953
6dc8805dd09c8bcd0a843daa196535c6	d__Eukaryota	0.9996279907658949
0147812749429f0b9c0ed50096fc5218	d__Eukaryota	0.9996680179426942
c1f8a71f221735d3b2f30f77e6145ae7	d__Bacteria	0.9708271033139417
8d39a3ae8f2a71072370b7d3d5499ec2	d__Eukaryota	0.9999571503361996
ed42c20ef1259627cfc0aad25b125bd9	d__Eukaryota	0.9997740484722363
ef2a2e5d222a3b8b59f9943abeba1ab6	d__Eukaryota	0.9996761706096637
2b9d148967cf638df4a3f440f358f504	d__Eukaryota	0.9997522111207524
8e20dce6e48626c2290d1f429795b6f0	d__Eukaryota	0.9978131823644832
28be1d642be26b47de1941fd279b5d29	d__Eukaryota	0.9950194892090989
50ff6b675797ebabaf888e4eb76587d7	d__Eukaryota	0.9998290207280232
8de17c6119c62f5017fa419e4905f0a2	d__Eukaryota	0.9995647622933437
d29aff8356b67421fc5dc566a5bb00a3	d__Eukaryota	0.9997409090515746
7b71d771470efe7afdc6a0c72902fd5d	d__Eukaryota;p__Picozoa;c__Picozoa;o__Picozoa;f__Picozoa;g__Picozoa;s__	0.9742151309888655
247af30ffee8d6b8b04c679503b03e72	d__Eukaryota	0.9998391185982365
7c574a6116c98476305d462600bdc7bb	d__Eukaryota;p__Ochrophyta;c__Chrysophyceae	0.7170017997991888
197e74ed364aab53e1b29116e313fcc3	Unassigned	0.7057704652512663
d8b90edef1a9a2f2e5be22fe9d14e162	d__Eukaryota;p__Ochrophyta;c__Phaeophyceae	0.7085858920559275
d3ef2167525100d01d7d867556718ed7	d__Eukaryota	0.9979306580449814
200b0dd04b3be01bc26e835f1721b6fe	d__Eukaryota;p__Annelida	0.9261201725884208
79d05fc22bcd09172dfbb82a2173463c	d__Eukaryota;p__Holozoa;c__Choanoflagellida;o__Acanthoecida;f__Acanthoecidae;g__Savillea;s__	0.979559317727336
5be4b70ce7e6d6194d3151b2f0a28356	d__Eukaryota;p__Florideophycidae	0.7177893483036877
1cb05171805fcf62a66bce14bfdfed8d	d__Eukaryota;p__Dinoflagellata;c__Dinophyceae	0.8601565368845595
3d41fcff0cb43dc5819520474a44f30a	d__Eukaryota	0.998435927089576
34e0b4fac3e8bdbb6196a43461f88384	d__Eukaryota	0.9991896335337568
1d4378fdcba69708a8d54bbdb6cc61ef	d__Eukaryota	0.9996784621808897
4f389fc13eed0156886cd30c4a64a7fb	d__Eukaryota	0.9998687744864051
c41bbfee10dd999d48202ef969896698	d__Eukaryota;p__Amoebozoa;c__Discosea;o__Stygamoebida;f__Stygamoebida;g__Vermistella;s__	0.8028562888321487
fdf92ff9f4b41b41dff2c79bb82be3aa	d__Eukaryota	0.9977038376932548
53df17199bdff9ffd82a8faaccdf728b	d__Eukaryota	0.9937576209179845
f372e2a1841932b718031a762cadb8c2	d__Eukaryota	0.9990406004152894
b141971a8bca7bb25509b6e3af444964	d__Eukaryota;p__Arthropoda;c__Maxillopoda;o__Calanoida;f__Calanoida;g__Calanoida;s__	0.7250675198911066
3f7c6f4eebd8c93725b66416cf74d629	d__Eukaryota;p__Retaria;c__Foraminifera;o__Rotaliida;f__Nummulitidae	0.8357600670483598
ccd810f56534afab4810067cb81eadb0	d__Eukaryota;p__Apicomplexa;c__Conoidasida;o__Gregarinasina;f__Archigregarinorida;g__Selenidium;s__	0.7075737150309757
03cc238e99575093421d5ff958c1a63e	d__Eukaryota	0.9998259718155416
8fe440267b0396a0f174d4d68b0e1b1b	d__Eukaryota	0.9992832245782362
2c97d307e61296d11607a01458430614	d__Eukaryota;p__Ochrophyta;c__Chrysophyceae;o__Synurales;f__Synurales;g__Mallomonas;s__	0.8188284549286824
c0af274b6839f3ac3607b06f3f1b7c80	d__Eukaryota;p__Amoebozoa;c__Tubulinea;o__Leptomyxida;f__Leptomyxida	0.9385806643999844
cdd913b7be6d092f78fb2ae05f91ad35	d__Eukaryota	0.994445833537406
139c70c8bd8896b6b727f17f1f2d89b5	d__Eukaryota;p__Peronosporomycetes;c__Peronosporomycetes;o__Peronosporomycetes;f__Peronosporomycetes	0.8202379510041584
f04d34f7e3123a2ccf0af34f53a1d008	Unassigned	0.5347830331327439
1225612daa8c5645ae76c35aa0b13aff	d__Eukaryota;p__Chlorophyta;c__Chlorodendrophyceae;o__Chlorodendrophyceae;f__Chlorodendrophyceae;g__Chlorodendrophyceae;s__	0.8062129891011183
801de6b85beffe9933075f9278cfcc07	d__Eukaryota	0.9999627956100411
0c8519c783e62cf38e836d6b87c3f376	d__Eukaryota	0.9981520277494889
5886a97846e02def0478b7e8947d5e2b	d__Eukaryota	0.9984952194915191
d0638a65f65ff5fda60a25c13d0b00fa	d__Eukaryota;p__Ciliophora;c__Intramacronucleata;o__Litostomatea;f__Haptoria	0.8075604474624348
b6574a721cda5573fd96d32163bd5b12	d__Bacteria;p__Verrucomicrobiota;c__Kiritimatiellae;o__WCHB1-41;f__WCHB1-41;g__WCHB1-41;s__	0.7354577074874222
6872df82dd64daed1d0482857845b056	d__Eukaryota;p__Ciliophora;c__Intramacronucleata;o__Conthreep	0.8955247056063806
691c7e7181e6f675c545ac240bab602d	d__Eukaryota	0.9998829804965763
3087d19287b71c403cef2123a244a8fa	d__Eukaryota;p__Euglenozoa;c__Kinetoplastea;o__Neobodonida;f__Neobodonida;g__Rhynchomonas;s__	0.9735985079363475
e3c1e2d0017ea97750935de0aaa53a82	d__Eukaryota;p__Euglenozoa;c__Euglenida;o__Aphagea;f__Aphagea;g__Gyropaigne;s__	0.8789526898588594
6c83f4593d39d222b34e6992842742e7	d__Eukaryota	0.9866372686102169
dba9c62e8de80e0ce160ed4e6e7e5c65	d__Eukaryota	0.9806066682374994
4c6b872693cffa2faeef8d84e1517763	d__Eukaryota;p__Chlorophyta;c__Chlorophyceae	0.9323519373144994
4d1ed86ea3cb50d2c0150e15615b8230	d__Eukaryota;p__Ochrophyta	0.7170215465745249
5266503ee1b4c66a3456904f45102884	Unassigned	0.3252086272960182
f35137e7ccefd758852f0152daadf605	d__Eukaryota	0.9935558458921642
9ef75a135557f3dfe06e0a8d531609c6	d__Eukaryota;p__Diatomea	0.9724305393588927
bd4684667592b5f44d7b2532ff8a1faa	d__Eukaryota;p__Basidiomycota;c__Agaricomycetes	0.7454522433490003
31754e440038c2bccfe72a2a6336fcb0	d__Bacteria	0.9791499721648836
969951a954c2e102483a29248ed2d55c	d__Eukaryota	0.9999294645420764
558ede75b9163a534bb8321ab12bb6f3	d__Eukaryota	0.9720156255351154
43b8186bd2b9924e2a3b2b68777dae5d	d__Eukaryota;p__Euglenozoa;c__Euglenida;o__Heteronematina;f__Heteronematina;g__Petalomonas;s__	0.876932453566891
89c16855e68d9238bb1d1cb13ef81ddc	d__Eukaryota	0.9988285670206115
1c012956ac4aef9c70be2bfb050e0a93	d__Eukaryota	0.9993599224039358
0cb66c58182392c707bbe3addbcc90f1	d__Eukaryota	0.9997923323380562
dc2b9ad6a31cb367ba0afe4674cafd04	d__Eukaryota;p__Ochrophyta;c__Chrysophyceae	0.7167347586716245
5760e9e38931de9e15de6da6cf0bc9e1	d__Eukaryota;p__Centrohelida;c__Centrohelida;o__Centrohelida;f__Heterophryidae;g__Chlamydaster;s__	0.9196659100147208
131c416a6fb78a0ccc5a6cc55ef30c99	d__Eukaryota;p__Phragmoplastophyta;c__Embryophyta	0.9951032736291556
0db6bf4666bc9272fd481dd3523e337b	d__Eukaryota;p__Cnidaria;c__Anthozoa;o__Octocorallia;f__Octocorallia;g__Octocorallia;s__	0.9816273094826168
9a8a0a1eb32c360c5838865d66dbe67c	Unassigned	0.6182791406317634
c70996cc3f800449a351d392386cb610	Unassigned	0.8199969549555801
4f8adaf97bd328e9f92605c796e5e535	d__Eukaryota	0.9993379568239125
559f38cfd39d36188f3c80824ab82c4d	d__Eukaryota	0.9975181745376791
e2a34ef5353b158149a40a6d3cdd13d2	d__Eukaryota;p__Ciliophora;c__Intramacronucleata;o__Litostomatea;f__Haptoria;g__Litonotus;s__	0.8627704782169368
746f1e86822bcb89a7e70232ebfdf026	d__Eukaryota	0.9995026016322609
232d310a86ff7c79c5f4f14e8cdc13d9	d__Eukaryota;p__Euglenozoa;c__Diplonemea;o__Diplonemea;f__Diplonemea;g__Diplonemea;s__	0.8934908688307291
1e4817b708d423aae8285f5b12d1eb27	d__Eukaryota	0.9989636689202503
cf1d00e2d84cd719ad4279409a0b4193	d__Eukaryota	0.998671595258162
0fcf3c183c62a613b1df188e9dc98ccf	d__Eukaryota	0.9212169873064865
4838192baaa77ac8fc93fcf7e9651dde	d__Eukaryota	0.9998353421245618
9ee522cd09aceecde66eb76e7f6426c7	d__Eukaryota;p__Labyrinthulomycetes;c__Labyrinthulomycetes;o__Labyrinthulomycetes;f__Thraustochytriaceae;g__Aplanochytrium;s__	0.8181540893492381
e5bec77ed893ca580a0edae6fed2e83c	d__Eukaryota	0.9999303839682941
ff25079e03de58cc1a17b98a8328faf3	d__Eukaryota;p__Cnidaria;c__Anthozoa;o__Actiniaria;f__Actiniaria;g__Actiniaria;s__	0.9776290673130432
a3b89ffa5e68fa9971b8afbf09f469e5	d__Eukaryota;p__Ciliophora;c__Intramacronucleata;o__Conthreep;f__Prostomatea;g__Prorodon;s__	0.8991171940188063
20280e7592121063d5e54092bbcdf192	d__Eukaryota	0.9965200291435392
a22fa4e17519e847243b3a2fe9e8c84b	d__Eukaryota	0.9978972111880126
3f40c826d0ad3982e1c6d95c801edf7b	d__Bacteria	0.812307396856031
bf6b3105babe07e0c1639f9cc0f02896	d__Eukaryota;p__Ciliophora;c__Intramacronucleata;o__Conthreep;f__Phyllopharyngea;g__Dysteria;s__	0.8578955064623421
1d910a77fc373a01c41b989836e2b4f3	d__Eukaryota	0.9998560826035358
56095ac7bba34a68454615515bcbb714	d__Eukaryota	0.9822560852551715
6487a5a409978995e92a9e70f9281d12	d__Eukaryota	0.9946431247835652
d77a6e5fffd79b8828f6e0e1567d3f83	d__Eukaryota	0.9986085522918398
7fbfc7c8fe4f781a3a528826eaf739f7	d__Eukaryota	0.9981703602199148
6f98b38c833f71868091e162158e77cd	d__Eukaryota;p__Diatomea	0.7869733831301031
773a68483f43693684062fff2a62555e	d__Eukaryota	0.9995175864213062
296db8cd658877176cd179c811898c49	d__Bacteria;p__Proteobacteria;c__Alphaproteobacteria;o__SAR11_clade	0.7154536300905496
3bedb039006122c388d838e78423aab0	d__Eukaryota	0.9999024988315208
9d142c99fdfba31b4f8331e9e598d168	d__Eukaryota	0.9997249211833564
e5ba64bcad4a100248fe2c121ee510bc	Unassigned	0.5992189536659527
47484f43ba8af97889f8b56bb5b0f758	d__Eukaryota	0.9963716254049797
2acb9295e5b235b885a6dec313ff35d2	d__Bacteria	0.8444821679700373
781765b018ad4a2aebbf50dd7e269f42	d__Eukaryota;p__Retaria;c__Foraminifera;o__Rotaliida;f__Nummulitidae	0.8773795314469931
be31aa8091887ba3c694de89db8da954	d__Eukaryota	0.9963036337484095
a4614d2f4bb6bdbf6207e5685aecaa5f	d__Eukaryota	0.9999726388254557
a2d48fc2e5b4daf2bd0ec38f38c6a5a5	d__Eukaryota	0.9987652115849737
8fc0e30673d88f8c1127240fbe395669	d__Eukaryota	0.8741968270547793
8ccb477cd6ea75f091b37ef17d8d34f7	d__Eukaryota	0.9978000589056172
dc490d1e4721ef2e9f01ac24907d421a	d__Eukaryota	0.9914468802562852
e234e0b3ea7b5921541b5187a7073a1e	d__Eukaryota	0.9948481140863407
440bc7db04a9d9d97e47713b4205ddb3	d__Eukaryota	0.9994335044192747
1186dcdc9a4a68245543cffa702df877	d__Eukaryota;p__Protalveolata;c__Syndiniales;o__Syndiniales	0.7348934571066721
a75595fe6afd133ad685cc6ef79aaca9	d__Eukaryota	0.99895512528453
e66bffa53d89dbcec848f5419da2fdc4	d__Eukaryota;p__Diatomea	0.8101528919457182
0bec7389e81ca31f738a8f449694826a	d__Eukaryota	0.9987258366500744
0ff68a7c365f743e5781d12b1f88546c	d__Eukaryota;p__Dinoflagellata;c__Dinophyceae	0.8996396974703591
f2c5f3747863e4c30b0efb838809d68c	d__Eukaryota	0.9998196054639479
89d2f2656c903ad5fcf05791c8651020	d__Eukaryota	0.9977442058736641
94adb0eaa11def3b6b34ec0995f0433f	d__Eukaryota	0.9883543190577755
f6c87621df1c90f7a2ae591d34a1c43b	d__Eukaryota	0.9917838714702598
e7f284dcefadf9383b3ebd18cfaef215	d__Eukaryota;p__Holozoa;c__Choanoflagellida;o__Codosigidae;f__Codosigidae;g__Lagenoeca;s__	0.8121578226169869
dfde148e706de540f0f0a2859f0441f3	d__Eukaryota	0.9983256734966364
b5c7f43900062b8bb2fa1675e5fd1aff	d__Eukaryota	0.9996873884836983
721392fa8a1dadf2d7e57bc7da432719	d__Eukaryota;p__Cercozoa;c__Novel_Clade_2;o__Novel_Clade_2;f__Novel_Clade_2;g__Novel_Clade_2;s__	0.7095530569274185
c21c5792444edfa37f4f8f8800bdcca9	d__Eukaryota;p__Chlorophyta;c__Mamiellophyceae;o__Mamiellales;f__Mamiellales;g__Ostreococcus;s__	0.8151648689903491
38ba6c94454e2464a9959ce0d4ec105a	d__Eukaryota	0.9962714119426166
96f836fa5da7e0b3e0f76ab76de91ef9	d__Eukaryota;p__Cercozoa;c__Incertae_Sedis;o__Incertae_Sedis;f__Incertae_Sedis;g__Reticulamoeba;s__	0.8350461736476321
9041c193a3320afffea22f82ab3ce5a1	d__Eukaryota	0.9982326959325982
f4718c7c2e5270833bc8029f539e97d2	d__Eukaryota	0.8405111062956057
f37d254257b1dddcbb2f9858195ff510	d__Eukaryota	0.9535757026893876
da61959027c19acc8453580d4020ae68	d__Eukaryota;p__Diatomea;c__Bacillariophyceae;o__Bacillariophyceae;f__Bacillariophyceae	0.7003698466576518
fb755a17c95a7c8fcec3fadff8aa9b5d	d__Eukaryota	0.9996384297200833
8d3dc56a3bbfdbcb7dabab78dea8db87	d__Eukaryota	0.9999668754131853
7ccd5caef5c8dd1cfe4535a78b64f20a	d__Eukaryota	0.9989027529870684
31f3b2370c575e04f69b0073d5706e73	d__Eukaryota	0.9999702549431888
f083a48a5a22f27fb372326be091d302	d__Eukaryota;p__Mollusca;c__Bivalvia;o__Veneroida;f__Veneroida;g__Veneroida;s__	0.9642260880136818
c7f1e9b31d6f5fc352b6d3ec78877c78	d__Eukaryota	0.9998068822026814
9a49a55f59a0f937624d261c9fd172ec	d__Eukaryota;p__Prymnesiophyceae	0.765321619020261
8bb1f50e086aea2ec50b87288a4788cf	d__Eukaryota	0.9996777922869271
e9183a989d88c5f47c522fbb894c48f3	d__Eukaryota;p__Dinoflagellata;c__Dinophyceae	0.8586186442878287
127f6b355216c5153dea3bac1022da6e	d__Eukaryota	0.9998306156950267
8ab8ea45d59487b8d3a7bed3e322398d	d__Eukaryota	0.9970100299013526
28d0e87ef6ad78b1840971e6eba692ba	d__Eukaryota	0.9998156350470205
76f755303fe84b316f67e35e7cb46c85	d__Eukaryota	0.9922486576619226
8d10eb9908152ecfa0a1cebb5ac062e2	d__Eukaryota;p__Holozoa;c__Ichthyosporea;o__Pseudoperkinsidae;f__Pseudoperkinsidae;g__Creolimax;s__	0.9142604583704572
0e6e3e6ffca6d174c588b9f98be84ee8	d__Eukaryota	0.9955464215246775
377dc0d6662cb98d30836f1fe84b5059	d__Eukaryota;p__Protalveolata;c__Syndiniales;o__Syndiniales;f__Syndiniales;g__Amoebophrya;s__	0.9105845766666835
1194a8126dbbe036141a230dfd1740ca	d__Eukaryota	0.9991437550487586
83bacbe6f48d27ebedde43d726d1ef54	d__Eukaryota	0.9994260955847016
b832606bcbeadf38945f65f2a34911ff	d__Eukaryota;p__Euglenozoa;c__Kinetoplastea;o__Neobodonida;f__Neobodonida;g__Neobodo;s__	0.773992584542778
5fc6ceb8c0b42db75dedd4203b0344d5	d__Eukaryota;p__MAST-7;c__MAST-7;o__MAST-7;f__MAST-7;g__MAST-7;s__	0.9883528490347011
b6a2daf617c87da7cb1004e4ca382e46	d__Eukaryota	0.9999291397570916
c692863a6658a01d1c2537385207df0e	d__Eukaryota	0.9999185913435642
c557e7f31f269b45f17cb542af8af3c4	d__Eukaryota;p__MAST-4;c__MAST-4D;o__MAST-4D;f__MAST-4D;g__MAST-4D;s__	0.9994428536594772
ffe9c00b12e44551c83986bfc867fb55	d__Eukaryota	0.9995038450196908
b8b16a8fa294ca14b02efc6afc95be86	d__Eukaryota;p__Ciliophora;c__Intramacronucleata;o__Spirotrichea;f__Euplotia;g__Aspidisca;s__	0.9326737717986686
474bc4ff4917acfa91ad8962d43224d5	d__Bacteria	0.8675441692328404
75e3cb9c98541b9e22fbda30a0cc0623	d__Eukaryota;p__Dinoflagellata;c__Dinophyceae	0.8754538764790591
5b5881968df2b48f096f747eb8f286cc	d__Eukaryota	0.9970758452579576
2b2faf9b0757113488299d03db50c416	d__Eukaryota	0.9999471057018234
d427d6c41ad754ff36a846d406c9ab35	d__Eukaryota;p__Dinoflagellata	0.7591415520229734
3bbe9e7270c3b185131c0d64e634423e	d__Eukaryota	0.9990483138170834
2e8614cd593918de311dcd2898dad252	d__Eukaryota;p__Euglenozoa;c__Kinetoplastea	0.9997005248461035
fb47a036d1e3bc60fbc804eaebcb7759	d__Eukaryota	0.9978438395947806
6b59a8f960d5e8f174aec7c10337cfed	d__Eukaryota	0.9998994151948967
a358b35892e6cfc73b970cb280cca43d	d__Eukaryota	0.9934312854642362
3daab0d2fd5320d6810992eb535d678d	d__Eukaryota	0.9997143185120497
3be7f23a43d40c48f59342b16b02126c	d__Eukaryota	0.9996275444879272
79034792bcfd5362a1048bbd856b9b01	d__Eukaryota	0.984251000199082
54803f8420e630b88484bb9ebf74331d	d__Eukaryota	0.9992880455733837
7cbe5e9e561e933742b7d7c5ce26b225	d__Eukaryota	0.999968212398066
3647009dfc69735f05050c28257084b4	d__Eukaryota	0.9681809915265608
47fbe5677f5cf293bbdb0e385555ab41	d__Bacteria;p__Acidobacteriota;c__Acidobacteriae	0.7550306740796543
2d69095a9eb27e2174b61567b2ed18f5	d__Eukaryota;p__Ochrophyta	0.8879097522791017
75df76630916bf4afd4d04f56999e7dc	d__Bacteria	0.9635295741658236
8ad759f4289176b83c9830f182517cbd	d__Eukaryota;p__Basidiomycota;c__Tremellomycetes;o__Tremellales;f__Bulleribasidiaceae	0.8202280914185692
3aa4e8518daec3adfe55126db65d9169	d__Eukaryota;p__Amoebozoa;c__Tubulinea;o__Euamoebida;f__Euamoebida;g__Euamoebida;s__	0.9633921988706221
811fdb3c091f925d69f855ac187f9311	d__Eukaryota	0.9996812514455168
3e0f279a7829021f77cd7c6c446189aa	d__Eukaryota;p__Chlorophyta;c__Chlorophyceae	0.93105331468087
7aff029a4f319ce9c458028dac76271a	d__Eukaryota	0.998820529990998
076ea0fabbef712b83d8e39c3b9e71e9	d__Eukaryota	0.9999853754564318
d11f0dcc873b6b7abe93466c3b9385ee	d__Eukaryota	0.9995953509253462
7d625b426076339407f871905a547a0e	d__Eukaryota	0.9999280142163922
9c7b462df603ef9e75247c6a05fb9530	d__Eukaryota	0.9808979181495039
0afc6984a4b4f61459c433f3d2a489a7	d__Bacteria	0.9707325047488329
b3939c2e17be5d2fab002f98981add5d	d__Eukaryota;p__Ciliophora;c__Intramacronucleata;o__Litostomatea	0.9935775893904764
25476dd853203ef6baa43d6eb0376e43	Unassigned	0.5012337198560132
ee08a71f9f200e67c7ee2927145658e1	Unassigned	0.3035659003562968
77fc10e1b96e7012c6a1e99cbb42aeb3	d__Eukaryota;p__Holozoa;c__Choanoflagellida;o__Codosigidae;f__Codosigidae;g__Freshwater_Choanoflagellates_1;s__	0.8533122828990088
29bb018d142ba6e3098f527a54e7a7f3	d__Eukaryota	0.995060126450307
3729b001f5901f93f1c00c4a34a76789	d__Eukaryota	0.9995622899581884
8476fc62375e03bb9e6c20aa055e37fe	d__Bacteria;p__Planctomycetota	0.8265325321887176
cfc3373f2b0a8758819c086543fb018d	d__Eukaryota	0.999732400787834
e2be070458a01da57682e227a008c2fc	Unassigned	0.7552267103662027
1b5144597f88ebdee884ff1c74880a75	d__Eukaryota	0.9927329718779861
d84027a01a6352dfe41c0d83da65f6e9	d__Eukaryota	0.9994310361499209
1889f92db324c9e2e7c2e6b318e9bd25	Unassigned	0.4972540923035419
21cf19da77f6d4355635787cd4826c0a	d__Bacteria;p__Proteobacteria;c__Gammaproteobacteria	0.9315185045077553
f31e981e8a6b6f9f078747548e3372f9	d__Eukaryota	0.9999557272006028
5da334186078b4e268a9e2d6aaaf9e06	d__Eukaryota	0.9998322056065885
5678dd158bb72a2e6bcebf69ef048e49	d__Eukaryota;p__Holozoa;c__Choanoflagellida	0.8414491615110627
e78263dca5c6adbaa4510b73c804d2cc	d__Eukaryota	0.9996856953663966
7af08a4511408847889761d9e98aa4fb	d__Eukaryota	0.9967754944333169
bee2e7bc5d9ba595b30c56c9a8f35634	d__Eukaryota	0.9256318542630548
7395ed872dd1c937d83b91dde87a8283	d__Eukaryota	0.9999921184567653
1ff1e6a93b4c61f3add94ff643ac4d03	d__Bacteria;p__Proteobacteria;c__Gammaproteobacteria	0.9887867711463117
240a7a7e77a074b382b0cc4d6cf78cc8	d__Eukaryota	0.9998870855279351
44101bec85090712d0956bb5afe75cab	d__Eukaryota	0.9999911031023816
fabbf2a59d0065ef282dc033203bd9d3	d__Eukaryota	0.9956674197873627
3553e41d42d91a6d4dee0c9638e512e3	d__Bacteria;p__Proteobacteria;c__Gammaproteobacteria	0.9739542394501612
f3f616b377b4839e3d24e79f587a8586	d__Eukaryota;p__Florideophycidae	0.8505400272650538
ef57842269bdeb7c668c064556bca744	d__Eukaryota	0.771825967122312
8645dd02ac30daaae06f971024e5bb3f	d__Eukaryota	0.9999810209411659
9cbd63a2fa8c740ec6c15187f3d4b5fe	d__Eukaryota;p__Euglenozoa;c__Kinetoplastea;o__Neobodonida;f__Neobodonida;g__Neobodo;s__	0.922236636993285
36919c4aad842ed224509bf54ceff1f1	d__Eukaryota	0.9986266024839087
312cc96ab147e258d177cba4b01ffd21	d__Eukaryota	0.9999802834917332
e7345fce4e52893b80ec86dc9071b61e	d__Eukaryota	0.9999843793539533
9a5089c106e38cfe2ecc717dc2922879	d__Eukaryota	0.9580484328424392
bbbc5e2f1091eb3caa1e551e4b2ae7ab	d__Eukaryota	0.9991234535462119
5468a59138271e3320fed98cf00b35ca	d__Eukaryota;p__Ascomycota	0.9923380575276848
f152e64115b7a833b3bcbdeb1f5c5c8b	d__Eukaryota;p__Euglenozoa;c__Kinetoplastea;o__Neobodonida;f__Neobodonida	0.9064811565292051
e045a42ec0cc28eb7e7562adf1f8e182	d__Eukaryota;p__Peronosporomycetes;c__Peronosporomycetes;o__Peronosporomycetes;f__Peronosporomycetes	0.9719732106242372
1911384d28561c4e9ce860c2d59917de	d__Eukaryota;p__Centrohelida;c__Centrohelida;o__Centrohelida;f__Heterophryidae;g__Oxnerella;s__	0.8795985431412434
ddffa687f63b2f124e3ed2f14a52850a	d__Eukaryota	0.9997979404485058
9423a744f546411230bb97ffd9696919	d__Eukaryota	0.9988280190247089
b6ac9c38219e6f656fab7e577a03e6cc	d__Eukaryota	0.9996128209520643
2aa2360b23e88f1840285f6f209d7db0	d__Eukaryota	0.9973825323683936
9a9f2c0a2d233dddbc08452fd4668d7b	d__Eukaryota	0.9430815186992567
d470980a02d6b4c4d14d6ea05daa96e4	d__Eukaryota	0.9986948153490953
432879af2b1577ab873974148bd99ef0	d__Eukaryota	0.9995712407112926
b308fcff1a279860736cf4e85b58fdc8	d__Eukaryota	0.99972908281946
4d5693a1c0465b9e02450b1714321db9	d__Eukaryota	0.9997665241512702
322006d23b73203aecc59649c27fdd5b	d__Eukaryota;p__Diatomea	0.9796047216382104
58336b2e13279ec5b0107efa2635c393	d__Bacteria	0.9538867028519193
71e9fe44db490455f5f0e8d20a21d852	Unassigned	0.4538154517514811
3281de1b6754e48e694742215d28ad1d	d__Eukaryota;p__Ochrophyta	0.7704308687016013
211fba793ca85486ef962085f742a804	d__Eukaryota	0.999281533705842
3cb53ce5e340602ce6110d5eff174711	d__Eukaryota	0.9719499809820904
781fa1ef72bc700f666f54b4e1a88281	d__Eukaryota	0.9991824772177856
dec357536c7f7eb43a1e1137dc82e118	d__Bacteria;p__Proteobacteria;c__Alphaproteobacteria	0.9844223890526752
bb0bbcc1007362641f7cfdc8d9e8ae85	d__Eukaryota	0.9996125419845912
a73df3e488fcb6b2ded4b56248e2b0f3	Unassigned	0.6133508015524899
f10a2aa550482e73dc536f304360956f	d__Eukaryota;p__Euglenozoa;c__Diplonemea;o__Diplonemea;f__Diplonemea;g__Rhynchopus;s__	0.9043271674853597
1dce49328dd6557f8978387798311808	d__Eukaryota;p__Retaria;c__Foraminifera;o__Rotaliida;f__Nummulitidae	0.7548094765873288
7504da70bde3ffe820eea9a8eb4b919d	d__Eukaryota	0.9991112980348174
d2ed16c31f384229659cd9193b9f177d	d__Eukaryota	0.9853098946021693
77058a4db3f0dcc8e5514909099f2b51	Unassigned	0.6373892469802631
3d7546035354e409de8b30389fbc6101	d__Eukaryota	0.7216067086291496
8d8e3a12db1ac95501a1b58529ffafb6	d__Eukaryota	0.9602772954966455
8434f86e9a809ae900cac1b004796c0b	d__Eukaryota	0.950435709020627
038eeb3b893240d375ccd064fcda9811	d__Eukaryota;p__Chlorophyta;c__Ulvophyceae	0.9278407246093984
393ce1b0ec87913f624c0ef0bb06dc71	d__Archaea;p__Asgardarchaeota;c__Heimdallarchaeia;o__Heimdallarchaeia;f__Heimdallarchaeia;g__Heimdallarchaeia;s__	0.7259535476613923
042dc16f9764daf7f3fbb327a3adb034	d__Eukaryota	0.9836694738523459
8696098b670563b00ecd115ab35b759a	d__Eukaryota	0.8650298257471921
ba73de1c0a8f3d68fa10e1d7eaf0d971	d__Eukaryota	0.9952951023884498
0b7caf5600f9734a5b68f551a677d05d	d__Eukaryota;p__Peronosporomycetes;c__Peronosporomycetes;o__Peronosporomycetes;f__Peronosporomycetes;g__Pythium;s__	0.8285500544817159
f5b33af6b037d8a6ac93edddb58fb865	d__Eukaryota	0.9994150340810855
c83ab93bee5ca5c344716c532bfd5d83	d__Eukaryota	0.999744429052954
9d067fcaa50a3e8af86cf6985bd6ee38	d__Eukaryota	0.99963150182692
aac50cb0e37b147e7c029d3dd6b05936	Unassigned	0.30635247425795975
621736414d54601e7bcfef35fabc949a	d__Eukaryota	0.9978690902179085
ed580df7ff505188d99f49d59d7bb8af	d__Eukaryota	0.9994734804132002
7a8b94eca89740691b2a132c052bb967	d__Eukaryota	0.9930479398546821
1724187c2b8881643c6dcf2c71fa4f1b	d__Eukaryota	0.9885640325763854
f7072cee4344426fda78e19907125951	d__Eukaryota;p__Ochrophyta;c__Chrysophyceae	0.7221721463787384
f7eff3eb3f2a734974e03dc55b1051d7	d__Eukaryota	0.9998589636146288
b253f393fc4328d9a70acd89ff00d62b	d__Eukaryota;p__Ciliophora;c__Intramacronucleata;o__Conthreep;f__Oligohymenophorea;g__Miamiensis;s__	0.9320973493204141
6cca3545f2fae23b6ce32f25cbee483a	Unassigned	0.9290663544209008
79435d211ffd86bc15b5de6f11b08db2	d__Eukaryota;p__Peronosporomycetes;c__Peronosporomycetes;o__Peronosporomycetes;f__Peronosporomycetes	0.9883482136776239
fe373e5a80b0fe952761c46e7e263ae2	d__Eukaryota;p__Ciliophora;c__Intramacronucleata;o__Conthreep;f__Oligohymenophorea	0.8625938995039915
1f73d2f940586b8042eabedf924efff2	d__Eukaryota	0.9722041522440164
90a6cfe12f5a5e3d17d605019d8c6078	d__Eukaryota	0.9995665779078041
b0229131a5fba82edf0f09dda2709174	d__Eukaryota;p__Pavlovophyceae;c__Pavlovophyceae;o__Pavlovophyceae;f__Pavlovophyceae;g__Exanthemachrysis;s__	0.9642664892371369
2cc79426c57e22a48e09b0b4856bfd93	d__Eukaryota	0.9997320041762158
bc4532638e4b154da036952c37b8b986	d__Eukaryota;p__Holozoa;c__Ichthyosporea;o__Rhinosporideacae;f__Rhinosporideacae	0.9130062721840545
33460d40ea8718c8f966fd305eeacf99	d__Eukaryota	0.9927904341561804
bfe4c4aef0ad545f19a61c6b839a4bd6	d__Eukaryota	0.997543802388397
85b49011a6041c5d20b6b72d4c4ae598	d__Eukaryota	0.9998983379895178
3b122cbf92e64794abc252c9a36425f1	Unassigned	0.31406820880928565
ee6c6574400ed7b15b976321d7f31c30	d__Eukaryota	0.9999524952280943
e9d0758af340cea809163a77be092e8c	d__Eukaryota;p__Ciliophora;c__Intramacronucleata;o__Spirotrichea	0.7052243030374302
43504d60b3723f9c99676516a95e3262	d__Eukaryota	0.9893404437986294
f1970250b27b6e573f09dbf2b5b65ac0	d__Eukaryota	0.9999425211852642
01f990aa15c7fd88cc1109818397786c	d__Eukaryota	0.9994260952781269
9db7926367554032df5e85096c02f547	d__Eukaryota	0.999855177110403
0053bd60cfa05f0c97ea80565529960e	d__Eukaryota;p__Lophotrochozoa;c__Lophotrochozoa;o__Lophotrochozoa;f__Lophotrochozoa;g__Lophotrochozoa;s__	0.7050000666648022
c86cf67b82b58985961ae8badcf0a0e2	d__Eukaryota	0.9990781599786704
c4691bc2c8c7227cf6a98f796368cd30	d__Eukaryota	0.9997454661198437
51b7d11623b52a2d0a4e106e5cc32539	d__Eukaryota	0.9998510080383831
37ccbd368817409f50971686cab2f434	d__Eukaryota	0.7927768732610085
3d18417426dbcf5fc1edfdcf3b3a44e4	d__Eukaryota;p__Dinoflagellata;c__Dinophyceae	0.7493385901974893
08df6da5ab7198a3e5160e5428424d0a	d__Eukaryota	0.9996899950540475
f96e870fb48dc0166b07b204b71663c7	d__Eukaryota	0.9934949340507079
2f0b466c5d3a9418d1c545ed799b3367	d__Eukaryota	0.9136450186569799
0b128eff5d4a3283dd2b68cc22677468	d__Eukaryota	0.999949141576368
469559dd68a63a67ae6ace51d8fd133c	d__Eukaryota;p__Euglenozoa;c__Kinetoplastea;o__Neobodonida;f__Neobodonida;g__Neobodo;s__	0.7914527976556409
bb2860c7cc1feb72fe2ddcef6c7b438d	d__Eukaryota	0.9999080666116373
bfa99062bfc4fd809f6b82edf5addf4d	d__Eukaryota	0.9998609024571188
157c3168e85a45f701c18b74303ac4d9	d__Eukaryota	0.9998069637581246
f057362cba42a567d890721ec3b36bd8	d__Eukaryota	0.9917700900037578
ad469fafaaa5fb17573db648b7aa86e8	d__Eukaryota	0.9996330266288445
662d33f0fc316dbd200facec97269709	d__Eukaryota;p__Prymnesiophyceae;c__Prymnesiophyceae;o__Prymnesiales;f__Prymnesiales;g__OLI16029;s__	0.9706926266772259
fd2b4000ae9e85c3018d1dd32410afe0	d__Eukaryota;p__Holozoa;c__Choanoflagellida;o__Acanthoecida;f__Stephanoecidae;g__Marine_Choanoflagellates_1;s__	0.9907205829691246
da154b25138039e2eb60b33c36479fe6	d__Eukaryota;p__Diatomea	0.8769309660242935
a21072e7e1ba568c5cc2b44a2fdbd531	d__Eukaryota;p__MAST-1;c__MAST-1C;o__MAST-1C;f__MAST-1C;g__MAST-1C;s__	0.9995330862750234
81070b533b40c733ada308de2a875767	d__Eukaryota	0.9999675062019977
8c810577ea5a0cda09e188469f4ea806	d__Eukaryota	0.9999971490677807
f5ddeea58eb902cbaf075b441dd20464	d__Eukaryota	0.990414746672607
91625b3dc801339cfb92fff50c682153	d__Eukaryota	0.9965205784808419
1832bdeae5d6c69d09eecab830839cb9	d__Eukaryota	0.9995988301733716
cdf42d499628450a3cc052d41ef27868	d__Eukaryota	0.9714260756846951
27ed2514b472eee48eb62498d0556ff5	d__Eukaryota;p__Ciliophora;c__Intramacronucleata;o__Spirotrichea;f__Hypotrichia;g__Parabirojimia;s__	0.737217353091475
4a779e507ca0abb3b325352bf6780e56	d__Eukaryota	0.9947181564147145
5aba8c47c7cd881a0014615d71d72e6f	d__Eukaryota;p__Diatomea;c__Mediophyceae;o__Mediophyceae;f__Mediophyceae;g__Planktoniella;s__	0.7122749151337139
3a79c820b4203d7b426ec1232cb01282	d__Eukaryota	0.9990315483132765
c9757331b0baf6d310bc59a31fad35ac	d__Eukaryota;p__Euglenozoa;c__Euglenida;o__Heteronematina;f__Heteronematina;g__Petalomonas;s__	0.9627240524426985
32c37eb7a13b3bbd3f177d290e555355	d__Eukaryota	0.9999903251921014
d989b76693c16712413ab274cf3e4207	d__Eukaryota	0.9892154512178828
a4518c3c0e5e2edfceb5c5b1474d0b05	d__Eukaryota	0.9995082247558218
d66a13b3c84b36b9de9aba3eb166b34e	d__Eukaryota	0.9963829010290571
4054e2e220b1a22c4dc0cab01f3b0363	d__Eukaryota	0.9997134080790636
461b51c8c1aee07f506dbdc6b225a043	d__Eukaryota	0.9997200072593339
ac02ca365dfc6b973ed30d30499663c5	d__Eukaryota	0.9995975793435111
d954e4dc2714bd8485d6d3bbe8fdcab7	d__Eukaryota;p__Holozoa;c__Choanoflagellida;o__Acanthoecida	0.9025965703856679
e78f583e54d07d959311fdc9c50a26e0	d__Eukaryota	0.9990046573148507
872e4e03db126b9954aaa69681612543	Unassigned	0.8225514127454585
6206ea3f98af6128fb2f657ee76084e5	d__Eukaryota;p__LKM15;c__LKM15;o__LKM15;f__LKM15;g__LKM15;s__	0.884980977034543
98ce9a604ed67719423d791c92e19413	d__Eukaryota;p__Peronosporomycetes;c__Peronosporomycetes;o__Peronosporomycetes;f__Peronosporomycetes;g__Atkinsiella;s__	0.9591710137205477
9b98a84d0d4d18265fe5df8d24ccbc86	d__Eukaryota	0.9996164937648568
616ab7888d60eeb96f1364b022b85fb3	d__Eukaryota	0.9757542506962955
554de0ecf39791f61be68ce897bd8bde	d__Eukaryota;p__Ochrophyta;c__Chrysophyceae;o__Chromulinales;f__Chromulinales	0.7206453121273323
ee2051d1d85fa679aee96205b7c001b4	d__Eukaryota;p__Ciliophora;c__Intramacronucleata;o__Spirotrichea;f__Hypotrichia	0.9367905334252223
d2fcb090b4a03f812e429c7e46c5e29c	d__Eukaryota;p__Chlorophyta;c__Chlorophyceae	0.9156452660076508
8a16e0a70087373563467fdf521cb846	d__Eukaryota;p__Chlorophyta;c__Chlorophyceae	0.9210061845676778
f5da00060b4919351fe0d2782fbf6300	d__Eukaryota;p__Euglenozoa;c__Kinetoplastea;o__Prokinetoplastina;f__Prokinetoplastina;g__Ichthyobodo;s__	0.8176072526900028
4c366b13379aa5ade0a1129fb6cb07f7	d__Bacteria	0.9036231555924166
2c632d29573db1cfa4c78b3143a498d0	d__Eukaryota;p__Euglenozoa;c__Kinetoplastea;o__Neobodonida;f__Neobodonida	0.7118144174427321
721816a0ffeeaa9464498a83f2055782	d__Eukaryota	0.9999606331032388
3168f7e1c7d3eeb2d9bedf21d23152ff	d__Eukaryota	0.9996922806900506
187e3c8a38af65205ed8ac0855dcf789	d__Eukaryota	0.9999820273065338
34ae7e4239144923747968ab178f7ab7	d__Eukaryota	0.9998484405136852
4918fa23f2dd092f3a0350c312a2d29d	Unassigned	0.7193905782857847
c31a6051f4c6bbe9db0da55619e6eb60	d__Eukaryota	0.9966306006649555
729c58b0f01608a9dda7624679f28165	d__Eukaryota;p__Euglenozoa;c__Kinetoplastea;o__Neobodonida;f__Neobodonida	0.7133969797764561
fb03b856d42245b6829e272e1aa4bc66	d__Bacteria;p__Proteobacteria;c__Gammaproteobacteria;o__Coxiellales;f__Coxiellaceae;g__Coxiella;s__	0.7025350942632214
7b8cf7098249d55909e4dc97aefa90d4	Unassigned	0.3227557993886081
73260db65e5cc9a9ec0d2ae8c9c2f86f	d__Eukaryota;p__Rigifilida;c__Rigifilida;o__Rigifilida;f__Rigifilida;g__Rigifilida;s__	0.9709894623601104
e8da3f454720f25b82fbefbbecab3316	d__Eukaryota	0.9986662070496674
56c5b0932121d3c9190aa159739ec52b	d__Eukaryota;p__Chytridiomycota;c__Chytridiomycetes;o__Rhizophydiales;f__Rhizophydiales;g__Boothiomyces;s__	0.9897972381931565
88a8888e48642da863520a5f1ffc2c4e	d__Eukaryota	0.9995406318204976
21d91d4054ef89f2c6cb2eae477ad046	d__Eukaryota;p__Amoebozoa;c__Tubulinea;o__Arcellinida;f__Arcellinida;g__Arcellinida;s__	0.9480061304710364
5310811e6e75b79d8a80fc87acc57bbe	d__Eukaryota;p__SAR;c__Labyrinthulomycetes;o__Labyrinthulomycetes;f__Labyrinthulomycetes;g__Sorodiplophrys;s__	0.7288504556457196
4622c7a90f6591cd7284f0e3dd1e258d	d__Bacteria	0.9867101903002691
17eaae2ba734ad9ce2fbaab277146273	d__Eukaryota	0.8840612679267571
c39a70a0f52af0999afe93111c6fecc1	Unassigned	0.5533014758231679
15cfbb08de360750998b1383b9ff4629	d__Eukaryota	0.9884722998658422
c556740a1342c33d1c8d4bbf5827d4c2	d__Bacteria	0.81886603841577
9b0ae75115eaedf9a69743111e7dc08e	d__Eukaryota	0.9978759590081665
723b1f98d7a8da077e61e23a272c6ba5	d__Bacteria;p__Bdellovibrionota;c__Bdellovibrionia;o__Bdellovibrionales;f__Bdellovibrionaceae;g__Bdellovibrio;s__	0.7431424525377334
e19c5ce08b8f0684e71c0eadbda27798	d__Eukaryota	0.9999676537378013
f942c94fd1742181f57cee4d82f5933e	d__Eukaryota	0.9998458934202095
ef97bf5b5385f51871edb0cd1e637499	d__Eukaryota	0.9946313022231734
f4f26d49f5c720e433db5c6e772242ee	d__Eukaryota	0.9998377740124018
56bee0f312647a2ebdb621172c2cbb60	d__Bacteria;p__Proteobacteria;c__Alphaproteobacteria;o__Rickettsiales;f__Mitochondria;g__Mitochondria;s__	0.8297262279661635
09a2a47d2067ec9f4eb2f066e15d06cc	d__Eukaryota	0.9999876178768828
cd7adcc1c11094da0f6d3b934c646abc	d__Eukaryota;p__Ochrophyta	0.756386765156363
acbedf6c2e5d09e1f976a0d8b24af414	d__Bacteria;p__Planctomycetota;c__Planctomycetes;o__Pirellulales;f__Pirellulaceae	0.7559992782831079
c0768ae78b5c518df9a797550cbfd6a2	d__Eukaryota;p__Phragmoplastophyta;c__Embryophyta	0.9996737501524069
e338b20aafe195ce4062743628633223	d__Eukaryota	0.9992487929837242
5b48c6bcf499d9147edde233d6b1b2ea	d__Eukaryota	0.9999881685970573
50c93fded613952c008e2fec2a68bfff	d__Eukaryota	0.9987901790551724
1e97080cbb59d354bd4adb3bccee327c	d__Eukaryota;p__Euglenozoa;c__Diplonemea;o__Diplonemea;f__Diplonemea;g__Diplonema;s__	0.7075458833271211
dd0d7309b360ff8368e1845666e544d0	d__Bacteria;p__Proteobacteria;c__Gammaproteobacteria;o__Salinisphaerales;f__Solimonadaceae	0.7783619819531922
21453d9aff4be5313999f4e98c1816dc	d__Eukaryota	0.9997413368627629
48989f8353c121b19ab2a838dfdddf2b	d__Eukaryota	0.999996074247671
776856cf481e28ad1b54cb29006a2d2e	Unassigned	0.9369116682376784
77c6d5048a64ca034b8f719b1172dd8e	d__Eukaryota	0.9999223253340512
7d39e65b7a76fbaba78d838fa0561407	d__Bacteria;p__Desulfobacterota;c__Desulfuromonadia;o__Bradymonadales	0.7051870460907934
7234322667bc0abfdb5b16c88c2230bf	d__Eukaryota	0.9997818703916456
6c8a9cf85abe9a31bcef0ca6d3e7bd14	d__Eukaryota	0.9552332817602599
16dc227854a9c90dd2ddf7628fa85a3e	d__Eukaryota;p__Euglenozoa;c__Diplonemea;o__Diplonemea;f__Diplonemea;g__Rhynchopus;s__	0.9918298180402266
bfb7676c9f125b78e1e117160ac715d6	d__Eukaryota;p__Amoebozoa;c__Tubulinea;o__Leptomyxida;f__Leptomyxida	0.7449271998452873
e9b649070287edad7c02ec74057c1337	d__Eukaryota	0.999687393494523
d41592ccc31a9d2ac1e0d0810268f5bd	d__Eukaryota;p__Ochrophyta;c__Chrysophyceae	0.8347036460352972
b183dce091c5937f0efbde195ca12db9	d__Bacteria;p__Planctomycetota	0.7104860585885525
4f643be594366234cdcbfee9f915b957	d__Eukaryota;p__Basidiomycota;c__Agaricomycetes	0.8710833605502504
b34279288f645a77e4bdd3c7c3913615	d__Eukaryota	0.9998216384051832
5577ec0e6dd7cc4bd93e715f2d2e75a2	d__Eukaryota	0.9999843254684608
cbfea6c9763c9ace84ac17720bbd8bd7	Unassigned	0.7195161295297308
0c05f01b0e062e4873487979e36ad6bb	d__Eukaryota	0.9999861713468288
44fe5e75641cbd3787d922e2014516da	d__Eukaryota	0.9996026521803736
c12ecc877b731e306b1777b42db0621a	d__Eukaryota	0.9683243061024351
3f7a69f11111e12bc418cfae3b733ef5	d__Eukaryota	0.9997464704355634
09d738d650cd351cefd2acf08e57a012	d__Eukaryota	0.9999790440619561
f756874c9c37d38260d1f6a4b188bb28	d__Eukaryota	0.8137923687341515
a33eacd0b460df625c5805091536a2ed	d__Eukaryota;p__Ciliophora;c__Intramacronucleata;o__Conthreep;f__Oligohymenophorea	0.8449525183758659
08b28f152ba5ffb075a3e7c71c4974e8	d__Eukaryota;p__Retaria;c__Foraminifera;o__Rotaliida;f__Nummulitidae	0.7529244950117256
259e5838a4b7e02e7c476c7d3ea6cb10	d__Eukaryota;p__Bicosoecida;c__Bicosoecida;o__Bicosoecida;f__Bicosoecida	0.8294675862651326
e04d647c5ad9186f326069fe84a8901c	d__Eukaryota;p__Dinoflagellata;c__Dinophyceae	0.7338941690916323
734c42fe964f7d0b4d909baf75b4f420	d__Eukaryota	0.9993007221155747
51b896e3caa9caee8bf8424f86f3b883	d__Eukaryota	0.9997919686229357
ebf660ed482d0522044f762e71b7ab37	d__Eukaryota	0.9990373595117522
f7e42289bec5ecfc3cdc1e59b11b9bba	d__Eukaryota;p__Euglenozoa;c__Euglenida;o__Heteronematina;f__Heteronematina;g__Petalomonas;s__	0.8535918810702048
e07f1df1827e80792f58e780aa4c38a9	d__Eukaryota;p__Breviatea;c__Breviatea;o__Breviatea;f__Breviatea;g__Breviata;s__	0.8708833959103658
480415199fa8deb73e68d9190f9fa68f	d__Eukaryota	0.994616658544542
fe013b01fba92ad7629c182f36b888a8	d__Eukaryota	0.9823346510257819
578929be6a74317e50a2361e572e6832	d__Eukaryota	0.9990550036671559
4e6749877583307d4c58d99fc6771e3e	d__Eukaryota	0.9989335926247902
838f72f0ae558d1dc824d4f9a86b818e	d__Eukaryota;p__Ciliophora;c__Intramacronucleata;o__Spirotrichea;f__Spirotrichea;g__Protocruzia;s__	0.9410381016390699
56f3f23a62db55808b388ef675536c0c	d__Eukaryota;p__Euglenozoa;c__Diplonemea;o__Diplonemea;f__Diplonemea;g__Rhynchopus;s__	0.9879731025929649
1889482723131a338200deea8d331192	d__Eukaryota	0.9920896207601191
87cf096a3010978b36c9b6dc5496fdf1	d__Eukaryota	0.9938082372325872
7dc0eb73009b4f9a5608e169aba3d9be	d__Eukaryota	0.9940197141798457
bab7429d52bb2ebc674212de41a68a1a	d__Eukaryota	0.9970099379610198
a719fe327b5c00cb8a1c574b5a3beb09	d__Eukaryota	0.9997995207248984
c52e69cad4e452b86ad988132c83dfcc	d__Eukaryota;p__MAST-3;c__MAST-3B;o__MAST-3B;f__MAST-3B;g__MAST-3B;s__	0.8392043791355216
5b9634aaf705d3c0aca9d7810c785543	d__Bacteria;p__Verrucomicrobiota;c__Verrucomicrobiae;o__Verrucomicrobiales;f__DEV007;g__DEV007;s__	0.7307430277328719
287f985479b5b0cde58045b651b9d3fe	d__Eukaryota	0.9966889464424297
cc10e82b8f212c43b430fc29eeb60018	d__Eukaryota	0.9999551102222575
f14fc31508f4a889fd02a6c836919c9e	d__Eukaryota	0.9992730021789548
ab3550f516ee8e0ca200c5054a5ca75d	d__Eukaryota	0.9983622431407277
0a3d6f45991546038a69557875554ada	d__Eukaryota;p__Chlorophyta	0.7308768942524229
a6308b2ef6ae8767e1c1b18ffa103ddc	d__Eukaryota;p__Holozoa;c__Choanoflagellida;o__Acanthoecida;f__Acanthoecidae;g__Savillea;s__	0.803198984952106
fc74631c8739e1b7ba1fed409c191d8c	d__Eukaryota	0.999485850798438
eebc1308588dfdc791527a2d7e301536	Unassigned	0.692171873121211
68f3418e98d4e819d9301b8f06ccf6b3	d__Eukaryota	0.9994543160438447
6d7a8c41bd03ade6c06e1f01609521bd	d__Eukaryota	0.9995889617179663
0c6553e2df62cdb59ebfeb2e64184b97	Unassigned	0.48183105946285953
065544f6a9108968e7ac3e17ce10ae2b	d__Eukaryota	0.9991877305889951
fa7a91d2f84d485e4c8ef7a16132390f	d__Eukaryota	0.9427106492992192
b0bd0de722c60d4433918dffa728325a	d__Eukaryota	0.9979789930565117
479db671bd659b2203d6b4515b7e773f	d__Eukaryota	0.9997283553876413
6d5e1be7492eb516c71c55e14c589ae8	d__Eukaryota	0.999988719585798
81f4fc22763797bd52b8280fdb1fc3cc	d__Eukaryota	0.9998843974834248
0b9b36875a1e99c809228e4ba784c0b6	d__Eukaryota	0.9994329451168396
e4b893e2b9725ad2fe3cceacc2d7c266	d__Eukaryota;p__Ciliophora;c__Intramacronucleata;o__Spirotrichea	0.7251619780289136
7ce0680aadfd80d2734f9973eee0ecc1	d__Eukaryota	0.9998910554155748
e83f7edb3959aa6294f7a695dba0ed94	d__Eukaryota	0.9989737648874559
0b2ea7ef289a392da1afb4516a28211f	d__Eukaryota;p__Amoebozoa	0.7026163800214562
6d631553beac39b80460832514b6f319	d__Bacteria	0.9387586027595817
14c5ca8e4eb8a0854076399a119a747e	d__Eukaryota	0.9999402565953444
b972ed92c5c71ea38aabf2db3b0bf5c5	d__Eukaryota	0.9999417180338583
f1ef319c7e29a4ff792efef2e29859d7	d__Eukaryota	0.9999679848792932
66ad2cb481083cf5a3923db69af8fb13	d__Eukaryota	0.758505589811221
9b6996bf9c2d7788637a83ebb7f3f4e8	d__Eukaryota	0.9999483368458401
2b7900e2ddd2488edd9ebca238a564b4	d__Eukaryota;p__Prymnesiophyceae	0.8900845499629382
af046c978ea07921ecda1469fd121d4d	d__Eukaryota;p__Mollusca;c__Gastropoda;o__Caenogastropoda;f__Caenogastropoda;g__Caenogastropoda;s__	0.9994477385597533
a6609aa2cc1e0c552b1bc6e5a7e87339	d__Eukaryota	0.9998412076143407
8be8d758430866d7bdbaafb86bd339cb	d__Eukaryota;p__Ciliophora;c__Intramacronucleata;o__Spirotrichea;f__Hypotrichia;g__Metaurostylopsis;s__	0.9550559179519582
cbb75c272e780913ce5e5b2f5d43eb0c	d__Eukaryota;p__Holozoa;c__Choanoflagellida	0.7297061186340963
1f20896588d6d24b5fa973be9d360b94	d__Eukaryota	0.9963675621549162
82f357fece8d3bdb716b5c905c85c32d	d__Eukaryota;p__Chlorophyta;c__Ulvophyceae	0.983905958252807
6b77129924bec2593b213783d74c48a5	d__Eukaryota;p__Cercozoa;c__Imbricatea;o__Imbricatea;f__Euglyphida;g__Cyphoderia;s__	0.9450217065962323
c7499dc03984c2ae04bd462c8d2bda92	d__Eukaryota	0.9995875225604951
67eb54b7331973e494758c45301a3850	d__Eukaryota	0.9996110316459154
daf879629860dfbf3374bfc0025bdead	d__Eukaryota	0.999985452011284
6279094b4e923db2f6a68722e9aa4c78	d__Eukaryota	0.9955268379044054
c86316360f5e5b5b765f75df80981870	d__Eukaryota	0.9999445447515588
746411bbc6f724476b4e1319c144ebfb	d__Eukaryota	0.999261430748371
700c43de9717cd01b81e6a1d83769dfa	d__Bacteria	0.9515295643406618
8a340bc64c2332463e52a7930e238e82	d__Eukaryota	0.9997388903431048
bfac43a49ffaaea8a4c84715ecff622e	d__Eukaryota;p__Holozoa;c__Choanoflagellida;o__Acanthoecida;f__Acanthoecidae;g__Savillea;s__	0.7457493000706935
60a7094c08472c6d31b64b5d394283e2	d__Eukaryota	0.9998388645651921
a0f092257ea3cfc41aa3044991a18555	d__Eukaryota;p__Diatomea	0.9603844484358143
8bc820aec1b7aed55257603acd71afc1	d__Eukaryota;p__Porphyridiophyceae;c__Porphyridiophyceae;o__Porphyridiophyceae;f__Porphyridiophyceae;g__Porphyridium;s__	0.803092177873763
fcae99725456a27e80df088586e76b50	d__Eukaryota	0.999378065919091
e050ea2e42e60836d5cf746875742052	d__Eukaryota;p__Peronosporomycetes;c__Peronosporomycetes;o__Peronosporomycetes;f__Peronosporomycetes	0.997157263197156
895ba833accfc118fa6dc2dffd7901a9	d__Eukaryota;p__Phragmoplastophyta;c__Embryophyta	0.7558148887381592
787b0b1b4d9ceff7a88a64019ac8a35b	d__Bacteria;p__Planctomycetota;c__Planctomycetes;o__Pirellulales;f__Pirellulaceae;g__Rhodopirellula;s__	0.732691501838981
b180bd27b5255c774f450dcc5980ae51	d__Eukaryota	0.8256311147240207
7c3b5bd11ef97d769e4368dc46b26109	d__Bacteria;p__Proteobacteria;c__Alphaproteobacteria	0.7176225080246612
f9a05b6028f8230d35e5d886791ce730	d__Eukaryota	0.9998940292767231
93c21429cf68a2e1fcfbd59362c17f28	d__Eukaryota	0.9719079221742031
44e67eafc5e20844da5e289c46724843	d__Eukaryota	0.9981376630268886
d98d8b3c640b925e3955cec2a4521f65	d__Eukaryota	0.9999901172798559
dfe748e05236f0543779289bc025821b	d__Eukaryota;p__Centrohelida;c__Centrohelida;o__Centrohelida;f__Heterophryidae;g__Oxnerella;s__	0.9088975536718313
5e4553470c687d20125ce3193ea0b540	d__Eukaryota;p__Diatomea	0.7265593845047132
b756d555f9615a44c42caeeeae734c1f	d__Eukaryota	0.9999021095020975
df1ff52a5fc859ad2cb24edf2382682c	d__Eukaryota	0.9998570493259806
99011430ba6fe9c71e04bcbca037f393	d__Eukaryota	0.9987271468067007
8197c949031328ffc14b623a970177c9	d__Eukaryota	0.9998975920891517
c5bd373a6adf44e0a044abf90ee5c698	d__Eukaryota	0.9904148625937395
5a2bbefe161cd3375c88b6c69b6b4dbf	d__Eukaryota	0.999817909839773
a4db64fefa271eb2202add0b6bd9b558	d__Eukaryota	0.9998205610780813
5d87030e0c1817f1d1c554c0df75a528	d__Eukaryota	0.9997973903933801
eb906e40731a782e598d0cc38c404f36	d__Eukaryota;p__Holozoa;c__Choanoflagellida	0.7442811217996699
4df971181c5fb7d44df2b73aa86e85ae	d__Eukaryota	0.9999717733523961
3e57587cb8f5e78cc2fbe899ab26e024	d__Bacteria;p__Gemmatimonadota;c__BD2-11_terrestrial_group;o__BD2-11_terrestrial_group;f__BD2-11_terrestrial_group;g__BD2-11_terrestrial_group;s__	0.9664885037439361
704b76ebee0bcd1b0a671e67d61620ae	d__Eukaryota	0.9952545901893994
dc2ead6da9f0254916b2157510054897	d__Eukaryota	0.9960100394438798
c701ebc3e0592f1d93c7a4d1bb012c86	d__Eukaryota	0.9992312171531634
5ed3d65597eaea2a9907826fe5247839	d__Eukaryota	0.9930133624272428
dbcb882d3186a2a60e00698896d024f3	d__Eukaryota	0.9992937496544205
ae8851b8ca39c33b3679cedc06df7828	d__Eukaryota;p__Dinoflagellata;c__Dinophyceae	0.9125705665827663
2d84d852ecc9495a579a7f9795093723	d__Eukaryota	0.9681379671935719
ed0929ecaad16fecdbe55f1cdf5babfa	d__Eukaryota	0.9968413719047948
90693eab725601515dc8fbbfa01f65b3	Unassigned	0.9035800920350541
cdfb706dd2be4bbbeb91df66814d4eea	d__Eukaryota;p__Ochrophyta;c__Chrysophyceae	0.7370619786716105
25823aa438cd94bbb6b55cd0c242364c	d__Bacteria	0.7211362174836259
7dfeca3e4b60172fe8cf592bb4f29780	d__Eukaryota	0.9992341363225961
165077c587353dade00ac31bb9e95f57	d__Eukaryota	0.999821232922529
1a55efa5244fa98df10279d21c0eb421	d__Eukaryota	0.9999595460558807
384067cf0bf24eb297f405624d50400c	d__Eukaryota	0.9199074003543901
007b10c0b915f30f555fb4e42ca63935	d__Eukaryota;p__Cercozoa;c__Imbricatea;o__Imbricatea;f__Thaumatomonadida;g__Gyromitus;s__	0.9781815070435143
9d303341edfee6d549292e7027ca5ef5	d__Eukaryota	0.99997977443022
5bdb066572305db0ca06cde97a4a0f6b	d__Eukaryota	0.9945141729377205
a26a0ff6073503807b6aaa865221a31b	d__Eukaryota	0.9994440219781018
724208905d8c2f653fc0c9eda04e4720	d__Eukaryota	0.7763505764446984
7df256667ed63acb559a5939c50603f4	d__Eukaryota	0.9982878883353453
c62395fbea0ef5a63e4d1a3662ac8ef7	d__Eukaryota	0.9902910422727903
75b3120c9f4c8749d68ef8fd8a288fe4	d__Bacteria	0.9596736335201526
34a2c911be3e01e9ecb022f2f5eaa9ba	d__Eukaryota;p__Euglenozoa;c__Euglenida;o__Heteronematina;f__Heteronematina;g__Petalomonas;s__	0.9592279190484772
8226c50d87126c3f7e870c31a5df402b	Unassigned	0.464762953137688
5c37ef3a3c5f14f4ee25333ae955148e	d__Eukaryota;p__Arthropoda;c__Malacostraca;o__Peracarida;f__Peracarida;g__Peracarida;s__	0.9059981394667664
df98636fd85737ac52af35b70523e5cb	d__Eukaryota;p__Cercozoa;c__Glissomonadida;o__Glissomonadida;f__Glissomonadida;g__uncultured;s__	0.7049247936975747
aa531f7135e0ce289f61abafe8bf7a02	d__Bacteria	0.9070081435739886
9a1fee2e8ec3c2eacc8fff154834ba10	d__Eukaryota;p__Ochrophyta	0.8163957617352378
e3ffe60775e7222c0f6d602bada0f7b0	d__Eukaryota	0.9994131985253318
63d7112d4f5c8010399ffe9d096443cd	Unassigned	0.4916457698568123
a4799609460e1627eeded7894da716a3	d__Eukaryota	0.9993621083313637
2f1ef53c2b2544224fef6b7da9c726b1	d__Eukaryota	0.9999623631527466
de3d99cea22b89386bcc31caf6e335ef	d__Eukaryota;p__Chlorophyta	0.9799852418106036
b74f815351d2534b84255d6c35588a46	d__Eukaryota;p__Ochrophyta;c__Chrysophyceae	0.767406365913012
aff3916813ab614567a8f6ddf638135e	d__Bacteria;p__Proteobacteria;c__Alphaproteobacteria;o__Acetobacterales;f__Acetobacteraceae	0.9069833161881915
06ae92ca1a672a1cf1406b33391be4a8	d__Eukaryota	0.9991783649400603
38161c75f59fc658e9fb32195f85e5d3	d__Eukaryota	0.9989417130673517
b9a0a88280463ddd2484773197f20edc	d__Eukaryota;p__Euglenozoa;c__Kinetoplastea;o__Prokinetoplastina;f__Prokinetoplastina;g__Ichthyobodo;s__	0.9087183139329428
f5f1f9a3c7ba09e61c6c1bebb9712093	d__Eukaryota	0.9977545597778894
cebc6b4b9f4a7f9216b0c7916763a527	d__Eukaryota;p__Ascomycota	0.8729317928591459
f03934cf23bdc9a5e8ae626a25ea0a5a	d__Eukaryota;p__Euglenozoa;c__Kinetoplastea	0.9999005289747903
5077b9a5546a07f1e7ad17beb279f6d6	d__Eukaryota;p__Arthropoda;c__Maxillopoda	0.8909681047172078
8811a441aa5ea3dafaa39b7277ae3340	Unassigned	0.40464545461807966
19f9ebc5c01a2b7e5d6f27d7715cb5fd	d__Bacteria;p__Gemmatimonadota;c__BD2-11_terrestrial_group;o__BD2-11_terrestrial_group;f__BD2-11_terrestrial_group;g__BD2-11_terrestrial_group;s__	0.870316891936533
0103d7ba4e2f531131ebf15bfbbda792	d__Eukaryota	0.9869788857755537
a0ac47a21872b3506c2b3a7924b1ddf1	Unassigned	0.5411280977169092
c51d3cd7f019e9304cd927c089722ea0	d__Bacteria;p__Verrucomicrobiota	0.729925400003117
71cd54ce4260415ec39b5cf418f875ff	d__Eukaryota;p__Ciliophora;c__Intramacronucleata	0.7125855042740956
13aab5aa01febf1d5ae683c82a1e899f	d__Eukaryota;p__Euglenozoa;c__Euglenida;o__Euglenophyceae	0.7291372919644498
bd13add551be0218f8e3b303a22c67f9	d__Eukaryota;p__Euglenozoa;c__Kinetoplastea	0.9955851668745193
2a0b532e120bf9b30a46e319f328b96d	Unassigned	0.8684928766374653
54bc1e36ddd9c076da32915863e0e2bc	d__Bacteria	0.8119937873530719
dcc7d94581b837666ecf622b6aa86a00	d__Eukaryota	0.8893859217820287
fcac52bee7e73c9fe51b570e43fad02d	d__Bacteria;p__Nitrospirota;c__Thermodesulfovibrionia;o__uncultured;f__uncultured;g__uncultured;s__	0.7663576201017458
445087bbf42ea77b9c56379972dfe733	d__Eukaryota	0.9998522583198397
326bd9d04132c1ee0b527cf8d50099e6	Unassigned	0.41827385918850757
d7b32b9520aecfd7723d38bb6a202056	d__Bacteria	0.8621003498878194
3237c5ecf82ecbcf77bef6b3fc7033be	d__Eukaryota	0.9887734971578485
31054171f01195a685f762bba07eedf4	d__Eukaryota	0.9994799274145326
81bdfa4956e20786433b7dc8f6cfc50f	d__Bacteria	0.7674440158261937
aca8dec2a64ebdb16e5af97a355324b3	d__Eukaryota	0.9992213792766154
19f1ae59f662f742b40fdcab2d0fa70f	d__Eukaryota	0.9981786602733449
176110f2426e1dbbb55cedecc372c50e	d__Bacteria;p__Planctomycetota;c__Planctomycetes;o__Pirellulales;f__Pirellulaceae	0.7807470851569587
f4d357f838414b157d34b257ddf8930a	d__Eukaryota	0.9996556070046199
3b7c5751893f8f8ef480aa69b131de6c	d__Eukaryota;p__Euglenozoa;c__Euglenida;o__Heteronematina;f__Heteronematina;g__Petalomonas;s__	0.9954835078113412
f678c1bd50e29bbc22d4df9ac6883c50	d__Eukaryota	0.9729737617785623
64f9ff9c6c33c981bae4e6e317c026f9	d__Bacteria	0.7283904230295436
2a8fcf4ca6afa33d59946d51fb105302	d__Eukaryota;p__Dinoflagellata;c__Dinophyceae	0.8254116216374581
ab6f3d8fd7f40c7401372053932f97cf	d__Eukaryota;p__Peronosporomycetes;c__Peronosporomycetes;o__Peronosporomycetes;f__Peronosporomycetes	0.9914045903093905
403d0af4ae5ed42aa4007a03fee962de	d__Eukaryota;p__Retaria;c__Foraminifera;o__Rotaliida	0.9842288905474343
573fe417255b3caf6e60aa776211caf3	d__Bacteria;p__Acidobacteriota;c__Subgroup_26;o__Subgroup_26;f__Subgroup_26;g__Subgroup_26;s__	0.9320938248685064
ea374eb9f4360c69108c9b639bd3f94c	d__Eukaryota	0.9997266419134972
47be0a43e2a15a2d459dcf7a033da5b6	d__Eukaryota	0.99936031613214
b88db4cbd7f56d108e3e683d11be2f18	d__Eukaryota	0.99946312674301
db2971890216102b5b5b445e43aa60ac	d__Eukaryota	0.9999121006238372
54feea4dfa5557bfcc371fe561890ac7	d__Eukaryota	0.9924232949597902
0548449db4990af2da378fae2be3a2cd	d__Eukaryota	0.9991088423940141
8a6f39ef181999130f78f87079507050	d__Eukaryota;p__Chlorophyta	0.7158131205486531
13473f5161f68775b68deec39cd7d71f	d__Eukaryota	0.9993168664263391
3d1338fdb991e7d13897700e42dc6b05	d__Eukaryota	0.9999579189178955
75d843b420b3545fecab10de1d6be693	d__Bacteria	0.9991690412939505
4f7c2c393f66d4a7c7fa16063e3c5956	d__Eukaryota;p__Centrohelida;c__Centrohelida;o__Centrohelida;f__Heterophryidae;g__Chlamydaster;s__	0.794053222554068
431bf1b52556519be0a71c90c6bf2664	d__Eukaryota	0.9787368138280599
1e3de7855035ecd1eade1a8595b8c61a	d__Bacteria;p__Myxococcota	0.7504221037935623
2eb6562b6e9491e21f9c658d44bfd1b9	d__Eukaryota;p__Phragmoplastophyta;c__Embryophyta	0.7423530362802244
1c954ea8a1207dedd837aae7180e371e	d__Eukaryota	0.9995448298819776
b070b4d26c788b1addb0eafc7b8a4116	d__Bacteria;p__Planctomycetota;c__Planctomycetes	0.727022568694062
8030f3ce595ae570c0f1515fa20a7fef	d__Eukaryota	0.9825917234541041
a04dcd085d74ef5f0dc858976796054a	d__Eukaryota	0.9994836172268673
6d208b64e76192dc7ffb725d0568a49e	d__Eukaryota	0.9994420588264852
dfe2da212b39f41ae2c4a776bfdc4d74	d__Bacteria;p__Planctomycetota;c__Phycisphaerae;o__Phycisphaerales;f__Phycisphaeraceae;g__Phycisphaera;s__	0.9739175691126103
882d8eff3ddd6d04d49f335ed0d7c754	d__Eukaryota	0.977485037350249
ba2dac5e5bd6c4028529028a9f9434c1	d__Eukaryota	0.9903335806635902
af85f17bfbac4c6962fdf950b8523522	d__Eukaryota;p__Nematozoa;c__Chromadorea;o__Monhysterida;f__Monhysterida;g__Monhysterida;s__	0.9260788174580099
9b54b1ad6d7c69f75d6e4d842233d9c3	d__Eukaryota;p__Amoebozoa;c__Tubulinea;o__Euamoebida;f__Euamoebida;g__Hartmannella;s__	0.9501191234269797
30f3a378f23f6d59a5f06f4ad7a0a4cb	d__Eukaryota	0.9991582259259453
2e2b29cf8f2f90d464629ad2f0c72766	d__Eukaryota;p__Euglenozoa;c__Diplonemea;o__Diplonemea;f__Diplonemea	0.7809524606583124
4c6f0240a6564f630d57e629523fda4f	d__Eukaryota	0.9996952609762927
dd295ff07348a2c17ca6688a343fdd63	d__Eukaryota;p__Ochrophyta;c__Phaeophyceae;o__Ectocarpales;f__Ectocarpales	0.9042271028056517
9f0ce2d91eb7fae71a10a27490b51ed6	d__Eukaryota	0.9993265196358487
0f224ce2af1f0f89f6f70b39c48e57dc	d__Eukaryota	0.9998949887730344
ef6244effaaf207ac5722ac028c28459	d__Eukaryota;p__Euglenozoa;c__Euglenida;o__Heteronematina;f__Heteronematina;g__Petalomonas;s__	0.9923157225190595
a0e6ad06d92dbdc7de855819b7015856	d__Eukaryota	0.9976947926370177
b466ada8a7491607196acc78a2322eda	d__Eukaryota	0.9063175338336888
9b4d9c0f7b0119f7b490545c20365abd	d__Bacteria;p__Acidobacteriota;c__Holophagae;o__Subgroup_7;f__Subgroup_7;g__Subgroup_7;s__	0.9045508730084817
bc505b0c8fb0e2b5bc41ba352f385321	d__Eukaryota;p__Prymnesiophyceae	0.7015981634244792
384520566e87953b8ac60dee98fea154	d__Eukaryota	0.9992215722971982
10f4fb0d5904313ebd3c396ec158767e	d__Eukaryota	0.9978460908238296
de639011d942f767b9fac5dc71ddb03d	d__Bacteria	0.9682141628633109
ec12228eaeb22af0e8a99668c3717f6f	d__Eukaryota	0.8796219389392537
bcaa457d42a9d69e15139c6b72120164	d__Eukaryota	0.999422140874799
9bc8af1a77201db1cb5faa1d1012f4ef	d__Eukaryota	0.9923542038289676
eca0a5048daf99bbe485db00bb8ee76b	d__Eukaryota	0.9745289413308817
46e8cb501c959f4a41fb97803fa5b311	d__Eukaryota	0.9989951673608576
dbf36ca4e15a572bd426191e18325a0a	d__Eukaryota	0.9862042244715478
543312800a03bc36068ca12f2b25afbb	d__Eukaryota	0.9670079884030518
a67b6d149875b1e74240945edf710d4a	d__Eukaryota;p__Cercozoa;c__Imbricatea;o__Imbricatea;f__Euglyphida;g__Paulinella;s__	0.9248684467169099
83fa27a8a631d508bdd3a2c82c994163	d__Eukaryota	0.9999444657481171
3b58723bf935da376a63df3373a72bdd	d__Eukaryota	0.9999150526700367
9ffefce9d8dcd3e9ea151b69f09d9e38	d__Eukaryota	0.9619986085756627
7740e715803c5e557249995345fddff4	d__Eukaryota	0.9520097745832018
2d9739f80951b2476d4665fbc9613603	d__Eukaryota	0.9989713708425756
15ed02496792956e9b4a766d561cecea	Unassigned	0.7672740532134319
85ebaf2ff4fa887b1d51c203e1823288	d__Eukaryota	0.9962498848822827
9fc17c5f6bf2da6035f4a0942f0b87a0	d__Eukaryota	0.9996151055775405
41f9dab77a530707587bbb5dcae26552	d__Eukaryota	0.9997560942944151
ed6bc6e644e0db9fbb48f1662b6b93c5	d__Eukaryota;p__Protalveolata;c__Syndiniales;o__Syndiniales	0.738824035834942
3d6b447c4e93251eb3ee25647da38231	Unassigned	0.6413356967036778
4817dafb3eec5421b762445bfe95cbb7	d__Eukaryota	0.9943387439797051
1eb0f19c2f570e66e53433a222db0eb6	d__Eukaryota;p__Arthropoda;c__Maxillopoda;o__Calanoida;f__Calanoida;g__Calanoida;s__	0.8566271720085726
cae40d308fde25ab6c2ed92b8e9b3538	d__Eukaryota;p__MAST-9;c__MAST-9A;o__MAST-9A;f__MAST-9A;g__MAST-9A;s__	0.9974053154004732
bc8ed81420b956b5b384c1156af06c01	d__Bacteria	0.8548392616770615
c7159a82c6e96118f5a48fd71d5bf88a	d__Bacteria	0.7980234904423444
e970e3a5c81043b72ccdf20fc5fb5d77	d__Eukaryota;p__Cercozoa;c__Cercomonadidae;o__Cercomonadidae;f__Cercomonadidae	0.7792439296306087
b60955152836c10a0098ad4757f7f78e	d__Eukaryota	0.999972976349959
7fae9ead4b935b389ac479eb52753da0	d__Eukaryota	0.7839382756409521
84bdf2c21f18b237b2397fcd8ff97308	d__Eukaryota	0.999722676746743
0d5137dcbacd1fee84320f2f40a87e2c	d__Bacteria	0.8100603603115983
7d1138cd75134539df3c30c6b63e04df	d__Eukaryota;p__Protalveolata	0.7021541206804461
32868a92038ed81890a3743dd7ac3481	d__Eukaryota	0.9990461382617419
36adddadd6d409e4416df0981607b7bc	d__Eukaryota	0.9958013340401463
37a56f160d2d7fb3d2b4cfea7ab49f16	d__Eukaryota;p__Apusomonadidae;c__Apusomonadidae;o__Apusomonadidae;f__Apusomonadidae;g__Planomonas;s__	0.947802586873082
c0ebb495d2604c71c1dbefb1ced47dcb	d__Eukaryota;p__Protalveolata;c__Syndiniales;o__Syndiniales;f__Syndiniales;g__Amoebophrya;s__	0.7702561454920799
7defe8676a0f9f4d32c026f9e79afc7a	d__Eukaryota	0.9999627340192314
b522b387318eeee97e58409840f8c983	d__Eukaryota	0.9980116781339622
ea2486d7fa29935be41e74d4127ccd7f	d__Eukaryota	0.9986881222053099
f1f7615bf8099709ae23a5974211477b	d__Eukaryota	0.999277420660252
df82abbcaba5ca2b695773947dd4bdb2	d__Eukaryota;p__Ciliophora;c__Intramacronucleata;o__Spirotrichea;f__Hypotrichia	0.8895843986109855
105a13f5dd7a0b6b9464493dee0453b4	d__Eukaryota	0.9981883070234017
bc50f5ec51d9af415f860bf0b9cbfbcd	d__Bacteria;p__Verrucomicrobiota	0.7341307483033503
ff56aad618c4abc87eb7914b2323187e	d__Eukaryota	0.9987649109938687
5143f7bb308f8aa9973555a70e1bc176	d__Eukaryota	0.9976433669460737
e90e74bb5b5e54153b0046dfbb4af942	Unassigned	0.8851429017076761
b525c1166046781f767b24380a1121ed	d__Eukaryota	0.9996632200127513
5218123e07f4f5a0507733e670adbcaa	d__Eukaryota	0.9997644914394952
480dc4722743f01ed0c6357553e64aa4	d__Eukaryota	0.9998814937469822
5a56d4058014da1c935fce7cd7ab0907	d__Eukaryota	0.9998894151814861
a9f6fb70f3971775414161b2d5dfca77	d__Eukaryota	0.9999628425656668
def70597db7ea4fdcc8e087a6d7c9e0e	d__Eukaryota	0.9984706229767379
b17157654783750c404b07ac5edce0d8	d__Eukaryota;p__Euglenozoa;c__Diplonemea;o__Diplonemea;f__Diplonemea;g__Diplonema;s__	0.8361464962448415
20b138f3cdd08e26402f3965083152d3	d__Eukaryota;p__Peronosporomycetes;c__Peronosporomycetes;o__Peronosporomycetes;f__Peronosporomycetes	0.7276995330319926
898d179e5cf9ad8cf4990b2c5c58f606	d__Eukaryota;p__Euglenozoa;c__Euglenida;o__Heteronematina;f__Heteronematina;g__Petalomonas;s__	0.897174570911919
a65b28e89279e61a50dc5c006fa44ce4	d__Eukaryota	0.9994281578320908
148fffbe6e41d26322317fe6133c9227	d__Eukaryota	0.9998304213677895
09240aa70bcda37031b63b69bf8c5756	d__Eukaryota	0.9085608773437719
7a8988abcb245fe55485a15f28baeae9	d__Eukaryota	0.9947776110541957
dc6310354e2fae5b7829ae8f39126da5	d__Eukaryota	0.9994807964472919
5ab73c1c9eb861d64496c9bdbd4110a1	d__Eukaryota	0.9998473151489952
6377097f741acc2e2cae09aa948ab2ed	d__Bacteria;p__Proteobacteria;c__Gammaproteobacteria	0.9770052915239278
bea45d6f9938a8c6cb857f7f2f726de6	d__Eukaryota;p__Euglenozoa;c__Euglenida;o__Heteronematina;f__Heteronematina;g__Petalomonas;s__	0.9945547570097257
4e88bd87b2c4666a72b852d405a58cd1	d__Eukaryota;p__Cercozoa;c__Incertae_Sedis;o__Incertae_Sedis;f__Incertae_Sedis;g__Reticulamoeba;s__	0.891116886247384
1dad9144dde712b07ae4f3cec689d82b	d__Eukaryota	0.9984956863356912
9471fb611010821d2f3ed57ae4a59a7a	d__Bacteria;p__Desulfobacterota;c__Desulfobulbia;o__Desulfobulbales;f__Desulfobulbaceae;g__uncultured;s__	0.8701318832457644
34767d942191f5e409c5169bf902e915	Unassigned	0.70653442210244
5586fa1d3b8cf624eac64124dcfca7eb	d__Eukaryota	0.9849293297056889
9a07310e5aae49e866aa1eca16393daf	d__Bacteria;p__Desulfobacterota;c__Desulfobacteria;o__Desulfobacterales	0.7418631767566174
a77c9018a0c3059aa8526e26703eb361	d__Eukaryota	0.9999169629986717
c51dbec134706843487b81bec34696e7	d__Eukaryota	0.9997634589448663
09c067351b0c0e541bd404af7c566a48	d__Eukaryota	0.993460782239035
8f4cfad94fd42053719231f659378608	d__Eukaryota;p__Diatomea	0.8150118154367413
713e05c8c77c9abbed5d16a6bda09fd7	d__Eukaryota;p__Chlorophyta;c__Trebouxiophyceae	0.7630235496550504
1598f05afb2bca36db79e78a6fab51b3	d__Eukaryota	0.999469399155849
8f7ff3cbeeb209fd0ed8bf41997b2177	Unassigned	0.9166402072617716
4628d0ec4c94359be204c57c7ea80aad	d__Eukaryota	0.9981751082089811
f9f45df5dd00efff4bf8c45cc8dd83f8	d__Eukaryota	0.9999269966954512
76fa5c8afe768a6dde82620a7f829cca	d__Eukaryota	0.999696320384079
473044f1a0f1f954b892c908e9ba344c	d__Eukaryota;p__MAST-7;c__MAST-7D;o__MAST-7D;f__MAST-7D;g__MAST-7D;s__	0.7310674946722665
f1b9f5a62be314aea0fa47ec3cee11d6	d__Eukaryota	0.9425958985142512
4032c59207250be041143890ce404781	d__Eukaryota;p__Diatomea	0.8631568484039475
f241a50d90a31f3cfbc3a3f07ec2bb8a	d__Eukaryota	0.9946600404292796
913f15c6e7cce1cbc3ba6b918804dbc5	d__Eukaryota	0.9999599539124743
4d214cc8735ddf80fe9af8566c948e0f	d__Eukaryota	0.9998011224983882
1dcfebd052cb9a515449751ec9e5ea3a	Unassigned	0.8179835729128764
906b2411262dcc8d89068dd5ed9ebf62	d__Eukaryota	0.9997509372221333
6520b11a69c389efd4db06c81432da8d	d__Eukaryota;p__Incertae_Sedis;c__Incertae_Sedis;o__Incertae_Sedis;f__Incertae_Sedis;g__Developayella;s__	0.9682239360149966
9e78e0067dd666af4c9b6c8059b987fc	d__Eukaryota	0.9979333244456172
d654f08e8ec76762922677ed09d6f299	d__Bacteria;p__Planctomycetota;c__Planctomycetes;o__Pirellulales;f__Pirellulaceae	0.7643098897140218
6c1029647f53c2b6ed40c804298e83b0	d__Eukaryota;p__Protalveolata;c__Syndiniales;o__Syndiniales;f__Syndiniales;g__Duboscquella;s__	0.8821793075571619
a5ed8766f953d6748f2cf5483f6b83f7	d__Eukaryota	0.9997502624089751
6a7a8d308517784a0d0c68e4d80609f1	d__Eukaryota	0.9900698132272473
269d756ee21c1fcd2fb5f25c2af35d77	d__Eukaryota	0.9942010063746207
857e09e22b50ee9a366f5390f9285bbc	d__Eukaryota;p__Ciliophora;c__Intramacronucleata;o__Spirotrichea;f__Hypotrichia	0.9141886135386907
58b9595d8cf6057d71dad10cbf270506	d__Eukaryota	0.7646845184925866
5b05ee27c57eccdd54116cef15190e68	d__Eukaryota	0.9514663858156127
11a83c357522245e0f81e12b84df5018	d__Eukaryota	0.9999621272033383
e8507660bcedd9fc2a33c4a8e9f66738	Unassigned	0.8461685108859685
eecfc7a2a0c269ae99e62996fd114538	d__Eukaryota	0.9999949895381082
168f533637d34e28f401d85ae67c4145	d__Eukaryota	0.9999038820206421
885ad28686c1e1a40a16ea24bced1876	d__Bacteria	0.9246429753239914
bea482d59397b70379e5e816e959647a	d__Eukaryota;p__Ochrophyta;c__Chrysophyceae	0.8674969714190622
96409d3a1d7c9c2b6fc35515a4eaf7c8	d__Eukaryota	0.9969860297196549
b282480fac5bf40fa289c2b30aeeaa83	d__Eukaryota	0.9859408944024387
2e3a9f838f0692876b6f86ef6f522252	d__Eukaryota;p__Mollusca;c__Gastropoda;o__Neritimorpha;f__Neritimorpha;g__Neritimorpha;s__	0.9983704803748071
3c77904d7a2d5e64a9fc18385bb206ad	d__Eukaryota	0.9780013998009911
619599e40044d7a0e499a63c12e210ee	d__Eukaryota	0.9981500416614701
0fc17f5d5272b2cf6da19c5709ad2083	d__Eukaryota	0.9999682512824397
bac750b13e1840a8f74298e04ce033b0	d__Eukaryota	0.9969923520704026
9e043aca4cd15d862b9f1383e3ab65e2	d__Bacteria;p__Verrucomicrobiota;c__Verrucomicrobiae;o__Chthoniobacterales;f__Terrimicrobiaceae;g__Terrimicrobium;s__	0.8660586284839796
3dfb77d55872cd4f17e8b3a75386c821	d__Eukaryota	0.999979674759468
ba9ccdded7856af7313e4d9b596baaa4	d__Eukaryota	0.99816473264272
50b806a1ca9c167db9a57ba378f2bb69	d__Eukaryota;p__Myxogastria;c__Myxogastria;o__Myxogastria;f__Myxogastria	0.8817220821480122
ac3b0a9e520ee93a7fe17a209d44aa0b	d__Eukaryota	0.9979598351632022
82304c360c92577791423d54b029b0cc	d__Bacteria	0.9711088847905168
09fd0340203c3407a5921f0241d155a8	d__Eukaryota	0.9003737423878676
0df39579535b59794ee18ffbedf5fe5d	d__Bacteria;p__Proteobacteria;c__Gammaproteobacteria	0.9876078180597292
18cd163cceb96138eb08b8155ae2ea49	d__Eukaryota	0.9998137494150565
a23e2e49419baecf174769ae808e3e6e	d__Eukaryota;p__SA1-3C06;c__SA1-3C06;o__SA1-3C06;f__SA1-3C06;g__SA1-3C06;s__	0.7105232226110637
1b5f5b946a072c98cd116203b0dd3ae5	d__Bacteria	0.7816247460192478
015155602d9ce5798709655439c9c95c	d__Eukaryota;p__Cercozoa;c__Thecofilosea;o__Cryomonadida;f__Rhizaspididae;g__Rhogostoma;s__	0.9428785302306051
dcbbfdee8cc2166a788864b7050658b4	d__Eukaryota;p__Euglenozoa;c__Euglenida;o__Heteronematina;f__Heteronematina;g__Petalomonas;s__	0.972056337704327
fd913cc8e9f6b26df5e1019bd23d9d61	d__Eukaryota	0.9999689040299204
afdbd52986a692269a46c73c471f6b9a	d__Eukaryota	0.9993043042298705
aa72db618f63a658d190f19fb299e1e7	d__Bacteria	0.8073226823624504
9b45e366320cf64a714c435a4740dec0	d__Eukaryota	0.996682218103069
4cce5114cbd38b6b93b4996ae3cc9e24	d__Eukaryota	0.9636539098950918
e1a9defec62cf1edf052b25fe45409f0	Unassigned	0.32034578201175135
8c948ee9f1891d989046760eb3cf1f49	d__Eukaryota	0.9931443301154289
131b7941e62ef0df1450046cb881a1aa	d__Eukaryota	0.9912563357858322
37109be2c541a3b99fa4929f0ada8378	d__Eukaryota	0.9992918334803929
b61b91cb3839f4017b3b084b665e7d5f	d__Eukaryota	0.9992248163146156
46efd516cea31b23b05ef657ff00a87d	d__Eukaryota;p__Retaria;c__Foraminifera;o__Tubothalamea;f__Miliolida	0.9186218756264725
9a24a2c59328583a8b21374141e13752	Unassigned	0.395824199496833
29bb4c0b1838be69f43ece2ec07f4333	d__Eukaryota	0.9979349067527644
eec20cb3da2ba938c078ff437cdd4dd6	d__Bacteria	0.7308063446386918
098ac0f12a18186fedebb3b280c7e881	d__Eukaryota	0.9989654295319615
36e0f7b0695110b40c2715b046414fc9	Unassigned	0.38433743580116286
c2ec87d61fe0fec7f57a21d76b710e97	d__Eukaryota	0.9980083358383514
4304940b9fb53f6570fc355bb339fbff	d__Eukaryota;p__Chytridiomycota;c__Chytridiomycetes;o__Rhizophydiales;f__Rhizophydiales;g__Rhizophydiales;s__	0.7662084932270053
6e88e464ed6cafbab7f575755ea93dbc	Unassigned	0.5543901812552844
a938598f297e87bb6136f529c6ff5f8a	d__Eukaryota;p__Ochrophyta;c__Dictyochophyceae;o__Pedinellales;f__Pedinellales;g__Ciliophrys;s__	0.8193112682178673
44a28d48d3ad69345659551bf013658d	d__Bacteria	0.8670348584992182
60fe033d71b12905ec05d264fb3a6f1e	Unassigned	0.5257608050236632
db83e4db8666708d375ed439fa81531a	d__Bacteria;p__Bdellovibrionota;c__Bdellovibrionia;o__Bacteriovoracales;f__Bacteriovoracaceae;g__Peredibacter;s__	0.7099067578508396
03c892d289c2d981bed4e70a68fe9cd9	d__Bacteria	0.8293852484616032
28f26222b1832e4ac992d7fce091f790	d__Bacteria	0.8672112055198107
e587e28fc795a03a834a993bafe89d81	d__Eukaryota	0.977363327011979
71391a7457f90998e00632bb978179da	d__Eukaryota	0.9897513159683334
31cd50fa8b0afc287c329efa2a27c3eb	Unassigned	0.9276105601042763
d0c228e8035656e0198c26ddab988942	d__Eukaryota	0.9994379659059922
f2f49e1b504700c7e517030eb3bce26b	d__Archaea;p__Asgardarchaeota;c__Heimdallarchaeia;o__Heimdallarchaeia;f__Heimdallarchaeia;g__Heimdallarchaeia;s__	0.709451168176337
e0832c793be1ca156819aebb3bf25c86	d__Bacteria;p__SAR324_clade(Marine_group_B);c__SAR324_clade(Marine_group_B);o__SAR324_clade(Marine_group_B);f__SAR324_clade(Marine_group_B);g__SAR324_clade(Marine_group_B);s__	0.7597106602230226
0179fbc8b52b4aad91f7e7c8964d41b9	Unassigned	0.3783295322714664
9a0b355ce06598647193af4e3e26738b	Unassigned	0.5055096299310621
19ddbbe2e8a09de9ec385d5dc6f05c00	Unassigned	0.9437667288110239
0d52857033f86d661281a1f73d2c5579	d__Eukaryota	0.9999501068727852
913bd9ca4fe93c67276636657d74f699	d__Eukaryota	0.9980469790912194
538d9d9ac7833c84fbcabf3d45d06b6c	d__Eukaryota	0.9998622176811316
fd2ef8ab4c24e60195a71965174c67db	d__Eukaryota	0.9895402013306953
afd2e798cd1afec408e203efa8e422ac	d__Eukaryota	0.9758037687527064
1792eb63d29a093d537a0b7196108a8a	d__Eukaryota	0.9374204513162951
6ba4341bbe8e5b46c219ad78faac53a5	d__Eukaryota	0.9980929901003572
474c52591784dbda6f313a5a2023b748	d__Eukaryota	0.9988170957622875
04db253da615e4c57e6d76488eaf87be	d__Eukaryota	0.9473799522057189
7f8cde84613ecf241de49ab67972f515	d__Eukaryota	0.9996248689642482
784375371f2de80166c32a63ad78b179	d__Eukaryota	0.9974843870706018
b2badb4161a48ef895c3e1eb2fe74293	d__Eukaryota	0.9947875846206409
71f8501777499e7ae8a255148fd85a1e	Unassigned	0.6730693549008483
3e7888c3f71d0c475157c134004ca3e3	Unassigned	0.6846750344286736
6c1bc5027b9d0a30b16bdcf86052816f	d__Eukaryota;p__Diatomea;c__Coscinodiscophytina	0.7516651155123929
b646404b9ab46230b69b333fea3189a7	Unassigned	0.514315959484712
111ba913b0315ca5fa7086c7c6eadf2a	d__Eukaryota	0.9996235056216234
5408a95cd92eb9878abd91ee0e84c184	d__Eukaryota	0.9999068425053419
85119eb924b071bc6a24dffe0f116e67	d__Eukaryota	0.9999004048876481
ce0a257b700fd65bca3be7eee6972ad3	d__Eukaryota	0.846752832624517
1090ccc7eeedff34b25668c5a83aa7e2	d__Eukaryota	0.9998564769674961
56876ac94494ff48a1dc89ccdd9beb2b	d__Eukaryota	0.9998482620839098
49647f649c73ea115cb18461d7f4d482	Unassigned	0.7335836151692059
439fb7c624a1c1f5c3c67e421fd9ae5f	Unassigned	0.8399978736746297
c8066d6e39e120b7d79adfdf3631670f	d__Eukaryota	0.9997971671048603
825d5b6dce26d5b2c5c1e73723650b17	d__Eukaryota;p__Euglenozoa;c__Diplonemea;o__Diplonemea;f__Diplonemea	0.7744029078111201
3c7a15f79a9072f8eebd1f0491b65ca9	d__Eukaryota	0.9996944088798964
e77b84f08bcdbed4d8f7fbd1d50e6ca7	d__Eukaryota	0.9706025221926609
a79cd66714db3d6bfc075efd7a1fe36e	d__Eukaryota	0.9829420300394498
1810d193df384c164d688c410e72b136	d__Eukaryota	0.9780422269706557
e612b4835419b6db0c8cf3b3c80ed1f2	d__Bacteria	0.863974884387065
f54f414e00fade80f77d7c2291e7eb4b	d__Bacteria	0.8021371671727933
9951b421070d1f37ce689444d5cb5feb	d__Eukaryota	0.9997577717568541
b40c9e7ca20c4cc34de997bef311a00e	d__Eukaryota	0.9992296444792843
e2782439c3b3ff13ce1df2b289c0a079	d__Bacteria;p__Planctomycetota	0.7220216784687336
71a8e8fad333b416804e194daddec52d	d__Eukaryota;p__Diatomea;c__Mediophyceae;o__Mediophyceae;f__Mediophyceae;g__Helicotheca;s__	0.9697434097744306
f2eafe163f96581acaadf2fd0ddfb315	d__Eukaryota;p__Phragmoplastophyta;c__Embryophyta	0.7146604621249396
3bb2d4c37b662a8adb946cfe31720671	d__Bacteria;p__Patescibacteria;c__Gracilibacteria	0.7025539729172281
ad181bce871cefd6407003c5f223ec98	d__Eukaryota;p__Peronosporomycetes;c__Peronosporomycetes;o__Peronosporomycetes;f__Peronosporomycetes	0.9582177842711712
b8f17e6487f75e9f7dc61568001b3e7c	d__Eukaryota	0.999833613129852
a059f763bce3be0250706fcc1fe4ec0c	d__Eukaryota	0.9136747211553735
427126240c3e62a904412ee4634d93cc	d__Eukaryota;p__Chlorophyta	0.9412389407417041
7c1919cdffa02dfcb1faa48b6207a09e	d__Eukaryota	0.9991726249071116
4e9827de542a82a2700796954f5bf319	d__Eukaryota	0.9440796324308742
dbc084fa0f44883c2f073520e7b7fc16	d__Bacteria	0.8824977607892989
4e75844e0b1dae3d6c59b39da1daf60b	d__Eukaryota	0.9994474612244997
9ca9ad26a8bba5b2bbc1f861d43d39a5	d__Eukaryota	0.9995446275030995
42dc537459a393a3e357e56cd3eb2321	Unassigned	0.8290519393324088
7369960c098913c7075d0fce60efab2b	Unassigned	0.9196323221165131
09666110457009bbf7eac0d8ea1f025d	d__Eukaryota;p__Ciliophora;c__Intramacronucleata;o__Spirotrichea	0.7363793292992982
c1d86940f46ba0808b56d05461357d9c	d__Eukaryota	0.9997281999346751
decc15ba550efb5d4a39b665da0e4668	d__Bacteria	0.8480681557989795
2cb7952efa06712e4b613b60e2d98ad0	Unassigned	0.7035884774623308
de8acfe15115800cad4c8a1708ef264f	d__Eukaryota;p__Amoebozoa;c__Tubulinea;o__Euamoebida;f__Euamoebida;g__Euamoebida;s__	0.961347153694106
a790ae98e343aaeb43a04bbd8914263e	d__Eukaryota	0.9997345078857303
637e071e4732d53b743c896ce4784266	d__Eukaryota;p__Ochrophyta;c__Dictyochophyceae;o__Pedinellales;f__Pedinellales;g__Ciliophrys;s__	0.9840781500991082
5934a1b656c54191808d9dd28812356c	d__Bacteria	0.9641010107029713
e6fa70ea761e46917a1bf5c23abe750f	d__Eukaryota	0.9995323187432392
5b5edb39380de78c9aa14758ba8b6fec	d__Eukaryota	0.9969851381075842
1692974c769b1d8b28f94ed18a602da8	d__Eukaryota	0.9973328085224831
d97d7c67871d1bfebfd1d017cff63c93	d__Bacteria;p__Proteobacteria	0.7187565529881546
2531d0d49f32ddd9912496ce0b476386	d__Bacteria	0.8968523026705809
81a577d58e9203f500d1e0b242c06fb7	d__Eukaryota	0.9998041943905945
d088e7140115739706ee3b3fc9cb3a0d	d__Eukaryota;p__Euglenozoa;c__Kinetoplastea;o__Incertae_Sedis;f__Incertae_Sedis;g__Hemistasia;s__	0.9998469741564022
1a1966a3371a362a609a73994015ea23	d__Eukaryota	0.9891043964137979
66acb8a0bf8d32e3573135349daa0c9c	d__Eukaryota;p__Euglenozoa;c__Euglenida;o__Heteronematina;f__Heteronematina;g__Petalomonas;s__	0.8381626054394341
1a6674c430339ba211faea1030ce640d	d__Eukaryota	0.9996416195643659
cd125cd84a19012fefb36ea11ee34eed	d__Eukaryota	0.8584571877982909
f89d0af871bde1523131180967dd1b44	d__Eukaryota	0.9968003259754742
700354af0999a339669faae26d3e2d10	d__Eukaryota;p__Ciliophora;c__Intramacronucleata;o__Spirotrichea;f__Oligotrichia;g__Spirotontonia;s__	0.986980624238333
ae2b577f524cb6112de5083d401fa297	d__Eukaryota	0.9939322460361537
e0aa356836c83d2f08951cc9054f243b	Unassigned	0.4447969222567758
5e6ae0290cb2c98ba98ed439708ec5e5	d__Eukaryota;p__Euglenozoa;c__Euglenida;o__Heteronematina;f__Heteronematina;g__Petalomonas;s__	0.9938474709380649
54273384138083e2c2c092e82578a57c	d__Eukaryota	0.9816805301492024
ba27eedd27258dc456a94c0619c37444	d__Eukaryota	0.9984641567759623
8e08f972dcbb38f950ca8f3376ec0160	d__Bacteria;p__Planctomycetota;c__Planctomycetes;o__Pirellulales;f__Pirellulaceae	0.8203120852163731
0a7e6a054c79a598f5b066c01bc85034	d__Eukaryota;p__Ochrophyta;c__Dictyochophyceae;o__Pedinellales;f__Pedinellales;g__Ciliophrys;s__	0.9613664167389563
e664c6ce54c89e27363e73f3afdcf39e	d__Eukaryota;p__Cercozoa;c__Chlorarachniophyta;o__Chlorarachniophyta;f__Chlorarachniophyta;g__Chlorarachnion;s__	0.86007241947506
3bb40bdbf074dcd021f59795d11881a2	d__Eukaryota	0.9967817240398177
2d3e5e9be307ce19e66932f66c950f74	d__Eukaryota	0.9927247661451934
b8b87a61916904ad325fa2a64d2094d6	Unassigned	0.8450392309528204
f6da12295e101aaeae4b9f0a9650a806	d__Eukaryota	0.9982966621606599
8e2d326b5244d04af1a6d03b14a87bf3	d__Eukaryota	0.9981392256840542
db63900f749da2de009f45d12c93d060	d__Eukaryota;p__Ciliophora;c__Intramacronucleata	0.8004093589372945
dc8f55159081f05932bf30ef463fa707	d__Eukaryota	0.9912902577740148
928f64a8b58e821653e47584ceb7c87b	d__Eukaryota	0.9981528026273785
804c16d5c9e1ed94fe93e5e31e1436fe	d__Eukaryota	0.9996059290747431
a6dabfe9a38e0080be3b352992f0e331	d__Eukaryota;p__Euglenozoa;c__Euglenida;o__Heteronematina;f__Heteronematina;g__Petalomonas;s__	0.7325151853357734
b91fc3c4db0399f84794fa076b264e52	d__Eukaryota	0.9998771476906904
18bb38146caf9503a8511ef34a058a87	d__Eukaryota	0.9997453696154887
4bcd225908bcc801eb36358b2ae7ee39	d__Eukaryota	0.8589208148438094
6f4462c0d8041e3192ec5a368ae39686	d__Eukaryota	0.9996923825152563
c4aacce8349c27b10a03ac07d20827a2	d__Eukaryota;p__Ochrophyta	0.7814911031329266
d004119334780240781b9211dc22aba5	Unassigned	0.7586744901037068
8e4d5d0b038720e66b2f6ae5bcf0cf46	d__Bacteria	0.9105720095622556
d9f5f74aa0e8801c97c255fca71b106b	d__Eukaryota	0.9974820113485703
533ab0c888e746c6fe2790737e2df4d6	d__Eukaryota;p__Peronosporomycetes;c__Peronosporomycetes;o__Peronosporomycetes;f__Peronosporomycetes;g__Haptoglossa;s__	0.9944628785189324
ccfeefc996c5b47b5de51654fe97a888	d__Eukaryota	0.9982425249680952
6838464cec12b5840b3cf292e784de97	d__Eukaryota	0.9972470596583303
52efa9969b83e0f723c719c61bb5865a	d__Eukaryota	0.9924579984177089
1b421199c85716be716e0ab9c589352a	d__Bacteria	0.9807316675853753
46533741d7343e43dc9216c391e782c6	d__Eukaryota	0.9996949915661784
aa3f923783d36fbd303d46d67e60617a	d__Eukaryota	0.9691488372022825
50b8c2465a61b19ec39616193ec31ce3	d__Eukaryota	0.9995658471497633
0692350ca2a850ec1f9dd4ee578ddfb3	Unassigned	0.3409099171602843
76c2e7fecc9c42e201f4d36915e18838	d__Eukaryota	0.9992863372326988
1d7d722bd0dbccb6d4fd35c9bc2722d8	d__Eukaryota;p__Retaria;c__Foraminifera;o__Rotaliida;f__Nummulitidae	0.7313963676434734
d4009443739917d7767f17977688a268	d__Eukaryota	0.9930203839577847
a8ddf8c22970c80fef6041041db81059	d__Eukaryota;p__Arthropoda	0.802721524033311
52b8728817624db74312d13522a320ee	d__Eukaryota;p__Euglenozoa;c__Euglenida;o__Heteronematina;f__Heteronematina;g__Petalomonas;s__	0.7935853920543379
97afa3951362660f3ff3fb408e47b464	d__Eukaryota	0.9999786971042821
23982bccf3112b6f9acda310ebf05fb5	d__Eukaryota	0.9689016815000764
f3a694a1963214444eb2c2ac5bbdb56a	d__Eukaryota	0.908981358037184
725f1943526810af9908337f2d0b16de	d__Bacteria	0.9126695335258718
53f2d3d24429ce464affde7db1dd91ec	Unassigned	0.5009278948867502
f82ed1720bbe231e4cf4df61eddc7f16	Unassigned	0.4714703322664834
634781d1fada9e3102632721eeed3a0b	d__Eukaryota	0.9994570844585284
d88e20f2eaae8d50f78c7daa0ba93504	Unassigned	0.6971704111424921
e3a72e4c7c2820860979011ec04abd6b	Unassigned	0.8892625003886037
e52dd87bdc22d03b33b84ebc38d4bb74	d__Eukaryota	0.9955378023482765
538e3c490d117f7a4fb0fea38fd9e68e	d__Bacteria;p__Proteobacteria;c__Alphaproteobacteria;o__Rickettsiales;f__Mitochondria;g__Mitochondria;s__	0.9038275874650618
bb000fde7517308a414fbf3776e92cbf	d__Eukaryota	0.8540301230053244
cb914332702f36a33a1f3f83d84b7b30	d__Eukaryota	0.9981571922109196
1820a9d45aa8cb553fb46e7f10ad0607	d__Eukaryota	0.9965161493309234
b666509e57ead10e6ec06bdae1f46d65	d__Eukaryota	0.9999126078613481
478b42e002cc08ff233aa827afe4563e	d__Eukaryota;p__Chytridiomycota;c__Monoblepharidomycetes;o__Monoblepharidales;f__Gonapodyaceae;g__Gonapodya;s__	0.8677191852077812
fd01fef28122bb1552cc38f92e83b14e	d__Eukaryota	0.9999220779877568
309fb237ff159c5b554bd4d753f6884b	d__Bacteria	0.7899123256004948
f8704416e7051bd16deee90b846077fd	d__Eukaryota	0.9965301369967062
8c12638ee07474f6d20341612d8e8c2e	Unassigned	0.8958552815960216
17c0f9283a469139b3fa19904f4b8a43	Unassigned	0.4330264274941109
cecc8dae2b9fa24e2c1ace526f2ddb5f	d__Bacteria	0.905658853895354
40cebbca93fe46bea7a847fa3b6b82c7	d__Eukaryota	0.8132461471245431
4012d4d7b60291f58a512335e6944c29	Unassigned	0.8615553583323907
f1025cfdd9a3eef9d7bc1040e0406759	d__Eukaryota	0.9996467159052486
8a53f7721da989d6abc7793f03dfb335	d__Eukaryota	0.9977719272076468
48a29b2385d3538d16c475c7eac10ace	d__Eukaryota	0.9937333078797737
d882ef9e0a21ddd55f3298b63e65fbb3	d__Eukaryota;p__Bryozoa;c__Gymnolaemata;o__Ctenostomatida;f__Ctenostomatida;g__Ctenostomatida;s__	0.9288540898761725
6157e04ddfef251b09653613e9e11001	d__Eukaryota;p__Ciliophora;c__Intramacronucleata;o__Conthreep;f__Phyllopharyngea;g__Suctoria;s__	0.727702937327486
d4857cdc62b31123e3278f316d7d1d76	d__Eukaryota	0.993807821885483
0b4b8073cc1d535fed6041bfad1d112a	d__Bacteria	0.7198696560371322
3a758c3831f4654ce2a8f39e113820d2	d__Bacteria;p__Campylobacterota;c__Campylobacteria;o__Campylobacterales;f__Arcobacteraceae	0.9969648547447258
ebe16cee97638fb2a1cf95874782bdc9	Unassigned	0.406470476593053
2ab286fa7a791a8614432522208d804e	Unassigned	0.48452859831638184
f5e26b64706995317ff485babb9c1d7f	Unassigned	0.8710737369747372
130e9fd9f91f1ef757957205a9fb9441	d__Bacteria	0.8519037813716954
03423803d45f9326d939c4ff13af6c5b	Unassigned	0.46778346085423195
e26b34bb8d22c507c1bfdaff7e21df8f	d__Bacteria;p__Verrucomicrobiota;c__Verrucomicrobiae;o__uncultured;f__uncultured;g__uncultured;s__	0.9707416618930294
ecf27161cf2999838d770839dd9298c0	Unassigned	0.4227096928332821
7e15efbb9c760325826c11825573ee96	Unassigned	0.832186004009037
b450cff5474c29e96c3aab7c90737eae	d__Bacteria	0.9286063001658096
bd5f1dad1de4c5ece7a6b47464cf6a9a	d__Bacteria;p__Verrucomicrobiota;c__Kiritimatiellae;o__Kiritimatiellales;f__Kiritimatiellaceae;g__uncultured;s__	0.9994842075006894
eef35a8eb11f5df6255489da13a7a506	d__Eukaryota;p__Diatomea;c__Bacillariophyceae;o__Bacillariophyceae;f__Bacillariophyceae;g__Phaeodactylum;s__	0.7214943081561475
dc0af5e60cde6b9f51a937dc7f855ab1	Unassigned	0.6476380830114766
e8beceda58e467397adaefb2b5e9106d	d__Eukaryota	0.9935321430648918
b74896b8f8064e44b4a33edd3c8e9267	d__Eukaryota	0.9902583637867617
e77d3d1c6a35212994a720f340f69225	d__Bacteria	0.7245612648191173
7634c44e8a12135166ff538b8219f0b3	Unassigned	0.8385011510471498
73cd53d1d8d55a99b24751521a3679ff	Unassigned	0.5097215129420486
e06b850ef61418c16f1c131221d47240	d__Bacteria	0.8297419665514176
3cd7e3bfbfc46cd29aa8a9c925b40453	Unassigned	0.6182205872490074
b79bd84c33c717c174ce04a9b829a7fb	d__Eukaryota;p__Diatomea;c__Coscinodiscophytina;o__Fragilariales;f__Fragilariales	0.8477999520386909
b3412346e030637458642e24782e892b	d__Eukaryota	0.9995528541566403
021f8ac0bbc28a7ed846680cff597ff3	d__Eukaryota	0.9996847787742981
b728bfbac1ceb87ee2b5835d66eb8976	d__Bacteria;p__Proteobacteria;c__Alphaproteobacteria;o__Rickettsiales;f__Mitochondria;g__Mitochondria;s__	0.7185802984253866
1fcdc091e80e8b40c3d627a1d251ef16	d__Eukaryota	0.9988929056815332
c22f8bfc4cbf9a3fe9153378838d20fd	d__Eukaryota	0.9986562186089989
5373ff853abe841eb4a9d171c2017927	Unassigned	0.6548140605438355
b936869067e3394f6468964ea77d3ce5	d__Eukaryota	0.9944650774385865
8b522bac68cbb8e5cd33774e5f4b1bf1	d__Eukaryota;p__Euglenozoa;c__Euglenida;o__Heteronematina;f__Heteronematina;g__Petalomonas;s__	0.9932343937493504
5564efbfe3951cbc48d11e8505a937d6	d__Bacteria	0.908804484930759
e11c8b0d15a14c1e3e1a716d8e32e47a	d__Eukaryota	0.9992102616872076
87cb665414cbbce75d5156f43efb85f6	d__Eukaryota	0.9850852078072513
da84d68a95a2cdfc0011fa2b64ec025e	d__Eukaryota	0.9513990610716104
2a699cf4310db66130436af43ee3e343	d__Eukaryota	0.9996135026264108
5773aa0527f3762002f5940c1055bb97	d__Eukaryota	0.9940394866680679
dbb60070731531ededca98f803b05f9c	d__Eukaryota	0.9870259910090011
ee98d125ed68660b56e60699e3872610	d__Eukaryota;p__Retaria;c__Foraminifera;o__Rotaliida;f__Rotaliidae;g__Ammonia;s__	0.971369380210606
57c98d4dd29bc2bf331b0b77fa50ad85	d__Bacteria	0.9957582461410951
6b5bd93742ec89a832a20a21e1febb5e	d__Eukaryota	0.9980736213213609
544ebabdfc7e6321b1b49e01ea2cddaa	d__Eukaryota	0.8979001891318643
c67c86f0bc72aeee8973a995ad34a6b9	d__Eukaryota	0.9992325188115818
d2d671191bdd42d6ab5452baa294e86b	d__Eukaryota	0.9996921557429135
9aee9ae7d89bd7b300b2c2f5979c5414	d__Eukaryota	0.9972059012205535
f93999946efbd585d750f147f050fe86	d__Bacteria	0.9308165120582785
89e8c47a268796a91cf5d63ed165300e	Unassigned	0.7994066375650529
55a1a54d90641175ac6618645c6f7b56	d__Eukaryota	0.8984720544640205
90094d94869c4a5479c86f5e83e1221e	d__Eukaryota;p__Apicomplexa;c__Conoidasida;o__Gregarinasina;f__Eugregarinorida;g__Lankesteria;s__	0.9975514400233961
f7b673ae7f7bd3099b5f85d4d6c2a504	Unassigned	0.7159465743461169
b5477a93d9a621ba677f1856ca465f78	d__Eukaryota	0.9980979976150304
fc32e75e3724b1f5ea4d48fd30c085b8	Unassigned	0.9273665259247925
b93eeef2344bcf97ae6e4f51a623adca	d__Eukaryota	0.9890382412960089
13e95da51fff13c89e6bc5cc5267cd63	d__Bacteria	0.8571170341069896
daa336e3af02898e6434c32e6f0ef580	d__Bacteria	0.7012777746763728
2b8c06663fe5aedb5247ad01e476cf4e	d__Eukaryota	0.999746197227467
c28ee750da6884b096d918a44e132ad3	d__Eukaryota;p__Cercozoa;c__Chlorarachniophyta;o__Chlorarachniophyta;f__Chlorarachniophyta;g__Bigelowiella;s__	0.9910826275892952
89bed6e981694b17468d6a82aa080572	d__Eukaryota;p__Ochrophyta;c__Dictyochophyceae;o__Pedinellales;f__Pedinellales	0.7218227112272316
90d9673607e99ea99e881b0e8c802303	d__Eukaryota	0.9937957315146317
81024671d0b3cf832b348de07c2cc101	d__Eukaryota;p__Retaria;c__Foraminifera;o__Rotaliida;f__Rotaliidae;g__Ammonia;s__	0.9882651685735953
c5728ef70ea045555860f7aba061f2f8	d__Eukaryota	0.99823926457821
faebc527938fdce71f7907d54f33b875	d__Eukaryota	0.9673495785016644
9829206f11d5fcab4eb202b9b0d16b26	d__Eukaryota	0.9967994542245867
1ecc87731d51f28b50e1d5e56644b097	d__Eukaryota;p__Apusomonadidae;c__Apusomonadidae;o__Apusomonadidae;f__Apusomonadidae;g__Multimonas;s__	0.93932488067588
f6dcf0f5aa85492a385619423e8038a8	d__Eukaryota	0.998556471678721
3071437a83b4f1e5a39e4000295f7cf4	d__Eukaryota	0.9953845190674013
2ba76c9cd132278f3a81fcc82f6b42f7	Unassigned	0.48155622814317645
4ce6ab4a51b867658f4c0183bf9e8841	d__Archaea;p__Asgardarchaeota;c__Heimdallarchaeia;o__Heimdallarchaeia;f__Heimdallarchaeia;g__Heimdallarchaeia;s__	0.8887232119573985
228183e9eab79853860294ad9bd4393b	d__Eukaryota	0.9670999523870817
765007c5d26997f9d0ac94b4294003ab	d__Eukaryota;p__Labyrinthulomycetes;c__Labyrinthulomycetes;o__Labyrinthulomycetes;f__Incertae_Sedis;g__Stellarchytrium;s__	0.956933672072429
d1b4e883bb79dd4b12396f9572287bd0	d__Bacteria	0.8671786334230533
4bdbad72484154b1a85add3dcb69c137	Unassigned	0.7109826074995659
e8394c2afef606c20b4728a6ef136a58	d__Eukaryota	0.9778807710041109
fc5d1c9b9d9ea607dee433311f5dbf59	Unassigned	0.32331692573665194
c6caff049de88d913605210c2b21e810	Unassigned	0.5398846471552369
ffa9a46f1d3bdf28ec5e24b858760f78	d__Eukaryota;p__Euglenozoa;c__Euglenida;o__Heteronematina;f__Heteronematina;g__Petalomonas;s__	0.9601636537248003
bd0e8a62defcaef5f2f1ab1af8ed67a5	Unassigned	0.38570328485336147
0cc5552214e7267b5ee2842fc0f96f3d	Unassigned	0.3940153648994421
c03b392c2b1b6254e1e39e9cbb61bf3e	d__Eukaryota;p__Bryozoa;c__Gymnolaemata;o__Cheilostomatida;f__Cheilostomatida;g__Cheilostomatida;s__	0.9419629519600732
ee922d4593a9fbd8f7b57562d6a449ed	d__Eukaryota	0.9468396383081469
949146178e3a1c48d7548966047c6d58	d__Eukaryota	0.9952129482164455
db7da90f7bf029d96cebb867349ce161	d__Eukaryota	0.9759760689836785
8481bfc235736ab38e1fc2cc97807fc2	d__Eukaryota	0.9951339200466628
0481218beff93906e77d3d507a950176	d__Bacteria;p__Proteobacteria;c__Alphaproteobacteria;o__Rickettsiales;f__Mitochondria;g__Mitochondria;s__	0.712532350575735
5efc81a658745c3841773c50ea9db9a5	Unassigned	0.5590507094496784
22b08117a673f635cbc3c12b9e9786cf	d__Bacteria	0.8005392949843313
e970ab4d8865acb4c5aba956a925827a	d__Eukaryota;p__Diatomea;c__Mediophyceae;o__Mediophyceae;f__Mediophyceae	0.7351112498172593
c74698a9590fad066a5b5a1f14dc97d0	d__Eukaryota	0.9913635579226164
8ebfdc970bae6a8c828eed477be3992b	d__Bacteria	0.790216145188869
58219b6d4c7a466adc602b127f519321	d__Eukaryota	0.8630350769354007
f802bf22b71dee175aefc6bbb46d0826	Unassigned	0.5298172669032083
3503e6ab7af20ad7ba346b6105aa8db4	d__Eukaryota	0.9883740065547136
f8a5165f48f2a03c8f2af10b3cd25104	Unassigned	0.8433457213028897
b692a5a93493ea2ad7984b2239165b94	d__Eukaryota	0.7735090962537213
ebadddcdebdd548043d7b68ccc4587d6	Unassigned	0.38731291154809544
f37c6642d285cb3432f960a2096d196e	Unassigned	0.867431638892162
cf38441feba59d84523f34d8d5ce8a6c	d__Eukaryota	0.93070058224086
14acf2aef4544b144629dda5e26d205a	Unassigned	0.31737078961436893
85b95cf6449252393659635174507556	Unassigned	0.5628744135508444
17ff3a694af3c01bea57c20b9a28d4c4	Unassigned	0.7834622630912015
8026436d7e644ed4464fce7257640521	d__Bacteria;p__Planctomycetota;c__Phycisphaerae;o__Phycisphaerales;f__Phycisphaeraceae;g__Phycisphaera;s__	0.9385261656825781
299944ede09ce33d235b0dec0394d54d	Unassigned	0.8439608422471205
1d8052b9b034d20c1691b0f3c3f3ef7a	Unassigned	0.3436242006854996
30ab6ee7a2e30c88225987db144851ed	d__Eukaryota	0.9746637443220535
e0713636236b3be04299897673b83e43	Unassigned	0.40499929369991017
ddd38aea5e773ff0ec2d913a255ab2ab	d__Eukaryota;p__Ciliophora;c__Intramacronucleata;o__Spirotrichea;f__Oligotrichia	0.8731805085285633
778d68ea85ca2722ff75a4bd2e82f5f3	d__Bacteria	0.7147568443783126
89e1bce219840d6b7963f5800a595775	d__Eukaryota	0.874380320259716
3c9d18ad12ac7546378df2fe9760f844	Unassigned	0.46550749240734124
9ed15a9a06fc0d65e409817dacaa5288	Unassigned	0.3303949859341275
ce3e57f865c966136055f4937f33c219	d__Eukaryota	0.9378180502169504
5a73bb57db868aabef7dcb480bff059c	Unassigned	0.8728882263998192
5fe0e7ae38e0fc416e737bd61cbbae50	d__Bacteria	0.8132924880968389
d1489a5de57c98fd81115cf7eb90a0e5	d__Eukaryota	0.9730821208754734
bdd7a852ff090559e544a9bdc79d3f74	Unassigned	0.5883457733632745
fb8ba8edac2cd8d0c6ad54e52bc3d4ce	Unassigned	0.49421000624994793
5a0fa2a9f673ca7f69cb45a803508cd9	Unassigned	0.7595256379416837
7c7bc1f91d571115cff9bb86adc9f8f9	Unassigned	0.844095734137591
35248a69a64210c503a949274b545c69	Unassigned	0.3933942157760465
d18c5b7fb51a02bf77168ba8b9fad606	d__Eukaryota	0.9290257110969649
cf2283ae8ae1c4bfbd534152652bfa7d	d__Eukaryota;p__Ciliophora;c__Intramacronucleata;o__Spirotrichea;f__Euplotia;g__Aspidisca;s__	0.9784558074584023
290eefd28183f08a0dac61dae729dfc9	Unassigned	0.6453986900689763
9915bfc7d2c5da81ea155245581d6641	d__Eukaryota	0.9471080066852148
7db25f65146c89ed3d3cf3ac65f363dd	d__Eukaryota	0.9863096779863574
1048e7ae837b2140e421682d1e31302b	d__Bacteria;p__Proteobacteria;c__Alphaproteobacteria;o__Rickettsiales;f__Mitochondria;g__Mitochondria;s__	0.8145260093143855
a516e1c42f4105221e73e59501d256ee	d__Eukaryota	0.9776147399072791
5eeee1d315d083949b4982f0270f8d9b	d__Eukaryota	0.8007484150267926
a2919a74635bbf3368b999dade3e8ce8	Unassigned	0.44240660106125484
1eabd32b91fc7d6c22b767ee654dcfc0	Unassigned	0.704146284663165
04d11e2b70be84a516068597fb61ddfb	Unassigned	0.3325271491872618
b95e78dd97f02dd87c1cefa5edc57790	Unassigned	0.7861875491925776
9e6c12f66faa2fb76fd684a7faa01486	Unassigned	0.6651535099321585
999c59743898dfe985cf13b12fa1881e	Unassigned	0.7565713920463621
dc7b03072c8caafa7c3560ad43053c74	d__Eukaryota	0.9927978175165804
83e6568bd67d410253a5c52f0a50a57d	d__Eukaryota	0.9946171264004683
23daaa913c7a34108a1e39b6f2b4e96e	d__Eukaryota	0.961464425359809
ebdaf0d16e081264bf6ee02d06250d08	d__Eukaryota	0.9874439189380846
1095e6e464b1900316f53a037fc7bee2	Unassigned	0.41375326422002034
37d5c31b1431eb3da40ecf89d12067b8	Unassigned	0.7165837252734583
3106c1bd058a3952b34537a83d39f045	Unassigned	0.3158383185900968
6bc04ea7276c415898b5856ecf15ade8	d__Eukaryota	0.9774434924190918
613c53c5b5f3bbeb7c98a80b991770d9	Unassigned	0.38036295204894155
c444e67c67d1dee54a2e15714cdfd204	d__Eukaryota	0.9718004539492201
e1ce82ad868fe078af80a2f0513d3f47	d__Bacteria	0.7469812272833825
18ad7c749405e4b11663a605682f090e	d__Eukaryota	0.9681867192604159
874c7e24f9f4eea9f8a8b258eefc323b	Unassigned	0.567791248351148
35e37681ca61137ca2ac9e3e73249c48	d__Eukaryota	0.998648796547486
b852c98172054acb0d8f7505935cb19a	d__Eukaryota	0.9981251993562545
2185cc2e7aef46ccc483571518e2f64d	Unassigned	0.3239872788255814
e4e84d471bccf20f7e8d4dbe68972ca8	d__Eukaryota;p__Diatomea	0.7371105538568208
3ef3fb2ce69d8b83a8bddfad5dd20b01	d__Eukaryota	0.9998746774521591
