Kingdom,read10000000_rep1,read10000000_rep2,read10000000_rep3,read10000000_rep4,read10000000_rep5,gut_combined_10000000_1,gut_combined_10000000_2,gut_combined_10000000_3,gut_combined_10000000_4,gut_combined_10000000_5
Bacteria,9192315.0,9193345.0,9192453.0,9192583.0,9192562.0,569266.0,568222.0,569408.0,567559.0,568787.0
Eukaryota,807685.0,806655.0,807547.0,807417.0,807438.0,87281.35397267398,87269.33441587293,87286.47982257824,87278.63203412993,87275.84461940097
Archaea,0.0,0.0,0.0,0.0,0.0,966.0,938.0,976.0,951.0,854.0
