SampleIdx,Genus,Phylum_16S,RA_16S,Phylum_PAMA,RA_PAMA,Phylum_final,Phylum_plot
1,0319-6G20,Bdellovibrionota,0.0036811735543854206,Bdellovibrionota,0.0005497100473060337,Bdellovibrionota,Bdellovibrionota
1,37-13,,0.0,Bacteroidota,0.00036283529869120127,Bacteroidota,Bacteroidota
1,4-29-1,,0.0,Nitrospirota,0.0003484077764615706,Nitrospirota,Other
1,67-14,,0.0,Actinobacteriota,0.0004210250609367975,Actinobacteriota,Actinobacteriota
1,A0839,,0.0,Proteobacteria,0.0002937238132262105,Proteobacteria,Proteobacteria
1,A31,,0.0,Protalveolata,6.0472549781866876e-05,Protalveolata,Protalveolata
1,A4b,Chloroflexi,0.0005465078150617554,Chloroflexi,7.775042114811456e-05,Chloroflexi,Chloroflexi
1,ADurb.Bin063-1,,0.0,Verrucomicrobiota,0.0008206938734428108,Verrucomicrobiota,Verrucomicrobiota
1,ADurb.Bin118,,0.0,Verrucomicrobiota,0.00016413977797935295,Verrucomicrobiota,Verrucomicrobiota
1,ADurb.Bin180,,0.0,Chloroflexi,8.638935683123839e-05,Chloroflexi,Chloroflexi
1,AEGEAN-169_marine_group,Proteobacteria,0.009609268679531834,Proteobacteria,0.0011432702229013055,Proteobacteria,Proteobacteria
1,AKYH767,Bacteroidota,0.0026001654650750503,Bacteroidota,0.0008552546326292601,Bacteroidota,Bacteroidota
1,Absconditabacteriales_(SR1),,0.0,Patescibacteria,9.502829251436223e-05,Patescibacteria,Other
1,Acidibacter,Proteobacteria,0.0064257201705073385,Proteobacteria,0.00031100168459245823,Proteobacteria,Proteobacteria
1,Acidovorax,,0.0,Proteobacteria,0.0006039068125333891,Proteobacteria,Proteobacteria
1,Acinetobacter,,0.0,Proteobacteria,0.00027265510793606494,Proteobacteria,Proteobacteria
1,Acoela,,0.0,Xenacoelomorpha,3.871197516239674e-05,Xenacoelomorpha,Xenacoelomorpha
1,Alishewanella,,0.0,Proteobacteria,2.591680704937152e-05,Proteobacteria,Proteobacteria
1,Allorhizobium-Neorhizobium-Pararhizobium-Rhizobium,,0.0,Proteobacteria,0.0005442529480368019,Proteobacteria,Proteobacteria
1,Aminicenantales,,0.0,Acidobacteriota,0.0001295840352468576,Acidobacteriota,Acidobacteriota
1,Anderseniella,,0.0,Proteobacteria,0.0008460820465745183,Proteobacteria,Proteobacteria
1,Aquicella,,0.0,Proteobacteria,0.00021279406389118088,Proteobacteria,Proteobacteria
1,Aquisphaera,,0.0,Planctomycetota,0.00030195340626669454,Planctomycetota,Planctomycetota
1,Archaeorhizomyces,,0.0,Ascomycota,0.00030236274890933437,Ascomycota,Other
1,Armatimonas,Armatimonadota,0.002629477041304222,,0.0,Armatimonadota,Other
1,Aulacoseira,,0.0,Diatomea,0.0001295840352468576,Diatomea,Diatomea
1,Aureispira,Bacteroidota,0.0010637040538943388,,0.0,Bacteroidota,Bacteroidota
1,Azospirillum,,0.0,Proteobacteria,0.00014686190661310526,Proteobacteria,Proteobacteria
1,B1-7BS,,0.0,Proteobacteria,0.001114904884677026,Proteobacteria,Proteobacteria
1,BD2-11_terrestrial_group,Gemmatimonadota,0.0033883484533828835,Gemmatimonadota,0.0009416439894604985,Gemmatimonadota,Other
1,BIrii41,,0.0,Myxococcota,0.0002937238132262105,Myxococcota,Other
1,BSV26,Bacteroidota,0.005318520269471693,Bacteroidota,0.0005942106090149372,Bacteroidota,Bacteroidota
1,Babeliales,,0.0,Dependentiae,0.00042583172678636405,Dependentiae,Other
1,Bacteroides,,0.0,Bacteroidota,0.00017143390268651004,Bacteroidota,Bacteroidota
1,Bacteroidetes_BD2-2,Bacteroidota,0.0010930156301235108,,0.0,Bacteroidota,Bacteroidota
1,Bacteroidetes_vadinHA17,Bacteroidota,0.004018437536934169,Bacteroidota,0.00027057699172111427,Bacteroidota,Bacteroidota
1,Bathyarchaeia,,0.0,Crenarchaeota,5.183361409874304e-05,Crenarchaeota,Other
1,Bdellovibrio,Bdellovibrionota,0.002180263248441678,Bdellovibrionota,0.0005992633820954831,Bdellovibrionota,Bdellovibrionota
1,Bicosoeca,,0.0,Bicosoecida,0.006619112368712038,Bicosoecida,Other
1,Bivalvulida,,0.0,Cnidaria,0.0011822647247503872,Cnidaria,Cnidaria
1,Blastopirellula,,0.0,Planctomycetota,0.0002418901991274675,Planctomycetota,Planctomycetota
1,Bryobacter,Acidobacteriota,0.0045906656465187455,Acidobacteriota,0.0008885044920684711,Acidobacteriota,Acidobacteriota
1,C1-B045,,0.0,Proteobacteria,0.0008284362684752901,Proteobacteria,Proteobacteria
1,CCD24,Proteobacteria,0.008877913202829171,Proteobacteria,0.000542783829331857,Proteobacteria,Proteobacteria
1,CL500-29_marine_group,Actinobacteriota,0.006798063741090602,Actinobacteriota,0.0013616067661080138,Actinobacteriota,Actinobacteriota
1,CL500-3,Planctomycetota,0.015532919916523627,Planctomycetota,0.0017175133385980614,Planctomycetota,Planctomycetota
1,CV1-B1-93,,0.0,Centrohelida,0.0010739955020246544,Centrohelida,Other
1,Caenarcaniphilales,Cyanobacteria,0.0032790468903705324,Cyanobacteria,0.00011230616388060991,Cyanobacteria,Cyanobacteria
1,Calanoida,,0.0,Arthropoda,0.3404238551235336,Arthropoda,Arthropoda
1,Calditrichaceae,,0.0,Calditrichota,0.0006271339976308271,Calditrichota,Other
1,Candidatus_Actinomarina,Actinobacteriota,0.0054508938797054205,Actinobacteriota,0.0007004042237526962,Actinobacteriota,Actinobacteriota
1,Candidatus_Adlerbacteria,,0.0,Patescibacteria,0.00035615017149405,Patescibacteria,Other
1,Candidatus_Aquiluna,Actinobacteriota,0.007338803544347013,Actinobacteriota,0.00040602997710682045,Actinobacteriota,Actinobacteriota
1,Candidatus_Flaviluna,,0.0,Actinobacteriota,0.0005651948373709924,Actinobacteriota,Actinobacteriota
1,Candidatus_Jidaibacter,,0.0,Proteobacteria,0.00030195340626669454,Proteobacteria,Proteobacteria
1,Candidatus_Kaiserbacteria,,0.0,Patescibacteria,7.775042114811456e-05,Patescibacteria,Other
1,Candidatus_Koribacter,,0.0,Acidobacteriota,0.0005729372324034716,Acidobacteriota,Acidobacteriota
1,Candidatus_Megaira,Proteobacteria,0.005445125867900077,Proteobacteria,0.0012001955377632769,Proteobacteria,Proteobacteria
1,Candidatus_Methylopumilus,Proteobacteria,0.007672947762391863,Proteobacteria,0.00040509200054651657,Proteobacteria,Proteobacteria
1,Candidatus_Nomurabacteria,,0.0,Patescibacteria,0.00024189019912746748,Patescibacteria,Other
1,Candidatus_Paracaedibacter,,0.0,Proteobacteria,3.4555742732495356e-05,Proteobacteria,Proteobacteria
1,Candidatus_Peregrinibacteria,,0.0,Patescibacteria,0.0006651980476005356,Patescibacteria,Other
1,Candidatus_Rhabdochlamydia,,0.0,Verrucomicrobiota,8.638935683123839e-06,Verrucomicrobiota,Verrucomicrobiota
1,Candidatus_Solibacter,,0.0,Acidobacteriota,0.0008466156969461362,Acidobacteriota,Acidobacteriota
1,Candidatus_Thiobios,,0.0,Proteobacteria,0.0005269750766705542,Proteobacteria,Proteobacteria
1,Candidatus_Udaeobacter,,0.0,Verrucomicrobiota,0.00010366722819748608,Verrucomicrobiota,Verrucomicrobiota
1,Candidatus_Uhrbacteria,,0.0,Patescibacteria,8.638935683123839e-05,Patescibacteria,Other
1,Cellulosilyticum,,0.0,Firmicutes,0.0001295840352468576,Firmicutes,Other
1,Cellvibrio,,0.0,Proteobacteria,0.00017277871366247678,Proteobacteria,Proteobacteria
1,Cephaloticoccus,Verrucomicrobiota,0.006885998469778117,Verrucomicrobiota,0.0002937238132262105,Verrucomicrobiota,Verrucomicrobiota
1,Cetobacterium,Fusobacteriota,0.0016426432096891643,,0.0,Fusobacteriota,Other
1,Chaetoceros,,0.0,Diatomea,0.04329571772424838,Diatomea,Diatomea
1,Chaetonotida,,0.0,Gastrotricha,0.0012526042381432974,Gastrotricha,Other
1,Chitinibacter,Proteobacteria,0.001530221882172915,,0.0,Proteobacteria,Proteobacteria
1,Chitinibacteraceae,,0.0,Proteobacteria,0.00022461232776121981,Proteobacteria,Proteobacteria
1,Chloroplast,Cyanobacteria,0.42443354216291973,Cyanobacteria,0.03671802200201253,Cyanobacteria,Cyanobacteria
1,Choricystis,,0.0,Chlorophyta,0.005021935132167704,Chlorophyta,Chlorophyta
1,Chromobacterium,,0.0,Proteobacteria,0.000587447626452421,Proteobacteria,Proteobacteria
1,Chryseobacterium,,0.0,Bacteroidota,0.00022452945594190107,Bacteroidota,Bacteroidota
1,Chthoniobacter,,0.0,Verrucomicrobiota,3.4555742732495356e-05,Verrucomicrobiota,Verrucomicrobiota
1,Clade_III,Proteobacteria,0.011149702461664714,Proteobacteria,0.0015871131262929013,Proteobacteria,Proteobacteria
1,Clostridium_sensu_stricto_1,,0.0,Firmicutes,0.0009416439894604985,Firmicutes,Other
1,Codosiga,,0.0,Holozoa,0.0014772580018141764,Holozoa,Other
1,Conexibacter,,0.0,Actinobacteriota,0.000483780398254935,Actinobacteriota,Actinobacteriota
1,Corynebacterium,,0.0,Actinobacteriota,0.0003541963630080774,Actinobacteriota,Actinobacteriota
1,Coxiella,Proteobacteria,0.0010637040538943388,Proteobacteria,0.0007021558691443258,Proteobacteria,Proteobacteria
1,Crenothrix,,0.0,Proteobacteria,0.0005991001466838225,Proteobacteria,Proteobacteria
1,Crocinitomix,Bacteroidota,0.0005465078150617554,,0.0,Bacteroidota,Bacteroidota
1,Cryothecomonas,,0.0,Cercozoa,0.0010784807135048539,Cercozoa,Cercozoa
1,Cryptocaryon,,0.0,Ciliophora,0.0020095633617980076,Ciliophora,Ciliophora
1,Cryptomonas,,0.0,Cryptophyceae,0.01557257439730544,Cryptophyceae,Cryptophyceae
1,Cutibacterium,,0.0,Actinobacteriota,0.0007832074179813565,Actinobacteriota,Actinobacteriota
1,Cyanobium_PCC-6307,Cyanobacteria,0.019592205053297656,Cyanobacteria,0.0021988062779954064,Cyanobacteria,Cyanobacteria
1,DEV007,,0.0,Verrucomicrobiota,0.00048378039825493495,Verrucomicrobiota,Verrucomicrobiota
1,DEV008,,0.0,Verrucomicrobiota,0.00038565314114599947,Verrucomicrobiota,Verrucomicrobiota
1,DEV114,,0.0,Verrucomicrobiota,0.00020130227084446303,Verrucomicrobiota,Verrucomicrobiota
1,Dendrochytridium,,0.0,Chytridiomycota,6.911148546499071e-05,Chytridiomycota,Other
1,Desulfatiglans,,0.0,Desulfobacterota,0.00024001424600685975,Desulfobacterota,Desulfobacterota
1,Desulfobacca,,0.0,Desulfobacterota,0.0005096972053043065,Desulfobacterota,Desulfobacterota
1,Desulfomonile,,0.0,Desulfobacterota,0.0005249773240479453,Desulfobacterota,Desulfobacterota
1,Dinghuibacter,,0.0,Bacteroidota,0.0008556175229082867,Bacteroidota,Bacteroidota
1,Dyadobacter,,0.0,Bacteroidota,0.00028646861620173586,Bacteroidota,Bacteroidota
1,EF100-94H03,,0.0,Proteobacteria,9.502829251436223e-05,Proteobacteria,Proteobacteria
1,EPR3968-O8a-Bc78,,0.0,Proteobacteria,8.948581319883473e-05,Proteobacteria,Proteobacteria
1,Ebria,,0.0,Cercozoa,0.002941718327288351,Cercozoa,Cercozoa
1,Edaphobaculum,,0.0,Bacteroidota,0.0004988144097675945,Bacteroidota,Bacteroidota
1,Ellin516,,0.0,Verrucomicrobiota,4.3194678415619194e-05,Verrucomicrobiota,Verrucomicrobiota
1,Emticicia,Bacteroidota,0.002097625014357053,Bacteroidota,0.000165728187959322,Bacteroidota,Bacteroidota
1,Entotheonellaceae,,0.0,Entotheonellaeota,8.638935683123839e-05,Entotheonellaeota,Other
1,Ercella,,0.0,Firmicutes,0.00033292298639661194,Firmicutes,Other
1,Escherichia-Shigella,,0.0,Proteobacteria,0.0002632414311042978,Proteobacteria,Proteobacteria
1,FV23-1A4,,0.0,Holozoa,0.00033691849164182975,Holozoa,Other
1,FW22,,0.0,Chloroflexi,0.0005109980721436369,Chloroflexi,Chloroflexi
1,Fimbriiglobus,,0.0,Planctomycetota,0.00011230616388060991,Planctomycetota,Planctomycetota
1,Fimbriimonadaceae,Armatimonadota,0.003608747220260761,Armatimonadota,0.00018569568127750315,Armatimonadota,Other
1,Flavobacterium,,0.0,Bacteroidota,0.00016413977797935295,Bacteroidota,Bacteroidota
1,Fluviicola,Bacteroidota,0.02327829401304015,Bacteroidota,0.001877657611332197,Bacteroidota,Bacteroidota
1,FukuN57,Proteobacteria,0.0061111471459341475,Proteobacteria,0.0006047254978186687,Proteobacteria,Proteobacteria
1,GIF3,,0.0,Chloroflexi,3.4555742732495356e-05,Chloroflexi,Chloroflexi
1,Ga0077536,,0.0,Proteobacteria,0.0007602263401148977,Proteobacteria,Proteobacteria
1,Gaiella,Actinobacteriota,0.0041366268762557615,Actinobacteriota,0.00012094509956373375,Actinobacteriota,Actinobacteriota
1,Geminigera,,0.0,Cryptophyceae,0.020411198369418095,Cryptophyceae,Cryptophyceae
1,Gemmata,,0.0,Planctomycetota,0.00014710550561710758,Planctomycetota,Planctomycetota
1,Gracilibacteria,,0.0,Patescibacteria,0.0002418901991274675,Patescibacteria,Other
1,Haliangium,,0.0,Myxococcota,0.000178075085747025,Myxococcota,Other
1,Hannaella,,0.0,Basidiomycota,0.00014686190661310526,Basidiomycota,Other
1,Hartaetosiga,,0.0,Holozoa,0.0003541963630080774,Holozoa,Other
1,Hemiselmis,,0.0,Cryptophyceae,0.0002477566410393391,Cryptophyceae,Cryptophyceae
1,Hydrogenedensaceae,Hydrogenedentes,0.0007091360359295591,,0.0,Hydrogenedentes,Other
1,Hyphochytriales,,0.0,Hyphochytriomycetes,0.000267807006176839,Hyphochytriomycetes,Other
1,Hyphomicrobium,,0.0,Proteobacteria,0.00016413977797935295,Proteobacteria,Proteobacteria
1,IMCC26207,,0.0,Actinobacteriota,0.00029421101123421517,Actinobacteriota,Actinobacteriota
1,IMCC26256,Actinobacteriota,0.004845762912185321,Actinobacteriota,0.0010762368536512655,Actinobacteriota,Actinobacteriota
1,Ignavibacterium,Bacteroidota,0.0047275735728637275,,0.0,Bacteroidota,Bacteroidota
1,Ilumatobacter,Actinobacteriota,0.004481364083506394,,0.0,Actinobacteriota,Actinobacteriota
1,JG30-KF-CM66,,0.0,Chloroflexi,0.000647920176234288,Chloroflexi,Chloroflexi
1,Jakobida,,0.0,Discoba,0.0014555702661061172,Discoba,Other
1,Jatrophihabitans,,0.0,Actinobacteriota,2.591680704937152e-05,Actinobacteriota,Actinobacteriota
1,KD3-93,,0.0,Bacteroidota,0.00019005658502872446,Bacteroidota,Bacteroidota
1,KD4-96,Chloroflexi,0.0062026731563280145,Chloroflexi,0.0006815379424064794,Chloroflexi,Chloroflexi
1,KF-JG30-B3,,0.0,Proteobacteria,0.0006083920240135886,Proteobacteria,Proteobacteria
1,KF-JG30-C25,,0.0,Proteobacteria,6.0472549781866876e-05,Proteobacteria,Proteobacteria
1,KI89A_clade,Proteobacteria,0.005149652519596093,Proteobacteria,0.0002025252823184286,Proteobacteria,Proteobacteria
1,Kapabacteriales,Bacteroidota,0.0005909466966079659,,0.0,Bacteroidota,Bacteroidota
1,Katablepharis,,0.0,Kathablepharidae,0.015403271383929475,Kathablepharidae,Other
1,LKM11,,0.0,Cryptomycota,0.001639967588771267,Cryptomycota,Other
1,Lacihabitans,,0.0,Bacteroidota,8.638935683123839e-05,Bacteroidota,Bacteroidota
1,Lautropia,,0.0,Proteobacteria,0.00031964062027558203,Proteobacteria,Proteobacteria
1,Legionella,,0.0,Proteobacteria,0.00018141764934560063,Proteobacteria,Proteobacteria
1,Lentimicrobiaceae,,0.0,Bacteroidota,0.0003484077764615706,Bacteroidota,Bacteroidota
1,Leptocylindrus,,0.0,Diatomea,0.00031964062027558203,Diatomea,Diatomea
1,Leptolyngbya_PCC-6306,,0.0,Cyanobacteria,0.00020733445639497215,Cyanobacteria,Cyanobacteria
1,LiUU-11-161,Bacteroidota,0.0064510593757843415,Bacteroidota,0.00038011317005744893,Bacteroidota,Bacteroidota
1,Limnobacter,,0.0,Proteobacteria,0.00031964062027558203,Proteobacteria,Proteobacteria
1,Limnohabitans,,0.0,Proteobacteria,0.00011230616388060991,Proteobacteria,Proteobacteria
1,Lineage_IIa,,0.0,Elusimicrobiota,7.775042114811456e-05,Elusimicrobiota,Other
1,Longivirga,Actinobacteriota,0.00710460159580282,,0.0,Actinobacteriota,Actinobacteriota
1,Luteolibacter,Verrucomicrobiota,0.00404415783145699,,0.0,Verrucomicrobiota,Verrucomicrobiota
1,MAST-12A,,0.0,MAST-12,0.00015484790064958695,MAST-12,Other
1,MAST-3J,,0.0,MAST-3,0.00012094509956373375,MAST-3,Other
1,MB-A2-108,Actinobacteriota,0.002425529703394106,Actinobacteriota,0.0006493842784852789,Actinobacteriota,Actinobacteriota
1,MBNT15,,0.0,MBNT15,0.000620899648985975,MBNT15,Other
1,MD3-55,Proteobacteria,0.0005465078150617554,,0.0,Proteobacteria,Proteobacteria
1,MND1,,0.0,Proteobacteria,0.0013239495505539683,Proteobacteria,Proteobacteria
1,MSBL5,,0.0,Chloroflexi,3.4555742732495356e-05,Chloroflexi,Chloroflexi
1,MWH-UniP1_aquatic_group,Proteobacteria,0.023930512109407907,Proteobacteria,0.001347790749615366,Proteobacteria,Proteobacteria
1,Margulisbacteria,,0.0,Margulisbacteria,0.00038223021395508206,Margulisbacteria,Other
1,Marinimicrobia_(SAR406_clade),Marinimicrobia_(SAR406_clade),0.0026707961583465347,Marinimicrobia_(SAR406_clade),0.00013822297092998143,Marinimicrobia_(SAR406_clade),Other
1,Mariprofundus,Proteobacteria,0.001420920319160564,,0.0,Proteobacteria,Proteobacteria
1,Mesodiniidae,,0.0,Ciliophora,0.0005960865621355449,Ciliophora,Ciliophora
1,Methanosaeta,,0.0,Halobacterota,0.00022461232776121981,Halobacterota,Other
1,Methylobacterium-Methylorubrum,,0.0,Proteobacteria,0.00020130227084446303,Proteobacteria,Proteobacteria
1,Methylocystis,,0.0,Proteobacteria,0.0002591680704937152,Proteobacteria,Proteobacteria
1,Methylomicrobium,Proteobacteria,0.003663869518969389,,0.0,Proteobacteria,Proteobacteria
1,Methylomonas,,0.0,Proteobacteria,0.00034555742732495355,Proteobacteria,Proteobacteria
1,Microbulbifer,,0.0,Proteobacteria,0.00015550084229622911,Proteobacteria,Proteobacteria
1,Mitochondria,Proteobacteria,0.017995796366007878,Proteobacteria,0.008021384918468422,Proteobacteria,Proteobacteria
1,Monosiga,,0.0,Holozoa,0.0019355987581198368,Holozoa,Other
1,Mucilaginibacter,,0.0,Bacteroidota,0.00038711975162396733,Bacteroidota,Bacteroidota
1,Mychonastes,,0.0,Chlorophyta,0.0005032556771111576,Chlorophyta,Chlorophyta
1,Mycobacterium,,0.0,Actinobacteriota,0.0013136029136158512,Actinobacteriota,Actinobacteriota
1,Myrionecta,Ciliophora,0.0016884062148860978,Ciliophora,0.021856881505768276,Ciliophora,Ciliophora
1,NS10_marine_group,,0.0,Bacteroidota,0.00013822297092998143,Bacteroidota,Bacteroidota
1,NS11-12_marine_group,Bacteroidota,0.011738853517419505,Bacteroidota,0.0012805966531806426,Bacteroidota,Bacteroidota
1,NS3a_marine_group,Bacteroidota,0.0010637040538943388,Bacteroidota,0.0007861431471642694,Bacteroidota,Bacteroidota
1,NS5_marine_group,Bacteroidota,0.004158374799826415,Bacteroidota,0.0007094499938514829,Bacteroidota,Bacteroidota
1,NS9_marine_group,,0.0,Bacteroidota,0.0009133615230555376,Bacteroidota,Bacteroidota
1,Navicula,,0.0,Diatomea,0.0006434764006637479,Diatomea,Diatomea
1,Neritimorpha,,0.0,Mollusca,0.0007947820828473932,Mollusca,Other
1,Nitrospira,Nitrospirota,0.007213903158815171,Nitrospirota,0.00048284242169463113,Nitrospirota,Other
1,Nitrospirillum,,0.0,Proteobacteria,0.0002591680704937152,Proteobacteria,Proteobacteria
1,Nocardioides,,0.0,Actinobacteriota,0.00019005658502872446,Actinobacteriota,Actinobacteriota
1,Novel_Clade_10,,0.0,Cercozoa,0.0016514543653640308,Cercozoa,Cercozoa
1,Novel_Clade_2,,0.0,Cercozoa,0.002830345123514091,Cercozoa,Cercozoa
1,Novosphingobium,Proteobacteria,0.008306918788938682,Proteobacteria,0.00010065113542223152,Proteobacteria,Proteobacteria
1,OLB12,,0.0,Bacteroidota,0.00019005658502872446,Bacteroidota,Bacteroidota
1,OLB14,,0.0,Chloroflexi,0.0003973910414236966,Chloroflexi,Chloroflexi
1,OM182_clade,,0.0,Proteobacteria,7.775042114811456e-05,Proteobacteria,Proteobacteria
1,OM190,,0.0,Planctomycetota,0.0019271255660753505,Planctomycetota,Planctomycetota
1,OM27_clade,Bdellovibrionota,0.005013687627656017,Bdellovibrionota,0.0007274197345470551,Bdellovibrionota,Bdellovibrionota
1,OM43_clade,Proteobacteria,0.007091741448541409,Proteobacteria,0.0014872781679289727,Proteobacteria,Proteobacteria
1,OPB41,,0.0,Actinobacteriota,0.00022461232776121981,Actinobacteriota,Actinobacteriota
1,Obscuribacteraceae,,0.0,Cyanobacteria,0.0003224106058198573,Cyanobacteria,Cyanobacteria
1,PB19,Desulfobacterota,0.0032364036496774972,Desulfobacterota,0.0007671111221794151,Desulfobacterota,Desulfobacterota
1,PLTA13,,0.0,Proteobacteria,0.0003282795559587059,Proteobacteria,Proteobacteria
1,Paludibacter,,0.0,Bacteroidota,3.4555742732495356e-05,Bacteroidota,Bacteroidota
1,Paludibaculum,,0.0,Acidobacteriota,0.00043194678415619197,Acidobacteriota,Acidobacteriota
1,Parabacteroides,,0.0,Bacteroidota,0.00010366722819748608,Bacteroidota,Bacteroidota
1,Paramicrosporidium,,0.0,Cryptomycota,0.0018504324127625639,Cryptomycota,Other
1,Paulinella,,0.0,Cercozoa,0.003017870305548589,Cercozoa,Cercozoa
1,PeM15,Actinobacteriota,0.022554502188996007,Actinobacteriota,0.0022251274112334634,Actinobacteriota,Actinobacteriota
1,Pedomicrobium,Proteobacteria,0.003169745327358181,Proteobacteria,0.0004761183668147975,Proteobacteria,Proteobacteria
1,Pedosphaeraceae,,0.0,Verrucomicrobiota,0.0003948621466564467,Verrucomicrobiota,Verrucomicrobiota
1,Pelagostrobilidium,,0.0,Ciliophora,0.05627573875428685,Ciliophora,Ciliophora
1,Peredibacter,,0.0,Bdellovibrionota,5.183361409874304e-05,Bdellovibrionota,Bdellovibrionota
1,Phaselicystis,,0.0,Myxococcota,0.00011230616388060991,Myxococcota,Other
1,Phenylobacterium,,0.0,Proteobacteria,0.0002850848775430867,Proteobacteria,Proteobacteria
1,Photobacterium,,0.0,Proteobacteria,8.638935683123839e-05,Proteobacteria,Proteobacteria
1,Picochlorum,,0.0,Chlorophyta,0.12111830698355112,Chlorophyta,Chlorophyta
1,Pirsonia,,0.0,Incertae_Sedis,0.001183534188587966,Incertae_Sedis,Other
1,Piscinibacter,,0.0,Proteobacteria,0.00035615017149405,Proteobacteria,Proteobacteria
1,Pla1_lineage,,0.0,Planctomycetota,0.00016413977797935295,Planctomycetota,Planctomycetota
1,Pla3_lineage,Planctomycetota,0.0016470870978437854,,0.0,Planctomycetota,Planctomycetota
1,Planctomicrobium,Planctomycetota,0.011016004727780266,Planctomycetota,0.0009354900044079882,Planctomycetota,Planctomycetota
1,Planctopirus,Planctomycetota,0.005199859412947648,Planctomycetota,0.000944859737103119,Planctomycetota,Planctomycetota
1,Plesiomonas,,0.0,Proteobacteria,0.00012094509956373375,Proteobacteria,Proteobacteria
1,Ploimida,,0.0,Rotifera,0.012528831228844114,Rotifera,Other
1,Polynucleobacter,Proteobacteria,0.00847001852700894,Proteobacteria,0.0006455130809690392,Proteobacteria,Proteobacteria
1,Porphyridium,,0.0,Porphyridiophyceae,0.00016413977797935295,Porphyridiophyceae,Other
1,Potamolinea_1PC,,0.0,Cyanobacteria,0.0003541963630080774,Cyanobacteria,Cyanobacteria
1,Poteriospumella,,0.0,Ochrophyta,0.0001295840352468576,Ochrophyta,Other
1,Prorodon,,0.0,Ciliophora,0.0017787581213015947,Ciliophora,Ciliophora
1,Prosthecobacter,,0.0,Verrucomicrobiota,0.00014686190661310526,Verrucomicrobiota,Verrucomicrobiota
1,Protaspis,,0.0,Cercozoa,0.002803003141896411,Cercozoa,Cercozoa
1,Protoperidinium,,0.0,Dinoflagellata,0.0001316207155521489,Dinoflagellata,Other
1,Pseudarcicella,Bacteroidota,0.005631297653191708,Bacteroidota,0.0006047254978186687,Bacteroidota,Bacteroidota
1,Pseudobacteriovorax,Bdellovibrionota,0.004891054400179801,Bdellovibrionota,0.0002953122232061796,Bdellovibrionota,Bdellovibrionota
1,Pseudohongiella,Proteobacteria,0.007134856206436897,Proteobacteria,0.0006935972970535438,Proteobacteria,Proteobacteria
1,Pseudomonas,,0.0,Proteobacteria,0.0002937238132262105,Proteobacteria,Proteobacteria
1,Pseudoxanthobacter,,0.0,Proteobacteria,0.00028646861620173586,Proteobacteria,Proteobacteria
1,Pyramimonas,,0.0,Chlorophyta,0.0006770138032435976,Chlorophyta,Chlorophyta
1,R7C24,,0.0,Proteobacteria,0.00032045428910690776,Proteobacteria,Proteobacteria
1,RBG-13-54-9,,0.0,Chloroflexi,0.0010971448317567275,Chloroflexi,Chloroflexi
1,RBG-16-58-14,,0.0,Chloroflexi,0.0002787262211692565,Chloroflexi,Chloroflexi
1,RS62_marine_group,,0.0,Proteobacteria,0.0021994542031880944,Proteobacteria,Proteobacteria
1,Reyranella,Proteobacteria,0.007002011079000718,,0.0,Proteobacteria,Proteobacteria
1,Rheinheimera,Proteobacteria,0.0017728400898238978,,0.0,Proteobacteria,Proteobacteria
1,Rhodococcus,,0.0,Actinobacteriota,0.00017277871366247678,Actinobacteriota,Actinobacteriota
1,Rhodopila,Proteobacteria,0.003561660091413105,Proteobacteria,0.0007012982561763637,Proteobacteria,Proteobacteria
1,Rhopalophora,,0.0,Ascomycota,0.00016413977797935295,Ascomycota,Other
1,Rickettsiella,Proteobacteria,0.0008744125040988086,,0.0,Proteobacteria,Proteobacteria
1,Robiginitalea,,0.0,Bacteroidota,0.0006306423048680403,Bacteroidota,Bacteroidota
1,Roseiarcus,,0.0,Proteobacteria,0.00037163496155900866,Proteobacteria,Proteobacteria
1,Roseibacillus,Verrucomicrobiota,0.0007651109410864575,,0.0,Verrucomicrobiota,Verrucomicrobiota
1,Roseisolibacter,,0.0,Gemmatimonadota,0.0005615308194030495,Gemmatimonadota,Other
1,Rubellimicrobium,,0.0,Proteobacteria,0.00014686190661310526,Proteobacteria,Proteobacteria
1,S-BQ2-57_soil_group,,0.0,Verrucomicrobiota,0.00029421101123421517,Verrucomicrobiota,Verrucomicrobiota
1,S085,,0.0,Chloroflexi,0.00012094509956373375,Chloroflexi,Chloroflexi
1,SA1-3C06,,0.0,SA1-3C06,0.003803106879154306,SA1-3C06,Other
1,SAR116_clade,,0.0,Proteobacteria,0.0006133644335017925,Proteobacteria,Proteobacteria
1,SAR324_clade(Marine_group_B),SAR324_clade(Marine_group_B),0.009581281226953385,SAR324_clade(Marine_group_B),0.0009442482313661363,SAR324_clade(Marine_group_B),Other
1,SAR86_clade,Proteobacteria,0.0036589541136123156,Proteobacteria,0.0003948621466564467,Proteobacteria,Proteobacteria
1,SC-I-84,,0.0,Proteobacteria,0.0004358154734454547,Proteobacteria,Proteobacteria
1,SCGC_AAA164-E04,Verrucomicrobiota,0.004491194894220541,Verrucomicrobiota,0.0005004856915668823,Verrucomicrobiota,Verrucomicrobiota
1,SH-PL14,Planctomycetota,0.006459947152093583,Planctomycetota,0.001339035030884195,Planctomycetota,Planctomycetota
1,SH3-11,,0.0,Verrucomicrobiota,0.0003948621466564467,Verrucomicrobiota,Verrucomicrobiota
1,SJA-15,,0.0,Chloroflexi,0.0004621805508201484,Chloroflexi,Chloroflexi
1,SJA-28,,0.0,Bacteroidota,0.0010030494993487154,Bacteroidota,Bacteroidota
1,SL56_marine_group,Chloroflexi,0.0010739159538543036,Chloroflexi,0.00011230616388060991,Chloroflexi,Chloroflexi
1,SM1A02,,0.0,Planctomycetota,0.00037163496155900866,Planctomycetota,Planctomycetota
1,SWB02,,0.0,Proteobacteria,0.0002850848775430867,Proteobacteria,Proteobacteria
1,SZB7,,0.0,Proteobacteria,0.00027644594185996285,Proteobacteria,Proteobacteria
1,Schlesneria,Planctomycetota,0.0030031447355382086,Planctomycetota,0.0007888716967988852,Planctomycetota,Planctomycetota
1,Sediminibacterium,Bacteroidota,0.009477747675746377,Bacteroidota,0.0009589218608267462,Bacteroidota,Bacteroidota
1,Shewanella,,0.0,Proteobacteria,0.00014922505774171767,Proteobacteria,Proteobacteria
1,Skeletonema,,0.0,Diatomea,5.183361409874304e-05,Diatomea,Diatomea
1,Sorodiplophrys,,0.0,SAR,2.591680704937152e-05,SAR,Other
1,Sphingomonas,,0.0,Proteobacteria,0.00017277871366247678,Proteobacteria,Proteobacteria
1,Subgroup_10,,0.0,Acidobacteriota,0.0004931915668597252,Acidobacteriota,Acidobacteriota
1,Subgroup_18,,0.0,Acidobacteriota,0.0007429484687486501,Acidobacteriota,Acidobacteriota
1,Subgroup_2,,0.0,Acidobacteriota,0.0005155222113065188,Acidobacteriota,Acidobacteriota
1,Subgroup_22,,0.0,Acidobacteriota,0.0003541963630080774,Acidobacteriota,Acidobacteriota
1,Subgroup_23,,0.0,Acidobacteriota,0.00010366722819748608,Acidobacteriota,Acidobacteriota
1,Subgroup_5,Acidobacteriota,0.0011818933932159319,Acidobacteriota,0.00022461232776121981,Acidobacteriota,Acidobacteriota
1,Subgroup_7,,0.0,Acidobacteriota,0.00020130227084446303,Acidobacteriota,Acidobacteriota
1,Sulfurifustis,Proteobacteria,0.0056783847820393646,Proteobacteria,0.0001986955207118483,Proteobacteria,Proteobacteria
1,Sulfurimonas,,0.0,Campylobacterota,8.638935683123839e-05,Campylobacterota,Campylobacterota
1,Sva0485,Sva0485,0.0009837140671111596,Sva0485,0.00037147423437432507,Sva0485,Other
1,Symphothece_PCC-7002,,0.0,Cyanobacteria,4.3194678415619194e-05,Cyanobacteria,Cyanobacteria
1,Synechococcus_CC9902,,0.0,Cyanobacteria,9.502829251436223e-05,Cyanobacteria,Cyanobacteria
1,Syntrophorhabdus,,0.0,Desulfobacterota,0.0003096958012991739,Desulfobacterota,Desulfobacterota
1,T34,Proteobacteria,0.0012423121865274514,,0.0,Proteobacteria,Proteobacteria
1,TA06,,0.0,TA06,0.00028667328752305575,TA06,Other
1,TRA3-20,Proteobacteria,0.010343272403535945,Proteobacteria,0.001950313823490106,Proteobacteria,Proteobacteria
1,Teleaulax,,0.0,Cryptophyceae,0.011196308056837502,Cryptophyceae,Cryptophyceae
1,Terrimicrobium,Verrucomicrobiota,0.004040185460504822,Verrucomicrobiota,0.0005528918837199257,Verrucomicrobiota,Verrucomicrobiota
1,Terrimonas,,0.0,Bacteroidota,0.0005701697550861734,Bacteroidota,Bacteroidota
1,Terrisporobacter,,0.0,Firmicutes,0.00019005658502872446,Firmicutes,Other
1,Thiobacillus,Proteobacteria,0.006448792217728714,Proteobacteria,0.0004602656700168583,Proteobacteria,Proteobacteria
1,Tintinnidium,,0.0,Ciliophora,0.00018141764934560063,Ciliophora,Ciliophora
1,Tolumonas,,0.0,Proteobacteria,0.00030195340626669454,Proteobacteria,Proteobacteria
1,Tumebacillus,,0.0,Firmicutes,0.00024001424600685975,Firmicutes,Other
1,UBA12409,,0.0,Dependentiae,0.00037147423437432507,Dependentiae,Other
1,UTCFX1,,0.0,Chloroflexi,0.0001986955207118483,Chloroflexi,Chloroflexi
1,Veneroida,,0.0,Mollusca,0.0064151669282792555,Mollusca,Other
1,Vibrio,,0.0,Proteobacteria,0.00030236274890933437,Proteobacteria,Proteobacteria
1,Vicinamibacteraceae,Acidobacteriota,0.008394943945582833,Acidobacteriota,0.001008511615071901,Acidobacteriota,Acidobacteriota
1,Viridilobus,,0.0,Ochrophyta,0.012507410970460878,Ochrophyta,Other
1,WOR-1,,0.0,WOR-1,8.638935683123839e-05,WOR-1,Other
1,WS2,,0.0,WS2,0.00031964062027558203,WS2,Other
1,WWE3,,0.0,Patescibacteria,0.0002850848775430867,Patescibacteria,Other
1,Woesearchaeales,,0.0,Nanoarchaeota,8.638935683123839e-05,Nanoarchaeota,Other
1,Woeseia,,0.0,Proteobacteria,0.00035052732858618067,Proteobacteria,Proteobacteria
1,Zavarzinella,,0.0,Planctomycetota,6.0472549781866876e-05,Planctomycetota,Planctomycetota
1,cvE6,,0.0,Verrucomicrobiota,0.0005580250203928134,Verrucomicrobiota,Verrucomicrobiota
1,env.OPS_17,Bacteroidota,0.002065193673623983,Bacteroidota,0.000377382112195856,Bacteroidota,Bacteroidota
1,hgcI_clade,Actinobacteriota,0.011680701882163615,Actinobacteriota,0.0018884160991399306,Actinobacteriota,Actinobacteriota
1,mle1-7,,0.0,Proteobacteria,0.000541521890175209,Proteobacteria,Proteobacteria
1,mle1-8,,0.0,Planctomycetota,7.775042114811456e-05,Planctomycetota,Planctomycetota
1,pLW-20,,0.0,Proteobacteria,0.00011230616388060991,Proteobacteria,Proteobacteria
1,uncultured,Acidobacteriota,0.013405269949835062,Acidobacteriota,0.006766134199877195,Acidobacteriota,Acidobacteriota
2,0319-6G20,Bdellovibrionota,0.0034884361513130967,Bdellovibrionota,4.326157679795113e-05,Bdellovibrionota,Bdellovibrionota
2,11-24,,0.0,Acidobacteriota,0.0003944442113213881,Acidobacteriota,Acidobacteriota
2,211ds20,,0.0,Proteobacteria,0.0004112290713776174,Proteobacteria,Proteobacteria
2,4-29-1,,0.0,Nitrospirota,3.3569720112458565e-05,Nitrospirota,Other
2,67-14,Actinobacteriota,0.003216024993108518,Actinobacteriota,0.0006351655229354548,Actinobacteriota,Actinobacteriota
2,A0839,Proteobacteria,0.003216024993108518,Proteobacteria,0.00010317807098639375,Proteobacteria,Proteobacteria
2,A31,,0.0,Protalveolata,0.00010910159036549034,Protalveolata,Protalveolata
2,A4b,,0.0,Chloroflexi,0.00026016533087155387,Chloroflexi,Chloroflexi
2,ADurb.Bin063-1,,0.0,Verrucomicrobiota,0.0004587407064344678,Verrucomicrobiota,Verrucomicrobiota
2,ADurb.Bin118,,0.0,Verrucomicrobiota,0.0005883574444521354,Verrucomicrobiota,Verrucomicrobiota
2,AEGEAN-169_marine_group,Proteobacteria,0.009640279474719932,Proteobacteria,0.002637311442372536,Proteobacteria,Proteobacteria
2,AKYH767,Bacteroidota,0.0024317422250060123,Bacteroidota,0.0005665048204321322,Bacteroidota,Bacteroidota
2,Acari,,0.0,Arthropoda,2.595694607877068e-05,Arthropoda,Arthropoda
2,Acidaminobacter,,0.0,Firmicutes,0.0001643939918322143,Firmicutes,Other
2,Acidibacter,Proteobacteria,0.006559670552491784,Proteobacteria,0.0005883574444521354,Proteobacteria,Proteobacteria
2,Acinetobacter,,0.0,Proteobacteria,3.3569720112458565e-05,Proteobacteria,Proteobacteria
2,Acoela,,0.0,Xenacoelomorpha,0.09003746326565497,Xenacoelomorpha,Xenacoelomorpha
2,Actibacter,,0.0,Bacteroidota,0.0005511493296990186,Bacteroidota,Bacteroidota
2,Alicyclobacillus,Firmicutes,0.0005160491278769739,,0.0,Firmicutes,Other
2,Allorhizobium-Neorhizobium-Pararhizobium-Rhizobium,,0.0,Proteobacteria,0.00018169862255139476,Proteobacteria,Proteobacteria
2,Alterococcus,,0.0,Verrucomicrobiota,0.00011248009967467294,Verrucomicrobiota,Verrucomicrobiota
2,Aminicenantales,Acidobacteriota,0.0008269778553707617,Acidobacteriota,0.00018117885188844357,Acidobacteriota,Acidobacteriota
2,Anaerolinea,Chloroflexi,0.0009188642837452909,Chloroflexi,0.0008306222745206618,Chloroflexi,Chloroflexi
2,Anaeromyxobacter,,0.0,Myxococcota,0.0003980065065411504,Myxococcota,Other
2,Andalucia,,0.0,Discoba,0.005211699047459192,Discoba,Other
2,Anderseniella,Proteobacteria,0.003216024993108518,,0.0,Proteobacteria,Proteobacteria
2,Andreprevotia,,0.0,Proteobacteria,0.0008728127229239226,Proteobacteria,Proteobacteria
2,Aquabacterium,,0.0,Proteobacteria,0.0007440991209247595,Proteobacteria,Proteobacteria
2,Aquicella,,0.0,Proteobacteria,0.0002768740915068872,Proteobacteria,Proteobacteria
2,Aquisphaera,,0.0,Planctomycetota,6.713944022491713e-05,Planctomycetota,Planctomycetota
2,Armatimonas,Armatimonadota,0.003307911421483047,,0.0,Armatimonadota,Other
2,Ascidiaceihabitans,,0.0,Proteobacteria,0.000268221776147297,Proteobacteria,Proteobacteria
2,Azospirillum,,0.0,Proteobacteria,0.00044290349474885096,Proteobacteria,Proteobacteria
2,B1-7BS,,0.0,Proteobacteria,0.00033692052836106767,Proteobacteria,Proteobacteria
2,BBMC-4,,0.0,Fibrobacterota,0.00034408963115270026,Fibrobacterota,Other
2,BD1-7_clade,Proteobacteria,0.00891298355232932,Proteobacteria,0.0010486955125859046,Proteobacteria,Proteobacteria
2,BD2-11_terrestrial_group,Gemmatimonadota,0.004961867132224571,Gemmatimonadota,0.0005164101255949199,Gemmatimonadota,Other
2,BD7-8,,0.0,Proteobacteria,0.000537115521799337,Proteobacteria,Proteobacteria
2,BIrii41,,0.0,Myxococcota,0.0006056620751713159,Myxococcota,Other
2,BSV26,Bacteroidota,0.0019296149958651107,Bacteroidota,0.0002545935897792227,Bacteroidota,Bacteroidota
2,Babeliales,,0.0,Dependentiae,0.00028552640686647744,Dependentiae,Other
2,Bacteriovorax,,0.0,Bdellovibrionota,0.00044126808333910155,Bdellovibrionota,Bdellovibrionota
2,Bacteroides,,0.0,Bacteroidota,0.0011105073035155722,Bacteroidota,Bacteroidota
2,Bathyarchaeia,,0.0,Crenarchaeota,0.0005121600673360207,Crenarchaeota,Other
2,Bauldia,,0.0,Proteobacteria,0.0005622928118836809,Proteobacteria,Proteobacteria
2,Bdellovibrio,Bdellovibrionota,0.004677947646965343,Bdellovibrionota,0.00023728895906004226,Bdellovibrionota,Bdellovibrionota
2,Berkelbacteria,,0.0,Patescibacteria,0.00021820318073098065,Patescibacteria,Other
2,Bicosoeca,,0.0,Bicosoecida,0.0041953463333586774,Bicosoecida,Other
2,Blastopirellula,Planctomycetota,0.0006432049986217035,Planctomycetota,0.00021686570436315478,Planctomycetota,Planctomycetota
2,Bryobacter,Acidobacteriota,0.0022825891852433526,Acidobacteriota,0.001057851805074052,Acidobacteriota,Acidobacteriota
2,Bythopirellula,,0.0,Planctomycetota,0.00010910159036549032,Planctomycetota,Planctomycetota
2,CCD24,Proteobacteria,0.009244425268219652,Proteobacteria,0.0008186675492727847,Proteobacteria,Proteobacteria
2,CL500-29_marine_group,Actinobacteriota,0.007052423260583225,Actinobacteriota,0.0006829212497893868,Actinobacteriota,Actinobacteriota
2,CL500-3,Planctomycetota,0.02265641075412811,Planctomycetota,0.0023324932150903628,Planctomycetota,Planctomycetota
2,CV1-B1-93,,0.0,Centrohelida,0.0021544265245379665,Centrohelida,Other
2,Caenarcaniphilales,Cyanobacteria,0.002828895682273896,Cyanobacteria,0.000917145428116564,Cyanobacteria,Cyanobacteria
2,Caenogastropoda,,0.0,Mollusca,0.03185087146050592,Mollusca,Other
2,Calanoida,,0.0,Arthropoda,0.13225607212165189,Arthropoda,Arthropoda
2,Calditrichaceae,,0.0,Calditrichota,7.787083823631204e-05,Calditrichota,Other
2,Candidatus_Abawacabacteria,,0.0,Patescibacteria,0.00017304630719180452,Patescibacteria,Other
2,Candidatus_Actinomarina,Actinobacteriota,0.004226775705228338,Actinobacteriota,0.0011114169021757367,Actinobacteriota,Actinobacteriota
2,Candidatus_Adlerbacteria,,0.0,Patescibacteria,0.0005089272942269698,Patescibacteria,Other
2,Candidatus_Aquiluna,Actinobacteriota,0.008348857404259894,Actinobacteriota,0.0006391399023284845,Actinobacteriota,Actinobacteriota
2,Candidatus_Azambacteria,,0.0,Patescibacteria,0.00022496019934934588,Patescibacteria,Other
2,Candidatus_Bacilloplasma,Firmicutes,0.0012385179069047372,,0.0,Firmicutes,Other
2,Candidatus_Berkiella,Proteobacteria,0.0005160491278769739,Proteobacteria,9.517546895549249e-05,Proteobacteria,Proteobacteria
2,Candidatus_Falkowbacteria,,0.0,Patescibacteria,0.00014708936111303386,Patescibacteria,Other
2,Candidatus_Flaviluna,,0.0,Actinobacteriota,0.00037204956046237974,Actinobacteriota,Actinobacteriota
2,Candidatus_Kaiserbacteria,,0.0,Patescibacteria,1.6784860056229282e-05,Patescibacteria,Other
2,Candidatus_Magasanikbacteria,,0.0,Patescibacteria,3.46092614383609e-05,Patescibacteria,Other
2,Candidatus_Megaira,Proteobacteria,0.004240512674110627,Proteobacteria,0.0005307260750021312,Proteobacteria,Proteobacteria
2,Candidatus_Methylopumilus,Proteobacteria,0.00900486998070385,Proteobacteria,0.00045311512209729465,Proteobacteria,Proteobacteria
2,Candidatus_Nomurabacteria,,0.0,Patescibacteria,0.000392586964290611,Patescibacteria,Other
2,Candidatus_Omnitrophus,Verrucomicrobiota,0.0010320982557539477,Verrucomicrobiota,0.0006698128340842638,Verrucomicrobiota,Verrucomicrobiota
2,Candidatus_Peregrinibacteria,,0.0,Patescibacteria,0.0006248620026317213,Patescibacteria,Other
2,Candidatus_Peribacteria,,0.0,Patescibacteria,6.92185228767218e-05,Patescibacteria,Other
2,Candidatus_Renichlamydia,,0.0,Verrucomicrobiota,0.0002595694607877068,Verrucomicrobiota,Verrucomicrobiota
2,Candidatus_Solibacter,,0.0,Acidobacteriota,0.00044479879149007595,Acidobacteriota,Acidobacteriota
2,Candidatus_Staskawiczbacteria,,0.0,Patescibacteria,2.595694607877068e-05,Patescibacteria,Other
2,Candidatus_Vogelbacteria,,0.0,Patescibacteria,0.0009344500588357444,Patescibacteria,Other
2,Candidatus_Xiphinematobacter,,0.0,Verrucomicrobiota,0.0002941787222260677,Verrucomicrobiota,Verrucomicrobiota
2,Candidatus_Zambryskibacteria,,0.0,Patescibacteria,0.00015210328183196586,Patescibacteria,Other
2,Caproiciproducens,,0.0,Firmicutes,0.00010382778431508272,Firmicutes,Other
2,Caulobacter,,0.0,Proteobacteria,0.0008219699591610715,Proteobacteria,Proteobacteria
2,Cellulosilyticum,,0.0,Firmicutes,0.0006630019722210566,Firmicutes,Other
2,Cellvibrio,Proteobacteria,0.0015481473836309217,Proteobacteria,0.0012718903578597632,Proteobacteria,Proteobacteria
2,Cetobacterium,Fusobacteriota,0.0019566242380996716,,0.0,Fusobacteriota,Other
2,Chaetoceros,,0.0,Diatomea,0.04747630041834611,Diatomea,Diatomea
2,Chaetonotida,,0.0,Gastrotricha,0.013171058853180507,Gastrotricha,Other
2,Chitinibacter,,0.0,Proteobacteria,0.0001643939918322143,Proteobacteria,Proteobacteria
2,Chloroplast,Cyanobacteria,0.4362876633000551,Cyanobacteria,0.03750662551475267,Cyanobacteria,Cyanobacteria
2,Choricystis,,0.0,Chlorophyta,0.0016352876029625527,Chlorophyta,Chlorophyta
2,Chromobacterium,,0.0,Proteobacteria,4.326157679795113e-05,Proteobacteria,Proteobacteria
2,Chthoniobacter,Verrucomicrobiota,0.00045943214187264543,Verrucomicrobiota,0.0010642347892295977,Verrucomicrobiota,Verrucomicrobiota
2,Chthonobacter,,0.0,Proteobacteria,0.0001297847303938534,Proteobacteria,Proteobacteria
2,Clade_III,Proteobacteria,0.009284706783806483,Proteobacteria,0.0007803818434833176,Proteobacteria,Proteobacteria
2,Clostridium_sensu_stricto_1,,0.0,Firmicutes,8.561355493573771e-05,Firmicutes,Other
2,Clostridium_sensu_stricto_12,,0.0,Firmicutes,0.00030283103758565794,Firmicutes,Other
2,Clostridium_sensu_stricto_6,,0.0,Firmicutes,0.00020765556863016545,Firmicutes,Other
2,Codosiga,,0.0,Holozoa,0.00029949057798692326,Holozoa,Other
2,Coxiella,Proteobacteria,0.004482201767631618,Proteobacteria,0.0003374402990240188,Proteobacteria,Proteobacteria
2,Crenobacter,,0.0,Proteobacteria,0.0002336125147089361,Proteobacteria,Proteobacteria
2,Crenothrix,,0.0,Proteobacteria,0.00010737428600045107,Proteobacteria,Proteobacteria
2,Crocinitomix,,0.0,Bacteroidota,0.0002941787222260677,Bacteroidota,Bacteroidota
2,Cryptocaryon,,0.0,Ciliophora,0.00597556524711049,Ciliophora,Ciliophora
2,Cryptomonas,,0.0,Cryptophyceae,0.011117559730210357,Cryptophyceae,Cryptophyceae
2,Cryptosporangium,,0.0,Actinobacteriota,0.0003944442113213881,Actinobacteriota,Actinobacteriota
2,Cutibacterium,,0.0,Actinobacteriota,4.19621501405732e-05,Actinobacteriota,Actinobacteriota
2,Cyanobium_PCC-6307,Cyanobacteria,0.014518985074235633,Cyanobacteria,0.0027492717713842574,Cyanobacteria,Cyanobacteria
2,Cytophaga,,0.0,Bacteroidota,0.00038070187582196996,Bacteroidota,Bacteroidota
2,DEV008,,0.0,Verrucomicrobiota,0.00022496019934934588,Verrucomicrobiota,Verrucomicrobiota
2,Desulfatiglans,,0.0,Desulfobacterota,0.001955423271267391,Desulfobacterota,Desulfobacterota
2,Desulfobacca,Desulfobacterota,0.000928888430178553,,0.0,Desulfobacterota,Desulfobacterota
2,Desulfovirga,,0.0,Desulfobacterota,0.00010382778431508272,Desulfobacterota,Desulfobacterota
2,Dinghuibacter,,0.0,Bacteroidota,0.00038870447785287123,Bacteroidota,Bacteroidota
2,EPR3968-O8a-Bc78,,0.0,Proteobacteria,0.0006546095421929419,Proteobacteria,Proteobacteria
2,Ebria,,0.0,Cercozoa,0.0072840649813884495,Cercozoa,Cercozoa
2,Edaphobaculum,,0.0,Bacteroidota,3.46092614383609e-05,Bacteroidota,Bacteroidota
2,Ellin516,,0.0,Verrucomicrobiota,0.0005450958676541843,Verrucomicrobiota,Verrucomicrobiota
2,Ellin6067,,0.0,Proteobacteria,0.0007391074563818814,Proteobacteria,Proteobacteria
2,Emticicia,Bacteroidota,0.0014701828539924653,,0.0,Bacteroidota,Bacteroidota
2,Enhydrobacter,,0.0,Proteobacteria,0.0002549834177764361,Proteobacteria,Proteobacteria
2,FCPU426,,0.0,FCPU426,0.00024226483006852635,FCPU426,Other
2,FTLpost3,Bacteroidota,0.0005160491278769739,,0.0,Bacteroidota,Bacteroidota
2,Ferritrophicum,,0.0,Proteobacteria,0.0005710528137329549,Proteobacteria,Proteobacteria
2,Ferruginibacter,,0.0,Bacteroidota,0.0002768740915068872,Bacteroidota,Bacteroidota
2,Filomicrobium,,0.0,Proteobacteria,0.0004783685116025345,Proteobacteria,Proteobacteria
2,Fimbriimonadaceae,Armatimonadota,0.0034022114215390004,Armatimonadota,0.0012672569342453107,Armatimonadota,Other
2,Flavobacterium,Bacteroidota,0.003124138564733989,Bacteroidota,0.00013596813510442557,Bacteroidota,Bacteroidota
2,Fluviicola,Bacteroidota,0.019104861362972663,Bacteroidota,0.002304175044852258,Bacteroidota,Bacteroidota
2,Formivibrio,,0.0,Proteobacteria,0.00046158365154630525,Proteobacteria,Proteobacteria
2,Frankiales,,0.0,Actinobacteriota,0.0005790776719399102,Actinobacteriota,Actinobacteriota
2,FukuN57,Proteobacteria,0.005881845736883682,Proteobacteria,0.0004845296601370527,Proteobacteria,Proteobacteria
2,GKS98_freshwater_group,,0.0,Proteobacteria,0.0007873606977227106,Proteobacteria,Proteobacteria
2,GOUTA6,,0.0,Proteobacteria,5.874701019680249e-05,Proteobacteria,Proteobacteria
2,GW2011_GWC1_47_15,,0.0,Nanoarchaeota,6.713944022491713e-05,Nanoarchaeota,Other
2,GWC2-45-44,Planctomycetota,0.00041283930230157914,,0.0,Planctomycetota,Planctomycetota
2,Ga0077536,,0.0,Proteobacteria,0.0011913129798190114,Proteobacteria,Proteobacteria
2,Gaiella,Actinobacteriota,0.0035091340695634224,Actinobacteriota,0.00026549298016680334,Actinobacteriota,Actinobacteriota
2,Gastranaerophilales,Cyanobacteria,0.00020641965115078957,,0.0,Cyanobacteria,Cyanobacteria
2,Geminigera,,0.0,Cryptophyceae,0.01065525099205398,Cryptophyceae,Cryptophyceae
2,Geobacter,,0.0,Desulfobacterota,5.191389215754136e-05,Desulfobacterota,Desulfobacterota
2,Geothrix,,0.0,Acidobacteriota,0.00012113241503426317,Acidobacteriota,Acidobacteriota
2,Haliangium,,0.0,Myxococcota,0.00015574167647262408,Myxococcota,Other
2,Haplosporidium,,0.0,Cercozoa,0.002985048799058628,Cercozoa,Cercozoa
2,Hartaetosiga,,0.0,Holozoa,0.0030975288987333013,Holozoa,Other
2,Hemiselmis,,0.0,Cryptophyceae,0.0011680625735446806,Cryptophyceae,Cryptophyceae
2,Hydrogenedensaceae,Hydrogenedentes,0.0017545670347817112,Hydrogenedentes,0.00026016533087155387,Hydrogenedentes,Other
2,IMCC26256,,0.0,Actinobacteriota,0.0018633570953968718,Actinobacteriota,Actinobacteriota
2,IN2411,,0.0,Ciliophora,0.002855264068664775,Ciliophora,Ciliophora
2,IS-44,,0.0,Proteobacteria,0.00012113241503426317,Proteobacteria,Proteobacteria
2,Iamia,,0.0,Actinobacteriota,0.0002768740915068872,Actinobacteriota,Actinobacteriota
2,Ignavibacterium,Bacteroidota,0.003583570706606634,Bacteroidota,0.0004709014737689784,Bacteroidota,Bacteroidota
2,Ilumatobacter,,0.0,Actinobacteriota,0.0007354468055651692,Actinobacteriota,Actinobacteriota
2,Inhella,,0.0,Proteobacteria,0.0009483445931769544,Proteobacteria,Proteobacteria
2,JG30-KF-CM45,,0.0,Chloroflexi,0.0005537481830137744,Chloroflexi,Chloroflexi
2,JG30-KF-CM66,,0.0,Chloroflexi,0.0005797051290925452,Chloroflexi,Chloroflexi
2,JG36-GS-52,,0.0,Proteobacteria,0.00028279761088598383,Proteobacteria,Proteobacteria
2,KD3-10,,0.0,Myxococcota,0.00038070187582196996,Myxococcota,Other
2,KD4-96,Chloroflexi,0.007922745828606043,Chloroflexi,0.0016748949915854517,Chloroflexi,Chloroflexi
2,KF-JG30-B3,Proteobacteria,0.0030962947672618433,Proteobacteria,0.00072614477687689,Proteobacteria,Proteobacteria
2,KI89A_clade,Proteobacteria,0.001102637140494349,Proteobacteria,8.877022862389269e-05,Proteobacteria,Proteobacteria
2,Kapabacteriales,,0.0,Bacteroidota,4.19621501405732e-05,Bacteroidota,Bacteroidota
2,Katablepharis,,0.0,Kathablepharidae,0.015445674464912223,Kathablepharidae,Other
2,LKM15,,0.0,LKM15,0.010691955855818051,LKM15,Other
2,LWQ8,,0.0,Patescibacteria,0.00012113241503426317,Patescibacteria,Other
2,Labyrinthuloides,,0.0,Labyrinthulomycetes,0.00020765556863016545,Labyrinthulomycetes,Other
2,Lacunisphaera,,0.0,Verrucomicrobiota,0.00043261576797951133,Verrucomicrobiota,Verrucomicrobiota
2,Latescibacteraceae,,0.0,Latescibacterota,0.00022737526675352206,Latescibacterota,Other
2,Latescibacterota,Latescibacterota,0.003951116420104751,Latescibacterota,0.0004703659095716333,Latescibacterota,Other
2,Legionella,,0.0,Proteobacteria,0.0008711931050485671,Proteobacteria,Proteobacteria
2,Lentimicrobiaceae,Bacteroidota,0.0010107507121198199,Bacteroidota,0.00010070916033737569,Bacteroidota,Bacteroidota
2,Leptocylindrus,,0.0,Diatomea,0.011363350258067223,Diatomea,Diatomea
2,Leptolyngbya_PCC-6306,,0.0,Cyanobacteria,0.0002768740915068872,Cyanobacteria,Cyanobacteria
2,LiUU-11-161,Bacteroidota,0.004974304850339257,Bacteroidota,0.0005883574444521354,Bacteroidota,Bacteroidota
2,Limnohabitans,,0.0,Proteobacteria,0.00011248009967467294,Proteobacteria,Proteobacteria
2,Lineage_IIa,Elusimicrobiota,0.0011353080813293426,,0.0,Elusimicrobiota,Other
2,Litoricola,,0.0,Proteobacteria,0.0007354468055651692,Proteobacteria,Proteobacteria
2,Litorisediminicola,,0.0,Proteobacteria,3.3569720112458565e-05,Proteobacteria,Proteobacteria
2,Longivirga,Actinobacteriota,0.005696958559220803,Actinobacteriota,0.0007440991209247595,Actinobacteriota,Actinobacteriota
2,Luteolibacter,,0.0,Verrucomicrobiota,0.0004387453294452416,Verrucomicrobiota,Verrucomicrobiota
2,MAST-12A,,0.0,MAST-12,0.0012169023540766228,MAST-12,Other
2,MAST-12C,,0.0,MAST-12,0.0025345138684906214,MAST-12,Other
2,MAST-3J,,0.0,MAST-3,0.0029244825915414963,MAST-3,Other
2,MB-A2-108,,0.0,Actinobacteriota,0.0006164695726036067,Actinobacteriota,Actinobacteriota
2,MBNT15,,0.0,MBNT15,0.0008736081724527434,MBNT15,Other
2,MD3-55,Proteobacteria,0.0006192589534523686,,0.0,Proteobacteria,Proteobacteria
2,MM1,,0.0,Proteobacteria,0.0002265956107590953,Proteobacteria,Proteobacteria
2,MND1,,0.0,Proteobacteria,0.0004153872366812268,Proteobacteria,Proteobacteria
2,MN_122.2a,,0.0,Proteobacteria,0.00042801393143384665,Proteobacteria,Proteobacteria
2,MSB-3C8,,0.0,Bacteroidota,0.0008306222745206618,Bacteroidota,Bacteroidota
2,MWH-UniP1_aquatic_group,Proteobacteria,0.020464408746491677,Proteobacteria,0.0016271773144419677,Proteobacteria,Proteobacteria
2,Magnetospirillum,,0.0,Proteobacteria,6.713944022491713e-05,Proteobacteria,Proteobacteria
2,Margulisbacteria,,0.0,Margulisbacteria,4.7197906480532864e-05,Margulisbacteria,Other
2,Marinimicrobia_(SAR406_clade),Marinimicrobia_(SAR406_clade),0.003392187275105738,Marinimicrobia_(SAR406_clade),0.0003547449297431993,Marinimicrobia_(SAR406_clade),Other
2,Massisteria,,0.0,Cercozoa,0.0012504720741890814,Cercozoa,Cercozoa
2,Methanobacterium,Euryarchaeota,0.0010107507121198199,,0.0,Euryarchaeota,Other
2,Methyloceanibacter,,0.0,Proteobacteria,0.00015106374050606353,Proteobacteria,Proteobacteria
2,Methyloglobulus,,0.0,Proteobacteria,5.191389215754136e-05,Proteobacteria,Proteobacteria
2,Methyloligellaceae,,0.0,Proteobacteria,0.0001258864504217196,Proteobacteria,Proteobacteria
2,Methylomicrobium,,0.0,Proteobacteria,0.00032774844233852626,Proteobacteria,Proteobacteria
2,Methylomonas,,0.0,Proteobacteria,0.0003991221472879487,Proteobacteria,Proteobacteria
2,Methylosinus,,0.0,Proteobacteria,0.0001990032532705752,Proteobacteria,Proteobacteria
2,Micrarchaeales,,0.0,Micrarchaeota,5.165400682606577e-05,Micrarchaeota,Other
2,Mitochondria,Proteobacteria,0.029647854580874173,Proteobacteria,0.004431389709006184,Proteobacteria,Proteobacteria
2,Monhysterida,,0.0,Nematozoa,4.19621501405732e-05,Nematozoa,Other
2,Mycobacterium,,0.0,Actinobacteriota,0.0006814538307558231,Actinobacteriota,Actinobacteriota
2,Myrionecta,,0.0,Ciliophora,0.0028892236167744464,Ciliophora,Ciliophora
2,NB1-j,,0.0,NB1-j,0.0012450460692968821,NB1-j,Other
2,NS10_marine_group,,0.0,Bacteroidota,0.0004507761541140144,Bacteroidota,Bacteroidota
2,NS11-12_marine_group,Bacteroidota,0.018300715231857417,Bacteroidota,0.0009166098639192189,Bacteroidota,Bacteroidota
2,NS3a_marine_group,Bacteroidota,0.003302714418412633,Bacteroidota,0.00026016533087155387,Bacteroidota,Bacteroidota
2,NS5_marine_group,Bacteroidota,0.004378991942056223,Bacteroidota,0.000395147767894919,Bacteroidota,Bacteroidota
2,NS9_marine_group,,0.0,Bacteroidota,0.0008043896495760214,Bacteroidota,Bacteroidota
2,Nakamurella,,0.0,Actinobacteriota,0.0005104866062158234,Actinobacteriota,Actinobacteriota
2,Navicula,,0.0,Diatomea,0.0048692412333256555,Diatomea,Diatomea
2,Neochlamydia,,0.0,Verrucomicrobiota,0.0006229667058904962,Verrucomicrobiota,Verrucomicrobiota
2,Neorhodella,,0.0,Rhodellophyceae,0.000458572714058282,Rhodellophyceae,Other
2,Nitrosarchaeum,Crenarchaeota,0.001286409997243407,,0.0,Crenarchaeota,Other
2,Nitrospira,Nitrospirota,0.005326164718803678,Nitrospirota,0.00038809281423463017,Nitrospirota,Other
2,Nocardioides,,0.0,Actinobacteriota,0.00018143873721991916,Actinobacteriota,Actinobacteriota
2,Nordella,,0.0,Proteobacteria,0.00028552640686647744,Proteobacteria,Proteobacteria
2,Novel_Clade_2,,0.0,Cercozoa,0.0032694502342855737,Cercozoa,Cercozoa
2,Novosphingobium,Proteobacteria,0.005880731415969861,Proteobacteria,0.0001678486005622928,Proteobacteria,Proteobacteria
2,OC31,Bacteroidota,0.0005513185702471745,,0.0,Bacteroidota,Bacteroidota
2,OLB12,,0.0,Bacteroidota,0.0005539003818555662,Bacteroidota,Bacteroidota
2,OLB14,Chloroflexi,0.0006192589534523686,,0.0,Chloroflexi,Chloroflexi
2,OM182_clade,,0.0,Proteobacteria,5.0354580168687844e-05,Proteobacteria,Proteobacteria
2,OM190,,0.0,Planctomycetota,0.0020295322348389674,Planctomycetota,Planctomycetota
2,OM27_clade,Bdellovibrionota,0.006220433331995832,Bdellovibrionota,0.0014199496235194637,Bdellovibrionota,Bdellovibrionota
2,OM43_clade,Proteobacteria,0.004891792943014187,Proteobacteria,0.0018601781655326628,Proteobacteria,Proteobacteria
2,OM60(NOR5)_clade,,0.0,Proteobacteria,0.0005045092435918849,Proteobacteria,Proteobacteria
2,OPB41,,0.0,Actinobacteriota,0.00019035093791098498,Actinobacteriota,Actinobacteriota
2,Obscuribacteraceae,,0.0,Cyanobacteria,4.19621501405732e-05,Cyanobacteria,Cyanobacteria
2,Opitutus,,0.0,Verrucomicrobiota,0.0006630019722210566,Verrucomicrobiota,Verrucomicrobiota
2,P3OB-42,,0.0,Myxococcota,8.652315359590227e-05,Myxococcota,Other
2,P9X2b3D02,,0.0,Nitrospinota,0.0003633972451027895,Nitrospinota,Other
2,PAUC26f,,0.0,Acidobacteriota,0.00022971423473680232,Acidobacteriota,Acidobacteriota
2,PAUC43f_marine_benthic_group,,0.0,Gemmatimonadota,6.92185228767218e-05,Gemmatimonadota,Other
2,PB19,Desulfobacterota,0.007750296369057852,Desulfobacterota,0.0008310882019387709,Desulfobacterota,Desulfobacterota
2,PHOS-HE36,,0.0,Bacteroidota,0.0003374402990240188,Bacteroidota,Bacteroidota
2,PLTA13,Proteobacteria,0.000928888430178553,Proteobacteria,0.00018169862255139476,Proteobacteria,Proteobacteria
2,PS1_clade,,0.0,Proteobacteria,0.00024226483006852635,Proteobacteria,Proteobacteria
2,Paenibacillus,,0.0,Firmicutes,0.0008825361666782031,Firmicutes,Other
2,Paludibacter,Bacteroidota,0.0014701828539924653,,0.0,Bacteroidota,Bacteroidota
2,Parabacteroides,,0.0,Bacteroidota,0.00012731581974483535,Bacteroidota,Bacteroidota
2,Paraphysomonas,,0.0,Ochrophyta,0.0011594102581850903,Ochrophyta,Other
2,Parcubacteria,,0.0,Patescibacteria,0.0006126473920523688,Patescibacteria,Other
2,Paulinella,,0.0,Cercozoa,0.00011944316037967187,Cercozoa,Cercozoa
2,PeM15,Actinobacteriota,0.012711328946044837,Actinobacteriota,0.0021943318482027887,Actinobacteriota,Actinobacteriota
2,Pedomicrobium,,0.0,Proteobacteria,0.0010123208970720565,Proteobacteria,Proteobacteria
2,Pedosphaeraceae,,0.0,Verrucomicrobiota,0.0006457131350362702,Verrucomicrobiota,Verrucomicrobiota
2,Pelagostrobilidium,,0.0,Ciliophora,0.1464652638079226,Ciliophora,Ciliophora
2,Peredibacter,Bdellovibrionota,0.00045943214187264543,Bdellovibrionota,0.0003374402990240188,Bdellovibrionota,Bdellovibrionota
2,Phaselicystis,,0.0,Myxococcota,0.00017304630719180452,Myxococcota,Other
2,Photobacterium,,0.0,Proteobacteria,0.0004661854880919699,Proteobacteria,Proteobacteria
2,Picochlorum,,0.0,Chlorophyta,0.07908445760473233,Chlorophyta,Chlorophyta
2,Pir4_lineage,,0.0,Planctomycetota,0.00031148335294524815,Planctomycetota,Planctomycetota
2,Pirellula,Planctomycetota,0.0013417277324801321,,0.0,Planctomycetota,Planctomycetota
2,Pirsonia,,0.0,Incertae_Sedis,0.0020765556863016543,Incertae_Sedis,Other
2,Pla1_lineage,,0.0,Planctomycetota,0.0004672250294178722,Planctomycetota,Planctomycetota
2,Pla3_lineage,Planctomycetota,0.0021114389764627633,,0.0,Planctomycetota,Planctomycetota
2,Pla4_lineage,,0.0,Planctomycetota,0.0001258864504217196,Planctomycetota,Planctomycetota
2,Planctomicrobium,Planctomycetota,0.007449576717851109,Planctomycetota,0.0006439858306712309,Planctomycetota,Planctomycetota
2,Planctopirus,Planctomycetota,0.005290895276433477,Planctomycetota,0.0005050290142548361,Planctomycetota,Planctomycetota
2,Ploimida,,0.0,Rotifera,0.027982470931175778,Rotifera,Other
2,Polynucleobacter,Proteobacteria,0.0060882653880344716,Proteobacteria,0.0002937350509840124,Proteobacteria,Proteobacteria
2,Poteriospumella,,0.0,Ochrophyta,0.0003201356683048384,Ochrophyta,Other
2,Propionispira,Firmicutes,0.001102637140494349,,0.0,Firmicutes,Other
2,Prorodon,,0.0,Ciliophora,0.002273869684917638,Ciliophora,Ciliophora
2,Protaspis,,0.0,Cercozoa,0.008893326001492995,Cercozoa,Cercozoa
2,Pseudarcicella,Bacteroidota,0.005416751896410603,Bacteroidota,0.0008458478225880374,Bacteroidota,Bacteroidota
2,Pseudoalteromonas,,0.0,Proteobacteria,2.595694607877068e-05,Proteobacteria,Proteobacteria
2,Pseudobacteriovorax,Bdellovibrionota,0.004441920252044786,Bdellovibrionota,0.0003557306278242597,Bdellovibrionota,Bdellovibrionota
2,Pseudohongiella,Proteobacteria,0.006035361224479171,Proteobacteria,0.0009999382941165182,Proteobacteria,Proteobacteria
2,Pseudomonas,,0.0,Proteobacteria,0.0005624004983733647,Proteobacteria,Proteobacteria
2,R7C24,Proteobacteria,0.005696958559220803,Proteobacteria,0.0006166914082246343,Proteobacteria,Proteobacteria
2,RB41,,0.0,Acidobacteriota,5.0354580168687844e-05,Acidobacteriota,Acidobacteriota
2,RBG-16-55-12,,0.0,Actinobacteriota,0.00010070916033737569,Actinobacteriota,Actinobacteriota
2,RS62_marine_group,,0.0,Proteobacteria,0.0014164031218340954,Proteobacteria,Proteobacteria
2,Reyranella,Proteobacteria,0.005342500189221175,Proteobacteria,0.0007567638653878273,Proteobacteria,Proteobacteria
2,Rhodoluna,,0.0,Actinobacteriota,6.056620751713159e-05,Actinobacteriota,Actinobacteriota
2,Rhodopila,Proteobacteria,0.002088792182061032,Proteobacteria,0.00035741988247885105,Proteobacteria,Proteobacteria
2,Rickettsiella,,0.0,Proteobacteria,0.00021820318073098065,Proteobacteria,Proteobacteria
2,Robiginitalea,Bacteroidota,0.005904492531285413,Bacteroidota,0.0011845717547350402,Bacteroidota,Bacteroidota
2,Rokubacteriales,Methylomirabilota,0.002205274280988698,Methylomirabilota,0.0003283981556672152,Methylomirabilota,Other
2,Roseiarcus,,0.0,Proteobacteria,0.00031148335294524815,Proteobacteria,Proteobacteria
2,Roseibacillus,,0.0,Verrucomicrobiota,0.00012113241503426317,Verrucomicrobiota,Verrucomicrobiota
2,Rothia,,0.0,Actinobacteriota,0.00015106374050606353,Actinobacteriota,Actinobacteriota
2,S-70,,0.0,Planctomycetota,0.0005622928118836809,Planctomycetota,Planctomycetota
2,S-BQ2-57_soil_group,,0.0,Verrucomicrobiota,0.0007254950635482011,Verrucomicrobiota,Verrucomicrobiota
2,S085,Chloroflexi,0.0017545670347817112,Chloroflexi,1.6784860056229282e-05,Chloroflexi,Chloroflexi
2,SA1-3C06,,0.0,SA1-3C06,0.00023494999107676198,SA1-3C06,Other
2,SAR324_clade(Marine_group_B),SAR324_clade(Marine_group_B),0.004455842150780859,SAR324_clade(Marine_group_B),0.0015653497299779062,SAR324_clade(Marine_group_B),Other
2,SAR86_clade,Proteobacteria,0.0031328634603996477,Proteobacteria,0.0004845296601370527,Proteobacteria,Proteobacteria
2,SC-I-84,,0.0,Proteobacteria,0.0005004429712435653,Proteobacteria,Proteobacteria
2,SCGC_AAA011-D5,,0.0,Nanoarchaeota,7.553187025303177e-05,Nanoarchaeota,Other
2,SCGC_AAA164-E04,Verrucomicrobiota,0.006954225508224462,Verrucomicrobiota,0.0007433575146407807,Verrucomicrobiota,Verrucomicrobiota
2,SG8-4,,0.0,Planctomycetota,6.92185228767218e-05,Planctomycetota,Planctomycetota
2,SH-PL14,Planctomycetota,0.006300996363169496,,0.0,Planctomycetota,Planctomycetota
2,SH3-11,Verrucomicrobiota,0.0024770358138094745,Verrucomicrobiota,0.00015574167647262408,Verrucomicrobiota,Verrucomicrobiota
2,SJA-15,,0.0,Chloroflexi,0.00014267131047794888,Chloroflexi,Chloroflexi
2,SJA-28,,0.0,Bacteroidota,6.056620751713159e-05,Bacteroidota,Bacteroidota
2,SM1A02,,0.0,Planctomycetota,0.0001446204504640158,Planctomycetota,Planctomycetota
2,SM2D12,,0.0,Proteobacteria,0.0003944442113213881,Proteobacteria,Proteobacteria
2,SWB02,,0.0,Proteobacteria,0.0007043840458121767,Proteobacteria,Proteobacteria
2,Saccharimonadales,,0.0,Patescibacteria,0.00022496019934934588,Patescibacteria,Other
2,Schlesneria,,0.0,Planctomycetota,0.0008183157709860194,Planctomycetota,Planctomycetota
2,Sediminibacterium,Bacteroidota,0.007813224679046415,Bacteroidota,0.0006143143905309061,Bacteroidota,Bacteroidota
2,Sericytochromatia,Cyanobacteria,0.0020215014242396397,,0.0,Cyanobacteria,Cyanobacteria
2,Sh765B-TzT-35,,0.0,Methylomirabilota,3.46092614383609e-05,Methylomirabilota,Other
2,Shewanella,,0.0,Proteobacteria,0.00011248009967467294,Proteobacteria,Proteobacteria
2,Staphylococcus,,0.0,Firmicutes,9.361615696663897e-05,Firmicutes,Other
2,Streptococcus,,0.0,Firmicutes,3.46092614383609e-05,Firmicutes,Other
2,Subgroup_10,,0.0,Acidobacteriota,0.0002652711445457757,Acidobacteriota,Acidobacteriota
2,Subgroup_11,,0.0,Acidobacteriota,0.00026016533087155387,Acidobacteriota,Acidobacteriota
2,Subgroup_13,,0.0,Acidobacteriota,8.39243002811464e-05,Acidobacteriota,Acidobacteriota
2,Subgroup_17,Acidobacteriota,0.0013782964256179363,Acidobacteriota,0.0006462171121648273,Acidobacteriota,Acidobacteriota
2,Subgroup_18,,0.0,Acidobacteriota,0.0004971563548896727,Acidobacteriota,Acidobacteriota
2,Subgroup_2,,0.0,Acidobacteriota,0.0004292372586703287,Acidobacteriota,Acidobacteriota
2,Subgroup_21,,0.0,Acidobacteriota,0.0005018342908562331,Acidobacteriota,Acidobacteriota
2,Subgroup_22,Acidobacteriota,0.00045943214187264543,Acidobacteriota,0.0003286960907091387,Acidobacteriota,Acidobacteriota
2,Subgroup_5,,0.0,Acidobacteriota,3.447931877262311e-05,Acidobacteriota,Acidobacteriota
2,Subgroup_7,,0.0,Acidobacteriota,8.652315359590226e-05,Acidobacteriota,Acidobacteriota
2,Sulfuricurvum,Campylobacterota,0.0017545670347817112,Campylobacterota,0.0007787083823631205,Campylobacterota,Campylobacterota
2,Sulfurifustis,Proteobacteria,0.00589381875946835,Proteobacteria,0.00037052829818397416,Proteobacteria,Proteobacteria
2,Sulfurimonas,,0.0,Campylobacterota,0.0003980065065411504,Campylobacterota,Campylobacterota
2,Sva0485,Sva0485,0.001286409997243407,Sva0485,0.0002595694607877068,Sva0485,Other
2,Symphothece_PCC-7002,,0.0,Cyanobacteria,0.0001229896620650402,Cyanobacteria,Cyanobacteria
2,Syntrophobacter,,0.0,Desulfobacterota,0.00043261576797951133,Desulfobacterota,Desulfobacterota
2,Syntrophomonas,,0.0,Firmicutes,0.0005104866062158234,Firmicutes,Other
2,Syntrophorhabdus,,0.0,Desulfobacterota,1.6784860056229282e-05,Desulfobacterota,Desulfobacterota
2,Syntrophus,,0.0,Desulfobacterota,7.553187025303177e-05,Desulfobacterota,Desulfobacterota
2,T34,Proteobacteria,0.0014405751102226977,,0.0,Proteobacteria,Proteobacteria
2,TC1,,0.0,Firmicutes,0.000614314390530906,Firmicutes,Other
2,TK10,,0.0,Chloroflexi,5.191389215754136e-05,Chloroflexi,Chloroflexi
2,TRA3-20,Proteobacteria,0.010460296380722657,Proteobacteria,0.002435427194279675,Proteobacteria,Proteobacteria
2,Teleaulax,,0.0,Cryptophyceae,0.0028505229585606383,Cryptophyceae,Cryptophyceae
2,Telmatospirillum,,0.0,Proteobacteria,3.46092614383609e-05,Proteobacteria,Proteobacteria
2,Terrimicrobium,Verrucomicrobiota,0.003300300846731209,Verrucomicrobiota,0.0002941787222260677,Verrucomicrobiota,Verrucomicrobiota
2,Terrimonas,Bacteroidota,0.005492302854367636,Bacteroidota,0.000268221776147297,Bacteroidota,Bacteroidota
2,Tetranephris,,0.0,Chlorophyta,0.0008738838513186128,Chlorophyta,Chlorophyta
2,Thermoanaerobaculum,,0.0,Acidobacteriota,0.00029287929556868976,Acidobacteriota,Acidobacteriota
2,Thiobacillus,Proteobacteria,0.003951116420104751,Proteobacteria,0.00043261576797951133,Proteobacteria,Proteobacteria
2,Thiothrix,Proteobacteria,0.0008269778553707617,,0.0,Proteobacteria,Proteobacteria
2,Tolumonas,,0.0,Proteobacteria,0.0004845296601370527,Proteobacteria,Proteobacteria
2,Turneriella,Spirochaetota,0.0006432049986217035,,0.0,Spirochaetota,Other
2,Tyzzerella,,0.0,Firmicutes,0.0001990032532705752,Firmicutes,Other
2,UBA10353_marine_group,Proteobacteria,0.0021674063370832903,,0.0,Proteobacteria,Proteobacteria
2,UTBCD1,,0.0,Bacteroidota,0.0008479269052398422,Bacteroidota,Bacteroidota
2,UTCFX1,,0.0,Chloroflexi,0.0001764628662114351,Chloroflexi,Chloroflexi
2,Uliginosibacterium,,0.0,Proteobacteria,0.000614314390530906,Proteobacteria,Proteobacteria
2,Veneroida,,0.0,Mollusca,0.0061770532045644765,Mollusca,Other
2,Vermiphilaceae,,0.0,Dependentiae,0.0005874701019680248,Dependentiae,Other
2,Vicinamibacteraceae,Acidobacteriota,0.003988799434156375,Acidobacteriota,0.0005670626408055314,Acidobacteriota,Acidobacteriota
2,Viridilobus,,0.0,Ochrophyta,0.016323886616022194,Ochrophyta,Other
2,WD2101_soil_group,,0.0,Planctomycetota,0.0006199780245785271,Planctomycetota,Planctomycetota
2,WWE3,,0.0,Patescibacteria,0.00037204956046237974,Patescibacteria,Other
2,WWH38,Patescibacteria,0.0007224687790277634,,0.0,Patescibacteria,Other
2,Woeseia,,0.0,Proteobacteria,0.0001384370457534436,Proteobacteria,Proteobacteria
2,cvE6,,0.0,Verrucomicrobiota,0.0003469103200884838,Verrucomicrobiota,Verrucomicrobiota
2,env.OPS_17,Bacteroidota,0.0015481473836309217,,0.0,Bacteroidota,Bacteroidota
2,eub62A3,,0.0,Proteobacteria,0.0004845296601370527,Proteobacteria,Proteobacteria
2,hgcI_clade,Actinobacteriota,0.012182192474669375,Actinobacteriota,0.002872835047357091,Actinobacteriota,Actinobacteriota
2,mle1-27,,0.0,Myxococcota,0.0001258864504217196,Myxococcota,Other
2,mle1-7,,0.0,Proteobacteria,0.00020765556863016545,Proteobacteria,Proteobacteria
2,uncultured,Acidobacteriota,0.009825954975156951,Acidobacteriota,0.007548142588571237,Acidobacteriota,Acidobacteriota
3,028H05-P-BN-P5,Planctomycetota,0.002392095683827353,Planctomycetota,3.1625077035113826e-05,Planctomycetota,Planctomycetota
3,0319-6G20,,0.0,Bdellovibrionota,0.00017392118694520812,Bdellovibrionota,Bdellovibrionota
3,053A03-B-DI-P58,,0.0,Bdellovibrionota,0.00015564184716290548,Bdellovibrionota,Bdellovibrionota
3,67-14,,0.0,Actinobacteriota,0.00038148828115686323,Actinobacteriota,Actinobacteriota
3,A4b,Chloroflexi,0.005720228809152366,Chloroflexi,0.0006398195765703401,Chloroflexi,Chloroflexi
3,AB1,,0.0,Proteobacteria,0.00016690112300612764,Proteobacteria,Proteobacteria
3,AEGEAN-169_marine_group,Proteobacteria,0.0046801872074883,Proteobacteria,0.0010631657166486628,Proteobacteria,Proteobacteria
3,AKAU3564_sediment_group,,0.0,Planctomycetota,0.00016865613899089778,Planctomycetota,Planctomycetota
3,AT-s3-28,,0.0,Acidobacteriota,9.364986989357361e-05,Acidobacteriota,Acidobacteriota
3,Absconditabacteriales_(SR1),,0.0,Patescibacteria,8.696059347260406e-05,Patescibacteria,Other
3,Acanthopleuribacter,,0.0,Acidobacteriota,0.0002503182110133557,Acidobacteriota,Acidobacteriota
3,Acari,,0.0,Arthropoda,0.0022007719424989797,Arthropoda,Arthropoda
3,Acholeplasma,,0.0,Firmicutes,0.00038241501253294017,Firmicutes,Other
3,Acidovorax,,0.0,Proteobacteria,0.00011371769915648224,Proteobacteria,Proteobacteria
3,Acinetobacter,,0.0,Proteobacteria,0.00011371769915648224,Proteobacteria,Proteobacteria
3,Acoela,,0.0,Xenacoelomorpha,0.20007275649131895,Xenacoelomorpha,Xenacoelomorpha
3,Acrophormium_PCC-7375,,0.0,Cyanobacteria,1.7882263179227962e-05,Cyanobacteria,Cyanobacteria
3,Actibacter,,0.0,Bacteroidota,0.0004077150741610312,Bacteroidota,Bacteroidota
3,Actiniaria,,0.0,Cnidaria,0.015457559291318479,Cnidaria,Cnidaria
3,Actinocyclus,,0.0,Diatomea,0.0003159199828330274,Diatomea,Diatomea
3,Actinoptychus,,0.0,Diatomea,0.00032777454462750767,Diatomea,Diatomea
3,Aestuariibacter,,0.0,Proteobacteria,0.0004013565852581726,Proteobacteria,Proteobacteria
3,Aestuariicella,Proteobacteria,0.00218408736349454,,0.0,Proteobacteria,Proteobacteria
3,Ahrensia,,0.0,Proteobacteria,0.00041847751082037905,Proteobacteria,Proteobacteria
3,Alcanivorax,Proteobacteria,0.00436817472698908,Proteobacteria,0.0002014731037419436,Proteobacteria,Proteobacteria
3,Algimonas,,0.0,Proteobacteria,0.00017392118694520812,Proteobacteria,Proteobacteria
3,Algivirga,,0.0,Bacteroidota,0.0002852216371739905,Bacteroidota,Bacteroidota
3,Aliikangiella,,0.0,Proteobacteria,0.00026823394768841943,Proteobacteria,Proteobacteria
3,Altererythrobacter,,0.0,Proteobacteria,0.00028094960968072085,Proteobacteria,Proteobacteria
3,Alteromonas,,0.0,Proteobacteria,0.0006248185859135584,Proteobacteria,Proteobacteria
3,Amaricoccus,,0.0,Proteobacteria,0.0002920769652607234,Proteobacteria,Proteobacteria
3,Amastigomonas,,0.0,Apusomonadidae,0.00108595008258167,Apusomonadidae,Other
3,Aminicenantales,,0.0,Acidobacteriota,0.0002604184147297737,Acidobacteriota,Acidobacteriota
3,Amoebophrya,,0.0,Protalveolata,0.0007225744316346383,Protalveolata,Protalveolata
3,Amphidinium,,0.0,Dinoflagellata,0.001773489167792454,Dinoflagellata,Other
3,Ancyromonas,,0.0,Ancyromonadida,0.00012709625199842133,Ancyromonadida,Other
3,Anderseniella,Proteobacteria,0.005304212168486739,Proteobacteria,0.0007567165201782515,Proteobacteria,Proteobacteria
3,Ankylochrisis,,0.0,Ochrophyta,0.0009358384397129301,Ochrophyta,Other
3,Annelida,,0.0,Annelida,2.3843017572303952e-05,Annelida,Other
3,Aplanochytrium,,0.0,Labyrinthulomycetes,0.002593587104397445,Labyrinthulomycetes,Other
3,Aquibacter,,0.0,Bacteroidota,0.0014335266422255233,Bacteroidota,Bacteroidota
3,Aquicella,,0.0,Proteobacteria,8.941131589613981e-05,Proteobacteria,Proteobacteria
3,Arenicella,,0.0,Proteobacteria,0.0002140568454710254,Proteobacteria,Proteobacteria
3,Aristerostoma,,0.0,Ciliophora,0.00010729357907536778,Ciliophora,Ciliophora
3,Ascidiaceihabitans,,0.0,Proteobacteria,0.0019498932348436177,Proteobacteria,Proteobacteria
3,Aureicoccus,,0.0,Bacteroidota,0.00011785714847982434,Bacteroidota,Bacteroidota
3,Aureispira,Bacteroidota,0.005948596291728342,Bacteroidota,0.0006190566987753737,Bacteroidota,Bacteroidota
3,B2706-C7,,0.0,Bacteroidota,3.5764526358455924e-05,Bacteroidota,Bacteroidota
3,B2M28,Proteobacteria,0.008618399418931964,Proteobacteria,0.0014333940640555958,Proteobacteria,Proteobacteria
3,BB01-173,,0.0,Cercozoa,0.0005953456014662894,Cercozoa,Cercozoa
3,BD1-7_clade,,0.0,Proteobacteria,0.00021243440765618282,Proteobacteria,Proteobacteria
3,BD2-11_terrestrial_group,Gemmatimonadota,0.006136245449817993,Gemmatimonadota,0.0026570019943200204,Gemmatimonadota,Other
3,BD2-3,Verrucomicrobiota,0.0015512895094046927,Verrucomicrobiota,8.696059347260406e-05,Verrucomicrobiota,Verrucomicrobiota
3,BD2-7,,0.0,Proteobacteria,0.0009227230694907224,Proteobacteria,Proteobacteria
3,BD7-11,,0.0,Planctomycetota,0.0006191229878603375,Planctomycetota,Planctomycetota
3,BD7-8,,0.0,Proteobacteria,0.001034255860470232,Proteobacteria,Proteobacteria
3,BIrii41,,0.0,Myxococcota,0.00019398901620811676,Myxococcota,Other
3,BSV26,,0.0,Bacteroidota,4.7686035144607904e-05,Bacteroidota,Bacteroidota
3,Babeliales,,0.0,Dependentiae,0.00033790822183976156,Dependentiae,Other
3,Bacillaria,,0.0,Diatomea,0.0011981116330082736,Diatomea,Diatomea
3,Bacteroides,,0.0,Bacteroidota,0.00018349173588862397,Bacteroidota,Bacteroidota
3,Bacteroidetes_BD2-2,,0.0,Bacteroidota,0.0005951145765289781,Bacteroidota,Bacteroidota
3,Bacteroidetes_VC2.1_Bac22,,0.0,Bacteroidota,0.000276115111825321,Bacteroidota,Bacteroidota
3,Balneola,Bacteroidota,0.008511733139482648,Bacteroidota,0.0005167636692211691,Bacteroidota,Bacteroidota
3,Barentsiidae,,0.0,Entoprocta,6.689276420969544e-05,Entoprocta,Other
3,Bathyarchaeia,,0.0,Crenarchaeota,0.00013885236702551785,Crenarchaeota,Other
3,Bauldia,,0.0,Proteobacteria,0.00023389299188991477,Proteobacteria,Proteobacteria
3,Bdellovibrio,Bdellovibrionota,0.00093603744149766,Bdellovibrionota,0.0008043034506487678,Bdellovibrionota,Bdellovibrionota
3,Bermanella,,0.0,Proteobacteria,1.1921508786151976e-05,Proteobacteria,Proteobacteria
3,Bicosoeca,,0.0,Bicosoecida,0.0017359676517291044,Bicosoecida,Other
3,Blastocatella,,0.0,Acidobacteriota,0.0003344638210484772,Acidobacteriota,Acidobacteriota
3,Blastopirellula,Planctomycetota,0.014248569942797712,Planctomycetota,0.0031889989949486983,Planctomycetota,Planctomycetota
3,Blfdi19,Myxococcota,0.0026882867054065524,Myxococcota,0.000702109525768655,Myxococcota,Other
3,Bolidomonas,,0.0,Ochrophyta,0.0008643093869960183,Ochrophyta,Other
3,Bradymonadales,Desulfobacterota,0.0017452006980802793,Desulfobacterota,0.0014546865966235645,Desulfobacterota,Desulfobacterota
3,Bythopirellula,Planctomycetota,0.0031201248049922,Planctomycetota,0.0003010174389436295,Planctomycetota,Planctomycetota
3,C2U,,0.0,Proteobacteria,6.556829832383587e-05,Proteobacteria,Proteobacteria
3,C86,,0.0,Planctomycetota,5.169290629802246e-05,Planctomycetota,Planctomycetota
3,CCM11a,,0.0,Planctomycetota,0.0002910832868929748,Planctomycetota,Planctomycetota
3,CL500-3,Planctomycetota,0.003785654625719642,Planctomycetota,0.00026853191961740243,Planctomycetota,Planctomycetota
3,Calanoida,,0.0,Arthropoda,0.17444132830746772,Arthropoda,Arthropoda
3,Caldithrix,,0.0,Calditrichota,0.0004414922437839899,Calditrichota,Other
3,Calditrichaceae,Calditrichota,0.0029121164846593866,Calditrichota,0.00034072320527724407,Calditrichota,Other
3,Calorithrix,,0.0,Calditrichota,0.0005908090755398726,Calditrichota,Other
3,Candidatus_Actinomarina,Actinobacteriota,0.020554585999612178,Actinobacteriota,0.0013575601682562864,Actinobacteriota,Actinobacteriota
3,Candidatus_Altiarchaeum,,0.0,Altiarchaeota,0.00018729973978714721,Altiarchaeota,Other
3,Candidatus_Amoebophilus,,0.0,Bacteroidota,8.258946130524272e-05,Bacteroidota,Bacteroidota
3,Candidatus_Campbellbacteria,,0.0,Patescibacteria,0.0007659228081077208,Patescibacteria,Other
3,Candidatus_Electrothrix,,0.0,Desulfobacterota,0.00011921508786151975,Desulfobacterota,Desulfobacterota
3,Candidatus_Endobugula,,0.0,Proteobacteria,0.00020266564936458357,Proteobacteria,Proteobacteria
3,Candidatus_Entotheonella,,0.0,Entotheonellaeota,0.00034784237389041625,Entotheonellaeota,Other
3,Candidatus_Falkowbacteria,,0.0,Patescibacteria,0.0002920769652607234,Patescibacteria,Other
3,Candidatus_Fritschea,,0.0,Verrucomicrobiota,0.00019074414057843162,Verrucomicrobiota,Verrucomicrobiota
3,Candidatus_Hepatincola,,0.0,Proteobacteria,0.0004281136909420508,Proteobacteria,Proteobacteria
3,Candidatus_Jidaibacter,,0.0,Proteobacteria,0.00012040697557745179,Proteobacteria,Proteobacteria
3,Candidatus_Kaiserbacteria,,0.0,Patescibacteria,0.0020813940925052364,Patescibacteria,Other
3,Candidatus_Kerfeldbacteria,,0.0,Patescibacteria,0.0001070284227355127,Patescibacteria,Other
3,Candidatus_Magasanikbacteria,,0.0,Patescibacteria,0.00019034640606864896,Patescibacteria,Other
3,Candidatus_Megaira,,0.0,Proteobacteria,0.00048172766489060676,Proteobacteria,Proteobacteria
3,Candidatus_Moranbacteria,,0.0,Patescibacteria,8.106612816449185e-05,Patescibacteria,Other
3,Candidatus_Omnitrophus,,0.0,Verrucomicrobiota,0.0007682737679504568,Verrucomicrobiota,Verrucomicrobiota
3,Candidatus_Peregrinibacteria,Patescibacteria,0.0013520540821632865,Patescibacteria,0.0002695249400784432,Patescibacteria,Other
3,Candidatus_Peribacteria,,0.0,Patescibacteria,2.566432264203784e-05,Patescibacteria,Other
3,Candidatus_Puniceispirillum,,0.0,Proteobacteria,0.0002012414208979244,Proteobacteria,Proteobacteria
3,Candidatus_Roizmanbacteria,,0.0,Patescibacteria,4.172528075153191e-05,Patescibacteria,Other
3,Candidatus_Tenderia,,0.0,Proteobacteria,0.0003909255940236436,Proteobacteria,Proteobacteria
3,Candidatus_Thiobios,,0.0,Proteobacteria,0.0011948975992475926,Proteobacteria,Proteobacteria
3,Candidatus_Thiosymbion,,0.0,Proteobacteria,0.0001490188598268997,Proteobacteria,Proteobacteria
3,Carboxylicivirga,,0.0,Bacteroidota,0.00039933707084025536,Bacteroidota,Bacteroidota
3,Catellicoccus,,0.0,Firmicutes,1.1921508786151976e-05,Firmicutes,Other
3,Catenovulum,,0.0,Proteobacteria,0.0002006782926290863,Proteobacteria,Proteobacteria
3,Cellvibrionaceae,,0.0,Proteobacteria,0.0005351421136775635,Proteobacteria,Proteobacteria
3,Centrohelida,,0.0,Centrohelida,0.00019693657781552686,Centrohelida,Other
3,Cerasicoccus,,0.0,Verrucomicrobiota,9.086835995192693e-05,Verrucomicrobiota,Verrucomicrobiota
3,Cerataulina,,0.0,Diatomea,0.0011091295513976284,Diatomea,Diatomea
3,Cetobacterium,,0.0,Fusobacteriota,0.00019074414057843162,Fusobacteriota,Other
3,Chaetoceros,,0.0,Diatomea,0.018474644113512437,Diatomea,Diatomea
3,Chaetonotida,,0.0,Gastrotricha,0.0012664259940577964,Gastrotricha,Other
3,Cheilostomatida,,0.0,Bryozoa,0.0005819670486243503,Bryozoa,Other
3,Chlorarachnion,,0.0,Cercozoa,0.0002930699857217641,Cercozoa,Cercozoa
3,Chloromorum,,0.0,Ochrophyta,0.003242714705198177,Ochrophyta,Other
3,Chlorophyta,,0.0,Chlorophyta,0.0002920769652607234,Chlorophyta,Chlorophyta
3,Chloroplast,Cyanobacteria,0.11942209625557798,Cyanobacteria,0.017350343572352017,Cyanobacteria,Cyanobacteria
3,Chromadorida,,0.0,Nematozoa,0.002044538756825064,Nematozoa,Other
3,Chromera,,0.0,Protalveolata,0.00045301733387377504,Protalveolata,Protalveolata
3,Chrysocampanula,,0.0,Prymnesiophyceae,0.000476860351446079,Prymnesiophyceae,Other
3,Clade_II,,0.0,Proteobacteria,0.00038642188368635474,Proteobacteria,Proteobacteria
3,Clade_III,Proteobacteria,0.006794726704716822,Proteobacteria,0.000376818519153811,Proteobacteria,Proteobacteria
3,Clade_Ia,,0.0,Proteobacteria,0.00029144754790692156,Proteobacteria,Proteobacteria
3,Clade_Ib,,0.0,Proteobacteria,0.0002443909301161155,Proteobacteria,Proteobacteria
3,Clostridia_vadinBB60_group,,0.0,Firmicutes,8.696059347260406e-05,Firmicutes,Other
3,Clostridiisalibacter,,0.0,Firmicutes,0.0003993705443360912,Firmicutes,Other
3,Clostridium_sensu_stricto_1,,0.0,Firmicutes,5.351421136775635e-05,Firmicutes,Other
3,Cm1-21,,0.0,Proteobacteria,9.364986989357361e-05,Proteobacteria,Proteobacteria
3,Cobetia,Proteobacteria,0.012262144936059222,Proteobacteria,0.0004139738004830902,Proteobacteria,Proteobacteria
3,Coraliomargarita,Verrucomicrobiota,0.0060112468489431845,Verrucomicrobiota,0.00017047744406063168,Verrucomicrobiota,Verrucomicrobiota
3,Corallibacter,,0.0,Bacteroidota,6.0203487788725894e-05,Bacteroidota,Bacteroidota
3,Corethron,,0.0,Diatomea,0.00010729357907536778,Diatomea,Diatomea
3,Corollospora,,0.0,Ascomycota,4.5732151904946475e-05,Ascomycota,Other
3,Coscinodiscophytina,,0.0,Diatomea,5.656087764925811e-05,Diatomea,Diatomea
3,Coscinodiscus,,0.0,Diatomea,0.00013709735104074772,Diatomea,Diatomea
3,Coxiella,,0.0,Proteobacteria,0.0002919772026799238,Proteobacteria,Proteobacteria
3,Criblamydiaceae,,0.0,Verrucomicrobiota,0.00017286187739920365,Verrucomicrobiota,Verrucomicrobiota
3,Crocinitomix,Bacteroidota,0.004964943216693182,Bacteroidota,0.00124215308429329,Bacteroidota,Bacteroidota
3,Cryothecomonas,,0.0,Cercozoa,6.0203487788725894e-05,Cercozoa,Cercozoa
3,Cryptocaryon,,0.0,Ciliophora,0.0001847833861853556,Ciliophora,Ciliophora
3,Cyanobium_PCC-6307,Cyanobacteria,0.030052331819858016,Cyanobacteria,0.004833072450675707,Cyanobacteria,Cyanobacteria
3,Cyclobacterium,,0.0,Bacteroidota,0.0001603109512592498,Bacteroidota,Bacteroidota
3,Cyclopoida,,0.0,Arthropoda,0.0032166211482706447,Arthropoda,Arthropoda
3,Cyclotella,,0.0,Diatomea,0.014700962849082705,Diatomea,Diatomea
3,D2P04A09,,0.0,Cercozoa,0.0016584450290299884,Cercozoa,Cercozoa
3,DEV007,Verrucomicrobiota,0.018966964612266865,Verrucomicrobiota,0.002977856237589247,Verrucomicrobiota,Verrucomicrobiota
3,DEV008,,0.0,Verrucomicrobiota,9.537207028921581e-05,Verrucomicrobiota,Verrucomicrobiota
3,Dadabacteriales,,0.0,Dadabacteria,6.0203487788725894e-05,Dadabacteria,Other
3,Deferrisoma,,0.0,Deferrisomatota,0.00014716408126132997,Deferrisomatota,Other
3,Defluviicoccus,Proteobacteria,0.0015600624024961,Proteobacteria,0.0002980377196537994,Proteobacteria,Proteobacteria
3,Defluviitaleaceae_UCG-011,,0.0,Firmicutes,0.00013805755591266052,Firmicutes,Other
3,Desulfatiferula,,0.0,Desulfobacterota,5.351421136775635e-05,Desulfobacterota,Desulfobacterota
3,Desulfatiglans,,0.0,Desulfobacterota,0.0009236176431843793,Desulfobacterota,Desulfobacterota
3,Desulfobacter,,0.0,Desulfobacterota,4.0135658525817265e-05,Desulfobacterota,Desulfobacterota
3,Desulfoluna,,0.0,Desulfobacterota,6.0203487788725894e-05,Desulfobacterota,Desulfobacterota
3,Desulfomonile,,0.0,Desulfobacterota,4.6824934946786804e-05,Desulfobacterota,Desulfobacterota
3,Desulfosarcina,Desulfobacterota,0.007384295371814872,Desulfobacterota,0.0009626939921641921,Desulfobacterota,Desulfobacterota
3,Desulfovibrio,,0.0,Desulfobacterota,0.00013477920678713951,Desulfobacterota,Desulfobacterota
3,Developayella,,0.0,Incertae_Sedis,0.0005901146849145228,Incertae_Sedis,Other
3,Devosia,Proteobacteria,0.0006240249609984399,,0.0,Proteobacteria,Proteobacteria
3,Diaphanoeca,,0.0,Holozoa,0.0011872809335438381,Holozoa,Other
3,Didymoeca,,0.0,Holozoa,0.00048818525846755707,Holozoa,Other
3,Diplonemea,,0.0,Euglenozoa,1.1921508786151976e-05,Euglenozoa,Other
3,Dokdonia,,0.0,Bacteroidota,0.00020266564936458357,Bacteroidota,Bacteroidota
3,Draconibacterium,Bacteroidota,0.006399069226294357,Bacteroidota,0.0002546230540957532,Bacteroidota,Bacteroidota
3,Duboscquella,,0.0,Protalveolata,0.0008762308957821702,Protalveolata,Protalveolata
3,EPR3968-O8a-Bc78,Proteobacteria,0.0016640665626625065,Proteobacteria,0.0006141552539283022,Proteobacteria,Proteobacteria
3,EV818SWSAP88,,0.0,Proteobacteria,0.00014686610933234694,Proteobacteria,Proteobacteria
3,Echinicola,,0.0,Bacteroidota,0.0002274353983129645,Bacteroidota,Bacteroidota
3,Edaphobaculum,,0.0,Bacteroidota,0.00012709625199842133,Bacteroidota,Bacteroidota
3,Eel-36e1D6,,0.0,Myxococcota,0.00013709735104074772,Myxococcota,Other
3,Eionea,,0.0,Proteobacteria,0.0003478423738904163,Proteobacteria,Proteobacteria
3,Ekhidna,Bacteroidota,0.0024960998439937598,Bacteroidota,0.0010507138951828007,Bacteroidota,Bacteroidota
3,Endozoicomonas,,0.0,Proteobacteria,0.0006241898264664644,Proteobacteria,Proteobacteria
3,Epulopiscium,,0.0,Firmicutes,0.00010133282468229179,Firmicutes,Other
3,Erythrobacter,,0.0,Proteobacteria,4.0135658525817265e-05,Proteobacteria,Proteobacteria
3,Eunicida,,0.0,Annelida,0.00043702200694253684,Annelida,Other
3,Eunotogramma,,0.0,Diatomea,0.002902751521724539,Diatomea,Diatomea
3,Euplotes,,0.0,Ciliophora,0.0001787891582964438,Ciliophora,Ciliophora
3,Eutintinnus,,0.0,Ciliophora,0.00011371769915648224,Ciliophora,Ciliophora
3,Euzebyella,Bacteroidota,0.007147306252924928,,0.0,Bacteroidota,Bacteroidota
3,Exiguobacterium,,0.0,Firmicutes,2.6757105683878175e-05,Firmicutes,Other
3,Fabibacter,,0.0,Bacteroidota,0.00015497961421997568,Bacteroidota,Bacteroidota
3,Falcula,,0.0,Diatomea,8.941131589613981e-05,Diatomea,Diatomea
3,Ferrimonas,Proteobacteria,0.0012480499219968799,Proteobacteria,0.0005254068288818002,Proteobacteria,Proteobacteria
3,Filomicrobium,,0.0,Proteobacteria,0.0008672891062858483,Proteobacteria,Proteobacteria
3,Flavobacteriales,Bacteroidota,0.0019391118867558659,Bacteroidota,0.0002274353983129645,Bacteroidota,Bacteroidota
3,Flavobacterium,Bacteroidota,0.00218408736349454,Bacteroidota,0.00016054263410326906,Bacteroidota,Bacteroidota
3,Flexithrix,Bacteroidota,0.0008320332813312533,Bacteroidota,0.0002871092313286881,Bacteroidota,Bacteroidota
3,Fluviicola,Bacteroidota,0.010986687285990566,Bacteroidota,0.0007063152641769608,Bacteroidota,Bacteroidota
3,Formosa,,0.0,Bacteroidota,0.0002878377533565817,Bacteroidota,Bacteroidota
3,Francisella,,0.0,Proteobacteria,0.00017392118694520812,Proteobacteria,Proteobacteria
3,Fulvibacter,,0.0,Bacteroidota,0.00018061046336617767,Bacteroidota,Bacteroidota
3,Fulvivirga,,0.0,Bacteroidota,0.00017090799415954221,Bacteroidota,Bacteroidota
3,Fusibacter,,0.0,Firmicutes,0.0005717349246447125,Firmicutes,Other
3,Ga0077536,,0.0,Proteobacteria,0.000688995471359863,Proteobacteria,Proteobacteria
3,Gallaecimonas,,0.0,Proteobacteria,0.00012040697557745179,Proteobacteria,Proteobacteria
3,Gayadomonas,,0.0,Proteobacteria,0.0005083850079936853,Proteobacteria,Proteobacteria
3,Geminobacterium,,0.0,Cyanobacteria,0.0002274353983129645,Cyanobacteria,Cyanobacteria
3,Geothermobacter,,0.0,Desulfobacterota,0.00013282532354747808,Desulfobacterota,Desulfobacterota
3,Gilvibacter,,0.0,Bacteroidota,0.00011335343814253546,Bacteroidota,Bacteroidota
3,Gilvimarinus,,0.0,Proteobacteria,0.00024253615155054578,Proteobacteria,Proteobacteria
3,Glaciecola,,0.0,Proteobacteria,0.0004147351381001117,Proteobacteria,Proteobacteria
3,Goniomonas,,0.0,Cryptophyceae,0.0007614525712662677,Cryptophyceae,Cryptophyceae
3,Gonyaulax,,0.0,Dinoflagellata,0.0005949163671807947,Dinoflagellata,Other
3,Gracilibacteria,,0.0,Patescibacteria,0.00035582330060811746,Patescibacteria,Other
3,Gramella,,0.0,Bacteroidota,0.00010265729056815136,Bacteroidota,Bacteroidota
3,Granulosicoccus,Proteobacteria,0.0062402496099844,Proteobacteria,0.0006025323749778411,Proteobacteria,Proteobacteria
3,Grimontia,,0.0,Proteobacteria,0.0003159199828330274,Proteobacteria,Proteobacteria
3,Guinardia,,0.0,Diatomea,0.007783315087730209,Diatomea,Diatomea
3,HIMB11,,0.0,Proteobacteria,0.03006510913685903,Proteobacteria,Proteobacteria
3,HOC36,,0.0,Proteobacteria,0.0007098259540532089,Proteobacteria,Proteobacteria
3,Haematospirillum,,0.0,Proteobacteria,0.00023412467473393403,Proteobacteria,Proteobacteria
3,Hahella,,0.0,Proteobacteria,0.00036122092673235534,Proteobacteria,Proteobacteria
3,Halarcobacter,,0.0,Campylobacterota,0.0002006782926290863,Campylobacterota,Campylobacterota
3,Haliangium,,0.0,Myxococcota,0.0002977062742289806,Myxococcota,Other
3,Halobacillus,,0.0,Firmicutes,0.0001049091457367958,Firmicutes,Other
3,Halobacteriovorax,,0.0,Bdellovibrionota,1.1921508786151976e-05,Bdellovibrionota,Bdellovibrionota
3,Halodesulfovibrio,Desulfobacterota,0.00093603744149766,Desulfobacterota,0.00012140065394520042,Desulfobacterota,Desulfobacterota
3,Halomonas,,0.0,Proteobacteria,0.00017286187739920365,Proteobacteria,Proteobacteria
3,Haloplasma,,0.0,Firmicutes,0.00021412313455598916,Firmicutes,Other
3,Haplozoon,,0.0,Dinoflagellata,0.00011371769915648224,Dinoflagellata,Other
3,Hartaetosiga,,0.0,Holozoa,0.0009317646215678438,Holozoa,Other
3,Hemiselmis,,0.0,Cryptophyceae,0.0007493321952252243,Cryptophyceae,Cryptophyceae
3,Henriciella,,0.0,Proteobacteria,9.364986989357361e-05,Proteobacteria,Proteobacteria
3,Heterobranchia,,0.0,Mollusca,0.0008047018430652583,Mollusca,Other
3,Holosporaceae,Proteobacteria,0.003125449043558019,Proteobacteria,0.0003344638210484772,Proteobacteria,Proteobacteria
3,Hyalophysa,,0.0,Ciliophora,0.001049092773181374,Ciliophora,Ciliophora
3,Hydrogenedensaceae,,0.0,Hydrogenedentes,0.00041043029501771413,Hydrogenedentes,Other
3,Hyphomonas,Proteobacteria,0.006475665658388988,Proteobacteria,0.00022266718954252844,Proteobacteria,Proteobacteria
3,Hypnocyclicus,,0.0,Fusobacteriota,3.5764526358455924e-05,Fusobacteriota,Other
3,IMCC26207,Actinobacteriota,0.0026001040041601664,Actinobacteriota,0.0003392326877256211,Actinobacteriota,Actinobacteriota
3,IN2411,,0.0,Ciliophora,0.0001430581054338237,Ciliophora,Ciliophora
3,IheB3-7,,0.0,Bacteroidota,0.0005511374406088018,Bacteroidota,Bacteroidota
3,Ilumatobacter,Actinobacteriota,0.0029086678301337987,Actinobacteriota,0.0013649444932093135,Actinobacteriota,Actinobacteriota
3,Incertae_Sedis,,0.0,Firmicutes,7.692667884114974e-05,Firmicutes,Other
3,Izemoplasmatales,,0.0,Firmicutes,0.0005482896415821912,Firmicutes,Other
3,Izimaplasma,,0.0,Firmicutes,0.00036791020315332494,Firmicutes,Other
3,JG30-KF-CM45,,0.0,Chloroflexi,0.000500703369018383,Chloroflexi,Chloroflexi
3,JGI_0000069-P22,,0.0,Patescibacteria,7.152905271691185e-05,Patescibacteria,Other
3,KD4-96,Chloroflexi,0.005096203848153926,Chloroflexi,0.0006065064305421278,Chloroflexi,Chloroflexi
3,KF-JG30-B3,,0.0,Proteobacteria,0.00044559887751820405,Proteobacteria,Proteobacteria
3,KI89A_clade,Proteobacteria,0.009717491666507847,Proteobacteria,0.0019952604678279097,Proteobacteria,Proteobacteria
3,Kistimonas,,0.0,Proteobacteria,0.00035168450919148325,Proteobacteria,Proteobacteria
3,Kordiimonas,,0.0,Proteobacteria,0.00022074612189199494,Proteobacteria,Proteobacteria
3,LCP-89,,0.0,LCP-89,0.00012047326466241556,LCP-89,Other
3,Labilibacter,,0.0,Bacteroidota,0.00016054263410326906,Bacteroidota,Bacteroidota
3,Labrenzia,,0.0,Proteobacteria,0.00016103947328714336,Proteobacteria,Proteobacteria
3,Labyrinthula,,0.0,Labyrinthulomycetes,0.0036618176859321105,Labyrinthulomycetes,Other
3,Labyrinthuloides,,0.0,Labyrinthulomycetes,0.0003328413832336346,Labyrinthulomycetes,Other
3,Labyrinthulomycetes,,0.0,Labyrinthulomycetes,0.00032777454462750767,Labyrinthulomycetes,Other
3,Latescibacteraceae,,0.0,Latescibacterota,0.0005392487474117776,Latescibacterota,Other
3,Latescibacterota,Latescibacterota,0.005535241770345625,Latescibacterota,0.0023410163803087368,Latescibacterota,Other
3,Leeuwenhoekiella,Bacteroidota,0.005802300736590255,Bacteroidota,0.00029432816252265994,Bacteroidota,Bacteroidota
3,Legionella,,0.0,Proteobacteria,0.00010729357907536778,Proteobacteria,Proteobacteria
3,Lenti-02,,0.0,Verrucomicrobiota,0.00023286649793303823,Verrucomicrobiota,Verrucomicrobiota
3,Lentimicrobiaceae,Bacteroidota,0.0031201248049922,Bacteroidota,4.427510784915936e-05,Bacteroidota,Bacteroidota
3,Lentimonas,Verrucomicrobiota,0.006552262090483619,Verrucomicrobiota,0.0010049154541928902,Verrucomicrobiota,Verrucomicrobiota
3,Lentisphaera,,0.0,Verrucomicrobiota,0.0004804360145938751,Verrucomicrobiota,Verrucomicrobiota
3,Lepidodinium,,0.0,Dinoflagellata,0.0005351421136775635,Dinoflagellata,Other
3,Leptocylindrus,,0.0,Diatomea,0.0006756169185179239,Diatomea,Diatomea
3,Leptothecata,,0.0,Cnidaria,0.03770169192949396,Cnidaria,Cnidaria
3,Leucocryptos,,0.0,Kathablepharidae,0.001340406427104952,Kathablepharidae,Other
3,Lewinella,Bacteroidota,0.0044721788871554865,Bacteroidota,0.0007625118808122722,Bacteroidota,Bacteroidota
3,Licmosphenia,,0.0,Diatomea,8.345056150306382e-05,Diatomea,Diatomea
3,Limibaculum,,0.0,Proteobacteria,0.0002943944516076237,Proteobacteria,Proteobacteria
3,Limnobacter,,0.0,Proteobacteria,5.2057167311969244e-05,Proteobacteria,Proteobacteria
3,Lineage_IIb,,0.0,Elusimicrobiota,0.00010033914631454317,Elusimicrobiota,Other
3,Lishizhenia,,0.0,Bacteroidota,8.027131705163453e-05,Bacteroidota,Bacteroidota
3,Litoricola,Proteobacteria,0.009289102221447788,Proteobacteria,0.0006581330477551865,Proteobacteria,Proteobacteria
3,Litorivivens,,0.0,Proteobacteria,0.0004281136909420508,Proteobacteria,Proteobacteria
3,Luminiphilus,Proteobacteria,0.010523992803807556,Proteobacteria,0.0004239086104404529,Proteobacteria,Proteobacteria
3,Luteibaculum,,0.0,Bacteroidota,0.0002623722979694351,Bacteroidota,Bacteroidota
3,Luteolibacter,,0.0,Verrucomicrobiota,9.364986989357361e-05,Verrucomicrobiota,Verrucomicrobiota
3,Lutibacter,,0.0,Bacteroidota,0.00012040697557745179,Bacteroidota,Bacteroidota
3,MAST-12A,,0.0,MAST-12,0.0033986197349808143,MAST-12,Other
3,MAST-12D,,0.0,MAST-12,0.002900303430927835,MAST-12,Other
3,MAST-2,,0.0,MAST-2,0.0011104198858809442,MAST-2,Other
3,MAST-3J,,0.0,MAST-3,0.0007692681042249133,MAST-3,Other
3,MAST-4,,0.0,MAST-4,0.00036625494974935435,MAST-4,Other
3,MAST-7,,0.0,MAST-7,0.0005960754393075988,MAST-7,Other
3,MAST-7D,,0.0,MAST-7,2.3843017572303952e-05,MAST-7,Other
3,MAT-CR-H6-H10,,0.0,Fibrobacterota,0.00024081395115490358,Fibrobacterota,Other
3,MB11C04_marine_group,,0.0,Verrucomicrobiota,0.000802183515743343,Verrucomicrobiota,Verrucomicrobiota
3,MBAE14,,0.0,Proteobacteria,0.00032777454462750767,Proteobacteria,Proteobacteria
3,MD2894-B20,,0.0,Elusimicrobiota,0.0002608817804178122,Elusimicrobiota,Other
3,MD3-55,,0.0,Proteobacteria,0.00011921508786151975,Proteobacteria,Proteobacteria
3,MND1,,0.0,Proteobacteria,0.0001070284227355127,Proteobacteria,Proteobacteria
3,MSB-3C8,Bacteroidota,0.0019434983333015694,Bacteroidota,0.0003545316503113858,Bacteroidota,Bacteroidota
3,MSBL3,,0.0,Verrucomicrobiota,0.00014133590503818152,Verrucomicrobiota,Verrucomicrobiota
3,MSBL7,,0.0,Desulfobacterota,0.00036940072070494785,Desulfobacterota,Desulfobacterota
3,MSBL8,Cloacimonadota,0.00031201248049921997,Cloacimonadota,3.576452635845593e-05,Cloacimonadota,Other
3,MWH-UniP1_aquatic_group,Proteobacteria,0.006444809275791625,Proteobacteria,0.0006688291953295706,Proteobacteria,Proteobacteria
3,Macrodasyida,,0.0,Gastrotricha,0.00034784237389041625,Gastrotricha,Other
3,Magnetovibrio,,0.0,Proteobacteria,0.00026757105683878176,Proteobacteria,Proteobacteria
3,Malaciobacter,,0.0,Campylobacterota,0.0003545316503113858,Campylobacterota,Campylobacterota
3,Malonomonas,Desulfobacterota,0.00374414976599064,Desulfobacterota,0.000279095489021859,Desulfobacterota,Desulfobacterota
3,Margulisbacteria,,0.0,Margulisbacteria,0.0003105879878870453,Margulisbacteria,Other
3,Maricaulis,,0.0,Proteobacteria,0.0003010174389436295,Proteobacteria,Proteobacteria
3,Marine_Benthic_Group_D_and_DHVEG-1,,0.0,Thermoplasmatota,0.00010033914631454315,Thermoplasmatota,Other
3,Marine_Group_II,Thermoplasmatota,0.003016120644825793,Thermoplasmatota,0.0003186017301938744,Thermoplasmatota,Other
3,Marine_Ichthyosporeans_1,,0.0,Holozoa,6.689276420969544e-05,Holozoa,Other
3,Marinicella,Proteobacteria,0.005737925852112619,Proteobacteria,0.0005480573008314641,Proteobacteria,Proteobacteria
3,Marinifilum,,0.0,Bacteroidota,0.00015385335768229952,Bacteroidota,Bacteroidota
3,Marinimicrobia_(SAR406_clade),,0.0,Marinimicrobia_(SAR406_clade),0.0006305804730517431,Marinimicrobia_(SAR406_clade),Other
3,Marinobacter,Proteobacteria,0.003016120644825793,Proteobacteria,0.0002545239494216615,Proteobacteria,Proteobacteria
3,Marinomonas,Proteobacteria,0.011755283474864299,Proteobacteria,0.0010683644755180093,Proteobacteria,Proteobacteria
3,Marinoscillum,Bacteroidota,0.003016120644825793,Bacteroidota,0.0013935235618696335,Bacteroidota,Bacteroidota
3,Mesoflavibacter,,0.0,Bacteroidota,0.00036658573726746534,Bacteroidota,Bacteroidota
3,Mesonia,,0.0,Bacteroidota,0.00023412467473393403,Bacteroidota,Bacteroidota
3,Methyloceanibacter,Proteobacteria,0.007372073824197878,Proteobacteria,0.0007242638164411525,Proteobacteria,Proteobacteria
3,Methylophaga,,0.0,Proteobacteria,0.0006823061949388934,Proteobacteria,Proteobacteria
3,Methylophilus,,0.0,Proteobacteria,7.358204063066499e-05,Proteobacteria,Proteobacteria
3,Methylotenera,,0.0,Proteobacteria,0.00040533129872916715,Proteobacteria,Proteobacteria
3,Meuniera,,0.0,Diatomea,0.0005282552858151184,Diatomea,Diatomea
3,Microbulbifer,,0.0,Proteobacteria,0.000413444145710088,Proteobacteria,Proteobacteria
3,MidBa8,,0.0,Myxococcota,7.748980710998784e-05,Myxococcota,Other
3,Milano-WF1B-44,,0.0,Proteobacteria,0.0014300828993409468,Proteobacteria,Proteobacteria
3,Mitochondria,Proteobacteria,0.024806232505262982,Proteobacteria,0.006024095756939812,Proteobacteria,Proteobacteria
3,Moduliflexaceae,,0.0,Modulibacteria,0.0003545316503113858,Modulibacteria,Other
3,Monhysterida,,0.0,Nematozoa,0.0012605000289739722,Nematozoa,Other
3,Motilimonas,,0.0,Proteobacteria,0.00020736756905005585,Proteobacteria,Proteobacteria
3,Muricauda,,0.0,Bacteroidota,0.0009584882537558862,Bacteroidota,Bacteroidota
3,Muriicola,Bacteroidota,0.01532228130311949,Bacteroidota,0.0008865949400250275,Bacteroidota,Bacteroidota
3,Myrionecta,,0.0,Ciliophora,0.0003109857223968279,Ciliophora,Ciliophora
3,Mytiloida,,0.0,Mollusca,0.0004749386258888376,Mollusca,Other
3,NB1-j,,0.0,NB1-j,0.0014287236441458356,NB1-j,Other
3,NRL2,,0.0,Proteobacteria,0.00012709625199842133,Proteobacteria,Proteobacteria
3,NS10_marine_group,,0.0,Bacteroidota,0.00013378552841939088,Bacteroidota,Bacteroidota
3,NS11-12_marine_group,Bacteroidota,0.011565758732734417,Bacteroidota,0.0008657985887342253,Bacteroidota,Bacteroidota
3,NS2b_marine_group,Bacteroidota,0.005565160360922872,Bacteroidota,0.00022054791254381154,Bacteroidota,Bacteroidota
3,NS4_marine_group,Bacteroidota,0.015299411278370855,Bacteroidota,0.0014591574913717254,Bacteroidota,Bacteroidota
3,NS5_marine_group,Bacteroidota,0.015632569456355917,Bacteroidota,0.0020320521460499502,Bacteroidota,Bacteroidota
3,NS7_marine_group,,0.0,Bacteroidota,0.00038393834567369107,Bacteroidota,Bacteroidota
3,NS9_marine_group,Bacteroidota,0.002704108164326573,Bacteroidota,0.0020381113472104097,Bacteroidota,Bacteroidota
3,Nannocystaceae,,0.0,Myxococcota,4.0135658525817265e-05,Myxococcota,Other
3,Navicula,,0.0,Diatomea,0.03912869213717701,Diatomea,Diatomea
3,Nemertodermatidae,,0.0,Xenacoelomorpha,0.003957940917002456,Xenacoelomorpha,Xenacoelomorpha
3,Neoceratium,,0.0,Dinoflagellata,0.0004522218648542099,Dinoflagellata,Other
3,Neorhodella,,0.0,Rhodellophyceae,0.00010040543539950693,Rhodellophyceae,Other
3,Neptuniibacter,,0.0,Proteobacteria,2.6757105683878175e-05,Proteobacteria,Proteobacteria
3,Neptunitalea,,0.0,Bacteroidota,0.0001070284227355127,Bacteroidota,Bacteroidota
3,Neptunomonas,,0.0,Proteobacteria,0.00013113659664767174,Proteobacteria,Proteobacteria
3,Nisaea,,0.0,Proteobacteria,0.0002742603332597513,Proteobacteria,Proteobacteria
3,Nitriliruptoraceae,,0.0,Actinobacteriota,0.00011921508786151975,Actinobacteriota,Actinobacteriota
3,Nitrospira,,0.0,Nitrospirota,0.0001070284227355127,Nitrospirota,Other
3,Nocardioides,,0.0,Actinobacteriota,0.00039834339247250665,Actinobacteriota,Actinobacteriota
3,Nonlabens,Bacteroidota,0.002016646110870613,Bacteroidota,0.00011159842215776534,Bacteroidota,Bacteroidota
3,Novel_Clade_2,,0.0,Cercozoa,0.007373875839453412,Cercozoa,Cercozoa
3,Novel_Clade_Gran-4,,0.0,Cercozoa,0.0007450942991344985,Cercozoa,Cercozoa
3,OM182_clade,Proteobacteria,0.01281568423877153,Proteobacteria,0.0007981110134116726,Proteobacteria,Proteobacteria
3,OM190,Planctomycetota,0.023927521382414343,Planctomycetota,0.004701373383665905,Planctomycetota,Planctomycetota
3,OM27_clade,Bdellovibrionota,0.0031025790188093853,Bdellovibrionota,0.002372476063584795,Bdellovibrionota,Bdellovibrionota
3,OM43_clade,Proteobacteria,0.005200208008320333,Proteobacteria,0.0010619396975301868,Proteobacteria,Proteobacteria
3,OM60(NOR5)_clade,Proteobacteria,0.006864274570982839,Proteobacteria,0.0030280599421490624,Proteobacteria,Proteobacteria
3,OPB41,,0.0,Actinobacteriota,0.00023246942132996353,Actinobacteriota,Actinobacteriota
3,Oceanicaulis,,0.0,Proteobacteria,0.00012040697557745179,Proteobacteria,Proteobacteria
3,Oceanimonas,,0.0,Proteobacteria,0.0003874490355499392,Proteobacteria,Proteobacteria
3,Oceanococcus,,0.0,Proteobacteria,0.00011785714847982434,Proteobacteria,Proteobacteria
3,Ochrovirga,,0.0,Bacteroidota,0.00018729973978714721,Bacteroidota,Bacteroidota
3,Odontella,,0.0,Diatomea,0.0018488925134928528,Diatomea,Diatomea
3,Oikopleuridae,,0.0,Tunicata,0.00626064294385511,Tunicata,Other
3,Oleiphilus,Proteobacteria,0.009935210671952183,Proteobacteria,0.0020859299605249454,Proteobacteria,Proteobacteria
3,Oleispira,,0.0,Proteobacteria,0.00010033914631454315,Proteobacteria,Proteobacteria
3,Oltmannsiellopsis,,0.0,Chlorophyta,4.0135658525817265e-05,Chlorophyta,Chlorophyta
3,Orbiniidae,,0.0,Annelida,0.0036777854605278843,Annelida,Other
3,Ostreococcus,,0.0,Chlorophyta,0.0006230642278354961,Chlorophyta,Chlorophyta
3,Owenweeksia,,0.0,Bacteroidota,0.0003452925467927888,Bacteroidota,Bacteroidota
3,P.palmC41,,0.0,Verrucomicrobiota,0.00047672711536944363,Verrucomicrobiota,Verrucomicrobiota
3,P13-46,,0.0,Proteobacteria,0.00018061046336617767,Proteobacteria,Proteobacteria
3,P3OB-42,,0.0,Myxococcota,0.0007565183108300681,Myxococcota,Other
3,PAUC26f,,0.0,Acidobacteriota,0.00023425725290386157,Acidobacteriota,Acidobacteriota
3,PAUC43f_marine_benthic_group,,0.0,Gemmatimonadota,0.0002002812160260116,Gemmatimonadota,Other
3,PB19,Desulfobacterota,0.0035018364085348756,Desulfobacterota,0.001709806489903192,Desulfobacterota,Desulfobacterota
3,PHOS-HE36,,0.0,Bacteroidota,0.0001430581054338237,Bacteroidota,Bacteroidota
3,PLTA13,,0.0,Proteobacteria,0.00022074612189199494,Proteobacteria,Proteobacteria
3,PS-B29,,0.0,Myxococcota,0.00016054263410326906,Myxococcota,Other
3,PS1_clade,Proteobacteria,0.0032241289651586064,Proteobacteria,0.00045271870403808414,Proteobacteria,Proteobacteria
3,Palleronia-Pseudomaribius,,0.0,Proteobacteria,3.344638210484772e-05,Proteobacteria,Proteobacteria
3,Parabacteroides,,0.0,Bacteroidota,3.7221570414243036e-05,Bacteroidota,Bacteroidota
3,Paracoccus,,0.0,Proteobacteria,0.0005048421604350172,Proteobacteria,Proteobacteria
3,Paradinium,,0.0,Cercozoa,2.3843017572303952e-05,Cercozoa,Cercozoa
3,Paragymnodinium,,0.0,Dinoflagellata,0.0015795999141651367,Dinoflagellata,Other
3,Parahaliea,,0.0,Proteobacteria,0.00035429996746736656,Proteobacteria,Proteobacteria
3,Paraphysomonas,,0.0,Ochrophyta,0.0027977452450337753,Ochrophyta,Other
3,Paulinella,,0.0,Cercozoa,0.0023626744897040685,Cercozoa,Cercozoa
3,PeM15,Actinobacteriota,0.00374414976599064,Actinobacteriota,0.0008775212302654861,Actinobacteriota,Actinobacteriota
3,Pedinellales,,0.0,Ochrophyta,4.6824934946786804e-05,Ochrophyta,Other
3,Pedosphaeraceae,,0.0,Verrucomicrobiota,6.0203487788725894e-05,Verrucomicrobiota,Verrucomicrobiota
3,Pelagibius,,0.0,Proteobacteria,0.0002274353983129645,Proteobacteria,Proteobacteria
3,Pelagicoccus,Verrucomicrobiota,0.003052301265988976,Verrucomicrobiota,0.0004533146478960502,Verrucomicrobiota,Verrucomicrobiota
3,Pelagostrobilidium,,0.0,Ciliophora,0.0019402563968152382,Ciliophora,Ciliophora
3,Peredibacter,,0.0,Bdellovibrionota,0.002274951900707735,Bdellovibrionota,Bdellovibrionota
3,Persicirhabdus,Verrucomicrobiota,0.0044721788871554865,Verrucomicrobiota,0.0008616263238217553,Verrucomicrobiota,Verrucomicrobiota
3,Phaeocystidibacter,,0.0,Bacteroidota,8.027131705163453e-05,Bacteroidota,Bacteroidota
3,Phaeocystis,,0.0,Prymnesiophyceae,0.0003210852682065381,Prymnesiophyceae,Other
3,Phaselicystis,,0.0,Myxococcota,8.027131705163453e-05,Myxococcota,Other
3,Phoroniformea,,0.0,Lophophorata,0.0011206218258982856,Lophophorata,Other
3,Photobacterium,,0.0,Proteobacteria,0.0004883171787307766,Proteobacteria,Proteobacteria
3,Phycisphaera,Planctomycetota,0.003016120644825793,Planctomycetota,0.000193326783265187,Planctomycetota,Planctomycetota
3,Picochlorum,,0.0,Chlorophyta,0.01132025687705683,Chlorophyta,Chlorophyta
3,Pir4_lineage,,0.0,Planctomycetota,0.000923120146093797,Planctomycetota,Planctomycetota
3,Pirellula,,0.0,Planctomycetota,5.9607543930759876e-05,Planctomycetota,Planctomycetota
3,Pirellulaceae,,0.0,Planctomycetota,6.556829832383587e-05,Planctomycetota,Planctomycetota
3,Pirsonia,,0.0,Incertae_Sedis,0.0008896737639889494,Incertae_Sedis,Other
3,Pla1_lineage,,0.0,Planctomycetota,0.00032108526820653807,Planctomycetota,Planctomycetota
3,Pla3_lineage,Planctomycetota,0.013633620388445554,Planctomycetota,0.0012664266519645045,Planctomycetota,Planctomycetota
3,Pla4_lineage,,0.0,Planctomycetota,0.00023789986304332934,Planctomycetota,Planctomycetota
3,Planctomicrobium,,0.0,Planctomycetota,0.0004281136909420508,Planctomycetota,Planctomycetota
3,Pleionea,Proteobacteria,0.0036031784494183726,Proteobacteria,0.00059455144826014,Proteobacteria,Proteobacteria
3,Podocopida,,0.0,Arthropoda,0.003158105071568309,Arthropoda,Arthropoda
3,Ponticaulis,,0.0,Proteobacteria,0.00028558589818793726,Proteobacteria,Proteobacteria
3,Ponticoccus,,0.0,Proteobacteria,0.00032784149161917933,Proteobacteria,Proteobacteria
3,Porphyridium,,0.0,Porphyridiophyceae,0.0006154134307291981,Porphyridiophyceae,Other
3,Portibacter,,0.0,Bacteroidota,0.0008502344698086055,Bacteroidota,Bacteroidota
3,Prasinococcus,,0.0,Chlorophyta,0.0001967048949715076,Chlorophyta,Chlorophyta
3,Proboscia,,0.0,Diatomea,0.002163619292796532,Diatomea,Diatomea
3,Propionigenium,Fusobacteriota,0.00592823712948518,Fusobacteriota,0.0005077234329574634,Fusobacteriota,Other
3,Proseriata,,0.0,Platyhelminthes,0.00017882263179227963,Platyhelminthes,Other
3,Protaspis,,0.0,Cercozoa,0.0008785155665399426,Cercozoa,Cercozoa
3,Proteomonas,,0.0,Cryptophyceae,0.008923245378994506,Cryptophyceae,Cryptophyceae
3,Protodrilus,,0.0,Annelida,0.0017191440401891727,Annelida,Other
3,Protoperidinium,,0.0,Dinoflagellata,0.0004470565794806991,Dinoflagellata,Other
3,Psammamonas,,0.0,Ochrophyta,0.001847833861853556,Ochrophyta,Other
3,Psammodictyon,,0.0,Diatomea,6.470719812601477e-05,Diatomea,Diatomea
3,Pseudahrensia,,0.0,Proteobacteria,0.00046824934946786806,Proteobacteria,Proteobacteria
3,Pseudo-nitzschia,,0.0,Diatomea,0.0018852195102134388,Diatomea,Diatomea
3,Pseudoalteromonas,Proteobacteria,0.01675468298545787,Proteobacteria,0.0010424684700319521,Proteobacteria,Proteobacteria
3,Pseudobacteriovorax,,0.0,Bdellovibrionota,0.00022074612189199494,Bdellovibrionota,Bdellovibrionota
3,Pseudobodo,,0.0,Bicosoecida,0.0017752100523746803,Bicosoecida,Other
3,Pseudobowmanella,,0.0,Proteobacteria,0.00030770671536459903,Proteobacteria,Proteobacteria
3,Pseudohongiella,Proteobacteria,0.01475652045279019,Proteobacteria,0.0009261674702820067,Proteobacteria,Proteobacteria
3,Pseudosolenia,,0.0,Diatomea,0.0008482471130731083,Diatomea,Diatomea
3,Pseudotontonia,,0.0,Ciliophora,9.364986989357361e-05,Ciliophora,Ciliophora
3,Psychromonas,,0.0,Proteobacteria,3.5764526358455924e-05,Proteobacteria,Proteobacteria
3,Pustulibacterium,,0.0,Bacteroidota,5.351421136775635e-05,Bacteroidota,Bacteroidota
3,R76-B128,Verrucomicrobiota,0.0020800832033281333,Verrucomicrobiota,0.0008076146153634168,Verrucomicrobiota,Verrucomicrobiota
3,RBG-13-54-9,,0.0,Chloroflexi,1.1921508786151976e-05,Chloroflexi,Chloroflexi
3,RBG-16-49-21,,0.0,Spirochaetota,0.00014047480484036042,Spirochaetota,Other
3,RS62_marine_group,,0.0,Proteobacteria,9.07357817819994e-05,Proteobacteria,Proteobacteria
3,Raphidophyceae,,0.0,Ochrophyta,0.0001490188598268997,Ochrophyta,Other
3,Rapidithrix,,0.0,Bacteroidota,0.0003545316503113858,Bacteroidota,Bacteroidota
3,Reichenbachiella,,0.0,Bacteroidota,0.0001430581054338237,Bacteroidota,Bacteroidota
3,Reinekea,Proteobacteria,0.005189710787966132,Proteobacteria,0.001352062121644541,Proteobacteria,Proteobacteria
3,Rhaphoneis,,0.0,Diatomea,0.005099782407316667,Diatomea,Diatomea
3,Rhizochromulina,,0.0,Ochrophyta,0.0003397630004053313,Ochrophyta,Other
3,Rhizosolenia,,0.0,Diatomea,0.00034353753080801873,Diatomea,Diatomea
3,Rhizosolenids,,0.0,Diatomea,0.003949326625490706,Diatomea,Diatomea
3,Rhodopirellula,Planctomycetota,0.004160166406656267,Planctomycetota,0.0008711299257734995,Planctomycetota,Planctomycetota
3,Rhynchomonas,,0.0,Euglenozoa,1.1921508786151976e-05,Euglenozoa,Other
3,Robertkochia,,0.0,Bacteroidota,0.00038128875599526403,Bacteroidota,Bacteroidota
3,Robiginitalea,Bacteroidota,0.015432396237094394,Bacteroidota,0.002398206675311797,Bacteroidota,Bacteroidota
3,Roseibacillus,,0.0,Verrucomicrobiota,0.0017709708404705384,Verrucomicrobiota,Verrucomicrobiota
3,Roseimarinus,,0.0,Bacteroidota,0.0003747983468291858,Bacteroidota,Bacteroidota
3,Roseivirga,,0.0,Bacteroidota,0.0001070284227355127,Bacteroidota,Bacteroidota
3,Rothia,,0.0,Actinobacteriota,5.364678953768389e-05,Actinobacteriota,Actinobacteriota
3,Rozella,,0.0,Cryptomycota,0.00030399847404687536,Cryptomycota,Other
3,Rubripirellula,Planctomycetota,0.014262818331232378,Planctomycetota,0.0006960824822906152,Planctomycetota,Planctomycetota
3,Rubritalea,,0.0,Verrucomicrobiota,0.00030850152647745634,Verrucomicrobiota,Verrucomicrobiota
3,S085,,0.0,Chloroflexi,6.689276420969544e-05,Chloroflexi,Chloroflexi
3,S25-593,Proteobacteria,0.00374414976599064,Proteobacteria,0.0006332963518151339,Proteobacteria,Proteobacteria
3,SAR116_clade,Proteobacteria,0.012995498295789889,Proteobacteria,0.0017148733285093191,Proteobacteria,Proteobacteria
3,SAR324_clade(Marine_group_B),SAR324_clade(Marine_group_B),0.008468503952490852,SAR324_clade(Marine_group_B),0.0023812196437329337,SAR324_clade(Marine_group_B),Other
3,SAR86_clade,Proteobacteria,0.017126532647111586,Proteobacteria,0.0030372655721718237,Proteobacteria,Proteobacteria
3,SAR92_clade,,0.0,Proteobacteria,0.00021091107451543195,Proteobacteria,Proteobacteria
3,SBR1031,,0.0,Chloroflexi,0.0005809740281633096,Chloroflexi,Chloroflexi
3,SBZC-1223,,0.0,Verrucomicrobiota,0.00021458715815073556,Verrucomicrobiota,Verrucomicrobiota
3,SCGC_AAA011-D5,,0.0,Nanoarchaeota,7.358204063066499e-05,Nanoarchaeota,Other
3,SCGC_AAA164-E04,Verrucomicrobiota,0.0058402056850162315,Verrucomicrobiota,0.0011037647408625184,Verrucomicrobiota,Verrucomicrobiota
3,SEEP-SRB1,,0.0,Desulfobacterota,0.00022372649908853294,Desulfobacterota,Desulfobacterota
3,SG8-4,,0.0,Planctomycetota,0.00037787848660652336,Planctomycetota,Planctomycetota
3,SM1A02,,0.0,Planctomycetota,0.0006479330814579688,Planctomycetota,Planctomycetota
3,SM2D12,,0.0,Proteobacteria,9.364986989357361e-05,Proteobacteria,Proteobacteria
3,SS1-B-02-17,,0.0,Verrucomicrobiota,0.0005240488895001047,Verrucomicrobiota,Verrucomicrobiota
3,SUP05_cluster,,0.0,Proteobacteria,0.00018061046336617767,Proteobacteria,Proteobacteria
3,SWB02,,0.0,Proteobacteria,0.0005485206665195025,Proteobacteria,Proteobacteria
3,SZB85,,0.0,Proteobacteria,0.00023323075894698503,Proteobacteria,Proteobacteria
3,Saccharimonadaceae,,0.0,Patescibacteria,0.0002014731037419436,Patescibacteria,Other
3,Saccharimonadales,Patescibacteria,0.0018606398706210027,Patescibacteria,0.0018028610738455076,Patescibacteria,Other
3,Saccharospirillum,,0.0,Proteobacteria,7.748980710998784e-05,Proteobacteria,Proteobacteria
3,Salinimonas,,0.0,Proteobacteria,0.00045483798103680104,Proteobacteria,Proteobacteria
3,Saprospira,Bacteroidota,0.0010400416016640667,Bacteroidota,0.00011755917655084133,Bacteroidota,Bacteroidota
3,Schleiferia,,0.0,Bacteroidota,0.00044818152020495943,Bacteroidota,Bacteroidota
3,Scolecida,,0.0,Annelida,0.0005150742844146548,Annelida,Other
3,Sedimenticola,,0.0,Proteobacteria,0.00022270000513165638,Proteobacteria,Proteobacteria
3,Sediminispirochaeta,,0.0,Spirochaetota,0.0003688375924361098,Spirochaetota,Other
3,Seonamhaeicola,,0.0,Bacteroidota,0.0004973252573120623,Bacteroidota,Bacteroidota
3,Sericytochromatia,Cyanobacteria,0.0034321372854914196,Cyanobacteria,0.000770293940275082,Cyanobacteria,Cyanobacteria
3,Shewanella,,0.0,Proteobacteria,4.6824934946786804e-05,Proteobacteria,Proteobacteria
3,Silicimonas,,0.0,Proteobacteria,0.00013537515064510552,Proteobacteria,Proteobacteria
3,Silvanigrella,,0.0,Bdellovibrionota,0.00014656813740336394,Bdellovibrionota,Bdellovibrionota
3,Simiduia,,0.0,Proteobacteria,0.0002140568454710254,Proteobacteria,Proteobacteria
3,Simkania,,0.0,Verrucomicrobiota,0.00010033914631454315,Verrucomicrobiota,Verrucomicrobiota
3,Sinophysis,,0.0,Dinoflagellata,0.0007951969253000984,Dinoflagellata,Other
3,Siphonophorae,,0.0,Cnidaria,0.0010351510920705966,Cnidaria,Cnidaria
3,Skeletonema,,0.0,Diatomea,0.0009586543054216495,Diatomea,Diatomea
3,Sorodiplophrys,,0.0,SAR,1.7882263179227962e-05,SAR,Other
3,Sphingobium,,0.0,Proteobacteria,2.3843017572303952e-05,Proteobacteria,Proteobacteria
3,Sphingomicrobium,,0.0,Proteobacteria,0.00024349635642245855,Proteobacteria,Proteobacteria
3,Spirochaeta,,0.0,Spirochaetota,0.00024194020769257975,Spirochaetota,Other
3,Spirochaeta_2,,0.0,Spirochaetota,0.0004481815202049595,Spirochaetota,Other
3,Staphylococcus,,0.0,Firmicutes,8.941131589613981e-05,Firmicutes,Other
3,Stappiaceae,Proteobacteria,0.01319645805029409,Proteobacteria,0.0004872578691847722,Proteobacteria,Proteobacteria
3,Stellarchytrium,,0.0,Labyrinthulomycetes,0.0011637024144046815,Labyrinthulomycetes,Other
3,Subclade_A,,0.0,Chlorophyta,0.000291612941665977,Chlorophyta,Chlorophyta
3,Subclade_B,,0.0,Chlorophyta,6.136255991553e-05,Chlorophyta,Chlorophyta
3,Subgroup_10,Acidobacteriota,0.005515820400122579,Acidobacteriota,0.0014848211561070553,Acidobacteriota,Acidobacteriota
3,Subgroup_17,,0.0,Acidobacteriota,0.0006079969480937507,Acidobacteriota,Acidobacteriota
3,Subgroup_18,,0.0,Acidobacteriota,9.537207028921581e-05,Acidobacteriota,Acidobacteriota
3,Subgroup_21,,0.0,Acidobacteriota,0.00030108372802859325,Acidobacteriota,Acidobacteriota
3,Subgroup_22,,0.0,Acidobacteriota,0.0004950071130584541,Acidobacteriota,Acidobacteriota
3,Subgroup_23,,0.0,Acidobacteriota,0.0004443407007173083,Acidobacteriota,Acidobacteriota
3,Subgroup_26,,0.0,Acidobacteriota,9.560375313323504e-05,Acidobacteriota,Acidobacteriota
3,Subgroup_7,,0.0,Acidobacteriota,7.358204063066499e-05,Acidobacteriota,Acidobacteriota
3,Subgroup_9,,0.0,Acidobacteriota,0.00019398901620811676,Acidobacteriota,Acidobacteriota
3,Sulfuriflexus,,0.0,Proteobacteria,8.696059347260406e-05,Proteobacteria,Proteobacteria
3,Sulfurimonas,Campylobacterota,0.011365736770250334,Campylobacterota,0.0018294193122744946,Campylobacterota,Campylobacterota
3,Sulfurovum,Campylobacterota,0.013883920103750048,Campylobacterota,0.000804237161563804,Campylobacterota,Campylobacterota
3,Sumerlaea,,0.0,Sumerlaeota,0.0001860415629862514,Sumerlaeota,Other
3,Sutterella,,0.0,Proteobacteria,0.00014716408126132997,Proteobacteria,Proteobacteria
3,Sva0081_sediment_group,Desulfobacterota,0.007696307852314093,Desulfobacterota,0.0023041932023109843,Desulfobacterota,Desulfobacterota
3,Sva0485,,0.0,Sva0485,0.0014970406368221903,Sva0485,Other
3,Sva0996_marine_group,Actinobacteriota,0.013836304470212548,Actinobacteriota,0.0015289321860105752,Actinobacteriota,Actinobacteriota
3,Sva1033,,0.0,Desulfobacterota,0.0005520313563957507,Desulfobacterota,Desulfobacterota
3,Symphothece_PCC-7002,Cyanobacteria,0.006205944572861449,Cyanobacteria,0.0008696059347260408,Cyanobacteria,Cyanobacteria
3,Syndiniales_Group_I,,0.0,Protalveolata,0.0234485904193517,Protalveolata,Protalveolata
3,Syndiniales_Group_III,,0.0,Protalveolata,0.000715157948999191,Protalveolata,Protalveolata
3,Synechococcus_CC9902,Cyanobacteria,0.045967781701378586,Cyanobacteria,0.006184440839601606,Cyanobacteria,Cyanobacteria
3,Synechococcus_MBIC10613,,0.0,Cyanobacteria,0.00042043139406004054,Cyanobacteria,Cyanobacteria
3,Synechocystis_PCC-6803,,0.0,Cyanobacteria,9.364986989357361e-05,Cyanobacteria,Cyanobacteria
3,TG3,,0.0,Fibrobacterota,0.00015385335768229952,Fibrobacterota,Other
3,Taeseokella,Bacteroidota,0.005785541485650118,Bacteroidota,0.00014395202122077273,Bacteroidota,Bacteroidota
3,Tagaea,,0.0,Proteobacteria,0.00013378552841939088,Proteobacteria,Proteobacteria
3,Tamlana,,0.0,Bacteroidota,0.0004161593665667709,Bacteroidota,Bacteroidota
3,Teleaulax,,0.0,Cryptophyceae,0.0006020361937006748,Cryptophyceae,Cryptophyceae
3,Telonema,,0.0,Incertae_Sedis,0.0005351421136775635,Incertae_Sedis,Other
3,Tenacibaculum,Bacteroidota,0.002348079961592879,Bacteroidota,0.0024379452572345396,Bacteroidota,Bacteroidota
3,Terasakiella,,0.0,Proteobacteria,8.696059347260406e-05,Proteobacteria,Proteobacteria
3,Tetraselmis,,0.0,Chlorophyta,0.004792013350307352,Chlorophyta,Chlorophyta
3,Thalassionema,,0.0,Diatomea,0.006424169902595164,Diatomea,Diatomea
3,Thalassococcus,,0.0,Proteobacteria,0.00016054263410326906,Proteobacteria,Proteobacteria
3,Thalassospira,Proteobacteria,0.0034321372854914196,Proteobacteria,0.00019259826123729345,Proteobacteria,Proteobacteria
3,Thalassotalea,,0.0,Proteobacteria,0.0003129061321406535,Proteobacteria,Proteobacteria
3,Thaumasiovibrio,Proteobacteria,0.009395768500897104,Proteobacteria,0.0008694083832845651,Proteobacteria,Proteobacteria
3,Thermoflexus,,0.0,Chloroflexi,0.0001672319105242386,Chloroflexi,Chloroflexi
3,Thermomarinilinea,,0.0,Chloroflexi,0.00022501814938526458,Chloroflexi,Chloroflexi
3,Thiogranum,,0.0,Proteobacteria,0.0005936903480623189,Proteobacteria,Proteobacteria
3,Thiohalophilus,,0.0,Proteobacteria,0.00027207476717607063,Proteobacteria,Proteobacteria
3,Thiomicrorhabdus,Proteobacteria,0.003328133125325013,Proteobacteria,0.00011325433346844376,Proteobacteria,Proteobacteria
3,Thraustochytrium,,0.0,Labyrinthulomycetes,0.0034447161478997072,Labyrinthulomycetes,Other
3,Tistlia,,0.0,Proteobacteria,9.305392603560759e-06,Proteobacteria,Proteobacteria
3,Triceratium,,0.0,Diatomea,0.0009498779096843832,Diatomea,Diatomea
3,Truepera,,0.0,Deinococcota,0.0002664454582078135,Deinococcota,Other
3,UASB-TL25,,0.0,Myxococcota,0.00013173254050563774,Myxococcota,Other
3,UBA10353_marine_group,Proteobacteria,0.006672238966347485,Proteobacteria,0.0016348008787125758,Proteobacteria,Proteobacteria
3,Umboniibacter,,0.0,Proteobacteria,2.3843017572303952e-05,Proteobacteria,Proteobacteria
3,Unknown_Family,,0.0,Proteobacteria,0.00012709625199842133,Proteobacteria,Proteobacteria
3,Urania-1B-19_marine_sediment_group,Planctomycetota,0.0019391118867558659,Planctomycetota,0.00028969253192215143,Planctomycetota,Planctomycetota
3,Vampirovibrionales,Cyanobacteria,0.002326934264107039,Cyanobacteria,0.0002876388861016904,Cyanobacteria,Cyanobacteria
3,Varunaivibrio,,0.0,Proteobacteria,5.364678953768389e-05,Proteobacteria,Proteobacteria
3,Veneroida,,0.0,Mollusca,0.00014716408126132997,Mollusca,Other
3,Ventrifissuridae,,0.0,Cercozoa,0.001313318533902963,Cercozoa,Cercozoa
3,Verruc-01,Verrucomicrobiota,0.012172237907550041,Verrucomicrobiota,0.0010286593670911027,Verrucomicrobiota,Verrucomicrobiota
3,Vibrio,,0.0,Proteobacteria,0.002527654545059662,Proteobacteria,Proteobacteria
3,WCHB1-41,,0.0,Verrucomicrobiota,0.0009122257891712296,Verrucomicrobiota,Verrucomicrobiota
3,WD2101_soil_group,,0.0,Planctomycetota,0.0001070284227355127,Planctomycetota,Planctomycetota
3,WPS-2,,0.0,WPS-2,2.6757105683878175e-05,WPS-2,Other
3,WS2,WS2,0.0012269042245110398,WS2,9.364986989357361e-05,WS2,Other
3,Wenyingzhuangia,Bacteroidota,0.004576183047321893,Bacteroidota,0.0002713462451481771,Bacteroidota,Bacteroidota
3,Wenzhouxiangella,,0.0,Proteobacteria,0.00016690112300612764,Proteobacteria,Proteobacteria
3,Winogradskyella,Bacteroidota,0.005096203848153926,Bacteroidota,0.00045377867149079657,Bacteroidota,Bacteroidota
3,Woesearchaeales,Nanoarchaeota,0.006968278731149246,Nanoarchaeota,0.0006793927647340272,Nanoarchaeota,Other
3,Woeseia,,0.0,Proteobacteria,0.00377212577360656,Proteobacteria,Proteobacteria
3,Xenococcus_PCC-7305,,0.0,Cyanobacteria,0.00016094036861305166,Cyanobacteria,Cyanobacteria
3,Xiphosura,,0.0,Arthropoda,0.0067294120794953605,Arthropoda,Arthropoda
3,ZOR0006,Firmicutes,0.0014560582423296933,Firmicutes,0.00010033914631454315,Firmicutes,Other
3,Zeaxanthinibacter,,0.0,Bacteroidota,0.0007012490834775416,Bacteroidota,Bacteroidota
3,Zixibacteria,Zixibacteria,0.0011440457618304733,Zixibacteria,0.0006555490892550153,Zixibacteria,Other
3,cvE6,Verrucomicrobiota,0.0019760790431617263,Verrucomicrobiota,0.00015382054209317158,Verrucomicrobiota,Verrucomicrobiota
3,endosymbionts,,0.0,Proteobacteria,0.0008783816725565992,Proteobacteria,Proteobacteria
3,mle1-7,,0.0,Proteobacteria,0.00048762213019871894,Proteobacteria,Proteobacteria
3,mle1-8,,0.0,Planctomycetota,8.941131589613981e-05,Planctomycetota,Planctomycetota
3,pItb-vmat-80,,0.0,Proteobacteria,0.00027184308433205134,Proteobacteria,Proteobacteria
3,uncultured,Actinobacteriota,0.015220330873864521,Acidobacteriota,0.002720232073173581,Actinobacteriota,Actinobacteriota
3,vadinHA49,Planctomycetota,0.001768070722828913,Planctomycetota,0.0004242065823694359,Planctomycetota,Planctomycetota
3,wb1-A12,,0.0,Methylomirabilota,0.00013113659664767174,Methylomirabilota,Other
4,028H05-P-BN-P5,Planctomycetota,0.0012075674225144237,Planctomycetota,0.00029960022095516293,Planctomycetota,Planctomycetota
4,0319-6G20,,0.0,Bdellovibrionota,1.8725013809697683e-05,Bdellovibrionota,Bdellovibrionota
4,053A03-B-DI-P58,Bdellovibrionota,0.0018784382128002146,Bdellovibrionota,0.0002298563854689625,Bdellovibrionota,Bdellovibrionota
4,1-20,,0.0,Chloroflexi,0.00014100756313293168,Chloroflexi,Chloroflexi
4,4572-13,,0.0,Planctomycetota,3.7450027619395366e-05,Planctomycetota,Planctomycetota
4,67-14,Actinobacteriota,0.001550187314300478,Actinobacteriota,0.00022061719577786486,Actinobacteriota,Actinobacteriota
4,A4b,Chloroflexi,0.004812494777373595,Chloroflexi,0.0002321161809120006,Chloroflexi,Chloroflexi
4,AB1,,0.0,Proteobacteria,0.00021115969561298287,Proteobacteria,Proteobacteria
4,ADurb.Bin120,,0.0,Chloroflexi,0.00022219373584583173,Chloroflexi,Chloroflexi
4,AEGEAN-169_marine_group,Proteobacteria,0.0039628262183965994,Proteobacteria,0.0006901290945682075,Proteobacteria,Proteobacteria
4,AKAU3564_sediment_group,,0.0,Planctomycetota,0.00011536982438148954,Planctomycetota,Planctomycetota
4,AKYG1722,,0.0,Chloroflexi,0.0001310750966678838,Chloroflexi,Chloroflexi
4,AT-s3-28,,0.0,Acidobacteriota,0.0001014493812379675,Acidobacteriota,Acidobacteriota
4,Absconditabacteriales_(SR1),,0.0,Patescibacteria,0.00051865089806394,Patescibacteria,Other
4,Acanthopleuribacter,Acidobacteriota,0.0016100898966858984,Acidobacteriota,0.0006982950344452222,Acidobacteriota,Acidobacteriota
4,Acari,,0.0,Arthropoda,0.0010426013758919796,Arthropoda,Arthropoda
4,Acholeplasma,Firmicutes,0.0033543539514289547,Firmicutes,0.0008023275362589243,Firmicutes,Other
4,Acinetobacter,,0.0,Proteobacteria,0.00011222676564443489,Proteobacteria,Proteobacteria
4,Acoela,,0.0,Xenacoelomorpha,0.13149368377812365,Xenacoelomorpha,Xenacoelomorpha
4,Actibacter,,0.0,Bacteroidota,0.0004328784651586487,Bacteroidota,Bacteroidota
4,Actiniaria,,0.0,Cnidaria,0.01622258511767851,Cnidaria,Cnidaria
4,Actinocyclus,,0.0,Diatomea,0.001423101049537024,Diatomea,Diatomea
4,Aestuariibacter,,0.0,Proteobacteria,4.272956458573687e-05,Proteobacteria,Proteobacteria
4,Aestuariicella,,0.0,Proteobacteria,0.0002161259288455068,Proteobacteria,Proteobacteria
4,Alcanivorax,Proteobacteria,0.003875468285751195,Proteobacteria,0.00012818869375721061,Proteobacteria,Proteobacteria
4,Algivirga,Bacteroidota,0.002842010076217543,Bacteroidota,0.0002350126052215528,Bacteroidota,Bacteroidota
4,Altererythrobacter,,0.0,Proteobacteria,0.00012818869375721061,Proteobacteria,Proteobacteria
4,Alteromonas,,0.0,Proteobacteria,0.0005843501089642302,Proteobacteria,Proteobacteria
4,Amaricoccus,,0.0,Proteobacteria,0.0001976192255095935,Proteobacteria,Proteobacteria
4,Amastigomonas,,0.0,Apusomonadidae,0.0018467337840915342,Apusomonadidae,Other
4,Aminicenantales,,0.0,Acidobacteriota,6.176788212925212e-05,Acidobacteriota,Acidobacteriota
4,Amoebophrya,,0.0,Protalveolata,0.0002902377140503141,Protalveolata,Protalveolata
4,Amphibelone,,0.0,Retaria,2.8087520714546528e-05,Retaria,Other
4,Amphidinium,,0.0,Dinoflagellata,0.005383441470288085,Dinoflagellata,Other
4,Amphora,,0.0,Diatomea,9.400504208862111e-05,Diatomea,Diatomea
4,Ancyromonas,,0.0,Ancyromonadida,0.00014100756313293168,Ancyromonadida,Other
4,Anderseniella,Proteobacteria,0.006574533744800751,Proteobacteria,0.00041365016109506713,Proteobacteria,Proteobacteria
4,Aplanochytrium,,0.0,Labyrinthulomycetes,0.0007584580525527894,Labyrinthulomycetes,Other
4,Aquibacter,,0.0,Bacteroidota,0.0018725214237675265,Bacteroidota,Bacteroidota
4,Aquimarina,,0.0,Bacteroidota,8.973208563004743e-05,Bacteroidota,Bacteroidota
4,Arcticiflavibacter,,0.0,Bacteroidota,0.0003089627278600118,Bacteroidota,Bacteroidota
4,Arenibacter,,0.0,Bacteroidota,0.0004213128107181979,Bacteroidota,Bacteroidota
4,Arenicellaceae,,0.0,Proteobacteria,0.00011964278084006324,Proteobacteria,Proteobacteria
4,Ascidiaceihabitans,,0.0,Proteobacteria,0.0016899808630766921,Proteobacteria,Proteobacteria
4,Asterionellopsis,,0.0,Diatomea,3.195218017926948e-05,Diatomea,Diatomea
4,Aureispira,Bacteroidota,0.007709415554111107,Bacteroidota,0.0007358400553246508,Bacteroidota,Bacteroidota
4,Azospira,,0.0,Proteobacteria,8.426256214363958e-05,Proteobacteria,Proteobacteria
4,B2M28,Proteobacteria,0.012844866021963969,Proteobacteria,0.0016156407459992214,Proteobacteria,Proteobacteria
4,BD1-7_clade,,0.0,Proteobacteria,0.00023523091569533717,Proteobacteria,Proteobacteria
4,BD2-11_terrestrial_group,,0.0,Gemmatimonadota,0.002198575977461833,Gemmatimonadota,Other
4,BD2-3,,0.0,Verrucomicrobiota,3.4183651668589494e-05,Verrucomicrobiota,Verrucomicrobiota
4,BD2-7,Proteobacteria,0.005232792164229169,Proteobacteria,0.0008231223589915937,Proteobacteria,Proteobacteria
4,BD7-11,,0.0,Planctomycetota,0.0005123364566361127,Planctomycetota,Planctomycetota
4,BD7-8,,0.0,Proteobacteria,0.001646529697763287,Proteobacteria,Proteobacteria
4,BIrii41,,0.0,Myxococcota,0.00013889940885736287,Myxococcota,Other
4,BSV26,,0.0,Bacteroidota,8.545912917147374e-05,Bacteroidota,Bacteroidota
4,Babeliales,,0.0,Dependentiae,0.0001239157372986369,Dependentiae,Other
4,Bacillaria,,0.0,Diatomea,0.0028809692121875537,Diatomea,Diatomea
4,Bacteroides,,0.0,Bacteroidota,0.00031786028986357384,Bacteroidota,Bacteroidota
4,Bacteroidetes_BD2-2,Bacteroidota,0.0032295569047926624,Bacteroidota,0.0005179292973362718,Bacteroidota,Bacteroidota
4,Bacteroidetes_VC2.1_Bac22,Bacteroidota,0.002817657319200322,Bacteroidota,0.00037161387328328056,Bacteroidota,Bacteroidota
4,Balneola,Bacteroidota,0.009269586632142487,Bacteroidota,0.0011131417625681234,Bacteroidota,Bacteroidota
4,Bathyarchaeia,Crenarchaeota,0.000670870790285791,Crenarchaeota,8.118617271290006e-05,Crenarchaeota,Other
4,Bauldia,,0.0,Proteobacteria,0.0002524743826971012,Proteobacteria,Proteobacteria
4,Bdellovibrio,,0.0,Bdellovibrionota,0.0009996901059421365,Bdellovibrionota,Bdellovibrionota
4,Bermanella,,0.0,Proteobacteria,0.00020830161665602774,Proteobacteria,Proteobacteria
4,Bicosoeca,,0.0,Bicosoecida,0.003206110438391207,Bicosoecida,Other
4,Bivalvulida,,0.0,Cnidaria,2.8590810968430432e-05,Cnidaria,Cnidaria
4,Blastopirellula,Planctomycetota,0.011530276465497351,Planctomycetota,0.0038230759401120195,Planctomycetota,Planctomycetota
4,Blfdi19,,0.0,Myxococcota,0.0008257904514284826,Myxococcota,Other
4,Bolidomonas,,0.0,Ochrophyta,0.00349955133957185,Ochrophyta,Other
4,Bosea,,0.0,Proteobacteria,2.5637738751442122e-05,Proteobacteria,Proteobacteria
4,Bradymonadales,Desulfobacterota,0.0018784382128002146,Desulfobacterota,0.0006591168255903907,Desulfobacterota,Desulfobacterota
4,Brumimicrobium,,0.0,Bacteroidota,0.0003932252900036514,Bacteroidota,Bacteroidota
4,Bythopirellula,,0.0,Planctomycetota,0.0003684424905925078,Planctomycetota,Planctomycetota
4,C8S-102,,0.0,Desulfobacterota,4.700252104431056e-05,Desulfobacterota,Desulfobacterota
4,CCM11a,,0.0,Planctomycetota,0.00027547235296537255,Planctomycetota,Planctomycetota
4,CL500-3,Planctomycetota,0.006172011270629277,Planctomycetota,0.0002898960863627785,Planctomycetota,Planctomycetota
4,CPR2,,0.0,Patescibacteria,0.00014980011047758147,Patescibacteria,Other
4,Caenogastropoda,,0.0,Mollusca,0.003508097252488997,Mollusca,Other
4,Calanoida,,0.0,Arthropoda,0.21070006349330295,Arthropoda,Arthropoda
4,Caldithrix,,0.0,Calditrichota,0.00018725013809697686,Calditrichota,Other
4,Calditrichaceae,Calditrichota,0.005279608389640923,Calditrichota,0.0004924148757985808,Calditrichota,Other
4,Calorithrix,,0.0,Calditrichota,0.00027779881771472574,Calditrichota,Other
4,Candidatus_Actinomarina,Actinobacteriota,0.009371616884229229,Actinobacteriota,0.0014919250166195298,Actinobacteriota,Actinobacteriota
4,Candidatus_Berkiella,,0.0,Proteobacteria,0.00010255095500576849,Proteobacteria,Proteobacteria
4,Candidatus_Campbellbacteria,,0.0,Patescibacteria,0.0006652796258507488,Patescibacteria,Other
4,Candidatus_Entotheonella,,0.0,Entotheonellaeota,0.00018725013809697686,Entotheonellaeota,Other
4,Candidatus_Falkowbacteria,,0.0,Patescibacteria,0.00015916261738243033,Patescibacteria,Other
4,Candidatus_Fritschea,,0.0,Verrucomicrobiota,0.0005711129211957794,Verrucomicrobiota,Verrucomicrobiota
4,Candidatus_Kaiserbacteria,,0.0,Patescibacteria,0.0013188136321398594,Patescibacteria,Other
4,Candidatus_Komeilibacteria,,0.0,Patescibacteria,0.00020510191001153698,Patescibacteria,Other
4,Candidatus_Latescibacter,,0.0,Latescibacterota,0.000104497446714989,Latescibacterota,Other
4,Candidatus_Magasanikbacteria,,0.0,Patescibacteria,8.231607043441908e-05,Patescibacteria,Other
4,Candidatus_Megaira,,0.0,Proteobacteria,8.426256214363958e-05,Proteobacteria,Proteobacteria
4,Candidatus_Nomurabacteria,,0.0,Patescibacteria,2.5637738751442122e-05,Patescibacteria,Other
4,Candidatus_Omnitrophus,,0.0,Verrucomicrobiota,0.0011007878380936893,Verrucomicrobiota,Verrucomicrobiota
4,Candidatus_Peregrinibacteria,,0.0,Patescibacteria,0.0002649799483390047,Patescibacteria,Other
4,Candidatus_Peribacteria,,0.0,Patescibacteria,0.00011122018513666707,Patescibacteria,Other
4,Candidatus_Puniceispirillum,,0.0,Proteobacteria,0.00035038242960304237,Proteobacteria,Proteobacteria
4,Candidatus_Roizmanbacteria,,0.0,Patescibacteria,0.00012171258976303496,Patescibacteria,Other
4,Candidatus_Tenderia,,0.0,Proteobacteria,3.4183651668589494e-05,Proteobacteria,Proteobacteria
4,Candidatus_Thiobios,,0.0,Proteobacteria,0.0014621093146695474,Proteobacteria,Proteobacteria
4,Carboxylicivirga,,0.0,Bacteroidota,0.00035590860099688626,Bacteroidota,Bacteroidota
4,Catenovulum,,0.0,Proteobacteria,0.0002715127002406164,Proteobacteria,Proteobacteria
4,Celeribacter,,0.0,Proteobacteria,0.0007021880178636632,Proteobacteria,Proteobacteria
4,Cellvibrionaceae,,0.0,Proteobacteria,0.00017795430049844316,Proteobacteria,Proteobacteria
4,Centrohelida,,0.0,Centrohelida,0.00022219373584583173,Centrohelida,Other
4,Cerasicoccus,,0.0,Verrucomicrobiota,9.117528708538402e-05,Verrucomicrobiota,Verrucomicrobiota
4,Cerataulina,,0.0,Diatomea,0.0010253095421387396,Diatomea,Diatomea
4,Chaetoceros,,0.0,Diatomea,0.014376549831089682,Diatomea,Diatomea
4,Chaetonotida,,0.0,Gastrotricha,0.003140116226311938,Gastrotricha,Other
4,Chitinivibrio,,0.0,Fibrobacterota,0.00029056103918301073,Fibrobacterota,Other
4,Chloromorum,,0.0,Ochrophyta,0.0030755852584857636,Ochrophyta,Other
4,Chlorophyta,,0.0,Chlorophyta,0.0006502959542920229,Chlorophyta,Chlorophyta
4,Chloroplast,Cyanobacteria,0.14937898822978388,Cyanobacteria,0.020544988658530855,Cyanobacteria,Cyanobacteria
4,Chromadorida,,0.0,Nematozoa,0.002945706728845714,Nematozoa,Other
4,Chroomonas,,0.0,Cryptophyceae,7.264025979575268e-05,Cryptophyceae,Cryptophyceae
4,Citreicella,,0.0,Proteobacteria,0.00011964278084006324,Proteobacteria,Proteobacteria
4,Clade_II,Proteobacteria,0.006760212683980096,Proteobacteria,0.000659838426318059,Proteobacteria,Proteobacteria
4,Clade_III,Proteobacteria,0.00477974421909314,Proteobacteria,0.0005260669132595684,Proteobacteria,Proteobacteria
4,Clade_Ia,,0.0,Proteobacteria,0.0002615235858681325,Proteobacteria,Proteobacteria
4,Clade_Ib,,0.0,Proteobacteria,0.00023928556168012648,Proteobacteria,Proteobacteria
4,Clostridiisalibacter,,0.0,Firmicutes,0.00014980011047758147,Firmicutes,Other
4,Clostridium_sensu_stricto_1,,0.0,Firmicutes,0.00016237234542580012,Firmicutes,Other
4,Cm1-21,,0.0,Proteobacteria,0.00048475222617545003,Proteobacteria,Proteobacteria
4,Cobetia,Proteobacteria,0.00849418964883723,Proteobacteria,0.0005267885139872367,Proteobacteria,Proteobacteria
4,Cohaesibacter,,0.0,Proteobacteria,0.0001946661532926052,Proteobacteria,Proteobacteria
4,Coraliomargarita,Verrucomicrobiota,0.004598753835624228,Verrucomicrobiota,0.00014439725629748876,Verrucomicrobiota,Verrucomicrobiota
4,Corethron,,0.0,Diatomea,0.0010780748476055175,Diatomea,Diatomea
4,Corollospora,,0.0,Ascomycota,8.426256214363958e-05,Ascomycota,Other
4,Coscinodiscus,,0.0,Diatomea,0.00048591044785068713,Diatomea,Diatomea
4,Coxiella,,0.0,Proteobacteria,0.0004571396717610694,Proteobacteria,Proteobacteria
4,Croceicoccus,,0.0,Proteobacteria,2.5637738751442122e-05,Proteobacteria,Proteobacteria
4,Crocinitomix,Bacteroidota,0.004292966405519024,Bacteroidota,0.0013729088432471019,Bacteroidota,Bacteroidota
4,Cryomorpha,,0.0,Bacteroidota,0.00038386278309880255,Bacteroidota,Bacteroidota
4,Cryothecomonas,,0.0,Cercozoa,0.00010298757595333726,Cercozoa,Cercozoa
4,Cryptocaryon,,0.0,Ciliophora,0.000177887631192128,Ciliophora,Ciliophora
4,Cutibacterium,,0.0,Actinobacteriota,0.000352413893173417,Actinobacteriota,Actinobacteriota
4,Cyanobium_PCC-6307,Cyanobacteria,0.021401150867964326,Cyanobacteria,0.004105186059637916,Cyanobacteria,Cyanobacteria
4,Cyclobacterium,,0.0,Bacteroidota,0.0003932252900036514,Bacteroidota,Bacteroidota
4,Cyclopoida,,0.0,Arthropoda,0.005265783526509838,Arthropoda,Arthropoda
4,Cyclotella,,0.0,Diatomea,0.011373348176573289,Diatomea,Diatomea
4,D2P04A09,,0.0,Cercozoa,0.0013716556283118317,Cercozoa,Cercozoa
4,DBS1,,0.0,Verrucomicrobiota,4.700252104431056e-05,Verrucomicrobiota,Verrucomicrobiota
4,DEV007,Verrucomicrobiota,0.02504661993005715,Verrucomicrobiota,0.0037793681189722326,Verrucomicrobiota,Verrucomicrobiota
4,Dadabacteriales,,0.0,Dadabacteria,0.0005243003866715352,Dadabacteria,Other
4,Deferrisoma,,0.0,Deferrisomatota,0.0001239157372986369,Deferrisomatota,Other
4,Defluviicoccus,,0.0,Proteobacteria,0.00010682391146434218,Proteobacteria,Proteobacteria
4,Defluviitaleaceae_UCG-011,,0.0,Firmicutes,0.00014043760357273263,Firmicutes,Other
4,Desulfatiferula,,0.0,Desulfobacterota,4.272956458573687e-05,Desulfobacterota,Desulfobacterota
4,Desulfatiglans,,0.0,Desulfobacterota,0.000181220676449249,Desulfobacterota,Desulfobacterota
4,Desulfatitalea,,0.0,Desulfobacterota,0.00042568076043680473,Desulfobacterota,Desulfobacterota
4,Desulfobacca,,0.0,Desulfobacterota,0.00034641275547940716,Desulfobacterota,Desulfobacterota
4,Desulfobacter,,0.0,Desulfobacterota,0.00022470016571637222,Desulfobacterota,Desulfobacterota
4,Desulfomonile,,0.0,Desulfobacterota,5.6175041429093056e-05,Desulfobacterota,Desulfobacterota
4,Desulfosarcina,Desulfobacterota,0.009526365222058231,Desulfobacterota,0.0007102689858795239,Desulfobacterota,Desulfobacterota
4,Desulfovibrio,,0.0,Desulfobacterota,7.490005523879073e-05,Desulfobacterota,Desulfobacterota
4,Developayella,,0.0,Incertae_Sedis,0.0008051755938170004,Incertae_Sedis,Other
4,Didymoeca,,0.0,Holozoa,0.0008426256214363958,Holozoa,Other
4,Diplosphaera,,0.0,Verrucomicrobiota,1.8725013809697683e-05,Verrucomicrobiota,Verrucomicrobiota
4,Dokdonia,,0.0,Bacteroidota,0.00012658382973552572,Bacteroidota,Bacteroidota
4,Draconibacterium,,0.0,Bacteroidota,0.000262938463369751,Bacteroidota,Bacteroidota
4,Duboscquella,,0.0,Protalveolata,0.003042814744075874,Protalveolata,Protalveolata
4,EC3,,0.0,Proteobacteria,4.98606000012657e-05,Proteobacteria,Proteobacteria
4,EPR3968-O8a-Bc78,Proteobacteria,0.003358739180984369,Proteobacteria,0.0006458330113133829,Proteobacteria,Proteobacteria
4,EV818SWSAP88,,0.0,Proteobacteria,0.00045559145564682055,Proteobacteria,Proteobacteria
4,Eel-36e1D6,,0.0,Myxococcota,4.700252104431056e-05,Myxococcota,Other
4,Eionea,,0.0,Proteobacteria,0.0002621501933357676,Proteobacteria,Proteobacteria
4,Ekhidna,Bacteroidota,0.0034879214571760754,Bacteroidota,0.0008918029660625903,Bacteroidota,Bacteroidota
4,Emiliania,,0.0,Prymnesiophyceae,0.003042344998504465,Prymnesiophyceae,Other
4,Endothiovibrio,,0.0,Proteobacteria,8.973208563004743e-05,Proteobacteria,Proteobacteria
4,Endozoicomonas,Proteobacteria,0.012313161271600787,Proteobacteria,0.000577057410982353,Proteobacteria,Proteobacteria
4,Enhydrobacter,,0.0,Proteobacteria,0.00015916261738243033,Proteobacteria,Proteobacteria
4,Enterovibrio,,0.0,Proteobacteria,8.272436742826982e-05,Proteobacteria,Proteobacteria
4,Epulopiscium,,0.0,Firmicutes,0.00020597515190667453,Firmicutes,Other
4,Erythrobacter,,0.0,Proteobacteria,0.00027371584777621837,Proteobacteria,Proteobacteria
4,Eugregarinorida,,0.0,Apicomplexa,1.2818869375721061e-05,Apicomplexa,Other
4,Eunicida,,0.0,Annelida,0.00014043760357273263,Annelida,Other
4,Eunotogramma,,0.0,Diatomea,0.0035553429274749722,Diatomea,Diatomea
4,Euplotes,,0.0,Ciliophora,0.0015639020638379695,Ciliophora,Ciliophora
4,Eutintinnus,,0.0,Ciliophora,0.0004400378245278956,Ciliophora,Ciliophora
4,Euzebyella,Bacteroidota,0.007880118847694096,,0.0,Bacteroidota,Bacteroidota
4,Fabibacter,,0.0,Bacteroidota,0.00028970609984271215,Bacteroidota,Bacteroidota
4,Ferrimonas,,0.0,Proteobacteria,0.0008204076400461479,Proteobacteria,Proteobacteria
4,Filomicrobium,Proteobacteria,0.009430306161994575,Proteobacteria,0.0010379284035955151,Proteobacteria,Proteobacteria
4,Fimbriimonadaceae,,0.0,Armatimonadota,2.991069521001581e-05,Armatimonadota,Other
4,Finegoldia,,0.0,Firmicutes,0.00015916261738243033,Firmicutes,Other
4,Flammeovirga,,0.0,Bacteroidota,0.00011964278084006324,Bacteroidota,Bacteroidota
4,Flavobacterium,,0.0,Bacteroidota,9.82779985471948e-05,Bacteroidota,Bacteroidota
4,Flexithrix,Bacteroidota,0.000670870790285791,Bacteroidota,0.00021364782292868437,Bacteroidota,Bacteroidota
4,Fluviicola,Bacteroidota,0.007585225159784851,Bacteroidota,0.0008175578422451528,Bacteroidota,Bacteroidota
4,Formosa,Bacteroidota,0.006842882060915068,Bacteroidota,0.00033928172006387835,Bacteroidota,Bacteroidota
4,Francisella,,0.0,Proteobacteria,5.209207149058571e-05,Proteobacteria,Proteobacteria
4,Fulvivirga,,0.0,Bacteroidota,0.0003000751872553288,Bacteroidota,Bacteroidota
4,Fusibacter,,0.0,Firmicutes,0.0003622796903321497,Firmicutes,Other
4,GWA2-38-13b,,0.0,Patescibacteria,6.409434687860531e-05,Patescibacteria,Other
4,GWE2-31-10,,0.0,Spirochaetota,0.0004213128107181979,Spirochaetota,Other
4,Ga0077536,,0.0,Proteobacteria,0.00019384955930490372,Proteobacteria,Proteobacteria
4,Gallaecimonas,,0.0,Proteobacteria,0.00016237234542580012,Proteobacteria,Proteobacteria
4,Gayadomonas,,0.0,Proteobacteria,0.00032897930195757686,Proteobacteria,Proteobacteria
4,Geminobacterium,Cyanobacteria,0.0018509828625402304,Cyanobacteria,0.00021533765881152336,Cyanobacteria,Cyanobacteria
4,Gilvibacter,,0.0,Bacteroidota,2.5637738751442122e-05,Bacteroidota,Bacteroidota
4,Gilvimarinus,,0.0,Proteobacteria,0.0002606503439729949,Proteobacteria,Proteobacteria
4,Glaciecola,,0.0,Proteobacteria,0.0002621501933357676,Proteobacteria,Proteobacteria
4,Gracilibacteria,,0.0,Patescibacteria,0.00019507445028645593,Patescibacteria,Other
4,Gramella,,0.0,Bacteroidota,0.00011018528067518122,Bacteroidota,Bacteroidota
4,Granulosicoccus,,0.0,Proteobacteria,0.0002468532180432241,Proteobacteria,Proteobacteria
4,Guinardia,,0.0,Diatomea,0.0044889255255229675,Diatomea,Diatomea
4,H15-6,,0.0,Centrohelida,1.2818869375721061e-05,Centrohelida,Other
4,HIMB11,,0.0,Proteobacteria,0.026709764574669163,Proteobacteria,Proteobacteria
4,HOC36,Proteobacteria,0.0037462860095594883,Proteobacteria,0.001096714889554061,Proteobacteria,Proteobacteria
4,Hahella,Proteobacteria,0.0009392191064001073,,0.0,Proteobacteria,Proteobacteria
4,Halarcobacter,,0.0,Campylobacterota,0.00023384436214743667,Campylobacterota,Campylobacterota
4,Haliangium,,0.0,Myxococcota,0.0002619035589082651,Myxococcota,Other
4,Halobacillus,,0.0,Firmicutes,0.00015916261738243033,Firmicutes,Other
4,Halobacteriovorax,,0.0,Bdellovibrionota,0.0001324616502157843,Bdellovibrionota,Bdellovibrionota
4,Halodesulfovibrio,,0.0,Desulfobacterota,0.0001922830406358159,Desulfobacterota,Desulfobacterota
4,Haloferula,,0.0,Verrucomicrobiota,0.00028087520714546526,Verrucomicrobiota,Verrucomicrobiota
4,Halogranum,,0.0,Halobacterota,0.00011964278084006324,Halobacterota,Other
4,Halomonas,,0.0,Proteobacteria,0.00017839092144601192,Proteobacteria,Proteobacteria
4,Haloplasma,Firmicutes,0.002325280971450717,Firmicutes,0.0001981225157634774,Firmicutes,Other
4,Haplozoon,,0.0,Dinoflagellata,0.0003089627278600118,Dinoflagellata,Other
4,Hartaetosiga,,0.0,Holozoa,0.00025278768643091876,Holozoa,Other
4,Heimdallarchaeia,,0.0,Asgardarchaeota,0.00018725013809697686,Asgardarchaeota,Other
4,Henriciella,,0.0,Proteobacteria,9.362506904848843e-05,Proteobacteria,Proteobacteria
4,Heterobranchia,,0.0,Mollusca,0.004765516014568061,Mollusca,Other
4,Heterosigma,,0.0,Ochrophyta,0.0006647379902442678,Ochrophyta,Other
4,Hoeflea,,0.0,Proteobacteria,0.00019655599709438962,Proteobacteria,Proteobacteria
4,Holosporaceae,Proteobacteria,0.0028819451311411564,Proteobacteria,0.0002517527819694329,Proteobacteria,Proteobacteria
4,Hoppeia,,0.0,Bacteroidota,3.4183651668589494e-05,Bacteroidota,Bacteroidota
4,Hyalophysa,,0.0,Ciliophora,0.0003276877416697095,Ciliophora,Ciliophora
4,Hydrogenedensaceae,,0.0,Hydrogenedentes,0.00019903410301121206,Hydrogenedentes,Other
4,Hyphomonas,,0.0,Proteobacteria,0.00018373712771866855,Proteobacteria,Proteobacteria
4,IMCC26207,Actinobacteriota,0.003358739180984369,Actinobacteriota,0.00023406267262122106,Actinobacteriota,Actinobacteriota
4,IMCC26256,,0.0,Actinobacteriota,6.55375483339419e-05,Actinobacteriota,Actinobacteriota
4,IN2411,,0.0,Ciliophora,0.0005617504142909305,Ciliophora,Ciliophora
4,IS-44,,0.0,Proteobacteria,0.0002543925504526036,Proteobacteria,Proteobacteria
4,IheB3-7,Bacteroidota,0.0032295569047926624,Bacteroidota,0.0002649799483390047,Bacteroidota,Bacteroidota
4,Ilumatobacter,Actinobacteriota,0.004908926495284847,Actinobacteriota,0.002212933041552924,Actinobacteriota,Actinobacteriota
4,Incertae_Sedis,,0.0,Incertae_Sedis,0.0005426654702388583,Incertae_Sedis,Other
4,Izemoplasmatales,Firmicutes,0.000670870790285791,Firmicutes,0.0006033500811551484,Firmicutes,Other
4,Izimaplasma,,0.0,Firmicutes,0.0002621501933357676,Firmicutes,Other
4,JG30-KF-CM45,,0.0,Chloroflexi,3.4183651668589494e-05,Chloroflexi,Chloroflexi
4,JGI_0000069-P22,,0.0,Patescibacteria,5.7181621936860865e-05,Patescibacteria,Other
4,KD4-96,Chloroflexi,0.011696897855679947,Chloroflexi,0.0011569729009216613,Chloroflexi,Chloroflexi
4,KF-JG30-B3,,0.0,Proteobacteria,4.181797733800223e-05,Proteobacteria,Proteobacteria
4,KI89A_clade,Proteobacteria,0.003662333996311866,Proteobacteria,0.0024572031390204135,Proteobacteria,Proteobacteria
4,Kapabacteriales,,0.0,Bacteroidota,0.00010613063469039192,Bacteroidota,Bacteroidota
4,Kiloniella,,0.0,Proteobacteria,0.00030337990855873177,Proteobacteria,Proteobacteria
4,Kordia,,0.0,Bacteroidota,0.00012171258976303495,Bacteroidota,Bacteroidota
4,LCP-89,,0.0,LCP-89,6.55375483339419e-05,LCP-89,Other
4,LD1-PA32,,0.0,Verrucomicrobiota,1.8725013809697683e-05,Verrucomicrobiota,Verrucomicrobiota
4,LWQ8,,0.0,Patescibacteria,6.858561381096338e-05,Patescibacteria,Other
4,Labyrinthula,,0.0,Labyrinthulomycetes,9.808801202712845e-05,Labyrinthulomycetes,Other
4,Labyrinthuloides,,0.0,Labyrinthulomycetes,0.001703076431076553,Labyrinthulomycetes,Other
4,Lagenoeca,,0.0,Holozoa,0.000833263114531547,Holozoa,Other
4,Lankesteria,,0.0,Apicomplexa,0.0012733009390594426,Apicomplexa,Other
4,Latescibacteraceae,Latescibacterota,0.0011900958359853428,Latescibacterota,0.000265701549066673,Latescibacterota,Other
4,Latescibacterota,Latescibacterota,0.0025493090030860054,Latescibacterota,0.002190676714810079,Latescibacterota,Other
4,Leeuwenhoekiella,Bacteroidota,0.005267128684977294,Bacteroidota,0.0002008289535529633,Bacteroidota,Bacteroidota
4,Legionella,,0.0,Proteobacteria,0.00014043760357273263,Proteobacteria,Proteobacteria
4,Lenti-02,,0.0,Verrucomicrobiota,0.00012444735150623885,Verrucomicrobiota,Verrucomicrobiota
4,Lentimicrobiaceae,,0.0,Bacteroidota,0.0004179231175536408,Bacteroidota,Bacteroidota
4,Lentimonas,,0.0,Verrucomicrobiota,0.0007167067445211022,Verrucomicrobiota,Verrucomicrobiota
4,Lentisphaera,,0.0,Verrucomicrobiota,0.0006032267639413972,Verrucomicrobiota,Verrucomicrobiota
4,Lepidodinium,,0.0,Dinoflagellata,8.426256214363958e-05,Dinoflagellata,Other
4,Leptocylindrus,,0.0,Diatomea,0.0005898379350054771,Diatomea,Diatomea
4,Leptothecata,,0.0,Cnidaria,0.09235568089561166,Cnidaria,Cnidaria
4,Leucocryptos,,0.0,Kathablepharidae,0.001255677499017546,Kathablepharidae,Other
4,Lewinella,Bacteroidota,0.008949430208750966,Bacteroidota,0.0008698782456084018,Bacteroidota,Bacteroidota
4,Licmosphenia,,0.0,Diatomea,0.0007864505800073028,Diatomea,Diatomea
4,Limibaculum,,0.0,Proteobacteria,0.0006020018729598449,Proteobacteria,Proteobacteria
4,Limimaricola,,0.0,Proteobacteria,0.0002991069521001581,Proteobacteria,Proteobacteria
4,Limnobacter,,0.0,Proteobacteria,0.0003745002761939537,Proteobacteria,Proteobacteria
4,Lineage_IIb,,0.0,Elusimicrobiota,0.0003033799085587318,Elusimicrobiota,Other
4,Lishizhenia,,0.0,Bacteroidota,0.00016852512428727916,Bacteroidota,Bacteroidota
4,Litoricola,Proteobacteria,0.009209987375912087,Proteobacteria,0.0011307752240088992,Proteobacteria,Proteobacteria
4,Luminiphilus,Proteobacteria,0.00744106723799679,Proteobacteria,0.0004333817554125326,Proteobacteria,Proteobacteria
4,Lutaonella,,0.0,Bacteroidota,0.0002777421698072897,Bacteroidota,Bacteroidota
4,Luteibaculum,Bacteroidota,0.000775093657150239,,0.0,Bacteroidota,Bacteroidota
4,Luteivirga,,0.0,Bacteroidota,0.00021792077938725805,Bacteroidota,Bacteroidota
4,MAST-11,,0.0,MAST-11,0.0002434251795260699,MAST-11,Other
4,MAST-12A,,0.0,MAST-12,0.0023249031513709775,MAST-12,Other
4,MAST-12D,,0.0,MAST-12,0.0015521547040334123,MAST-12,Other
4,MAST-1C,,0.0,MAST-1,9.827799854719481e-05,MAST-1,Other
4,MAST-2,,0.0,MAST-2,0.0003332906037687476,MAST-2,Other
4,MAST-3E,,0.0,MAST-3,0.0008845019869247533,MAST-3,Other
4,MAST-3J,,0.0,MAST-3,0.0012905078009515284,MAST-3,Other
4,MAST-4,,0.0,MAST-4,0.0010763566877689604,MAST-4,Other
4,MAST-8,,0.0,MAST-8,4.6812534524244215e-05,MAST-8,Other
4,MB11C04_marine_group,,0.0,Verrucomicrobiota,0.0008356279246334973,Verrucomicrobiota,Verrucomicrobiota
4,MBNT15,,0.0,MBNT15,7.264025979575268e-05,MBNT15,Other
4,MD3-55,,0.0,Proteobacteria,0.00014043760357273263,Proteobacteria,Proteobacteria
4,MSB-3C8,Bacteroidota,0.0017143127635503462,Bacteroidota,0.00015809938896722643,Bacteroidota,Bacteroidota
4,MSBL3,Verrucomicrobiota,0.0009042759333419455,,0.0,Verrucomicrobiota,Verrucomicrobiota
4,MSBL5,Chloroflexi,0.000670870790285791,Chloroflexi,0.0002777421698072897,Chloroflexi,Chloroflexi
4,MSBL7,Desulfobacterota,0.0024544632476424235,Desulfobacterota,0.0006786584333877899,Desulfobacterota,Desulfobacterota
4,MSBL8,,0.0,Cloacimonadota,2.8087520714546528e-05,Cloacimonadota,Other
4,MWH-UniP1_aquatic_group,Proteobacteria,0.005501140480343486,Proteobacteria,0.0005427504421000125,Proteobacteria,Proteobacteria
4,Magnetococcus,,0.0,Proteobacteria,8.426256214363958e-05,Proteobacteria,Proteobacteria
4,Magnetospira,,0.0,Proteobacteria,2.1364782292868435e-05,Proteobacteria,Proteobacteria
4,Malaciobacter,,0.0,Campylobacterota,0.00028628808272443705,Campylobacterota,Campylobacterota
4,Malonomonas,,0.0,Desulfobacterota,0.0005149378797666864,Desulfobacterota,Desulfobacterota
4,Margulisbacteria,,0.0,Margulisbacteria,0.00036674263331078975,Margulisbacteria,Other
4,Maricaulis,,0.0,Proteobacteria,0.00028087520714546526,Proteobacteria,Proteobacteria
4,Marine_Benthic_Group_D_and_DHVEG-1,,0.0,Thermoplasmatota,3.7450027619395366e-05,Thermoplasmatota,Other
4,Marine_Group_II,Thermoplasmatota,0.0030860056353146383,Thermoplasmatota,0.0004993559246940433,Thermoplasmatota,Other
4,Marinicaulis,,0.0,Proteobacteria,2.8087520714546528e-05,Proteobacteria,Proteobacteria
4,Marinicella,Proteobacteria,0.004802511013642692,Proteobacteria,0.00046646383331332115,Proteobacteria,Proteobacteria
4,Marinifilum,,0.0,Bacteroidota,0.00014980011047758147,Bacteroidota,Bacteroidota
4,Marinimicrobia_(SAR406_clade),Marinimicrobia_(SAR406_clade),0.001808551866683891,Marinimicrobia_(SAR406_clade),0.0005021856796972804,Marinimicrobia_(SAR406_clade),Other
4,Marinobacter,,0.0,Proteobacteria,6.409434687860531e-05,Proteobacteria,Proteobacteria
4,Marinobacterium,,0.0,Proteobacteria,0.00022925810195504543,Proteobacteria,Proteobacteria
4,Marinomonas,Proteobacteria,0.006186380263915594,Proteobacteria,0.00136791428606086,Proteobacteria,Proteobacteria
4,Marinoscillum,Bacteroidota,0.009028693666288156,Bacteroidota,0.0008053372563833487,Bacteroidota,Bacteroidota
4,Maritalea,,0.0,Proteobacteria,0.0003370502485745583,Proteobacteria,Proteobacteria
4,Massisteria,,0.0,Cercozoa,0.002033927274281075,Cercozoa,Cercozoa
4,Mesoflavibacter,,0.0,Bacteroidota,0.00020937486647011066,Bacteroidota,Bacteroidota
4,Methylobacterium-Methylorubrum,,0.0,Proteobacteria,0.0003370502485745583,Proteobacteria,Proteobacteria
4,Methyloceanibacter,Proteobacteria,0.01194150006708708,Proteobacteria,0.0004584495346037757,Proteobacteria,Proteobacteria
4,Methylophaga,,0.0,Proteobacteria,0.00047748785214729095,Proteobacteria,Proteobacteria
4,Methylotenera,,0.0,Proteobacteria,0.00014980011047758147,Proteobacteria,Proteobacteria
4,Microbulbifer,,0.0,Proteobacteria,0.00014528051959150536,Proteobacteria,Proteobacteria
4,Milano-WF1B-44,,0.0,Proteobacteria,0.0007668523243024675,Proteobacteria,Proteobacteria
4,Miliolida,,0.0,Retaria,1.2818869375721061e-05,Retaria,Other
4,Minorisa,,0.0,Cercozoa,5.1275477502884244e-05,Cercozoa,Cercozoa
4,Mitochondria,Proteobacteria,0.03310175796919707,Proteobacteria,0.012032483304718518,Proteobacteria,Proteobacteria
4,Moduliflexaceae,,0.0,Modulibacteria,0.00025637738751442123,Modulibacteria,Other
4,Monhysterida,,0.0,Nematozoa,0.0015915895687146253,Nematozoa,Other
4,Motilimonas,,0.0,Proteobacteria,6.409434687860531e-05,Proteobacteria,Proteobacteria
4,Muricauda,,0.0,Bacteroidota,0.0007839158261830442,Bacteroidota,Bacteroidota
4,Muriicola,Bacteroidota,0.015563595682320314,Bacteroidota,0.0006556038152120823,Bacteroidota,Bacteroidota
4,Mycobacterium,,0.0,Actinobacteriota,0.0002434251795260699,Actinobacteriota,Actinobacteriota
4,Myrionecta,,0.0,Ciliophora,0.0002902377140503141,Ciliophora,Ciliophora
4,NB1-j,,0.0,NB1-j,0.0006359955381083681,NB1-j,Other
4,NS10_marine_group,,0.0,Bacteroidota,8.426256214363958e-05,Bacteroidota,Bacteroidota
4,NS11-12_marine_group,Bacteroidota,0.012000189344852424,Bacteroidota,0.0010055962503761132,Bacteroidota,Bacteroidota
4,NS2b_marine_group,Bacteroidota,0.006427273229769926,Bacteroidota,0.00023453763892138693,Bacteroidota,Bacteroidota
4,NS4_marine_group,Bacteroidota,0.013515433486094741,Bacteroidota,0.0017935283771913495,Bacteroidota,Bacteroidota
4,NS5_marine_group,Bacteroidota,0.01580887387773006,Bacteroidota,0.0027340053976262504,Bacteroidota,Bacteroidota
4,NS7_marine_group,Bacteroidota,0.0017714160788480221,Bacteroidota,0.00018662353062934173,Bacteroidota,Bacteroidota
4,NS9_marine_group,Bacteroidota,0.003756876425600429,Bacteroidota,0.002996915537042283,Bacteroidota,Bacteroidota
4,Nannocystis,,0.0,Myxococcota,0.00021533765881152336,Myxococcota,Other
4,Navicula,,0.0,Diatomea,0.043022093959678154,Diatomea,Diatomea
4,Nemertodermatidae,,0.0,Xenacoelomorpha,0.003323689951221339,Xenacoelomorpha,Xenacoelomorpha
4,Neobodo,,0.0,Euglenozoa,1.8725013809697683e-05,Euglenozoa,Other
4,Neoceratium,,0.0,Dinoflagellata,0.0005711795905020945,Dinoflagellata,Other
4,Neorhodella,,0.0,Rhodellophyceae,0.0004587628383375933,Rhodellophyceae,Other
4,Neptunitalea,,0.0,Bacteroidota,5.1275477502884244e-05,Bacteroidota,Bacteroidota
4,Neptunomonas,,0.0,Proteobacteria,0.00017622611926300703,Proteobacteria,Proteobacteria
4,Nesiotobacter,,0.0,Proteobacteria,0.00032047173439302655,Proteobacteria,Proteobacteria
4,Nitriliruptoraceae,,0.0,Actinobacteriota,0.0001666453018843738,Actinobacteriota,Actinobacteriota
4,Nocardioides,,0.0,Actinobacteriota,0.00028084688319174724,Actinobacteriota,Actinobacteriota
4,Nonlabens,,0.0,Bacteroidota,0.00011285337311207002,Bacteroidota,Bacteroidota
4,Novel_Apicomplexa_Class_2,,0.0,Apicomplexa,0.0018160064948938171,Apicomplexa,Other
4,Novel_Clade_2,,0.0,Cercozoa,0.005225213963436985,Cercozoa,Cercozoa
4,Novel_Clade_Gran-4,,0.0,Cercozoa,0.003597829338119045,Cercozoa,Cercozoa
4,OM182_clade,Proteobacteria,0.0075924096564280105,Proteobacteria,0.001367885962107142,Proteobacteria,Proteobacteria
4,OM190,Planctomycetota,0.017855822769335554,Planctomycetota,0.004658667259635839,Planctomycetota,Planctomycetota
4,OM27_clade,Bdellovibrionota,0.003358739180984369,Bdellovibrionota,0.0035942644805034216,Bdellovibrionota,Bdellovibrionota
4,OM43_clade,,0.0,Proteobacteria,0.0007138486655641471,Proteobacteria,Proteobacteria
4,OM60(NOR5)_clade,Proteobacteria,0.008303215501637415,Proteobacteria,0.0024611061438377336,Proteobacteria,Proteobacteria
4,OPB41,,0.0,Actinobacteriota,0.000272927577742235,Actinobacteriota,Actinobacteriota
4,Obscuribacteraceae,,0.0,Cyanobacteria,7.490005523879073e-05,Cyanobacteria,Cyanobacteria
4,Oceanicaulis,,0.0,Proteobacteria,0.00012922359821869645,Proteobacteria,Proteobacteria
4,Oceanicella,,0.0,Proteobacteria,0.00015539295117774054,Proteobacteria,Proteobacteria
4,Oceanococcus,,0.0,Proteobacteria,7.264025979575268e-05,Proteobacteria,Proteobacteria
4,Ochrovirga,,0.0,Bacteroidota,2.1364782292868435e-05,Bacteroidota,Bacteroidota
4,Odontella,,0.0,Diatomea,0.0022285716445330033,Diatomea,Diatomea
4,Oikopleuridae,,0.0,Tunicata,0.007611718113642109,Tunicata,Other
4,Oleibacter,,0.0,Proteobacteria,0.00012171258976303495,Proteobacteria,Proteobacteria
4,Oleiphilus,Proteobacteria,0.005823489518512715,Proteobacteria,0.0012532377384533206,Proteobacteria,Proteobacteria
4,Oltmannsiellopsis,,0.0,Chlorophyta,3.845660812716318e-05,Chlorophyta,Chlorophyta
4,Orbiniidae,,0.0,Annelida,0.0014043760357273264,Annelida,Other
4,Ostreococcus,,0.0,Chlorophyta,0.0006928255109588143,Chlorophyta,Chlorophyta
4,Owenweeksia,,0.0,Bacteroidota,8.118617271290004e-05,Bacteroidota,Bacteroidota
4,P.palmC41,Verrucomicrobiota,0.002012612370857373,Verrucomicrobiota,0.00031160249634318255,Verrucomicrobiota,Verrucomicrobiota
4,P13-46,,0.0,Proteobacteria,0.0001176296198245276,Proteobacteria,Proteobacteria
4,P3OB-42,Myxococcota,0.0014210050381087715,Myxococcota,0.0007554483324283649,Myxococcota,Other
4,PAUC26f,Acidobacteriota,0.0017442640547430566,Acidobacteriota,0.0003370502485745583,Acidobacteriota,Acidobacteriota
4,PAUC34f,,0.0,PAUC34f,0.00011536982438148956,PAUC34f,Other
4,PAUC43f_marine_benthic_group,Gemmatimonadota,0.003023607111996492,Gemmatimonadota,0.000500865795455695,Gemmatimonadota,Other
4,PB19,,0.0,Desulfobacterota,0.0016268930967058546,Desulfobacterota,Desulfobacterota
4,PHOS-HE36,,0.0,Bacteroidota,0.0003741303245527,Bacteroidota,Bacteroidota
4,PLTA13,,0.0,Proteobacteria,0.00021364782292868437,Proteobacteria,Proteobacteria
4,PS-B29,,0.0,Myxococcota,0.00023482261870148646,Myxococcota,Other
4,PS1_clade,,0.0,Proteobacteria,0.0004871070148785213,Proteobacteria,Proteobacteria
4,Paenibacillus,,0.0,Firmicutes,0.00011536982438148956,Firmicutes,Other
4,Parabacteroides,,0.0,Bacteroidota,2.5637738751442122e-05,Bacteroidota,Bacteroidota
4,Paracoccus,,0.0,Proteobacteria,0.000724341070190515,Proteobacteria,Proteobacteria
4,Parahaliea,,0.0,Proteobacteria,0.00021792077938725805,Proteobacteria,Proteobacteria
4,Paralia,,0.0,Diatomea,0.0032773576037260182,Diatomea,Diatomea
4,Paraphysomonas,,0.0,Ochrophyta,0.001786617392492524,Ochrophyta,Other
4,Paulinella,,0.0,Cercozoa,0.004053965489799549,Cercozoa,Cercozoa
4,Pav3,,0.0,Pav3,0.0009175256766751866,Pav3,Other
4,PeM15,Actinobacteriota,0.004489539086894329,Actinobacteriota,0.0006675110973400688,Actinobacteriota,Actinobacteriota
4,Pedinellales,,0.0,Ochrophyta,0.0002621501933357676,Ochrophyta,Other
4,Pedobacter,,0.0,Bacteroidota,2.991069521001581e-05,Bacteroidota,Bacteroidota
4,Pedomicrobium,,0.0,Proteobacteria,0.00012171258976303495,Proteobacteria,Proteobacteria
4,Pelagibius,,0.0,Proteobacteria,0.00017946417126009487,Proteobacteria,Proteobacteria
4,Pelagicoccus,Verrucomicrobiota,0.002427311223537458,Verrucomicrobiota,0.00031704369587587237,Verrucomicrobiota,Verrucomicrobiota
4,Pelagostrobilidium,,0.0,Ciliophora,0.00342924582568141,Ciliophora,Ciliophora
4,Pelolinea,,0.0,Chloroflexi,0.00015916261738243033,Chloroflexi,Chloroflexi
4,Peniculia,,0.0,Ciliophora,0.0006794000769132163,Ciliophora,Ciliophora
4,Peredibacter,,0.0,Bdellovibrionota,0.0027452860722866016,Bdellovibrionota,Bdellovibrionota
4,Persicirhabdus,,0.0,Verrucomicrobiota,0.0007429427667864615,Verrucomicrobiota,Verrucomicrobiota
4,Persicobacter,,0.0,Bacteroidota,0.0003020216789645493,Bacteroidota,Bacteroidota
4,Phacus,,0.0,Euglenozoa,2.1364782292868435e-05,Euglenozoa,Other
4,Phaeocystis,,0.0,Prymnesiophyceae,0.00015916261738243033,Prymnesiophyceae,Other
4,Photobacterium,,0.0,Proteobacteria,9.89995992748631e-05,Proteobacteria,Proteobacteria
4,Phycisphaera,,0.0,Planctomycetota,0.0003386551125962432,Planctomycetota,Planctomycetota
4,Picochlorum,,0.0,Chlorophyta,0.010038079347465648,Chlorophyta,Chlorophyta
4,Pir4_lineage,,0.0,Planctomycetota,0.00022661833347187467,Planctomycetota,Planctomycetota
4,Pirsonia,,0.0,Incertae_Sedis,0.00016852512428727916,Incertae_Sedis,Other
4,Pla1_lineage,,0.0,Planctomycetota,0.00042131281071819794,Planctomycetota,Planctomycetota
4,Pla3_lineage,Planctomycetota,0.011426053598632904,Planctomycetota,0.0012467616344591448,Planctomycetota,Planctomycetota
4,Pla4_lineage,,0.0,Planctomycetota,0.0002453150233278543,Planctomycetota,Planctomycetota
4,Plagiostriata,,0.0,Diatomea,0.0005430254004812329,Diatomea,Diatomea
4,Planctomicrobium,Planctomycetota,0.0010733932644572655,Planctomycetota,8.118617271290004e-05,Planctomycetota,Planctomycetota
4,Pleionea,Proteobacteria,0.003358739180984369,Proteobacteria,0.0007196598167380907,Proteobacteria,Proteobacteria
4,Pleurasiga,,0.0,Holozoa,0.0005150328730267195,Holozoa,Other
4,Podocopida,,0.0,Arthropoda,0.002188633489597906,Arthropoda,Arthropoda
4,Polaribacter,,0.0,Bacteroidota,0.00014100756313293168,Bacteroidota,Bacteroidota
4,Polycyclovorans,,0.0,Proteobacteria,0.00014980011047758147,Proteobacteria,Proteobacteria
4,Porphyridium,,0.0,Porphyridiophyceae,0.0004213128107181979,Porphyridiophyceae,Other
4,Portibacter,,0.0,Bacteroidota,0.00044987529773291024,Bacteroidota,Bacteroidota
4,Prasinococcus,,0.0,Chlorophyta,0.0006580352946203478,Chlorophyta,Chlorophyta
4,Proboscia,,0.0,Diatomea,0.0031656424094914275,Diatomea,Diatomea
4,Propionigenium,Fusobacteriota,0.004133832838134608,Fusobacteriota,0.0004358415587745161,Fusobacteriota,Other
4,Prorocentrum,,0.0,Dinoflagellata,0.0001849903426539388,Dinoflagellata,Other
4,Proteomonas,,0.0,Cryptophyceae,0.005640562241570851,Cryptophyceae,Cryptophyceae
4,Protodrilus,,0.0,Annelida,0.0006399268668794062,Annelida,Other
4,Psammamonas,,0.0,Ochrophyta,0.00022470016571637222,Ochrophyta,Other
4,Psammodictyon,,0.0,Diatomea,0.0005688531257527414,Diatomea,Diatomea
4,Pseudo-nitzschia,,0.0,Diatomea,0.007430151008835203,Diatomea,Diatomea
4,Pseudoalteromonas,,0.0,Proteobacteria,0.0007659407370547329,Proteobacteria,Proteobacteria
4,Pseudobodo,,0.0,Bicosoecida,0.0030332273857841996,Bicosoecida,Other
4,Pseudohoeflea,,0.0,Proteobacteria,8.118617271290006e-05,Proteobacteria,Proteobacteria
4,Pseudohongiella,Proteobacteria,0.014568859223090199,Proteobacteria,0.001254149325701055,Proteobacteria,Proteobacteria
4,Pseudomonas,,0.0,Proteobacteria,2.1364782292868435e-05,Proteobacteria,Proteobacteria
4,Pseudosolenia,,0.0,Diatomea,0.001646576324271844,Diatomea,Diatomea
4,Pycnococcus,,0.0,Chlorophyta,0.0004868503590521398,Chlorophyta,Chlorophyta
4,R76-B128,,0.0,Verrucomicrobiota,0.0012585739233270982,Verrucomicrobiota,Verrucomicrobiota
4,RBG-13-54-9,,0.0,Chloroflexi,2.5134448497558215e-05,Chloroflexi,Chloroflexi
4,RBG-16-49-21,,0.0,Spirochaetota,0.00031832523476486065,Spirochaetota,Other
4,Reichenbachiella,,0.0,Bacteroidota,0.00029960022095516293,Bacteroidota,Bacteroidota
4,Reinekea,Proteobacteria,0.005296473323859966,Proteobacteria,0.0012894911990448817,Proteobacteria,Proteobacteria
4,Rhaphoneis,,0.0,Diatomea,0.012538057357396073,Diatomea,Diatomea
4,Rhizosolenia,,0.0,Diatomea,0.0019146261211285475,Diatomea,Diatomea
4,Rhizosolenids,,0.0,Diatomea,0.00153586116963198,Diatomea,Diatomea
4,Rhodomonas,,0.0,Cryptophyceae,0.0006195786864931846,Cryptophyceae,Cryptophyceae
4,Rhodopirellula,,0.0,Planctomycetota,0.001016630290608962,Planctomycetota,Planctomycetota
4,Rhynchopus,,0.0,Euglenozoa,2.1364782292868435e-05,Euglenozoa,Other
4,Robiginitalea,Bacteroidota,0.011426053598632904,Bacteroidota,0.001909914803479486,Bacteroidota,Bacteroidota
4,Roseibacillus,Verrucomicrobiota,0.004278294086077689,Verrucomicrobiota,0.0009069199762339465,Verrucomicrobiota,Verrucomicrobiota
4,Roseimarinus,,0.0,Bacteroidota,0.00014043760357273263,Bacteroidota,Bacteroidota
4,Rothia,,0.0,Actinobacteriota,6.836730333717899e-05,Actinobacteriota,Actinobacteriota
4,Rozella,,0.0,Cryptomycota,0.0006580352946203478,Cryptomycota,Other
4,Rubricoccus,,0.0,Bacteroidota,5.6175041429093056e-05,Bacteroidota,Bacteroidota
4,Rubripirellula,Planctomycetota,0.008787497374278806,Planctomycetota,0.0005927626832687474,Planctomycetota,Planctomycetota
4,Rubritalea,Verrucomicrobiota,0.004524178933797472,Verrucomicrobiota,0.0003217815972357328,Verrucomicrobiota,Verrucomicrobiota
4,S-BQ2-57_soil_group,,0.0,Verrucomicrobiota,4.272956458573687e-05,Verrucomicrobiota,Verrucomicrobiota
4,S25-593,Proteobacteria,0.006665973580846552,Proteobacteria,0.0004122736289460457,Proteobacteria,Proteobacteria
4,SAR116_clade,Proteobacteria,0.011483763566240618,Proteobacteria,0.0019492446535017867,Proteobacteria,Proteobacteria
4,SAR202_clade,,0.0,Chloroflexi,0.00031832523476486065,Chloroflexi,Chloroflexi
4,SAR324_clade(Marine_group_B),SAR324_clade(Marine_group_B),0.004526674874730198,SAR324_clade(Marine_group_B),0.002317582129435382,SAR324_clade(Marine_group_B),Other
4,SAR86_clade,Proteobacteria,0.022626189877007832,Proteobacteria,0.002641700212819347,Proteobacteria,Proteobacteria
4,SAR92_clade,Proteobacteria,0.0029518314772574803,Proteobacteria,0.00043247016816479796,Proteobacteria,Proteobacteria
4,SBR1031,,0.0,Chloroflexi,0.00015639953168550836,Chloroflexi,Chloroflexi
4,SBZC-1223,,0.0,Verrucomicrobiota,0.00010682391146434218,Verrucomicrobiota,Verrucomicrobiota
4,SCGC_AAA011-D5,,0.0,Nanoarchaeota,0.0003183252347648606,Nanoarchaeota,Other
4,SCGC_AAA164-E04,Verrucomicrobiota,0.00620135590951195,Verrucomicrobiota,0.0013079029091207619,Verrucomicrobiota,Verrucomicrobiota
4,SCGC_AAA286-E23,Nanoarchaeota,0.001033458209533652,,0.0,Nanoarchaeota,Other
4,SG8-4,,0.0,Planctomycetota,0.0002247001657163722,Planctomycetota,Planctomycetota
4,SM1A02,,0.0,Planctomycetota,0.0009341909029607915,Planctomycetota,Planctomycetota
4,SM2D12,,0.0,Proteobacteria,0.00018052739967529876,Proteobacteria,Proteobacteria
4,SS1-B-02-17,,0.0,Verrucomicrobiota,0.0004585162039100908,Verrucomicrobiota,Verrucomicrobiota
4,SS1-B-09-64,,0.0,Proteobacteria,5.1275477502884244e-05,Proteobacteria,Proteobacteria
4,SZB85,,0.0,Proteobacteria,0.00035465538606161605,Proteobacteria,Proteobacteria
4,Saccharimonadales,Patescibacteria,0.0011925917769180687,Patescibacteria,0.0010953283360061604,Patescibacteria,Other
4,Salinimonas,,0.0,Proteobacteria,0.0005238354417702484,Proteobacteria,Proteobacteria
4,Salinirepens,,0.0,Bacteroidota,0.0003997963872578602,Bacteroidota,Bacteroidota
4,Sandaracinus,,0.0,Myxococcota,0.0004956629491945477,Myxococcota,Other
4,Saprospira,,0.0,Bacteroidota,0.0001343131486649716,Bacteroidota,Bacteroidota
4,Schekmanbacteria,,0.0,Schekmanbacteria,0.00010298757595333726,Schekmanbacteria,Other
4,Schleiferia,,0.0,Bacteroidota,0.0005383925137802845,Bacteroidota,Bacteroidota
4,Sedimenticola,,0.0,Proteobacteria,0.0003235481238237661,Proteobacteria,Proteobacteria
4,Sediminispirochaeta,,0.0,Spirochaetota,0.0006834630040539654,Spirochaetota,Other
4,Seonamhaeicola,,0.0,Bacteroidota,0.00036320129897876336,Bacteroidota,Bacteroidota
4,Sericytochromatia,Cyanobacteria,0.0018784382128002146,Cyanobacteria,0.0004684769943288568,Cyanobacteria,Cyanobacteria
4,Shewanella,,0.0,Proteobacteria,0.00012391573729863693,Proteobacteria,Proteobacteria
4,Silicimonas,,0.0,Proteobacteria,0.0002420769713307665,Proteobacteria,Proteobacteria
4,Simiduia,,0.0,Proteobacteria,0.00037864991543877616,Proteobacteria,Proteobacteria
4,Simkania,,0.0,Verrucomicrobiota,5.6175041429093056e-05,Verrucomicrobiota,Verrucomicrobiota
4,Sinophysis,,0.0,Dinoflagellata,0.001759878079973281,Dinoflagellata,Other
4,Siphonophorae,,0.0,Cnidaria,0.0015529512552233556,Cnidaria,Cnidaria
4,Skeletonema,,0.0,Diatomea,0.001085472560246307,Diatomea,Diatomea
4,Sneathiella,Proteobacteria,0.000670870790285791,Proteobacteria,0.0002621501933357676,Proteobacteria,Proteobacteria
4,Sorodiplophrys,,0.0,SAR,0.0018725013809697685,SAR,Other
4,Sphingomicrobium,Proteobacteria,0.0029518314772574803,Proteobacteria,7.772981024202784e-05,Proteobacteria,Proteobacteria
4,Sphingomonas,,0.0,Proteobacteria,0.0006928255109588143,Proteobacteria,Proteobacteria
4,Sphingopyxis,,0.0,Proteobacteria,0.0001310750966678838,Proteobacteria,Proteobacteria
4,Spirochaeta,,0.0,Spirochaetota,0.00024355851813870016,Spirochaetota,Other
4,Spirochaeta_2,,0.0,Spirochaetota,3.195218017926948e-05,Spirochaetota,Other
4,Spongiibacter,,0.0,Proteobacteria,6.836730333717899e-05,Proteobacteria,Proteobacteria
4,Staphylococcus,,0.0,Firmicutes,6.440765061242287e-05,Firmicutes,Other
4,Stappia,,0.0,Proteobacteria,0.00018725013809697686,Proteobacteria,Proteobacteria
4,Stappiaceae,Proteobacteria,0.012002078633475114,Proteobacteria,0.0006211351837633934,Proteobacteria,Proteobacteria
4,Stellarchytrium,,0.0,Labyrinthulomycetes,0.00010795380918586121,Labyrinthulomycetes,Other
4,Streptococcus,,0.0,Firmicutes,7.336186052342097e-05,Firmicutes,Other
4,Subgroup_10,Acidobacteriota,0.006318058481040027,Acidobacteriota,0.0018885683237414564,Acidobacteriota,Acidobacteriota
4,Subgroup_17,Acidobacteriota,0.0018784382128002146,Acidobacteriota,0.00010682391146434218,Acidobacteriota,Acidobacteriota
4,Subgroup_18,,0.0,Acidobacteriota,0.00020983981137139747,Acidobacteriota,Acidobacteriota
4,Subgroup_21,,0.0,Acidobacteriota,0.00039316864209621534,Acidobacteriota,Acidobacteriota
4,Subgroup_22,,0.0,Acidobacteriota,0.0003921903855421655,Acidobacteriota,Acidobacteriota
4,Subgroup_23,Acidobacteriota,0.006474696107491717,Acidobacteriota,0.0006767786109848845,Acidobacteriota,Acidobacteriota
4,Subgroup_26,,0.0,Acidobacteriota,9.748972851321137e-05,Acidobacteriota,Acidobacteriota
4,Sulfurimonas,Campylobacterota,0.012342809236638478,Campylobacterota,0.001455879845102874,Campylobacterota,Campylobacterota
4,Sulfurovum,Campylobacterota,0.013590008387921498,Campylobacterota,0.0008040840414480785,Campylobacterota,Campylobacterota
4,Sumerlaea,,0.0,Sumerlaeota,0.0002527876864309187,Sumerlaeota,Other
4,Sva0081_sediment_group,,0.0,Desulfobacterota,0.0025005793538715433,Desulfobacterota,Desulfobacterota
4,Sva0485,Sva0485,0.0017442640547430566,Sva0485,0.0012137462258646715,Sva0485,Other
4,Sva0996_marine_group,Actinobacteriota,0.008089777886043068,Actinobacteriota,0.0008561377675860671,Actinobacteriota,Actinobacteriota
4,Sva1033,Desulfobacterota,0.004929197348901673,Desulfobacterota,0.00042656402373082133,Desulfobacterota,Desulfobacterota
4,Symphothece_PCC-7002,Cyanobacteria,0.005905552243137649,Cyanobacteria,0.00042512082227548476,Cyanobacteria,Cyanobacteria
4,Syndiniales_Group_I,,0.0,Protalveolata,0.03459136610112096,Protalveolata,Protalveolata
4,Syndiniales_Group_III,,0.0,Protalveolata,0.0024472157648908486,Protalveolata,Protalveolata
4,Synechococcus_CC9902,Cyanobacteria,0.051230314284202355,Cyanobacteria,0.005964973585890875,Cyanobacteria,Cyanobacteria
4,Synechocystis_PCC-6803,,0.0,Cyanobacteria,8.008459894509907e-05,Cyanobacteria,Cyanobacteria
4,TG3,,0.0,Fibrobacterota,5.6175041429093056e-05,Fibrobacterota,Other
4,TPD-58,,0.0,Acidobacteriota,7.264025979575268e-05,Acidobacteriota,Acidobacteriota
4,Taeseokella,Bacteroidota,0.00258364552383413,Bacteroidota,8.118617271290006e-05,Bacteroidota,Bacteroidota
4,Tagaea,,0.0,Proteobacteria,0.0001188545108060798,Proteobacteria,Proteobacteria
4,Taibaiella,,0.0,Bacteroidota,0.0003745002761939537,Bacteroidota,Bacteroidota
4,Tamlana,Bacteroidota,0.004830269690057695,Bacteroidota,0.000533662893576384,Bacteroidota,Bacteroidota
4,Teleaulax,,0.0,Cryptophyceae,2.5637738751442122e-05,Cryptophyceae,Cryptophyceae
4,Telonema,,0.0,Incertae_Sedis,0.001333122329479474,Incertae_Sedis,Other
4,Tenacibaculum,Bacteroidota,0.004133832838134608,Bacteroidota,0.0034724669188792327,Bacteroidota,Bacteroidota
4,Tepidibacter,,0.0,Firmicutes,0.0002434251795260699,Firmicutes,Other
4,Terasakiella,,0.0,Proteobacteria,0.00011536982438148956,Proteobacteria,Proteobacteria
4,Tetraselmis,,0.0,Chlorophyta,0.0015624754246945528,Chlorophyta,Chlorophyta
4,Thalassionema,,0.0,Diatomea,0.0014605510771564193,Diatomea,Diatomea
4,Thalassobaculum,,0.0,Proteobacteria,0.00034641275547940716,Proteobacteria,Proteobacteria
4,Thalassospira,,0.0,Proteobacteria,9.400504208862111e-05,Proteobacteria,Proteobacteria
4,Thalassotalea,Proteobacteria,0.002966503796698817,Proteobacteria,0.00019454283607885399,Proteobacteria,Proteobacteria
4,Thaumasiovibrio,Proteobacteria,0.008556588172155377,Proteobacteria,0.0007678589048102354,Proteobacteria,Proteobacteria
4,Thermoflexus,,0.0,Chloroflexi,3.4183651668589494e-05,Chloroflexi,Chloroflexi
4,Thermomarinilinea,,0.0,Chloroflexi,0.00017144987255054945,Chloroflexi,Chloroflexi
4,Thiogranum,,0.0,Proteobacteria,0.0003843660733526864,Proteobacteria,Proteobacteria
4,Thiohalophilus,,0.0,Proteobacteria,0.00036414121018021607,Proteobacteria,Proteobacteria
4,Thiomicrorhabdus,Proteobacteria,0.0016547135073199447,Proteobacteria,0.00021075139861913213,Proteobacteria,Proteobacteria
4,Thraustochytrium,,0.0,Labyrinthulomycetes,0.0028274321989987124,Labyrinthulomycetes,Other
4,Treponema,,0.0,Spirochaetota,5.1275477502884244e-05,Spirochaetota,Other
4,Triceratium,,0.0,Diatomea,0.0011692784586446194,Diatomea,Diatomea
4,Truepera,,0.0,Deinococcota,0.00023406267262122103,Deinococcota,Other
4,Tunicatimonas,,0.0,Bacteroidota,0.00011536982438148956,Bacteroidota,Bacteroidota
4,Turneriella,,0.0,Spirochaetota,0.00028087520714546526,Spirochaetota,Other
4,UASB-TL25,,0.0,Myxococcota,0.00011458155434750612,Myxococcota,Other
4,UBA10353_marine_group,Proteobacteria,0.008121921792013485,Proteobacteria,0.0012013739988353982,Proteobacteria,Proteobacteria
4,UBA12411,,0.0,Dependentiae,7.490005523879073e-05,Dependentiae,Other
4,Unknown_Family,,0.0,Proteobacteria,0.00012831201097096182,Proteobacteria,Proteobacteria
4,Urania-1B-19_marine_sediment_group,,0.0,Planctomycetota,0.00013839611860347897,Planctomycetota,Planctomycetota
4,Vampirovibrionales,,0.0,Cyanobacteria,0.00042882381917385944,Cyanobacteria,Cyanobacteria
4,Veneroida,,0.0,Mollusca,0.002304528387273957,Mollusca,Other
4,Ventrifissuridae,,0.0,Cercozoa,7.490005523879073e-05,Cercozoa,Cercozoa
4,Verruc-01,Verrucomicrobiota,0.009831242673698379,Verrucomicrobiota,0.000760974503822209,Verrucomicrobiota,Verrucomicrobiota
4,Vibrio,,0.0,Proteobacteria,0.002329671116927475,Proteobacteria,Proteobacteria
4,Vicinamibacteraceae,,0.0,Acidobacteriota,5.982139042003162e-05,Acidobacteriota,Acidobacteriota
4,WCHB1-41,,0.0,Verrucomicrobiota,0.0013822713501519506,Verrucomicrobiota,Verrucomicrobiota
4,WCHB1-81,,0.0,Actinobacteriota,0.00038386278309880255,Actinobacteriota,Actinobacteriota
4,WPS-2,,0.0,WPS-2,0.00020870991364987847,WPS-2,Other
4,WS2,WS2,0.0014210050381087715,WS2,0.00023434765240132059,WS2,Other
4,WX65,,0.0,Methylomirabilota,0.00016852512428727916,Methylomirabilota,Other
4,Waddlia,,0.0,Verrucomicrobiota,0.00022470016571637222,Verrucomicrobiota,Verrucomicrobiota
4,Wenyingzhuangia,,0.0,Bacteroidota,0.0003995114074777607,Bacteroidota,Bacteroidota
4,Winogradskyella,,0.0,Bacteroidota,0.0007172767040813014,Bacteroidota,Bacteroidota
4,Woesearchaeales,Nanoarchaeota,0.007540298222995786,Nanoarchaeota,0.00034789430228734084,Nanoarchaeota,Other
4,Woeseia,,0.0,Proteobacteria,0.004364896492409459,Proteobacteria,Proteobacteria
4,Xenococcus_PCC-7305,Cyanobacteria,0.0014759157386287402,Cyanobacteria,0.0002621501933357676,Cyanobacteria,Cyanobacteria
4,Xiphosura,,0.0,Arthropoda,0.007524542984935633,Arthropoda,Arthropoda
4,Zeaxanthinibacter,,0.0,Bacteroidota,0.0007268008735524985,Bacteroidota,Bacteroidota
4,Zixibacteria,Zixibacteria,0.000775093657150239,Zixibacteria,0.0006250948364881494,Zixibacteria,Other
4,[Caedibacter]_taeniospiralis_group,Proteobacteria,0.002012612370857373,Proteobacteria,6.0542991147699915e-05,Proteobacteria,Proteobacteria
4,c5LKS83,,0.0,Acidobacteriota,0.00012171258976303495,Acidobacteriota,Acidobacteriota
4,cvE6,Verrucomicrobiota,0.0008521644999097216,Verrucomicrobiota,0.0002745324417639199,Verrucomicrobiota,Verrucomicrobiota
4,endosymbionts,,0.0,Proteobacteria,0.0004799093101566773,Proteobacteria,Proteobacteria
4,env.OPS_17,,0.0,Bacteroidota,5.6175041429093056e-05,Bacteroidota,Bacteroidota
4,mle1-7,,0.0,Proteobacteria,0.0008096102128419224,Proteobacteria,Proteobacteria
4,mle1-8,,0.0,Planctomycetota,0.00028653471715193947,Planctomycetota,Planctomycetota
4,pItb-vmat-80,,0.0,Proteobacteria,0.0006737871934152991,Proteobacteria,Proteobacteria
4,possible_genus_03,,0.0,Fibrobacterota,0.00018725013809697686,Fibrobacterota,Other
4,uncultured,Acidobacteriota,0.012238275340097615,Actinobacteriota,0.0025888554044366393,Acidobacteriota,Acidobacteriota
4,vadinHA49,,0.0,Planctomycetota,0.00039615003826692165,Planctomycetota,Planctomycetota
